,Rseq_targets,Rseq_hits,Rfrequency
true_Rseq,3.74945722726447,3.74945722726447,4.0
alt_corrected,3.5712894377797517,3.5712894377797517,4.0
alt_corrected_unif,3.7154117592401046,3.7154117592401046,4.0
alt_uncorrected,4.586889439553529,4.586889439553529,4.0
