,Rseq_targets,Rseq_hits,Rfrequency
true_Rseq,4.482696148733144,4.482696148733144,4.0
alt_corrected,4.23956477033395,4.23956477033395,4.0
alt_corrected_unif,4.293397236500159,4.293397236500159,4.0
alt_uncorrected,5.164874916813583,5.164874916813583,4.0
