,Rseq_targets,Rseq_hits,Rfrequency
true_Rseq,3.8480939699458894,3.8480939699458894,4.0
alt_corrected,3.83899528917247,3.83899528917247,4.0
alt_corrected_unif,3.87648419261823,3.87648419261823,4.0
alt_uncorrected,4.747961872931654,4.747961872931654,4.0
