,Rseq_targets,Rseq_hits,Rfrequency
true_Rseq,4.6003765817776285,4.6003765817776285,4.0
alt_corrected,4.058544247224673,4.058544247224673,4.0
alt_corrected_unif,4.251833352149996,4.251833352149996,4.0
alt_uncorrected,5.12331103246342,5.12331103246342,4.0
