,Rseq_targets,Rseq_hits,Rfrequency
true_Rseq,4.019760183299206,4.019760183299206,4.0
alt_corrected,3.9705835288538758,3.9705835288538758,4.0
alt_corrected_unif,3.9786916146672104,3.9786916146672104,4.0
alt_uncorrected,4.850169294980635,4.850169294980635,4.0
