,Rseq_targets,Rseq_hits,Rfrequency
true_Rseq,3.1171737838316194,3.1171737838316194,4.0
alt_corrected,3.1833467296021873,3.1833467296021873,4.0
alt_corrected_unif,3.198270087669376,3.198270087669376,4.0
alt_uncorrected,4.0697477679828005,4.0697477679828005,4.0
