,Rseq_targets,Rseq_hits,Rfrequency
true_Rseq,3.829331089800961,3.829331089800961,4.0
alt_corrected,3.81043686928663,3.81043686928663,4.0
alt_corrected_unif,3.853591774241122,3.853591774241122,4.0
alt_uncorrected,4.725069454554546,4.725069454554546,4.0
