,Rseq_targets,Rseq_hits,Rfrequency
true_Rseq,3.763511445934693,3.763511445934693,4.0
alt_corrected,3.8375128277815325,3.8375128277815325,4.0
alt_corrected_unif,3.8657958088671296,3.8657958088671296,4.0
alt_uncorrected,4.737273489180554,4.737273489180554,4.0
