,Rseq_targets,Rseq_hits,Rfrequency
true_Rseq,4.81391982018208,4.81391982018208,4.0
alt_corrected,4.645040498223686,4.645040498223686,4.0
alt_corrected_unif,4.679413701339309,4.679413701339309,4.0
alt_uncorrected,5.550891381652733,5.550891381652733,4.0
