,Rseq_targets,Rseq_hits,Rfrequency
true_Rseq,3.1235931687084895,3.1235931687084895,4.0
alt_corrected,3.159847637834628,3.159847637834628,4.0
alt_corrected_unif,3.2049304732774346,3.2049304732774346,4.0
alt_uncorrected,4.076408153590859,4.076408153590859,4.0
