,Rseq_targets,Rseq_hits,Rfrequency
true_Rseq,3.7829565141707313,3.7829565141707313,4.0
alt_corrected,4.062270616409613,4.062270616409613,4.0
alt_corrected_unif,4.1554264401283,4.1554264401283,4.0
alt_uncorrected,5.026904120441724,5.026904120441724,4.0
