,Rseq_targets,Rseq_hits,Rfrequency
true_Rseq,5.025912512940537,5.025912512940537,4.0
alt_corrected,4.761704042665295,4.761704042665295,4.0
alt_corrected_unif,4.841477016550728,4.841477016550728,4.0
alt_uncorrected,5.712954696864152,5.712954696864152,4.0
