,Rseq_targets,Rseq_hits,Rfrequency
true_Rseq,3.9273836062269725,3.9273836062269725,4.0
alt_corrected,3.9560331030188367,3.9560331030188367,4.0
alt_corrected_unif,3.986821403802495,3.986821403802495,4.0
alt_uncorrected,4.858299084115919,4.858299084115919,4.0
