,Rseq_targets,Rseq_hits,Rfrequency
true_Rseq,4.842327231469454,4.842327231469454,4.0
alt_corrected,4.8053308932411225,4.8053308932411225,4.0
alt_corrected_unif,4.812449870117124,4.812449870117124,4.0
alt_uncorrected,5.683927550430548,5.683927550430548,4.0
