,Rseq_targets,Rseq_hits,Rfrequency
true_Rseq,3.892419215784665,3.892419215784665,4.0
alt_corrected,3.84937809855486,3.84937809855486,4.0
alt_corrected_unif,3.8801663993385183,3.8801663993385183,4.0
alt_uncorrected,4.751644079651943,4.751644079651943,4.0
