,Rseq_targets,Rseq_hits,Rfrequency
true_Rseq,4.279149308938214,4.279149308938214,4.0
alt_corrected,4.266239243064914,4.266239243064914,4.0
alt_corrected_unif,4.2859964357738,4.2859964357738,4.0
alt_uncorrected,5.157474116087224,5.157474116087224,4.0
