,Rseq_targets,Rseq_hits,Rfrequency
true_Rseq,4.622740109665078,4.622740109665078,4.0
alt_corrected,4.457330362381967,4.457330362381967,4.0
alt_corrected_unif,4.501556177403346,4.501556177403346,4.0
alt_uncorrected,5.37303385771677,5.37303385771677,4.0
