,Rseq_targets,Rseq_hits,Rfrequency
true_Rseq,3.5421180466992244,3.5421180466992244,4.0
alt_corrected,3.587557872029265,3.587557872029265,4.0
alt_corrected_unif,3.607573499806113,3.607573499806113,4.0
alt_uncorrected,4.479051180119537,4.479051180119537,4.0
