,Rseq_targets,Rseq_hits,Rfrequency
true_Rseq,4.437833857334265,4.437833857334265,4.0
alt_corrected,4.473717960362493,4.473717960362493,4.0
alt_corrected_unif,4.539354901793068,4.539354901793068,4.0
alt_uncorrected,5.410832582106493,5.410832582106493,4.0
