,Rseq_targets,Rseq_hits,Rfrequency
true_Rseq,4.724239304868102,4.724239304868102,4.0
alt_corrected,4.424496445221486,4.424496445221486,4.0
alt_corrected_unif,4.504598638386234,4.504598638386234,4.0
alt_uncorrected,5.376076318699658,5.376076318699658,4.0
