,Rseq_targets,Rseq_hits,Rfrequency
true_Rseq,4.598871120814408,4.598871120814408,4.0
alt_corrected,4.554623191491244,4.554623191491244,4.0
alt_corrected_unif,4.668982977517102,4.668982977517102,4.0
alt_uncorrected,5.540460657830526,5.540460657830526,4.0
