,Rseq_targets,Rseq_hits,Rfrequency
true_Rseq,4.384770011877681,4.384770011877681,4.0
alt_corrected,4.371465771882793,4.371465771882793,4.0
alt_corrected_unif,4.377916847854513,4.377916847854513,4.0
alt_uncorrected,5.249394528167937,5.249394528167937,4.0
