,Rseq_targets,Rseq_hits,Rfrequency
true_Rseq,4.022743176685837,4.022743176685837,4.0
alt_corrected,4.190671325678553,4.190671325678553,4.0
alt_corrected_unif,4.220460993773781,4.220460993773781,4.0
alt_uncorrected,5.091938674087205,5.091938674087205,4.0
