,Rseq_targets,Rseq_hits,Rfrequency
true_Rseq,4.069629523138241,4.069629523138241,4.0
alt_corrected,4.114909181455252,4.114909181455252,4.0
alt_corrected_unif,4.122028158331261,4.122028158331261,4.0
alt_uncorrected,4.993505838644685,4.993505838644685,4.0
