,Rseq_targets,Rseq_hits,Rfrequency
true_Rseq,3.2762356109136377,3.2762356109136377,4.0
alt_corrected,3.3751074838280606,3.3751074838280606,4.0
alt_corrected_unif,3.4433443716365555,3.4433443716365555,4.0
alt_uncorrected,4.31482205194998,4.31482205194998,4.0
