,Rseq_targets,Rseq_hits,Rfrequency
true_Rseq,4.3878402497083275,4.3878402497083275,4.0
alt_corrected,4.4598910961579845,4.4598910961579845,4.0
alt_corrected_unif,4.472475364480463,4.472475364480463,4.0
alt_uncorrected,5.343953044793887,5.343953044793887,4.0
