,Rseq_targets,Rseq_hits,Rfrequency
true_Rseq,4.200174886219795,4.200174886219795,4.0
alt_corrected,4.26475734536017,4.26475734536017,4.0
alt_corrected_unif,4.281429391666263,4.281429391666263,4.0
alt_uncorrected,5.152907071979687,5.152907071979687,4.0
