,Rseq_targets,Rseq_hits,Rfrequency
true_Rseq,3.3225993192429897,3.3225993192429897,4.0
alt_corrected,3.328128898341227,3.328128898341227,4.0
alt_corrected_unif,3.3308454224168194,3.3308454224168194,4.0
alt_uncorrected,4.202323102730244,4.202323102730244,4.0
