,Rseq_targets,Rseq_hits,Rfrequency
true_Rseq,2.0896410507027525,3.446831761788559,4.0
alt_corrected,2.0944832725305167,3.429123578453929,4.0
alt_corrected_unif,2.1345809028511495,3.4692212087745617,4.0
alt_uncorrected,3.006058583164574,4.340698889087986,4.0
