,Rseq_targets,Rseq_hits,Rfrequency
true_Rseq,4.085389874915606,4.085389874915606,4.0
alt_corrected,4.203070073201288,4.203070073201288,4.0
alt_corrected_unif,4.224066983591779,4.224066983591779,4.0
alt_uncorrected,5.095544663905203,5.095544663905203,4.0
