,Rseq_targets,Rseq_hits,Rfrequency
true_Rseq,3.888425193699449,3.888425193699449,4.0
alt_corrected,3.794786894688928,3.794786894688928,4.0
alt_corrected_unif,3.8173531391148923,3.8173531391148923,4.0
alt_uncorrected,4.688830819428317,4.688830819428317,4.0
