,Rseq_targets,Rseq_hits,Rfrequency
true_Rseq,4.352890115732066,4.352890115732066,4.0
alt_corrected,4.39183548687285,4.39183548687285,4.0
alt_corrected_unif,4.416500683174219,4.416500683174219,4.0
alt_uncorrected,5.2879783634876425,5.2879783634876425,4.0
