,Rseq_targets,Rseq_hits,Rfrequency
true_Rseq,3.874727714729712,3.874727714729712,4.0
alt_corrected,3.8469775367464507,3.8469775367464507,4.0
alt_corrected_unif,3.8562182235982054,3.8562182235982054,4.0
alt_uncorrected,4.72769590391163,4.72769590391163,4.0
