,Rseq_targets,Rseq_hits,Rfrequency
true_Rseq,-0.230729237659693,3.3737600172183573,4.0
alt_corrected,-0.03984331971324773,3.672118463045721,4.0
alt_corrected_unif,0.11173497363934537,3.823696756398314,4.0
alt_uncorrected,0.9832126539527697,4.6951744367117385,4.0
