,Rseq_targets,Rseq_hits,Rfrequency
true_Rseq,4.3982122160545565,4.3982122160545565,4.0
alt_corrected,4.236597994480164,4.236597994480164,4.0
alt_corrected_unif,4.2688995510623435,4.2688995510623435,4.0
alt_uncorrected,5.140377231375767,5.140377231375767,4.0
