,Rseq_targets,Rseq_hits,Rfrequency
true_Rseq,4.032909939413177,4.032909939413177,4.0
alt_corrected,4.024355715771577,4.024355715771577,4.0
alt_corrected_unif,4.0808489578025515,4.0808489578025515,4.0
alt_uncorrected,4.952326638115976,4.952326638115976,4.0
