,Rseq_targets,Rseq_hits,Rfrequency
true_Rseq,3.58082409686741,3.58082409686741,4.0
alt_corrected,3.6570315670638958,3.6570315670638958,4.0
alt_corrected_unif,3.6775352556729497,3.6775352556729497,4.0
alt_uncorrected,4.549012935986374,4.549012935986374,4.0
