,Rseq_targets,Rseq_hits,Rfrequency
true_Rseq,3.426840299359686,3.426840299359686,4.0
alt_corrected,3.571234640037361,3.571234640037361,4.0
alt_corrected_unif,3.7237684068881722,3.7237684068881722,4.0
alt_uncorrected,4.5952460872015966,4.5952460872015966,4.0
