,Rseq_targets,Rseq_hits,Rfrequency
true_Rseq,3.853793480307064,3.853793480307064,4.0
alt_corrected,3.756497080308865,3.756497080308865,4.0
alt_corrected_unif,3.770959874199171,3.770959874199171,4.0
alt_uncorrected,4.642437554512595,4.642437554512595,4.0
