,Rseq_targets,Rseq_hits,Rfrequency
true_Rseq,3.8237699480100886,3.8237699480100886,4.0
alt_corrected,3.8224889216190845,3.8224889216190845,4.0
alt_corrected_unif,3.8318908806196252,3.8318908806196252,4.0
alt_uncorrected,4.70336856093305,4.70336856093305,4.0
