,Rseq_targets,Rseq_hits,Rfrequency
true_Rseq,4.40668127322456,4.40668127322456,4.0
alt_corrected,4.287601475051606,4.287601475051606,4.0
alt_corrected_unif,4.3246611472927565,4.3246611472927565,4.0
alt_uncorrected,5.196138827606181,5.196138827606181,4.0
