,Rseq_targets,Rseq_hits,Rfrequency
true_Rseq,4.111600256633403,4.111600256633403,4.0
alt_corrected,4.030037703909301,4.030037703909301,4.0
alt_corrected_unif,4.074188070457165,4.074188070457165,4.0
alt_uncorrected,4.94566575077059,4.94566575077059,4.0
