,Rseq_targets,Rseq_hits,Rfrequency
true_Rseq,4.225212332841835,4.225212332841835,4.0
alt_corrected,4.2320363282752504,4.2320363282752504,4.0
alt_corrected_unif,4.245624647225267,4.245624647225267,4.0
alt_uncorrected,5.117102327538691,5.117102327538691,4.0
