,Rseq_targets,Rseq_hits,Rfrequency
true_Rseq,3.8421361772732325,3.8421361772732325,4.0
alt_corrected,3.6805381921032954,3.6805381921032954,4.0
alt_corrected_unif,3.8483815107975965,3.8483815107975965,4.0
alt_uncorrected,4.719859191111021,4.719859191111021,4.0
