,Rseq_targets,Rseq_hits,Rfrequency
true_Rseq,3.69435440150348,3.69435440150348,4.0
alt_corrected,3.607764501282472,3.607764501282472,4.0
alt_corrected_unif,3.632882598501124,3.632882598501124,4.0
alt_uncorrected,4.5043602788145485,4.5043602788145485,4.0
