,Rseq_targets,Rseq_hits,Rfrequency
true_Rseq,3.7392914276415823,3.7392914276415823,4.0
alt_corrected,3.6537460214350794,3.6537460214350794,4.0
alt_corrected_unif,3.671818841013129,3.671818841013129,4.0
alt_uncorrected,4.543296521326553,4.543296521326553,4.0
