,Rseq_targets,Rseq_hits,Rfrequency
true_Rseq,4.267476446310413,4.267476446310413,4.0
alt_corrected,4.3580189762134225,4.3580189762134225,4.0
alt_corrected_unif,4.498918719280523,4.498918719280523,4.0
alt_uncorrected,5.370396399593948,5.370396399593948,4.0
