,Rseq_targets,Rseq_hits,Rfrequency
true_Rseq,4.443645743946675,4.443645743946675,4.0
alt_corrected,4.437612398230806,4.437612398230806,4.0
alt_corrected_unif,4.439785671723806,4.439785671723806,4.0
alt_uncorrected,5.31126335203723,5.31126335203723,4.0
