,Rseq_targets,Rseq_hits,Rfrequency
true_Rseq,3.8697797881281897,3.8697797881281897,4.0
alt_corrected,3.882057670867358,3.882057670867358,4.0
alt_corrected_unif,3.8847741949429664,3.8847741949429664,4.0
alt_uncorrected,4.756251875256391,4.756251875256391,4.0
