,Rseq_targets,Rseq_hits,Rfrequency
true_Rseq,5.208153718095396,5.208153718095396,4.0
alt_corrected,4.942356891941503,4.942356891941503,4.0
alt_corrected_unif,4.994195953394277,4.994195953394277,4.0
alt_uncorrected,5.865673633707701,5.865673633707701,4.0
