,Rseq_targets,Rseq_hits,Rfrequency
true_Rseq,3.8216187516147544,3.8216187516147544,4.0
alt_corrected,3.8483762338466287,3.8483762338466287,4.0
alt_corrected_unif,3.940761568618792,3.940761568618792,4.0
alt_uncorrected,4.812239248932216,4.812239248932216,4.0
