,Rseq_targets,Rseq_hits,Rfrequency
true_Rseq,4.161175964368098,4.161175964368098,4.0
alt_corrected,3.9797074042926206,3.9797074042926206,4.0
alt_corrected_unif,4.069008679983993,4.069008679983993,4.0
alt_uncorrected,4.940486360297418,4.940486360297418,4.0
