,Rseq_targets,Rseq_hits,Rfrequency
true_Rseq,3.995783298852369,3.995783298852369,4.0
alt_corrected,3.976295538737579,3.976295538737579,4.0
alt_corrected_unif,4.006635742994792,4.006635742994792,4.0
alt_uncorrected,4.878113423308216,4.878113423308216,4.0
