,Rseq_targets,Rseq_hits,Rfrequency
true_Rseq,4.320014129126765,4.320014129126765,4.0
alt_corrected,3.966270126822216,3.966270126822216,4.0
alt_corrected_unif,4.068548027532369,4.068548027532369,4.0
alt_uncorrected,4.940025707845793,4.940025707845793,4.0
