,Rseq_targets,Rseq_hits,Rfrequency
true_Rseq,4.53182703110166,4.53182703110166,4.0
alt_corrected,4.516106269360725,4.516106269360725,4.0
alt_corrected_unif,4.58036620879138,4.58036620879138,4.0
alt_uncorrected,5.451843889104804,5.451843889104804,4.0
