,Rseq_targets,Rseq_hits,Rfrequency
true_Rseq,4.418669818525796,4.418669818525796,4.0
alt_corrected,4.597505587107738,4.597505587107738,4.0
alt_corrected_unif,4.6569083200613655,4.6569083200613655,4.0
alt_uncorrected,5.528386000374789,5.528386000374789,4.0
