,Rseq_targets,Rseq_hits,Rfrequency
true_Rseq,4.603282401781179,4.603282401781179,4.0
alt_corrected,4.636469588640737,4.636469588640737,4.0
alt_corrected_unif,4.692553835726445,4.692553835726445,4.0
alt_uncorrected,5.5640315160398695,5.5640315160398695,4.0
