,Rseq_targets,Rseq_hits,Rfrequency
true_Rseq,4.87011516740902,4.87011516740902,4.0
alt_corrected,4.774264162672406,4.774264162672406,4.0
alt_corrected_unif,4.7977285439882085,4.7977285439882085,4.0
alt_uncorrected,5.669206224301632,5.669206224301632,4.0
