,Rseq_targets,Rseq_hits,Rfrequency
true_Rseq,3.9835736583875976,3.9835736583875976,4.0
alt_corrected,3.9509805137450194,3.9509805137450194,4.0
alt_corrected_unif,3.9771192460041305,3.9771192460041305,4.0
alt_uncorrected,4.848596926317555,4.848596926317555,4.0
