,Rseq_targets,Rseq_hits,Rfrequency
true_Rseq,4.3395257411701476,4.3395257411701476,4.0
alt_corrected,4.161703908597943,4.161703908597943,4.0
alt_corrected_unif,4.4021211308180614,4.4021211308180614,4.0
alt_uncorrected,5.273598811131485,5.273598811131485,4.0
