,Rseq_targets,Rseq_hits,Rfrequency
true_Rseq,3.7317250477328603,3.7317250477328603,4.0
alt_corrected,3.664345044847715,3.664345044847715,4.0
alt_corrected_unif,3.805860298383894,3.805860298383894,4.0
alt_uncorrected,4.677337978697318,4.677337978697318,4.0
