,Rseq_targets,Rseq_hits,Rfrequency
true_Rseq,3.034581583414896,3.0586007438051244,4.0
alt_corrected,3.096486947475179,3.1332958631500443,4.0
alt_corrected_unif,3.135339630247859,3.1721485459227243,4.0
alt_uncorrected,4.006817310561283,4.043626226236149,4.0
