,Rseq_targets,Rseq_hits,Rfrequency
true_Rseq,3.877927548182262,3.877927548182262,4.0
alt_corrected,3.8729080230665454,3.8729080230665454,4.0
alt_corrected_unif,3.8734512736491253,3.8734512736491253,4.0
alt_uncorrected,4.74492895396255,4.74492895396255,4.0
