,Rseq_targets,Rseq_hits,Rfrequency
true_Rseq,4.293027719901323,4.293027719901323,4.0
alt_corrected,4.300488784381814,4.300488784381814,4.0
alt_corrected_unif,4.30212752812116,4.30212752812116,4.0
alt_uncorrected,5.1736052084345845,5.1736052084345845,4.0
