,Rseq_targets,Rseq_hits,Rfrequency
true_Rseq,4.6151552508833795,4.6151552508833795,4.0
alt_corrected,4.303436748857076,4.303436748857076,4.0
alt_corrected_unif,4.403804665039205,4.403804665039205,4.0
alt_uncorrected,5.27528234535263,5.27528234535263,4.0
