,Rseq_targets,Rseq_hits,Rfrequency
true_Rseq,5.001670263908528,5.001670263908528,4.0
alt_corrected,4.709740870378904,4.709740870378904,4.0
alt_corrected_unif,4.83634491039226,4.83634491039226,4.0
alt_uncorrected,5.707822590705684,5.707822590705684,4.0
