,Rseq_targets,Rseq_hits,Rfrequency
true_Rseq,3.9486057146690285,3.9486057146690285,4.0
alt_corrected,3.9259056874034353,3.9259056874034353,4.0
alt_corrected_unif,3.9566404064723737,3.9566404064723737,4.0
alt_uncorrected,4.828118086785798,4.828118086785798,4.0
