,Rseq_targets,Rseq_hits,Rfrequency
true_Rseq,3.4658686520288633,3.4658686520288633,4.0
alt_corrected,3.5081964130760985,3.5081964130760985,4.0
alt_corrected_unif,3.5425696161917126,3.5425696161917126,4.0
alt_uncorrected,4.414047296505137,4.414047296505137,4.0
