,Rseq_targets,Rseq_hits,Rfrequency
true_Rseq,4.602400862209283,4.602400862209283,4.0
alt_corrected,4.561946522191363,4.561946522191363,4.0
alt_corrected_unif,4.6061723372127545,4.6061723372127545,4.0
alt_uncorrected,5.477650017526178,5.477650017526178,4.0
