,Rseq_targets,Rseq_hits,Rfrequency
true_Rseq,4.191267464443944,4.191267464443944,4.0
alt_corrected,4.096628105072664,4.096628105072664,4.0
alt_corrected_unif,4.169935536262107,4.169935536262107,4.0
alt_uncorrected,5.041413216575531,5.041413216575531,4.0
