,Rseq_targets,Rseq_hits,Rfrequency
true_Rseq,3.8373627384741704,3.8373627384741704,4.0
alt_corrected,4.050859963891062,4.050859963891062,4.0
alt_corrected_unif,4.097294129332193,4.097294129332193,4.0
alt_uncorrected,4.968771809645617,4.968771809645617,4.0
