,Rseq_targets,Rseq_hits,Rfrequency
true_Rseq,5.004158134836168,5.004158134836168,4.0
alt_corrected,5.035359052296265,5.035359052296265,4.0
alt_corrected_unif,5.071295582463893,5.071295582463893,4.0
alt_uncorrected,5.942773262777317,5.942773262777317,4.0
