,Rseq_targets,Rseq_hits,Rfrequency
true_Rseq,4.106201022181031,4.106201022181031,4.0
alt_corrected,4.019294250830554,4.019294250830554,4.0
alt_corrected_unif,4.037937684280397,4.037937684280397,4.0
alt_uncorrected,4.909415364593821,4.909415364593821,4.0
