,Rseq_targets,Rseq_hits,Rfrequency
true_Rseq,4.409692065967585,4.409692065967585,4.0
alt_corrected,4.495825554067659,4.495825554067659,4.0
alt_corrected_unif,4.515411098884099,4.515411098884099,4.0
alt_uncorrected,5.386888779197523,5.386888779197523,4.0
