,Rseq_targets,Rseq_hits,Rfrequency
true_Rseq,4.63006629257724,4.63006629257724,4.0
alt_corrected,4.425591610021019,4.425591610021019,4.0
alt_corrected_unif,4.546380867460719,4.546380867460719,4.0
alt_uncorrected,5.417858547774144,5.417858547774144,4.0
