,Rseq_targets,Rseq_hits,Rfrequency
true_Rseq,4.173961115558201,4.173961115558201,4.0
alt_corrected,4.161416981610753,4.161416981610753,4.0
alt_corrected_unif,4.176858199724888,4.176858199724888,4.0
alt_uncorrected,5.048335880038313,5.048335880038313,4.0
