,Rseq_targets,Rseq_hits,Rfrequency
true_Rseq,4.3584395146456085,4.3584395146456085,4.0
alt_corrected,4.294760005127712,4.294760005127712,4.0
alt_corrected_unif,4.311432051433803,4.311432051433803,4.0
alt_uncorrected,5.182909731747227,5.182909731747227,4.0
