,Rseq_targets,Rseq_hits,Rfrequency
true_Rseq,3.6261890180422185,3.6261890180422185,4.0
alt_corrected,3.225100426815903,3.225100426815903,4.0
alt_corrected_unif,3.3996582840784,3.3996582840784,4.0
alt_uncorrected,4.271135964391824,4.271135964391824,4.0
