,Rseq_targets,Rseq_hits,Rfrequency
true_Rseq,4.462672236981097,4.462672236981097,4.0
alt_corrected,4.413327855701273,4.413327855701273,4.0
alt_corrected_unif,4.439466587960373,4.439466587960373,4.0
alt_uncorrected,5.310944268273798,5.310944268273798,4.0
