,Rseq_targets,Rseq_hits,Rfrequency
true_Rseq,3.4185921131825108,3.4185921131825108,4.0
alt_corrected,3.456184194292923,3.456184194292923,4.0
alt_corrected_unif,3.462242571822751,3.462242571822751,4.0
alt_uncorrected,4.3337202521361755,4.3337202521361755,4.0
