,Rseq_targets,Rseq_hits,Rfrequency
true_Rseq,4.437900340885177,4.437900340885177,4.0
alt_corrected,4.3274685046234165,4.3274685046234165,4.0
alt_corrected_unif,4.362838503260505,4.362838503260505,4.0
alt_uncorrected,5.23431618357393,5.23431618357393,4.0
