,Rseq_targets,Rseq_hits,Rfrequency
true_Rseq,4.0739158910698725,4.0739158910698725,4.0
alt_corrected,3.9688034749903296,3.9688034749903296,4.0
alt_corrected_unif,3.998131633066046,3.998131633066046,4.0
alt_uncorrected,4.8696093133794704,4.8696093133794704,4.0
