,Rseq_targets,Rseq_hits,Rfrequency
true_Rseq,4.599579917737387,4.599579917737387,4.0
alt_corrected,4.616463714803055,4.616463714803055,4.0
alt_corrected_unif,4.623582691679056,4.623582691679056,4.0
alt_uncorrected,5.495060371992481,5.495060371992481,4.0
