,Rseq_targets,Rseq_hits,Rfrequency
true_Rseq,3.8468239848608725,3.8468239848608725,4.0
alt_corrected,3.854524715241241,3.854524715241241,4.0
alt_corrected_unif,3.8594155979220894,3.8594155979220894,4.0
alt_uncorrected,4.730893278235514,4.730893278235514,4.0
