,Rseq_targets,Rseq_hits,Rfrequency
true_Rseq,4.200463069055575,4.200463069055575,4.0
alt_corrected,4.226298243538476,4.226298243538476,4.0
alt_corrected_unif,4.227936987277831,4.227936987277831,4.0
alt_uncorrected,5.0994146675912555,5.0994146675912555,4.0
