,Rseq_targets,Rseq_hits,Rfrequency
true_Rseq,4.211890235988042,4.211890235988042,4.0
alt_corrected,4.1631208213708275,4.1631208213708275,4.0
alt_corrected_unif,4.20178434354078,4.20178434354078,4.0
alt_uncorrected,5.073262023854204,5.073262023854204,4.0
