,Rseq_targets,Rseq_hits,Rfrequency
true_Rseq,3.8356816791132964,3.8356816791132964,4.0
alt_corrected,3.4418153056213576,3.4418153056213576,4.0
alt_corrected_unif,3.5834621889222436,3.5834621889222436,4.0
alt_uncorrected,4.454939869235668,4.454939869235668,4.0
