,Rseq_targets,Rseq_hits,Rfrequency
true_Rseq,4.401335582809218,4.401335582809218,4.0
alt_corrected,4.230260761877939,4.230260761877939,4.0
alt_corrected_unif,4.33625770588252,4.33625770588252,4.0
alt_uncorrected,5.207735386195944,5.207735386195944,4.0
