,Rseq_targets,Rseq_hits,Rfrequency
true_Rseq,3.7545853619015137,3.7545853619015137,4.0
alt_corrected,3.6689101374158706,3.6689101374158706,4.0
alt_corrected_unif,3.799132773815724,3.799132773815724,4.0
alt_uncorrected,4.670610454129148,4.670610454129148,4.0
