,Rseq_targets,Rseq_hits,Rfrequency
true_Rseq,5.234192037783931,5.234192037783931,4.0
alt_corrected,4.967041198408918,4.967041198408918,4.0
alt_corrected_unif,5.0246435876452775,5.0246435876452775,4.0
alt_uncorrected,5.896121267958701,5.896121267958701,4.0
