,Rseq_targets,Rseq_hits,Rfrequency
true_Rseq,4.055332432428909,4.055332432428909,4.0
alt_corrected,4.067111836827346,4.067111836827346,4.0
alt_corrected_unif,4.116119838136404,4.116119838136404,4.0
alt_uncorrected,4.987597518449828,4.987597518449828,4.0
