,Rseq_targets,Rseq_hits,Rfrequency
true_Rseq,4.07091627505716,4.07091627505716,4.0
alt_corrected,4.046466878837146,4.046466878837146,4.0
alt_corrected_unif,4.086564509157769,4.086564509157769,4.0
alt_uncorrected,4.958042189471193,4.958042189471193,4.0
