,Rseq_targets,Rseq_hits,Rfrequency
true_Rseq,3.9613045597306034,3.9613045597306034,4.0
alt_corrected,4.118675601611832,4.118675601611832,4.0
alt_corrected_unif,4.156039628688914,4.156039628688914,4.0
alt_uncorrected,5.027517309002338,5.027517309002338,4.0
