,Rseq_targets,Rseq_hits,Rfrequency
true_Rseq,3.4379140017506007,3.4379140017506007,4.0
alt_corrected,3.4214249452358447,3.4214249452358447,4.0
alt_corrected_unif,3.440068378685694,3.440068378685694,4.0
alt_uncorrected,4.311546058999118,4.311546058999118,4.0
