,Rseq_targets,Rseq_hits,Rfrequency
true_Rseq,4.734725913499725,4.734725913499725,4.0
alt_corrected,4.60263683990128,4.60263683990128,4.0
alt_corrected_unif,4.629333396513102,4.629333396513102,4.0
alt_uncorrected,5.500811076826527,5.500811076826527,4.0
