,Rseq_targets,Rseq_hits,Rfrequency
true_Rseq,4.750219075817947,4.750219075817947,4.0
alt_corrected,4.54847049758196,4.54847049758196,4.0
alt_corrected_unif,4.603765194400749,4.603765194400749,4.0
alt_uncorrected,5.475242874714173,5.475242874714173,4.0
