,Rseq_targets,Rseq_hits,Rfrequency
true_Rseq,4.25077635880075,4.25077635880075,4.0
alt_corrected,4.273297653499281,4.273297653499281,4.0
alt_corrected_unif,4.287741605610211,4.287741605610211,4.0
alt_uncorrected,5.159219285923636,5.159219285923636,4.0
