,Rseq_targets,Rseq_hits,Rfrequency
true_Rseq,3.9043462138307197,3.9043462138307197,4.0
alt_corrected,3.9834856222551336,3.9834856222551336,4.0
alt_corrected_unif,4.018888331648389,4.018888331648389,4.0
alt_uncorrected,4.890366011961813,4.890366011961813,4.0
