,Rseq_targets,Rseq_hits,Rfrequency
true_Rseq,4.362920016665413,4.362920016665413,4.0
alt_corrected,4.292655637337317,4.292655637337317,4.0
alt_corrected_unif,4.411122405978002,4.411122405978002,4.0
alt_uncorrected,5.282600086291426,5.282600086291426,4.0
