,Rseq_targets,Rseq_hits,Rfrequency
true_Rseq,4.160379582117601,4.160379582117601,4.0
alt_corrected,4.100643681338018,4.100643681338018,4.0
alt_corrected_unif,4.142763311528949,4.142763311528949,4.0
alt_uncorrected,5.014240991842374,5.014240991842374,4.0
