,Rseq_targets,Rseq_hits,Rfrequency
true_Rseq,4.511009782344896,4.511009782344896,4.0
alt_corrected,4.147646236677288,4.147646236677288,4.0
alt_corrected_unif,4.349695863506492,4.349695863506492,4.0
alt_uncorrected,5.2211735438199165,5.2211735438199165,4.0
