,Rseq_targets,Rseq_hits,Rfrequency
true_Rseq,3.3453971897586987,3.2663950665916825,4.0
alt_corrected,3.4554246784478555,3.396645558508759,4.0
alt_corrected_unif,3.5243781646277124,3.465599044688616,4.0
alt_uncorrected,4.395855844941137,4.33707672500204,4.0
