,Rseq_targets,Rseq_hits,Rfrequency
true_Rseq,3.6466709280839744,3.6466709280839744,4.0
alt_corrected,3.6273321694433593,3.6273321694433593,4.0
alt_corrected_unif,3.6289532003622056,3.6289532003622056,4.0
alt_uncorrected,4.50043088067563,4.50043088067563,4.0
