,Rseq_targets,Rseq_hits,Rfrequency
true_Rseq,4.328895348816428,4.328895348816428,4.0
alt_corrected,4.3473121508499855,4.3473121508499855,4.0
alt_corrected_unif,4.448308107690043,4.448308107690043,4.0
alt_uncorrected,5.319785788003467,5.319785788003467,4.0
