,Rseq_targets,Rseq_hits,Rfrequency
true_Rseq,3.96370799003693,3.96370799003693,4.0
alt_corrected,3.8615849391265216,3.8615849391265216,4.0
alt_corrected_unif,3.8715129677196276,3.8715129677196276,4.0
alt_uncorrected,4.742990648033052,4.742990648033052,4.0
