,Rseq_targets,Rseq_hits,Rfrequency
true_Rseq,4.433925858121668,4.3151674500035355,4.0
alt_corrected,4.472967482926428,4.3500364540341145,4.0
alt_corrected_unif,4.4767977662610825,4.353866737368769,4.0
alt_uncorrected,5.348275446574507,5.225344417682193,4.0
