,Rseq_targets,Rseq_hits,Rfrequency
true_Rseq,3.324186643640301,3.324186643640301,4.0
alt_corrected,3.3976221041293497,3.3976221041293497,4.0
alt_corrected_unif,3.433006391722818,3.433006391722818,4.0
alt_uncorrected,4.304484072036242,4.304484072036242,4.0
