,Rseq_targets,Rseq_hits,Rfrequency
true_Rseq,3.845589733193142,3.974205758878762,4.0
alt_corrected,3.7577108683700415,3.8757015596927977,4.0
alt_corrected_unif,3.7845321571743873,3.9025228484971435,4.0
alt_uncorrected,4.656009837487812,4.774000528810568,4.0
