,Rseq_targets,Rseq_hits,Rfrequency
true_Rseq,-0.0369084668247357,3.06967214360791,4.0
alt_corrected,0.12546113141041282,3.0896641511516534,4.0
alt_corrected_unif,0.36024169047199717,3.3244447102132377,4.0
alt_uncorrected,1.2317193707854215,4.195922390526662,4.0
