,Rseq_targets,Rseq_hits,Rfrequency
true_Rseq,4.702507572279025,4.702507572279025,4.0
alt_corrected,4.672508090326429,4.672508090326429,4.0
alt_corrected_unif,4.680616176139768,4.680616176139768,4.0
alt_uncorrected,5.552093856453193,5.552093856453193,4.0
