,Rseq_targets,Rseq_hits,Rfrequency
true_Rseq,4.688628383753401,4.688628383753401,4.0
alt_corrected,4.65857348072289,4.65857348072289,4.0
alt_corrected_unif,4.700998576304583,4.700998576304583,4.0
alt_uncorrected,5.572476256618008,5.572476256618008,4.0
