,Rseq_targets,Rseq_hits,Rfrequency
true_Rseq,4.461577514728329,4.461577514728329,4.0
alt_corrected,4.331808414639315,4.331808414639315,4.0
alt_corrected_unif,4.457461029813533,4.457461029813533,4.0
alt_uncorrected,5.328938710126957,5.328938710126957,4.0
