,Rseq_targets,Rseq_hits,Rfrequency
true_Rseq,4.2597828349365905,4.2597828349365905,4.0
alt_corrected,4.25465322748599,4.25465322748599,4.0
alt_corrected_unif,4.255196478068571,4.255196478068571,4.0
alt_uncorrected,5.126674158381995,5.126674158381995,4.0
