,Rseq_targets,Rseq_hits,Rfrequency
true_Rseq,4.56033855726384,4.56033855726384,4.0
alt_corrected,4.54610791477746,4.54610791477746,4.0
alt_corrected_unif,4.568674159203427,4.568674159203427,4.0
alt_uncorrected,5.440151839516851,5.440151839516851,4.0
