,Rseq_targets,Rseq_hits,Rfrequency
true_Rseq,4.469256568865372,4.469256568865372,4.0
alt_corrected,4.490459770268286,4.490459770268286,4.0
alt_corrected_unif,4.507131816574386,4.507131816574386,4.0
alt_uncorrected,5.37860949688781,5.37860949688781,4.0
