,Rseq_targets,Rseq_hits,Rfrequency
true_Rseq,4.236453969488851,4.236453969488851,4.0
alt_corrected,4.377176010112354,4.377176010112354,4.0
alt_corrected_unif,4.451498031161874,4.451498031161874,4.0
alt_uncorrected,5.322975711475298,5.322975711475298,4.0
