,Rseq_targets,Rseq_hits,Rfrequency
true_Rseq,4.543021179567239,4.543021179567239,4.0
alt_corrected,4.208789165137443,4.208789165137443,4.0
alt_corrected_unif,4.351156894043317,4.351156894043317,4.0
alt_uncorrected,5.222634574356741,5.222634574356741,4.0
