,Rseq_targets,Rseq_hits,Rfrequency
true_Rseq,3.361890730185527,3.4658178111128493,4.0
alt_corrected,3.4288973067387665,3.557987581952277,4.0
alt_corrected_unif,3.4758493322268236,3.604939607440334,4.0
alt_uncorrected,4.347327012540248,4.476417287753758,4.0
