,Rseq_targets,Rseq_hits,Rfrequency
true_Rseq,3.94862921843535,3.94862921843535,4.0
alt_corrected,3.936856451649917,3.936856451649917,4.0
alt_corrected_unif,3.9935796091104154,3.9935796091104154,4.0
alt_uncorrected,4.86505728942384,4.86505728942384,4.0
