,Rseq_targets,Rseq_hits,Rfrequency
true_Rseq,3.3344098872852577,3.3573643834889424,4.0
alt_corrected,3.483025029190697,3.4990930930349804,4.0
alt_corrected_unif,3.512353187266416,3.5284212511106996,4.0
alt_uncorrected,4.3838308675798405,4.399898931424124,4.0
