,Rseq_targets,Rseq_hits,Rfrequency
true_Rseq,3.5630081295468603,3.5630081295468603,4.0
alt_corrected,3.482631556470011,3.482631556470011,4.0
alt_corrected_unif,3.5836275133100677,3.5836275133100677,4.0
alt_uncorrected,4.455105193623492,4.455105193623492,4.0
