,Rseq_targets,Rseq_hits,Rfrequency
true_Rseq,3.1415401834023573,3.1415401834023573,4.0
alt_corrected,3.275140903881148,3.275140903881148,4.0
alt_corrected_unif,3.3645556260269394,3.3645556260269394,4.0
alt_uncorrected,4.236033306340364,4.236033306340364,4.0
