,Rseq_targets,Rseq_hits,Rfrequency
true_Rseq,4.698989912032397,4.698989912032397,4.0
alt_corrected,4.724173623713567,4.724173623713567,4.0
alt_corrected_unif,4.75451382797079,4.75451382797079,4.0
alt_uncorrected,5.625991508284214,5.625991508284214,4.0
