,Rseq_targets,Rseq_hits,Rfrequency
true_Rseq,4.146977178598658,4.146977178598658,4.0
alt_corrected,4.194063298522105,4.194063298522105,4.0
alt_corrected_unif,4.209078334986581,4.209078334986581,4.0
alt_uncorrected,5.0805560153000044,5.0805560153000044,4.0
