,Rseq_targets,Rseq_hits,Rfrequency
true_Rseq,4.104534453403648,4.104534453403648,4.0
alt_corrected,4.229649256631776,4.229649256631776,4.0
alt_corrected_unif,4.322805080350461,4.322805080350461,4.0
alt_uncorrected,5.194282760663886,5.194282760663886,4.0
