,Rseq_targets,Rseq_hits,Rfrequency
true_Rseq,4.1503263966810975,4.1503263966810975,4.0
alt_corrected,4.020052866299146,4.020052866299146,4.0
alt_corrected_unif,4.047259314399113,4.047259314399113,4.0
alt_uncorrected,4.918736994712537,4.918736994712537,4.0
