,Rseq_targets,Rseq_hits,Rfrequency
true_Rseq,4.198936268361318,4.198936268361318,4.0
alt_corrected,4.276960022132689,4.276960022132689,4.0
alt_corrected_unif,4.290822780853688,4.290822780853688,4.0
alt_uncorrected,5.162300461167113,5.162300461167113,4.0
