,Rseq_targets,Rseq_hits,Rfrequency
true_Rseq,-0.5388461675154197,2.6479905366751364,4.0
alt_corrected,-0.3930759551758556,2.972307561068306,4.0
alt_corrected_unif,-0.31840984720118803,3.0469736690429734,4.0
alt_uncorrected,0.5530678331122363,3.9184513493563977,4.0
