,Rseq_targets,Rseq_hits,Rfrequency
true_Rseq,3.016209400523124,3.219028931637906,4.0
alt_corrected,3.07459098301231,3.2549391149591482,4.0
alt_corrected_unif,3.12051525696526,3.300863388912098,4.0
alt_uncorrected,3.991992937278684,4.1723410692255225,4.0
