,Rseq_targets,Rseq_hits,Rfrequency
true_Rseq,3.7097130372459723,3.7097130372459723,4.0
alt_corrected,3.6662719795492498,3.6662719795492498,4.0
alt_corrected_unif,3.6717061128126702,3.6717061128126702,4.0
alt_uncorrected,4.5431837931260945,4.5431837931260945,4.0
