,Rseq_targets,Rseq_hits,Rfrequency
true_Rseq,3.576408992348062,3.576408992348062,4.0
alt_corrected,3.6416674636636115,3.6416674636636115,4.0
alt_corrected_unif,3.6649717849818315,3.6649717849818315,4.0
alt_uncorrected,4.536449465295256,4.536449465295256,4.0
