,Rseq_targets,Rseq_hits,Rfrequency
true_Rseq,4.349720538894838,4.349720538894838,4.0
alt_corrected,4.222697225230383,4.222697225230383,4.0
alt_corrected_unif,4.2656304308806146,4.2656304308806146,4.0
alt_uncorrected,5.137108111194039,5.137108111194039,4.0
