,Rseq_targets,Rseq_hits,Rfrequency
true_Rseq,4.155662654884598,4.155662654884598,4.0
alt_corrected,4.139716031704188,4.139716031704188,4.0
alt_corrected_unif,4.157788380800522,4.157788380800522,4.0
alt_uncorrected,5.029266061113947,5.029266061113947,4.0
