,Rseq_targets,Rseq_hits,Rfrequency
true_Rseq,3.215999336624334,3.215999336624334,4.0
alt_corrected,3.3703484776581236,3.3703484776581236,4.0
alt_corrected_unif,3.4344007791362823,3.4344007791362823,4.0
alt_uncorrected,4.305878459449707,4.305878459449707,4.0
