,Rseq_targets,Rseq_hits,Rfrequency
true_Rseq,4.529374943170641,4.529374943170641,4.0
alt_corrected,4.4040317966119,4.4040317966119,4.0
alt_corrected_unif,4.4384049997275135,4.4384049997275135,4.0
alt_uncorrected,5.309882680040938,5.309882680040938,4.0
