,Rseq_targets,Rseq_hits,Rfrequency
true_Rseq,4.2763625572067605,4.2763625572067605,4.0
alt_corrected,4.253665189478507,4.253665189478507,4.0
alt_corrected_unif,4.27215091102693,4.27215091102693,4.0
alt_uncorrected,5.143628591340354,5.143628591340354,4.0
