,Rseq_targets,Rseq_hits,Rfrequency
true_Rseq,4.058375838946407,4.058375838946407,4.0
alt_corrected,4.060487859454488,4.060487859454488,4.0
alt_corrected_unif,4.101825334174363,4.101825334174363,4.0
alt_uncorrected,4.9733030144877866,4.9733030144877866,4.0
