,Rseq_targets,Rseq_hits,Rfrequency
true_Rseq,4.021379440337525,4.021379440337525,4.0
alt_corrected,3.8663515250821705,3.8663515250821705,4.0
alt_corrected_unif,3.8958904577155278,3.8958904577155278,4.0
alt_uncorrected,4.767368138028952,4.767368138028952,4.0
