,Rseq_targets,Rseq_hits,Rfrequency
true_Rseq,4.301624145859133,4.301624145859133,4.0
alt_corrected,3.913988697243251,3.913988697243251,4.0
alt_corrected_unif,4.059798040633975,4.059798040633975,4.0
alt_uncorrected,4.931275720947399,4.931275720947399,4.0
