,Rseq_targets,Rseq_hits,Rfrequency
true_Rseq,4.229570209900968,4.229570209900968,4.0
alt_corrected,4.209659344564049,4.209659344564049,4.0
alt_corrected_unif,4.216671937220632,4.216671937220632,4.0
alt_uncorrected,5.088149617534056,5.088149617534056,4.0
