,Rseq_targets,Rseq_hits,Rfrequency
true_Rseq,4.8105755694511565,4.8105755694511565,4.0
alt_corrected,4.748886963540469,4.748886963540469,4.0
alt_corrected_unif,4.785946635781631,4.785946635781631,4.0
alt_uncorrected,5.657424316095055,5.657424316095055,4.0
