,Rseq_targets,Rseq_hits,Rfrequency
true_Rseq,4.045278160704509,4.045278160704509,4.0
alt_corrected,4.120366572916026,4.120366572916026,4.0
alt_corrected_unif,4.131237282678201,4.131237282678201,4.0
alt_uncorrected,5.002714962991626,5.002714962991626,4.0
