,Rseq_targets,Rseq_hits,Rfrequency
true_Rseq,3.918153877881359,3.918153877881359,4.0
alt_corrected,3.9264159952528455,3.9264159952528455,4.0
alt_corrected_unif,3.971493024211752,3.971493024211752,4.0
alt_uncorrected,4.842970704525176,4.842970704525176,4.0
