,Rseq_targets,Rseq_hits,Rfrequency
true_Rseq,2.9664750383903336,2.9664750383903336,4.0
alt_corrected,2.9928662918152944,2.9928662918152944,4.0
alt_corrected_unif,3.0722403091178614,3.0722403091178614,4.0
alt_uncorrected,3.9437179894312857,3.9437179894312857,4.0
