,Rseq_targets,Rseq_hits,Rfrequency
true_Rseq,4.232534978749761,4.232534978749761,4.0
alt_corrected,4.2554338218789844,4.2554338218789844,4.0
alt_corrected_unif,4.266940309865223,4.266940309865223,4.0
alt_uncorrected,5.138417990178647,5.138417990178647,4.0
