,Rseq_targets,Rseq_hits,Rfrequency
true_Rseq,3.933683992214803,3.933683992214803,4.0
alt_corrected,3.730068990037307,3.730068990037307,4.0
alt_corrected_unif,3.798855019649626,3.798855019649626,4.0
alt_uncorrected,4.67033269996305,4.67033269996305,4.0
