,Rseq_targets,Rseq_hits,Rfrequency
true_Rseq,3.8138310051400737,3.709440952135985,4.0
alt_corrected,3.8745272581910912,3.7868312095709307,4.0
alt_corrected_unif,3.9037257776291363,3.8160297290089757,4.0
alt_uncorrected,4.775203457942561,4.6875074093224,4.0
