,Rseq_targets,Rseq_hits,Rfrequency
true_Rseq,3.3753353018470342,3.3753353018470342,4.0
alt_corrected,3.3605184413793334,3.3605184413793334,4.0
alt_corrected_unif,3.3701626354998315,3.3701626354998315,4.0
alt_uncorrected,4.241640315813256,4.241640315813256,4.0
