,Rseq_targets,Rseq_hits,Rfrequency
true_Rseq,3.771612838952283,3.771612838952283,4.0
alt_corrected,3.7554314030769267,3.7554314030769267,4.0
alt_corrected_unif,3.760339466747826,3.760339466747826,4.0
alt_uncorrected,4.63181714706125,4.63181714706125,4.0
