,Rseq_targets,Rseq_hits,Rfrequency
true_Rseq,3.4045303270828473,3.4045303270828473,4.0
alt_corrected,3.4188569559357638,3.4188569559357638,4.0
alt_corrected_unif,3.484714614306457,3.484714614306457,4.0
alt_uncorrected,4.3561922946198814,4.3561922946198814,4.0
