,Rseq_targets,Rseq_hits,Rfrequency
true_Rseq,0.3922692084648691,3.0734404063919367,4.0
alt_corrected,0.5061774864886854,2.920168150918942,4.0
alt_corrected_unif,0.6577557798412785,3.071746444271535,4.0
alt_uncorrected,1.5292334601547029,3.9432241245849595,4.0
