,Rseq_targets,Rseq_hits,Rfrequency
true_Rseq,4.309049312408224,4.309049312408224,4.0
alt_corrected,4.349882660027234,4.349882660027234,4.0
alt_corrected_unif,4.360079096721892,4.360079096721892,4.0
alt_uncorrected,5.2315567770353155,5.2315567770353155,4.0
