,Rseq_targets,Rseq_hits,Rfrequency
true_Rseq,3.201581575301752,3.201581575301752,4.0
alt_corrected,3.3341548484617483,3.3341548484617483,4.0
alt_corrected_unif,3.46324990816716,3.46324990816716,4.0
alt_uncorrected,4.334727588480584,4.334727588480584,4.0
