,Rseq_targets,Rseq_hits,Rfrequency
true_Rseq,4.09878638285592,4.09878638285592,4.0
alt_corrected,4.039809019868979,4.039809019868979,4.0
alt_corrected_unif,4.1518097927715925,4.1518097927715925,4.0
alt_uncorrected,5.023287473085016,5.023287473085016,4.0
