,Rseq_targets,Rseq_hits,Rfrequency
true_Rseq,4.273046019076505,4.273046019076505,4.0
alt_corrected,4.0560665813105325,4.0560665813105325,4.0
alt_corrected_unif,4.179837826687002,4.179837826687002,4.0
alt_uncorrected,5.051315507000426,5.051315507000426,4.0
