,Rseq_targets,Rseq_hits,Rfrequency
true_Rseq,3.409316872737975,3.409316872737975,4.0
alt_corrected,3.493372549012831,3.493372549012831,4.0
alt_corrected_unif,3.503300577605921,3.503300577605921,4.0
alt_uncorrected,4.3747782579193455,4.3747782579193455,4.0
