,Rseq_targets,Rseq_hits,Rfrequency
true_Rseq,3.940048143483404,3.940048143483404,4.0
alt_corrected,4.182152464616392,4.182152464616392,4.0
alt_corrected_unif,4.294194968707755,4.294194968707755,4.0
alt_uncorrected,5.16567264902118,5.16567264902118,4.0
