,Rseq_targets,Rseq_hits,Rfrequency
true_Rseq,4.039805897013142,4.039805897013142,4.0
alt_corrected,3.929050041199924,3.929050041199924,4.0
alt_corrected_unif,3.97080157938723,3.97080157938723,4.0
alt_uncorrected,4.842279259700654,4.842279259700654,4.0
