,Rseq_targets,Rseq_hits,Rfrequency
true_Rseq,3.9860531219203557,3.9860531219203557,4.0
alt_corrected,3.9265057994277415,3.9265057994277415,4.0
alt_corrected_unif,3.9401006382953025,3.9401006382953025,4.0
alt_uncorrected,4.811578318608727,4.811578318608727,4.0
