,Rseq_targets,Rseq_hits,Rfrequency
true_Rseq,3.6825959764335465,3.6825959764335465,4.0
alt_corrected,3.7653958721822236,3.7653958721822236,4.0
alt_corrected_unif,3.82479860513585,3.82479860513585,4.0
alt_uncorrected,4.696276285449274,4.696276285449274,4.0
