,Rseq_targets,Rseq_hits,Rfrequency
true_Rseq,2.880111258985993,3.683879909304715,4.0
alt_corrected,2.9398670231270034,3.7581356523992877,4.0
alt_corrected_unif,3.0332202851048793,3.8514889143771636,4.0
alt_uncorrected,3.9046979654183036,4.722966594690588,4.0
