,Rseq_targets,Rseq_hits,Rfrequency
true_Rseq,4.4113831356552025,4.4113831356552025,4.0
alt_corrected,4.4430316047977145,4.4430316047977145,4.0
alt_corrected_unif,4.466166894870684,4.466166894870684,4.0
alt_uncorrected,5.3376445751841075,5.3376445751841075,4.0
