,Rseq_targets,Rseq_hits,Rfrequency
true_Rseq,-0.36709549821554255,2.610598386991356,4.0
alt_corrected,-0.2757670336644147,2.6772169856077346,4.0
alt_corrected_unif,-0.18557269359277195,2.7674113256793773,4.0
alt_uncorrected,0.6859049867206524,3.6388890059928016,4.0
