,Rseq_targets,Rseq_hits,Rfrequency
true_Rseq,3.5584743811382937,3.5584743811382937,4.0
alt_corrected,3.7103523528896494,3.7103523528896494,4.0
alt_corrected_unif,3.7656889409915535,3.7656889409915535,4.0
alt_uncorrected,4.637166621304978,4.637166621304978,4.0
