,Rseq_targets,Rseq_hits,Rfrequency
true_Rseq,3.568174997809325,3.568174997809325,4.0
alt_corrected,3.632017918843649,3.632017918843649,4.0
alt_corrected_unif,3.6841110665554777,3.6841110665554777,4.0
alt_uncorrected,4.555588746868902,4.555588746868902,4.0
