,Rseq_targets,Rseq_hits,Rfrequency
true_Rseq,4.797348529648509,4.797348529648509,4.0
alt_corrected,4.618932576103074,4.618932576103074,4.0
alt_corrected_unif,4.656757507340634,4.656757507340634,4.0
alt_uncorrected,5.528235187654059,5.528235187654059,4.0
