,Rseq_targets,Rseq_hits,Rfrequency
true_Rseq,4.368571681302443,4.368571681302443,4.0
alt_corrected,4.344481105970422,4.344481105970422,4.0
alt_corrected_unif,4.370619838229526,4.370619838229526,4.0
alt_uncorrected,5.242097518542951,5.242097518542951,4.0
