,Rseq_targets,Rseq_hits,Rfrequency
true_Rseq,3.615539531846329,3.615539531846329,4.0
alt_corrected,3.5921583577306673,3.5921583577306673,4.0
alt_corrected_unif,3.632540946731772,3.632540946731772,4.0
alt_uncorrected,4.5040186270451965,4.5040186270451965,4.0
