,Rseq_targets,Rseq_hits,Rfrequency
true_Rseq,3.5644847046710257,3.5644847046710257,4.0
alt_corrected,3.391219297777204,3.391219297777204,4.0
alt_corrected_unif,3.4194211223519644,3.4194211223519644,4.0
alt_uncorrected,4.290898802665389,4.290898802665389,4.0
