,Rseq_targets,Rseq_hits,Rfrequency
true_Rseq,4.176039509552244,4.176039509552244,4.0
alt_corrected,4.120701529908314,4.120701529908314,4.0
alt_corrected_unif,4.157461047438385,4.157461047438385,4.0
alt_uncorrected,5.02893872775181,5.02893872775181,4.0
