,Rseq_targets,Rseq_hits,Rfrequency
true_Rseq,4.139857850395115,4.139857850395115,4.0
alt_corrected,3.9787524140595156,3.9787524140595156,4.0
alt_corrected_unif,4.001318658485484,4.001318658485484,4.0
alt_uncorrected,4.872796338798908,4.872796338798908,4.0
