,Rseq_targets,Rseq_hits,Rfrequency
true_Rseq,4.03868872472753,4.03868872472753,4.0
alt_corrected,4.183952331754583,4.183952331754583,4.0
alt_corrected_unif,4.315111885782235,4.315111885782235,4.0
alt_uncorrected,5.18658956609566,5.18658956609566,4.0
