,Rseq_targets,Rseq_hits,Rfrequency
true_Rseq,4.157855034957538,4.157855034957538,4.0
alt_corrected,4.315241130119487,4.315241130119487,4.0
alt_corrected_unif,4.362932435976333,4.362932435976333,4.0
alt_uncorrected,5.234410116289757,5.234410116289757,4.0
