,Rseq_targets,Rseq_hits,Rfrequency
true_Rseq,4.372316217739421,4.372316217739421,4.0
alt_corrected,4.157115440792545,4.157115440792545,4.0
alt_corrected_unif,4.233036994397743,4.233036994397743,4.0
alt_uncorrected,5.104514674711167,5.104514674711167,4.0
