,Rseq_targets,Rseq_hits,Rfrequency
true_Rseq,3.7425406904532705,3.7425406904532705,4.0
alt_corrected,3.8381754393616605,3.8381754393616605,4.0
alt_corrected_unif,3.8483718760563366,3.8483718760563366,4.0
alt_uncorrected,4.719849556369761,4.719849556369761,4.0
