,Rseq_targets,Rseq_hits,Rfrequency
true_Rseq,4.529381656363986,4.529381656363986,4.0
alt_corrected,4.519464578678042,4.519464578678042,4.0
alt_corrected_unif,4.532048847000514,4.532048847000514,4.0
alt_uncorrected,5.403526527313938,5.403526527313938,4.0
