,Rseq_targets,Rseq_hits,Rfrequency
true_Rseq,3.8344237983877036,3.8344237983877036,4.0
alt_corrected,3.9572939751810887,3.9572939751810887,4.0
alt_corrected_unif,3.9751987392075674,3.9751987392075674,4.0
alt_uncorrected,4.846676419520992,4.846676419520992,4.0
