,Rseq_targets,Rseq_hits,Rfrequency
true_Rseq,4.901197144308419,4.901197144308419,4.0
alt_corrected,4.910636270545216,4.910636270545216,4.0
alt_corrected_unif,4.946572800712872,4.946572800712872,4.0
alt_uncorrected,5.818050481026296,5.818050481026296,4.0
