,Rseq_targets,Rseq_hits,Rfrequency
true_Rseq,2.294964237957542,3.242286166255697,4.0
alt_corrected,2.116172097524013,3.0854332920319862,4.0
alt_corrected_unif,2.1806072931340736,3.149868487642047,4.0
alt_uncorrected,3.052084973447498,4.021346167955471,4.0
