,Rseq_targets,Rseq_hits,Rfrequency
true_Rseq,3.726348977082779,3.726348977082779,4.0
alt_corrected,3.5562022000453832,3.5562022000453832,4.0
alt_corrected_unif,3.674862898458675,3.674862898458675,4.0
alt_uncorrected,4.546340578772099,4.546340578772099,4.0
