,Rseq_targets,Rseq_hits,Rfrequency
true_Rseq,4.2322391483965,4.2322391483965,4.0
alt_corrected,4.192786280431259,4.192786280431259,4.0
alt_corrected_unif,4.25278016204204,4.25278016204204,4.0
alt_uncorrected,5.124257842355464,5.124257842355464,4.0
