,Rseq_targets,Rseq_hits,Rfrequency
true_Rseq,4.3078912725329275,4.3078912725329275,4.0
alt_corrected,3.8676849561210487,3.8676849561210487,4.0
alt_corrected_unif,4.096775581202911,4.096775581202911,4.0
alt_uncorrected,4.968253261516335,4.968253261516335,4.0
