,Rseq_targets,Rseq_hits,Rfrequency
true_Rseq,4.28465184206052,4.28465184206052,4.0
alt_corrected,4.310383805778581,4.310383805778581,4.0
alt_corrected_unif,4.320580242473243,4.320580242473243,4.0
alt_uncorrected,5.192057922786668,5.192057922786668,4.0
