,Rseq_targets,Rseq_hits,Rfrequency
true_Rseq,4.318754890493453,4.318754890493453,4.0
alt_corrected,4.0410268294960545,4.0410268294960545,4.0
alt_corrected_unif,4.199534300766604,4.199534300766604,4.0
alt_uncorrected,5.071011981080028,5.071011981080028,4.0
