,Rseq_targets,Rseq_hits,Rfrequency
true_Rseq,4.379479123822309,4.379479123822309,4.0
alt_corrected,4.273623344321017,4.273623344321017,4.0
alt_corrected_unif,4.317180239400866,4.317180239400866,4.0
alt_uncorrected,5.18865791971429,5.18865791971429,4.0
