,Rseq_targets,Rseq_hits,Rfrequency
true_Rseq,4.019087822601299,4.019087822601299,4.0
alt_corrected,4.181637225530649,4.181637225530649,4.0
alt_corrected_unif,4.213200670579408,4.213200670579408,4.0
alt_uncorrected,5.0846783508928315,5.0846783508928315,4.0
