,Rseq_targets,Rseq_hits,Rfrequency
true_Rseq,4.1592180380441075,4.1592180380441075,4.0
alt_corrected,4.21762215606021,4.21762215606021,4.0
alt_corrected_unif,4.281674457538369,4.281674457538369,4.0
alt_uncorrected,5.153152137851793,5.153152137851793,4.0
