,Rseq_targets,Rseq_hits,Rfrequency
true_Rseq,4.1229079772661725,4.1229079772661725,4.0
alt_corrected,4.236781127488632,4.236781127488632,4.0
alt_corrected_unif,4.307333706786711,4.307333706786711,4.0
alt_uncorrected,5.178811387100135,5.178811387100135,4.0
