,Rseq_targets,Rseq_hits,Rfrequency
true_Rseq,4.360062898177706,4.360062898177706,4.0
alt_corrected,4.419934418663863,4.419934418663863,4.0
alt_corrected_unif,4.428042504477217,4.428042504477217,4.0
alt_uncorrected,5.299520184790641,5.299520184790641,4.0
