,Rseq_targets,Rseq_hits,Rfrequency
true_Rseq,4.93385765683429,4.93385765683429,4.0
alt_corrected,4.585526767854087,4.585526767854087,4.0
alt_corrected_unif,4.666622316610654,4.666622316610654,4.0
alt_uncorrected,5.538099996924078,5.538099996924078,4.0
