,Rseq_targets,Rseq_hits,Rfrequency
true_Rseq,3.6473732307132565,3.355080263991508,4.0
alt_corrected,3.4785735634787796,3.166810402469465,4.0
alt_corrected_unif,3.5482290804059233,3.236465919396609,4.0
alt_uncorrected,4.419706760719348,4.107943599710033,4.0
