,Rseq_targets,Rseq_hits,Rfrequency
true_Rseq,3.874010311095221,3.874010311095221,4.0
alt_corrected,3.8380145443782587,3.8380145443782587,4.0
alt_corrected_unif,3.856657977828108,3.856657977828108,4.0
alt_uncorrected,4.728135658141532,4.728135658141532,4.0
