,Rseq_targets,Rseq_hits,Rfrequency
true_Rseq,4.019771494090911,4.019771494090911,4.0
alt_corrected,3.8854981411471616,3.8854981411471616,4.0
alt_corrected_unif,3.9320038346305526,3.9320038346305526,4.0
alt_uncorrected,4.803481514943977,4.803481514943977,4.0
