,Rseq_targets,Rseq_hits,Rfrequency
true_Rseq,4.4079701620098195,4.4079701620098195,4.0
alt_corrected,4.36562439616939,4.36562439616939,4.0
alt_corrected_unif,4.428042219613111,4.428042219613111,4.0
alt_uncorrected,5.299519899926535,5.299519899926535,4.0
