,Rseq_targets,Rseq_hits,Rfrequency
true_Rseq,4.110895010940025,4.110895010940025,4.0
alt_corrected,4.100050621554664,4.100050621554664,4.0
alt_corrected_unif,4.124124789133827,4.124124789133827,4.0
alt_uncorrected,4.995602469447251,4.995602469447251,4.0
