,Rseq_targets,Rseq_hits,Rfrequency
true_Rseq,4.539152120360573,4.539152120360573,4.0
alt_corrected,4.64110905869974,4.64110905869974,4.0
alt_corrected_unif,4.67518439223544,4.67518439223544,4.0
alt_uncorrected,5.546662072548864,5.546662072548864,4.0
