,Rseq_targets,Rseq_hits,Rfrequency
true_Rseq,3.705331787599775,3.705331787599775,4.0
alt_corrected,3.7038948794924114,3.7038948794924114,4.0
alt_corrected_unif,3.7474517745722573,3.7474517745722573,4.0
alt_uncorrected,4.618929454885682,4.618929454885682,4.0
