,Rseq_targets,Rseq_hits,Rfrequency
true_Rseq,3.960470526365068,3.960470526365068,4.0
alt_corrected,4.071771354944222,4.071771354944222,4.0
alt_corrected_unif,4.1341100978620595,4.1341100978620595,4.0
alt_uncorrected,5.005587778175483,5.005587778175483,4.0
