,Rseq_targets,Rseq_hits,Rfrequency
true_Rseq,4.247493542875211,4.247493542875211,4.0
alt_corrected,4.0813037340964575,4.0813037340964575,4.0
alt_corrected_unif,4.124860629176295,4.124860629176295,4.0
alt_uncorrected,4.99633830948972,4.99633830948972,4.0
