,Rseq_targets,Rseq_hits,Rfrequency
true_Rseq,3.758518393250294,3.758518393250294,4.0
alt_corrected,3.7905090685415703,3.7905090685415703,4.0
alt_corrected_unif,3.801838106274641,3.801838106274641,4.0
alt_uncorrected,4.6733157865880655,4.6733157865880655,4.0
