,Rseq_targets,Rseq_hits,Rfrequency
true_Rseq,3.837233559813316,3.837233559813316,4.0
alt_corrected,3.8823874585229228,3.8823874585229228,4.0
alt_corrected_unif,3.9114086190315382,3.9114086190315382,4.0
alt_uncorrected,4.782886299344963,4.782886299344963,4.0
