,Rseq_targets,Rseq_hits,Rfrequency
true_Rseq,4.374900138860967,4.374900138860967,4.0
alt_corrected,4.158574962916896,4.158574962916896,4.0
alt_corrected_unif,4.186456885708614,4.186456885708614,4.0
alt_uncorrected,5.0579345660220385,5.0579345660220385,4.0
