,Rseq_targets,Rseq_hits,Rfrequency
true_Rseq,4.602774263712037,4.602774263712037,4.0
alt_corrected,4.425501938448807,4.425501938448807,4.0
alt_corrected_unif,4.451640670707908,4.451640670707908,4.0
alt_uncorrected,5.323118351021332,5.323118351021332,4.0
