,Rseq_targets,Rseq_hits,Rfrequency
true_Rseq,2.9277094733003786,3.0548514325231686,4.0
alt_corrected,3.033136839844193,3.165120141512833,4.0
alt_corrected_unif,3.095983101786972,3.227966403455612,4.0
alt_uncorrected,3.9674607821003964,4.099444083769036,4.0
