,Rseq_targets,Rseq_hits,Rfrequency
true_Rseq,4.238420109013002,4.238420109013002,4.0
alt_corrected,4.1242604538254035,4.1242604538254035,4.0
alt_corrected_unif,4.1719517596822495,4.1719517596822495,4.0
alt_uncorrected,5.043429439995674,5.043429439995674,4.0
