,Rseq_targets,Rseq_hits,Rfrequency
true_Rseq,4.0718313908745785,4.0718313908745785,4.0
alt_corrected,4.063222706187615,4.063222706187615,4.0
alt_corrected_unif,4.091104628979318,4.091104628979318,4.0
alt_uncorrected,4.962582309292742,4.962582309292742,4.0
