,Rseq_targets,Rseq_hits,Rfrequency
true_Rseq,4.138213659154208,4.138213659154208,4.0
alt_corrected,4.315837178731302,4.315837178731302,4.0
alt_corrected_unif,4.404348704567159,4.404348704567159,4.0
alt_uncorrected,5.275826384880583,5.275826384880583,4.0
