,Rseq_targets,Rseq_hits,Rfrequency
true_Rseq,3.85916531530483,3.85916531530483,4.0
alt_corrected,3.694710515327307,3.694710515327307,4.0
alt_corrected_unif,3.7723005645410796,3.7723005645410796,4.0
alt_uncorrected,4.643778244854504,4.643778244854504,4.0
