,Rseq_targets,Rseq_hits,Rfrequency
true_Rseq,3.738676883069588,3.738676883069588,4.0
alt_corrected,3.7369689411565736,3.7369689411565736,4.0
alt_corrected_unif,3.7571978532375794,3.7571978532375794,4.0
alt_uncorrected,4.628675533551004,4.628675533551004,4.0
