,Rseq_targets,Rseq_hits,Rfrequency
true_Rseq,3.890905318294746,3.890905318294746,4.0
alt_corrected,3.897383711038129,3.897383711038129,4.0
alt_corrected_unif,3.9610239566200476,3.9610239566200476,4.0
alt_uncorrected,4.832501636933472,4.832501636933472,4.0
