,Rseq_targets,Rseq_hits,Rfrequency
true_Rseq,4.9300708662243276,4.9300708662243276,4.0
alt_corrected,4.635827489230223,4.635827489230223,4.0
alt_corrected_unif,4.6911354305537305,4.6911354305537305,4.0
alt_uncorrected,5.562613110867154,5.562613110867154,4.0
