,Rseq_targets,Rseq_hits,Rfrequency
true_Rseq,4.776436763786829,4.776436763786829,4.0
alt_corrected,4.522154262339042,4.522154262339042,4.0
alt_corrected_unif,4.6034810573521465,4.6034810573521465,4.0
alt_uncorrected,5.47495873766557,5.47495873766557,4.0
