,Rseq_targets,Rseq_hits,Rfrequency
true_Rseq,3.713551882922692,3.713551882922692,4.0
alt_corrected,3.7197841620031875,3.7197841620031875,4.0
alt_corrected_unif,3.7982938114216105,3.7982938114216105,4.0
alt_uncorrected,4.669771491735035,4.669771491735035,4.0
