,Rseq_targets,Rseq_hits,Rfrequency
true_Rseq,4.708930600405926,4.708930600405926,4.0
alt_corrected,4.606777425466733,4.606777425466733,4.0
alt_corrected_unif,4.682837486248502,4.682837486248502,4.0
alt_uncorrected,5.554315166561927,5.554315166561927,4.0
