,Rseq_targets,Rseq_hits,Rfrequency
true_Rseq,4.056369660634168,4.056369660634168,4.0
alt_corrected,4.0815540610757335,4.0815540610757335,4.0
alt_corrected_unif,4.221873900626182,4.221873900626182,4.0
alt_uncorrected,5.093351580939606,5.093351580939606,4.0
