,Rseq_targets,Rseq_hits,Rfrequency
true_Rseq,4.347641348765233,4.347641348765233,4.0
alt_corrected,4.34924179168245,4.34924179168245,4.0
alt_corrected_unif,4.3591698202755484,4.3591698202755484,4.0
alt_uncorrected,5.230647500588973,5.230647500588973,4.0
