,Rseq_targets,Rseq_hits,Rfrequency
true_Rseq,4.224592612810472,4.224592612810472,4.0
alt_corrected,3.9985697908388538,3.9985697908388538,4.0
alt_corrected_unif,4.056914764418902,4.056914764418902,4.0
alt_uncorrected,4.928392444732327,4.928392444732327,4.0
