,Rseq_targets,Rseq_hits,Rfrequency
true_Rseq,4.678779126711685,4.678779126711685,4.0
alt_corrected,4.580847033265954,4.580847033265954,4.0
alt_corrected_unif,4.593431301588426,4.593431301588426,4.0
alt_uncorrected,5.46490898190185,5.46490898190185,4.0
