,Rseq_targets,Rseq_hits,Rfrequency
true_Rseq,3.705516666827487,3.705516666827487,4.0
alt_corrected,3.644515275267205,3.644515275267205,4.0
alt_corrected_unif,3.713679137405284,3.713679137405284,4.0
alt_uncorrected,4.585156817718708,4.585156817718708,4.0
