,Rseq_targets,Rseq_hits,Rfrequency
true_Rseq,4.2413655394549465,4.2413655394549465,4.0
alt_corrected,4.163593491820494,4.163593491820494,4.0
alt_corrected_unif,4.200353009350568,4.200353009350568,4.0
alt_uncorrected,5.071830689663993,5.071830689663993,4.0
