,Rseq_targets,Rseq_hits,Rfrequency
true_Rseq,3.8345703764765506,3.8345703764765506,4.0
alt_corrected,3.7448320822770813,3.7448320822770813,4.0
alt_corrected_unif,3.7592760343880385,3.7592760343880385,4.0
alt_uncorrected,4.630753714701463,4.630753714701463,4.0
