,Rseq_targets,Rseq_hits,Rfrequency
true_Rseq,2.343865972266167,2.6021539157161655,4.0
alt_corrected,2.4141412705967755,2.6983690577517025,4.0
alt_corrected_unif,2.522507405318318,2.806735192473245,4.0
alt_uncorrected,3.3939850856317424,3.6782128727866694,4.0
