,Rseq_targets,Rseq_hits,Rfrequency
true_Rseq,4.43049187166791,4.43049187166791,4.0
alt_corrected,4.278838427644089,4.278838427644089,4.0
alt_corrected_unif,4.293853464108562,4.293853464108562,4.0
alt_uncorrected,5.1653311444219865,5.1653311444219865,4.0
