,Rseq_targets,Rseq_hits,Rfrequency
true_Rseq,4.457253120393672,4.457253120393672,4.0
alt_corrected,4.4108912813064105,4.4108912813064105,4.0
alt_corrected_unif,4.417342357278118,4.417342357278118,4.0
alt_uncorrected,5.288820037591542,5.288820037591542,4.0
