,Rseq_targets,Rseq_hits,Rfrequency
true_Rseq,4.217243646460355,4.217243646460355,4.0
alt_corrected,4.180378405736487,4.180378405736487,4.0
alt_corrected_unif,4.184155529158268,4.184155529158268,4.0
alt_uncorrected,5.055633209471692,5.055633209471692,4.0
