,Rseq_targets,Rseq_hits,Rfrequency
true_Rseq,3.9319209936621977,3.9319209936621977,4.0
alt_corrected,3.5798533222223408,3.5798533222223408,4.0
alt_corrected_unif,3.8355169723502995,3.8355169723502995,4.0
alt_uncorrected,4.706994652663724,4.706994652663724,4.0
