,Rseq_targets,Rseq_hits,Rfrequency
true_Rseq,4.212063308239298,4.212063308239298,4.0
alt_corrected,4.2614010642582425,4.2614010642582425,4.0
alt_corrected_unif,4.3499890236690035,4.3499890236690035,4.0
alt_uncorrected,5.221466703982427,5.221466703982427,4.0
