,Rseq_targets,Rseq_hits,Rfrequency
true_Rseq,3.403962846040014,3.403962846040014,4.0
alt_corrected,3.308578670901279,3.308578670901279,4.0
alt_corrected_unif,3.513185979157313,3.513185979157313,4.0
alt_uncorrected,4.384663659470737,4.384663659470737,4.0
