,Rseq_targets,Rseq_hits,Rfrequency
true_Rseq,4.127682868167726,4.127682868167726,4.0
alt_corrected,4.041205842611715,4.041205842611715,4.0
alt_corrected_unif,4.0817567813889895,4.0817567813889895,4.0
alt_uncorrected,4.953234461702413,4.953234461702413,4.0
