,Rseq_targets,Rseq_hits,Rfrequency
true_Rseq,4.356872085988638,4.356872085988638,4.0
alt_corrected,4.292813419809242,4.292813419809242,4.0
alt_corrected_unif,4.322967181356271,4.322967181356271,4.0
alt_uncorrected,5.194444861669695,5.194444861669695,4.0
