,Rseq_targets,Rseq_hits,Rfrequency
true_Rseq,4.189690265336898,4.189690265336898,4.0
alt_corrected,4.312035269949995,4.312035269949995,4.0
alt_corrected_unif,4.358358909990878,4.358358909990878,4.0
alt_uncorrected,5.229836590304303,5.229836590304303,4.0
