,Rseq_targets,Rseq_hits,Rfrequency
true_Rseq,3.49139777196652,3.49139777196652,4.0
alt_corrected,3.481500095723627,3.481500095723627,4.0
alt_corrected_unif,3.492829133456707,3.492829133456707,4.0
alt_uncorrected,4.364306813770131,4.364306813770131,4.0
