,Rseq_targets,Rseq_hits,Rfrequency
true_Rseq,4.226705765597371,4.226705765597371,4.0
alt_corrected,4.195765353165145,4.195765353165145,4.0
alt_corrected_unif,4.304589955453826,4.304589955453826,4.0
alt_uncorrected,5.17606763576725,5.17606763576725,4.0
