,Rseq_targets,Rseq_hits,Rfrequency
true_Rseq,3.9326021665202067,3.9326021665202067,4.0
alt_corrected,3.7118394615070907,3.7118394615070907,4.0
alt_corrected_unif,3.773107264056716,3.773107264056716,4.0
alt_uncorrected,4.64458494437014,4.64458494437014,4.0
