,Rseq_targets,Rseq_hits,Rfrequency
true_Rseq,4.1012796797538815,4.1012796797538815,4.0
alt_corrected,4.102957102911228,4.102957102911228,4.0
alt_corrected_unif,4.110076079787229,4.110076079787229,4.0
alt_uncorrected,4.9815537601006525,4.9815537601006525,4.0
