,Rseq_targets,Rseq_hits,Rfrequency
true_Rseq,4.10341737474103,4.10341737474103,4.0
alt_corrected,4.24104205555107,4.24104205555107,4.0
alt_corrected_unif,4.265351490509641,4.265351490509641,4.0
alt_uncorrected,5.136829170823065,5.136829170823065,4.0
