,Rseq_targets,Rseq_hits,Rfrequency
true_Rseq,4.815682805155678,4.815682805155678,4.0
alt_corrected,4.825343899101436,4.825343899101436,4.0
alt_corrected_unif,4.839206657822423,4.839206657822423,4.0
alt_uncorrected,5.710684338135847,5.710684338135847,4.0
