,Rseq_targets,Rseq_hits,Rfrequency
true_Rseq,3.5474153267539297,3.5474153267539297,4.0
alt_corrected,3.467603415367315,3.467603415367315,4.0
alt_corrected_unif,3.5841921750003025,3.5841921750003025,4.0
alt_uncorrected,4.455669855313727,4.455669855313727,4.0
