,Rseq_targets,Rseq_hits,Rfrequency
true_Rseq,4.009108966629568,4.009108966629568,4.0
alt_corrected,3.7360395907282733,3.7360395907282733,4.0
alt_corrected_unif,3.7981882445253716,3.7981882445253716,4.0
alt_uncorrected,4.669665924838796,4.669665924838796,4.0
