,Rseq_targets,Rseq_hits,Rfrequency
true_Rseq,3.597686772579733,3.597686772579733,4.0
alt_corrected,3.3351720395921496,3.3351720395921496,4.0
alt_corrected_unif,3.44241791295434,3.44241791295434,4.0
alt_uncorrected,4.313895593267764,4.313895593267764,4.0
