,Rseq_targets,Rseq_hits,Rfrequency
true_Rseq,3.9844096720695266,3.9844096720695266,4.0
alt_corrected,3.845294492556311,3.845294492556311,4.0
alt_corrected_unif,3.9015033786838837,3.9015033786838837,4.0
alt_uncorrected,4.772981058997308,4.772981058997308,4.0
