,Rseq_targets,Rseq_hits,Rfrequency
true_Rseq,3.87982986726112,3.87982986726112,4.0
alt_corrected,3.9118177300827566,3.9118177300827566,4.0
alt_corrected_unif,3.92001448729502,3.92001448729502,4.0
alt_uncorrected,4.791492167608444,4.791492167608444,4.0
