,Rseq_targets,Rseq_hits,Rfrequency
true_Rseq,3.83497769129073,3.83497769129073,4.0
alt_corrected,3.8535559083131847,3.8535559083131847,4.0
alt_corrected_unif,3.8551946520525386,3.8551946520525386,4.0
alt_uncorrected,4.726672332365963,4.726672332365963,4.0
