,Rseq_targets,Rseq_hits,Rfrequency
true_Rseq,4.24371842147411,4.24371842147411,4.0
alt_corrected,4.026604942177761,4.026604942177761,4.0
alt_corrected_unif,4.112194386263971,4.112194386263971,4.0
alt_uncorrected,4.983672066577395,4.983672066577395,4.0
