,Rseq_targets,Rseq_hits,Rfrequency
true_Rseq,3.806332884424438,3.806332884424438,4.0
alt_corrected,3.81954498292131,3.81954498292131,4.0
alt_corrected_unif,3.856070125408824,3.856070125408824,4.0
alt_uncorrected,4.727547805722248,4.727547805722248,4.0
