,Rseq_targets,Rseq_hits,Rfrequency
true_Rseq,1.9181027665176646,3.303402581291447,4.0
alt_corrected,1.9148138217077735,3.2868295967703,4.0
alt_corrected_unif,1.9542692673282773,3.3262850423908037,4.0
alt_uncorrected,2.8257469476417016,4.197762722704228,4.0
