,Rseq_targets,Rseq_hits,Rfrequency
true_Rseq,4.176050740791622,4.176050740791622,4.0
alt_corrected,4.340815806384292,4.340815806384292,4.0
alt_corrected_unif,4.422550875121907,4.422550875121907,4.0
alt_uncorrected,5.294028555435331,5.294028555435331,4.0
