,Rseq_targets,Rseq_hits,Rfrequency
true_Rseq,3.863300652446844,3.863300652446844,4.0
alt_corrected,3.909550891246621,3.909550891246621,4.0
alt_corrected_unif,3.919747327941294,3.919747327941294,4.0
alt_uncorrected,4.7912250082547185,4.7912250082547185,4.0
