,Rseq_targets,Rseq_hits,Rfrequency
true_Rseq,4.925812411658045,4.925812411658045,4.0
alt_corrected,4.656511942261506,4.656511942261506,4.0
alt_corrected_unif,4.69685779549892,4.69685779549892,4.0
alt_uncorrected,5.5683354758123444,5.5683354758123444,4.0
