,Rseq_targets,Rseq_hits,Rfrequency
true_Rseq,3.661471602619976,3.661471602619976,4.0
alt_corrected,3.715161462167509,3.715161462167509,4.0
alt_corrected_unif,3.7614195693518693,3.7614195693518693,4.0
alt_uncorrected,4.632897249665294,4.632897249665294,4.0
