,Rseq_targets,Rseq_hits,Rfrequency
true_Rseq,3.689751419509072,3.689751419509072,4.0
alt_corrected,3.9677008333502224,3.9677008333502224,4.0
alt_corrected_unif,4.1121220977895,4.1121220977895,4.0
alt_uncorrected,4.983599778102924,4.983599778102924,4.0
