,Rseq_targets,Rseq_hits,Rfrequency
true_Rseq,3.980212104427924,3.980212104427924,4.0
alt_corrected,3.897917409132025,3.897917409132025,4.0
alt_corrected_unif,3.967838485136354,3.967838485136354,4.0
alt_uncorrected,4.8393161654497785,4.8393161654497785,4.0
