,Rseq_targets,Rseq_hits,Rfrequency
true_Rseq,3.6042830268677513,3.6042830268677513,4.0
alt_corrected,3.4648538199275984,3.4648538199275984,4.0
alt_corrected_unif,3.505236408928702,3.505236408928702,4.0
alt_uncorrected,4.376714089242126,4.376714089242126,4.0
