,Rseq_targets,Rseq_hits,Rfrequency
true_Rseq,3.2915739773570962,3.2915739773570962,4.0
alt_corrected,3.289796801176061,3.289796801176061,4.0
alt_corrected_unif,3.3084402346259103,3.3084402346259103,4.0
alt_uncorrected,4.179917914939335,4.179917914939335,4.0
