,Rseq_targets,Rseq_hits,Rfrequency
true_Rseq,3.902002930853225,3.902002930853225,4.0
alt_corrected,3.8048838294265543,3.8048838294265543,4.0
alt_corrected_unif,3.9033581386328,3.9033581386328,4.0
alt_uncorrected,4.774835818946224,4.774835818946224,4.0
