,Rseq_targets,Rseq_hits,Rfrequency
true_Rseq,4.582219933474333,4.582219933474333,4.0
alt_corrected,4.68165927802507,4.68165927802507,4.0
alt_corrected_unif,4.771731374387654,4.771731374387654,4.0
alt_uncorrected,5.643209054701078,5.643209054701078,4.0
