,Rseq_targets,Rseq_hits,Rfrequency
true_Rseq,4.657150837342404,4.657150837342404,4.0
alt_corrected,4.627158800183112,4.627158800183112,4.0
alt_corrected_unif,4.630989083517777,4.630989083517777,4.0
alt_uncorrected,5.502466763831201,5.502466763831201,4.0
