,Rseq_targets,Rseq_hits,Rfrequency
true_Rseq,4.34930738872113,4.34930738872113,4.0
alt_corrected,4.108607781704665,4.108607781704665,4.0
alt_corrected_unif,4.20944473863595,4.20944473863595,4.0
alt_uncorrected,5.080922418949374,5.080922418949374,4.0
