,Rseq_targets,Rseq_hits,Rfrequency
true_Rseq,3.9094600252030016,3.9094600252030016,4.0
alt_corrected,3.9674574637027535,3.9674574637027535,4.0
alt_corrected_unif,3.9855302832808177,3.9855302832808177,4.0
alt_uncorrected,4.857007963594242,4.857007963594242,4.0
