,Rseq_targets,Rseq_hits,Rfrequency
true_Rseq,4.162184658161104,4.162184658161104,4.0
alt_corrected,4.344024774037241,4.344024774037241,4.0
alt_corrected_unif,4.415238772506019,4.415238772506019,4.0
alt_uncorrected,5.286716452819443,5.286716452819443,4.0
