,Rseq_targets,Rseq_hits,Rfrequency
true_Rseq,3.865238103937177,3.865238103937177,4.0
alt_corrected,4.090588791124097,4.090588791124097,4.0
alt_corrected_unif,4.175968322364449,4.175968322364449,4.0
alt_uncorrected,5.047446002677873,5.047446002677873,4.0
