,Rseq_targets,Rseq_hits,Rfrequency
true_Rseq,2.9581084595943192,2.9581084595943192,4.0
alt_corrected,2.9151966073822373,2.9151966073822373,4.0
alt_corrected_unif,3.035019239854399,3.035019239854399,4.0
alt_uncorrected,3.9064969201678235,3.9064969201678235,4.0
