,Rseq_targets,Rseq_hits,Rfrequency
true_Rseq,4.581573243774637,4.581573243774637,4.0
alt_corrected,4.679379550782915,4.679379550782915,4.0
alt_corrected_unif,4.744700089559776,4.744700089559776,4.0
alt_uncorrected,5.6161777698732,5.6161777698732,4.0
