,Rseq_targets,Rseq_hits,Rfrequency
true_Rseq,4.210264647123802,4.210264647123802,4.0
alt_corrected,4.109986115969604,4.109986115969604,4.0
alt_corrected_unif,4.118182873181869,4.118182873181869,4.0
alt_uncorrected,4.989660553495293,4.989660553495293,4.0
