,Rseq_targets,Rseq_hits,Rfrequency
true_Rseq,3.898652055269446,3.898652055269446,4.0
alt_corrected,3.892934348136046,3.892934348136046,4.0
alt_corrected_unif,3.911333507759369,3.911333507759369,4.0
alt_uncorrected,4.7828111880727935,4.7828111880727935,4.0
