,Rseq_targets,Rseq_hits,Rfrequency
true_Rseq,4.1539734077981425,4.1539734077981425,4.0
alt_corrected,4.13019182298195,4.13019182298195,4.0
alt_corrected_unif,4.140654381328675,4.140654381328675,4.0
alt_uncorrected,5.012132061642099,5.012132061642099,4.0
