,Rseq_targets,Rseq_hits,Rfrequency
true_Rseq,4.444470541684224,4.444470541684224,4.0
alt_corrected,4.470494232270193,4.470494232270193,4.0
alt_corrected_unif,4.509155241895028,4.509155241895028,4.0
alt_uncorrected,5.380632922208452,5.380632922208452,4.0
