,Rseq_targets,Rseq_hits,Rfrequency
true_Rseq,4.891042820361159,4.891042820361159,4.0
alt_corrected,4.7960917503679585,4.7960917503679585,4.0
alt_corrected_unif,4.858240404165066,4.858240404165066,4.0
alt_uncorrected,5.72971808447849,5.72971808447849,4.0
