,Rseq_targets,Rseq_hits,Rfrequency
true_Rseq,4.988709806632491,4.988709806632491,4.0
alt_corrected,4.49738446630492,4.49738446630492,4.0
alt_corrected_unif,4.647441678991749,4.647441678991749,4.0
alt_uncorrected,5.5189193593051735,5.5189193593051735,4.0
