,Rseq_targets,Rseq_hits,Rfrequency
true_Rseq,3.144402571468568,3.2491686210287725,4.0
alt_corrected,3.2475609942731207,3.37965481496819,4.0
alt_corrected_unif,3.3333729335067637,3.465466754201833,4.0
alt_uncorrected,4.204850613820188,4.3369444345152575,4.0
