,Rseq_targets,Rseq_hits,Rfrequency
true_Rseq,4.179732964198774,4.179732964198774,4.0
alt_corrected,4.066850115038761,4.066850115038761,4.0
alt_corrected_unif,4.080180307890638,4.080180307890638,4.0
alt_uncorrected,4.9516579882040626,4.9516579882040626,4.0
