,Rseq_targets,Rseq_hits,Rfrequency
true_Rseq,3.908943129079419,3.908943129079419,4.0
alt_corrected,3.869286141635758,3.869286141635758,4.0
alt_corrected_unif,3.877394227449106,3.877394227449106,4.0
alt_uncorrected,4.74887190776253,4.74887190776253,4.0
