,Rseq_targets,Rseq_hits,Rfrequency
true_Rseq,4.201968008978236,4.201968008978236,4.0
alt_corrected,3.901975615018385,3.901975615018385,4.0
alt_corrected_unif,4.001097476677199,4.001097476677199,4.0
alt_uncorrected,4.8725751569906235,4.8725751569906235,4.0
