,Rseq_targets,Rseq_hits,Rfrequency
true_Rseq,4.00027848713559,4.00027848713559,4.0
alt_corrected,4.128879390877759,4.128879390877759,4.0
alt_corrected_unif,4.185602654509385,4.185602654509385,4.0
alt_uncorrected,5.0570803348228095,5.0570803348228095,4.0
