,Rseq_targets,Rseq_hits,Rfrequency
true_Rseq,4.017641830655224,4.017641830655224,4.0
alt_corrected,3.9220577515961708,3.9220577515961708,4.0
alt_corrected_unif,3.9492641996961297,3.9492641996961297,4.0
alt_uncorrected,4.820741880009554,4.820741880009554,4.0
