,Rseq_targets,Rseq_hits,Rfrequency
true_Rseq,4.169098717944044,4.169098717944044,4.0
alt_corrected,3.951922323649874,3.951922323649874,4.0
alt_corrected_unif,4.010152168120012,4.010152168120012,4.0
alt_uncorrected,4.881629848433437,4.881629848433437,4.0
