,Rseq_targets,Rseq_hits,Rfrequency
true_Rseq,3.8020645560737556,3.8020645560737556,4.0
alt_corrected,3.747115107932973,3.747115107932973,4.0
alt_corrected_unif,3.8270173995652477,3.8270173995652477,4.0
alt_uncorrected,4.698495079878672,4.698495079878672,4.0
