,Rseq_targets,Rseq_hits,Rfrequency
true_Rseq,4.1870245427706765,4.1870245427706765,4.0
alt_corrected,4.069312155058448,4.069312155058448,4.0
alt_corrected_unif,4.12146426063574,4.12146426063574,4.0
alt_uncorrected,4.992941940949164,4.992941940949164,4.0
