,Rseq_targets,Rseq_hits,Rfrequency
true_Rseq,4.033207502144522,4.033207502144522,4.0
alt_corrected,3.9075581426473414,3.9075581426473414,4.0
alt_corrected_unif,3.9736217569628027,3.9736217569628027,4.0
alt_uncorrected,4.845099437276227,4.845099437276227,4.0
