,Rseq_targets,Rseq_hits,Rfrequency
true_Rseq,5.202698488981186,5.202698488981186,4.0
alt_corrected,4.874409775052424,4.874409775052424,4.0
alt_corrected_unif,4.925096794629768,4.925096794629768,4.0
alt_uncorrected,5.796574474943192,5.796574474943192,4.0
