,Rseq_targets,Rseq_hits,Rfrequency
true_Rseq,4.428576643614095,4.428576643614095,4.0
alt_corrected,4.260108507415042,4.260108507415042,4.0
alt_corrected_unif,4.289436665490754,4.289436665490754,4.0
alt_uncorrected,5.160914345804179,5.160914345804179,4.0
