,Rseq_targets,Rseq_hits,Rfrequency
true_Rseq,3.8845392127789715,3.8845392127789715,4.0
alt_corrected,4.066287916380274,4.066287916380274,4.0
alt_corrected_unif,4.0987999184940715,4.0987999184940715,4.0
alt_uncorrected,4.970277598807495,4.970277598807495,4.0
