,Rseq_targets,Rseq_hits,Rfrequency
true_Rseq,3.8570086645316675,3.8570086645316675,4.0
alt_corrected,3.7078080427841646,3.7078080427841646,4.0
alt_corrected_unif,3.7821300638336957,3.7821300638336957,4.0
alt_uncorrected,4.65360774414712,4.65360774414712,4.0
