,Rseq_targets,Rseq_hits,Rfrequency
true_Rseq,3.933607400559792,3.933607400559792,4.0
alt_corrected,3.949314301644921,3.949314301644921,4.0
alt_corrected_unif,4.00450755287698,4.00450755287698,4.0
alt_uncorrected,4.875985233190404,4.875985233190404,4.0
