,Rseq_targets,Rseq_hits,Rfrequency
true_Rseq,4.194162286825836,4.194162286825836,4.0
alt_corrected,4.146463092186481,4.146463092186481,4.0
alt_corrected_unif,4.1707725271450595,4.1707725271450595,4.0
alt_uncorrected,5.042250207458483,5.042250207458483,4.0
