,Rseq_targets,Rseq_hits,Rfrequency
true_Rseq,3.9347457331232505,3.9347457331232505,4.0
alt_corrected,3.9499570232781775,3.9499570232781775,4.0
alt_corrected_unif,3.9882998145626805,3.9882998145626805,4.0
alt_uncorrected,4.859777494876105,4.859777494876105,4.0
