,Rseq_targets,Rseq_hits,Rfrequency
true_Rseq,4.061449034198804,4.061449034198804,4.0
alt_corrected,4.273883602054215,4.273883602054215,4.0
alt_corrected_unif,4.425233594937726,4.425233594937726,4.0
alt_uncorrected,5.296711275251151,5.296711275251151,4.0
