,Rseq_targets,Rseq_hits,Rfrequency
true_Rseq,4.0949066351889805,4.085305805493972,4.0
alt_corrected,4.129971736167125,4.121179739313952,4.0
alt_corrected_unif,4.144109825617257,4.135317828764084,4.0
alt_uncorrected,5.015587505930681,5.006795509077508,4.0
