,Rseq_targets,Rseq_hits,Rfrequency
true_Rseq,4.526786730253106,4.526786730253106,4.0
alt_corrected,4.507171281365854,4.507171281365854,4.0
alt_corrected_unif,4.54466018481161,4.54466018481161,4.0
alt_uncorrected,5.416137865125034,5.416137865125034,4.0
