,Rseq_targets,Rseq_hits,Rfrequency
true_Rseq,4.446229225049393,4.446229225049393,4.0
alt_corrected,4.263152164395329,4.263152164395329,4.0
alt_corrected_unif,4.386168688448818,4.386168688448818,4.0
alt_uncorrected,5.2576463687622415,5.2576463687622415,4.0
