,Rseq_targets,Rseq_hits,Rfrequency
true_Rseq,4.3777936269595426,4.3777936269595426,4.0
alt_corrected,4.195370113890501,4.195370113890501,4.0
alt_corrected_unif,4.233195045128058,4.233195045128058,4.0
alt_uncorrected,5.104672725441483,5.104672725441483,4.0
