,Rseq_targets,Rseq_hits,Rfrequency
true_Rseq,3.808272904063119,3.808272904063119,4.0
alt_corrected,4.15036161352268,4.15036161352268,4.0
alt_corrected_unif,4.251198570453969,4.251198570453969,4.0
alt_uncorrected,5.122676250767393,5.122676250767393,4.0
