,Rseq_targets,Rseq_hits,Rfrequency
true_Rseq,4.070986597369981,4.070986597369981,4.0
alt_corrected,3.784139142129749,3.784139142129749,4.0
alt_corrected_unif,3.900985204314616,3.900985204314616,4.0
alt_uncorrected,4.77246288462804,4.77246288462804,4.0
