,Rseq_targets,Rseq_hits,Rfrequency
true_Rseq,3.758861080890621,3.758861080890621,4.0
alt_corrected,3.604498189238626,3.604498189238626,4.0
alt_corrected_unif,3.650613704210802,3.650613704210802,4.0
alt_uncorrected,4.522091384524226,4.522091384524226,4.0
