,Rseq_targets,Rseq_hits,Rfrequency
true_Rseq,2.8732305286319946,3.079324007353609,4.0
alt_corrected,2.8586605506949985,3.040972165907201,4.0
alt_corrected_unif,2.9662031124966384,3.1485147277088408,4.0
alt_uncorrected,3.8376807928100627,4.019992408022265,4.0
