,Rseq_targets,Rseq_hits,Rfrequency
true_Rseq,4.6331369054611,4.6331369054611,4.0
alt_corrected,4.459926029241354,4.459926029241354,4.0
alt_corrected_unif,4.541557984332176,4.541557984332176,4.0
alt_uncorrected,5.4130356646456,5.4130356646456,4.0
