,Rseq_targets,Rseq_hits,Rfrequency
true_Rseq,3.994660353849696,3.994660353849696,4.0
alt_corrected,3.897447401306814,3.897447401306814,4.0
alt_corrected_unif,3.959947012309868,3.959947012309868,4.0
alt_uncorrected,4.831424692623292,4.831424692623292,4.0
