,Rseq_targets,Rseq_hits,Rfrequency
true_Rseq,3.9763522843053707,3.887664041237036,4.0
alt_corrected,3.8966821795375144,3.807993936469179,4.0
alt_corrected_unif,3.929126799147443,3.8404385560791074,4.0
alt_uncorrected,4.800604479460867,4.711916236392532,4.0
