,Rseq_targets,Rseq_hits,Rfrequency
true_Rseq,4.164213512215582,4.164213512215582,4.0
alt_corrected,3.8769535163563336,3.8769535163563336,4.0
alt_corrected_unif,4.021075837816692,4.021075837816692,4.0
alt_uncorrected,4.892553518130116,4.892553518130116,4.0
