,Rseq_targets,Rseq_hits,Rfrequency
true_Rseq,4.2321894272452365,4.2321894272452365,4.0
alt_corrected,4.270616190601057,4.270616190601057,4.0
alt_corrected_unif,4.283040721490895,4.283040721490895,4.0
alt_uncorrected,5.154518401804319,5.154518401804319,4.0
