,Rseq_targets,Rseq_hits,Rfrequency
true_Rseq,4.523609341002242,4.523609341002242,4.0
alt_corrected,4.640398661565584,4.640398661565584,4.0
alt_corrected_unif,4.650326690158677,4.650326690158677,4.0
alt_uncorrected,5.5218043704721005,5.5218043704721005,4.0
