,Rseq_targets,Rseq_hits,Rfrequency
true_Rseq,3.8858975006600502,3.8858975006600502,4.0
alt_corrected,3.879095619480735,3.879095619480735,4.0
alt_corrected_unif,3.923089424477172,3.923089424477172,4.0
alt_uncorrected,4.7945671047905964,4.7945671047905964,4.0
