,Rseq_targets,Rseq_hits,Rfrequency
true_Rseq,3.7827214482158986,3.7827214482158986,4.0
alt_corrected,3.604906644353306,3.604906644353306,4.0
alt_corrected_unif,3.6936807314034863,3.6936807314034863,4.0
alt_uncorrected,4.565158411716911,4.565158411716911,4.0
