,Rseq_targets,Rseq_hits,Rfrequency
true_Rseq,4.19396827714901,4.19396827714901,4.0
alt_corrected,4.316229352636953,4.316229352636953,4.0
alt_corrected_unif,4.34696407170588,4.34696407170588,4.0
alt_uncorrected,5.218441752019304,5.218441752019304,4.0
