,Rseq_targets,Rseq_hits,Rfrequency
true_Rseq,3.6831295574041993,3.6831295574041993,4.0
alt_corrected,3.636349374693058,3.636349374693058,4.0
alt_corrected_unif,3.72891144064049,3.72891144064049,4.0
alt_uncorrected,4.600389120953914,4.600389120953914,4.0
