,Rseq_targets,Rseq_hits,Rfrequency
true_Rseq,3.5185102750080777,3.5185102750080777,4.0
alt_corrected,3.2254286205486187,3.2254286205486187,4.0
alt_corrected_unif,3.3455138671936964,3.3455138671936964,4.0
alt_uncorrected,4.216991547507121,4.216991547507121,4.0
