,Rseq_targets,Rseq_hits,Rfrequency
true_Rseq,3.5084976413985745,3.5084976413985745,4.0
alt_corrected,3.426287535348164,3.426287535348164,4.0
alt_corrected_unif,3.508646366986102,3.508646366986102,4.0
alt_uncorrected,4.380124047299526,4.380124047299526,4.0
