,Rseq_targets,Rseq_hits,Rfrequency
true_Rseq,4.915961225598998,4.915961225598998,4.0
alt_corrected,4.697588559541643,4.697588559541643,4.0
alt_corrected_unif,4.741165696998765,4.741165696998765,4.0
alt_uncorrected,5.612643377312189,5.612643377312189,4.0
