,Rseq_targets,Rseq_hits,Rfrequency
true_Rseq,3.7558355375280783,3.7558355375280783,4.0
alt_corrected,3.9147767853742823,3.9147767853742823,4.0
alt_corrected_unif,3.9598596208170878,3.9598596208170878,4.0
alt_uncorrected,4.831337301130512,4.831337301130512,4.0
