,Rseq_targets,Rseq_hits,Rfrequency
true_Rseq,3.91570974443483,3.91570974443483,4.0
alt_corrected,3.897410887430583,3.897410887430583,4.0
alt_corrected_unif,3.9056076446428505,3.9056076446428505,4.0
alt_uncorrected,4.777085324956275,4.777085324956275,4.0
