,Rseq_targets,Rseq_hits,Rfrequency
true_Rseq,4.149063115718006,4.149063115718006,4.0
alt_corrected,3.9900129133822575,3.9900129133822575,4.0
alt_corrected_unif,4.0537488247465685,4.0537488247465685,4.0
alt_uncorrected,4.925226505059992,4.925226505059992,4.0
