,Rseq_targets,Rseq_hits,Rfrequency
true_Rseq,3.8067395908618185,3.8067395908618185,4.0
alt_corrected,3.934535694666268,3.934535694666268,4.0
alt_corrected_unif,3.9791238892809138,3.9791238892809138,4.0
alt_uncorrected,4.850601569594338,4.850601569594338,4.0
