,Rseq_targets,Rseq_hits,Rfrequency
true_Rseq,4.461665145957635,4.461665145957635,4.0
alt_corrected,4.365654686494635,4.365654686494635,4.0
alt_corrected_unif,4.407727444622665,4.407727444622665,4.0
alt_uncorrected,5.27920512493609,5.27920512493609,4.0
