,Rseq_targets,Rseq_hits,Rfrequency
true_Rseq,0.09725505194834128,3.0664444920526055,4.0
alt_corrected,0.2821841860343217,3.0706385468617134,4.0
alt_corrected_unif,0.5015596344409619,3.2900139952683536,4.0
alt_uncorrected,1.3730373147543862,4.161491675581778,4.0
