,Rseq_targets,Rseq_hits,Rfrequency
true_Rseq,4.334277465234811,4.334277465234811,4.0
alt_corrected,3.9926062581354618,3.9926062581354618,4.0
alt_corrected_unif,4.191803556065111,4.191803556065111,4.0
alt_uncorrected,5.063281236378535,5.063281236378535,4.0
