,Rseq_targets,Rseq_hits,Rfrequency
true_Rseq,4.0392677347209425,4.0392677347209425,4.0
alt_corrected,3.965841739276443,3.965841739276443,4.0
alt_corrected_unif,4.020045726339914,4.020045726339914,4.0
alt_uncorrected,4.891523406653338,4.891523406653338,4.0
