,Rseq_targets,Rseq_hits,Rfrequency
true_Rseq,4.438076797066559,4.438076797066559,4.0
alt_corrected,4.457802557350719,4.457802557350719,4.0
alt_corrected_unif,4.519570215915037,4.519570215915037,4.0
alt_uncorrected,5.391047896228461,5.391047896228461,4.0
