,Rseq_targets,Rseq_hits,Rfrequency
true_Rseq,4.387332010308484,4.387332010308484,4.0
alt_corrected,4.329898629850945,4.329898629850945,4.0
alt_corrected_unif,4.378352927529175,4.378352927529175,4.0
alt_uncorrected,5.2498306078426,5.2498306078426,4.0
