,Rseq_targets,Rseq_hits,Rfrequency
true_Rseq,3.855043163820566,3.855043163820566,4.0
alt_corrected,3.8975516016997056,3.8975516016997056,4.0
alt_corrected_unif,3.9270905343330695,3.9270905343330695,4.0
alt_uncorrected,4.798568214646494,4.798568214646494,4.0
