,Rseq_targets,Rseq_hits,Rfrequency
true_Rseq,3.6804800745821904,3.6804800745821904,4.0
alt_corrected,3.753677133125543,3.753677133125543,4.0
alt_corrected_unif,3.7813689655539844,3.7813689655539844,4.0
alt_uncorrected,4.652846645867409,4.652846645867409,4.0
