,Rseq_targets,Rseq_hits,Rfrequency
true_Rseq,4.078579424292352,4.078579424292352,4.0
alt_corrected,4.203943323451291,4.203943323451291,4.0
alt_corrected_unif,4.23467804252023,4.23467804252023,4.0
alt_uncorrected,5.106155722833654,5.106155722833654,4.0
