,Rseq_targets,Rseq_hits,Rfrequency
true_Rseq,3.035609334949992,2.9616515318841667,4.0
alt_corrected,3.1073730467946086,3.0749871611146418,4.0
alt_corrected_unif,3.145197978032192,3.1128120923522253,4.0
alt_uncorrected,4.0166756583456165,3.9842897726656497,4.0
