,Rseq_targets,Rseq_hits,Rfrequency
true_Rseq,4.321190649984391,4.321190649984391,4.0
alt_corrected,4.421353300125983,4.421353300125983,4.0
alt_corrected_unif,4.457289830293625,4.457289830293625,4.0
alt_uncorrected,5.32876751060705,5.32876751060705,4.0
