,Rseq_targets,Rseq_hits,Rfrequency
true_Rseq,3.9863570193807956,3.9863570193807956,4.0
alt_corrected,3.869314652574352,3.869314652574352,4.0
alt_corrected_unif,3.890311562964843,3.890311562964843,4.0
alt_uncorrected,4.761789243278267,4.761789243278267,4.0
