,Rseq_targets,Rseq_hits,Rfrequency
true_Rseq,4.837920949279741,4.837920949279741,4.0
alt_corrected,4.560601117219764,4.560601117219764,4.0
alt_corrected_unif,4.6173243808513895,4.6173243808513895,4.0
alt_uncorrected,5.488802061164814,5.488802061164814,4.0
