,Rseq_targets,Rseq_hits,Rfrequency
true_Rseq,4.529907272923781,4.529907272923781,4.0
alt_corrected,4.307071330809348,4.307071330809348,4.0
alt_corrected_unif,4.461939271486219,4.461939271486219,4.0
alt_uncorrected,5.333416951799643,5.333416951799643,4.0
