,Rseq_targets,Rseq_hits,Rfrequency
true_Rseq,4.255421559859304,4.255421559859304,4.0
alt_corrected,4.289010169112126,4.289010169112126,4.0
alt_corrected_unif,4.376361345958461,4.376361345958461,4.0
alt_uncorrected,5.247839026271886,5.247839026271886,4.0
