,Rseq_targets,Rseq_hits,Rfrequency
true_Rseq,4.3286032976404005,4.3286032976404005,4.0
alt_corrected,4.232048899290927,4.232048899290927,4.0
alt_corrected_unif,4.25044805891425,4.25044805891425,4.0
alt_uncorrected,5.121925739227675,5.121925739227675,4.0
