,Rseq_targets,Rseq_hits,Rfrequency
true_Rseq,4.402857902479475,4.402857902479475,4.0
alt_corrected,4.23897866880413,4.23897866880413,4.0
alt_corrected_unif,4.2697133878730735,4.2697133878730735,4.0
alt_uncorrected,5.141191068186497,5.141191068186497,4.0
