,Rseq_targets,Rseq_hits,Rfrequency
true_Rseq,4.176987120382703,4.176987120382703,4.0
alt_corrected,4.065475836038981,4.065475836038981,4.0
alt_corrected_unif,4.139611370994043,4.139611370994043,4.0
alt_uncorrected,5.011089051307468,5.011089051307468,4.0
