,Rseq_targets,Rseq_hits,Rfrequency
true_Rseq,4.416882653178364,4.416882653178364,4.0
alt_corrected,4.341790517184041,4.341790517184041,4.0
alt_corrected_unif,4.375967696389498,4.375967696389498,4.0
alt_uncorrected,5.247445376702923,5.247445376702923,4.0
