,Rseq_targets,Rseq_hits,Rfrequency
true_Rseq,4.182445574993519,4.182445574993519,4.0
alt_corrected,4.302184121199627,4.302184121199627,4.0
alt_corrected_unif,4.395248354443227,4.395248354443227,4.0
alt_uncorrected,5.266726034756651,5.266726034756651,4.0
