,Rseq_targets,Rseq_hits,Rfrequency
true_Rseq,4.4738486237452175,4.4738486237452175,4.0
alt_corrected,4.461531541826764,4.461531541826764,4.0
alt_corrected_unif,4.519876515406827,4.519876515406827,4.0
alt_uncorrected,5.391354195720251,5.391354195720251,4.0
