,Rseq_targets,Rseq_hits,Rfrequency
true_Rseq,4.430210197079829,4.430210197079829,4.0
alt_corrected,4.528073489484986,4.528073489484986,4.0
alt_corrected_unif,4.590290287330976,4.590290287330976,4.0
alt_uncorrected,5.4617679676444,5.4617679676444,4.0
