,Rseq_targets,Rseq_hits,Rfrequency
true_Rseq,4.022088088210186,4.022088088210186,4.0
alt_corrected,3.8893679626711677,3.8893679626711677,4.0
alt_corrected_unif,3.916583775621683,3.916583775621683,4.0
alt_uncorrected,4.788061455935107,4.788061455935107,4.0
