,Rseq_targets,Rseq_hits,Rfrequency
true_Rseq,0.043318772453812215,3.547352832549728,4.0
alt_corrected,0.08600024895972336,3.5648763807627315,4.0
alt_corrected_unif,0.30526590377299856,3.7841420355760067,4.0
alt_uncorrected,1.1767435840864229,4.655619715889431,4.0
