,Rseq_targets,Rseq_hits,Rfrequency
true_Rseq,4.875554707647874,4.875554707647874,4.0
alt_corrected,4.700004179159609,4.700004179159609,4.0
alt_corrected_unif,4.767446427912205,4.767446427912205,4.0
alt_uncorrected,5.638924108225629,5.638924108225629,4.0
