,Rseq_targets,Rseq_hits,Rfrequency
true_Rseq,4.606926507190881,4.606926507190881,4.0
alt_corrected,4.4622445238464685,4.4622445238464685,4.0
alt_corrected_unif,4.503394391259318,4.503394391259318,4.0
alt_uncorrected,5.374872071572743,5.374872071572743,4.0
