,Rseq_targets,Rseq_hits,Rfrequency
true_Rseq,4.487395592985656,4.487395592985656,4.0
alt_corrected,4.25267718903836,4.25267718903836,4.0
alt_corrected_unif,4.365995686656705,4.365995686656705,4.0
alt_uncorrected,5.2374733669701286,5.2374733669701286,4.0
