,Rseq_targets,Rseq_hits,Rfrequency
true_Rseq,4.7663931275213525,4.7663931275213525,4.0
alt_corrected,4.4159189303783055,4.4159189303783055,4.0
alt_corrected_unif,4.522056801598874,4.522056801598874,4.0
alt_uncorrected,5.3935344819122975,5.3935344819122975,4.0
