,Rseq_targets,Rseq_hits,Rfrequency
true_Rseq,4.037832853854912,4.037832853854912,4.0
alt_corrected,4.036967866314505,4.036967866314505,4.0
alt_corrected_unif,4.098149341047101,4.098149341047101,4.0
alt_uncorrected,4.969627021360525,4.969627021360525,4.0
