,Rseq_targets,Rseq_hits,Rfrequency
true_Rseq,3.573586218667409,3.573586218667409,4.0
alt_corrected,3.9067215546474006,3.9067215546474006,4.0
alt_corrected_unif,4.0281250741481145,4.0281250741481145,4.0
alt_uncorrected,4.899602754461538,4.899602754461538,4.0
