,Rseq_targets,Rseq_hits,Rfrequency
true_Rseq,3.9503597341618715,3.9503597341618715,4.0
alt_corrected,4.0193125782005765,4.0193125782005765,4.0
alt_corrected_unif,4.088266064380424,4.088266064380424,4.0
alt_uncorrected,4.9597437446938475,4.9597437446938475,4.0
