,Rseq_targets,Rseq_hits,Rfrequency
true_Rseq,3.509534333871896,3.509534333871896,4.0
alt_corrected,3.5503405013887557,3.5503405013887557,4.0
alt_corrected_unif,3.5519615323075846,3.5519615323075846,4.0
alt_uncorrected,4.423439212621009,4.423439212621009,4.0
