,Rseq_targets,Rseq_hits,Rfrequency
true_Rseq,4.5666114182266195,4.5666114182266195,4.0
alt_corrected,4.506933219566484,4.506933219566484,4.0
alt_corrected_unif,4.600130647413048,4.600130647413048,4.0
alt_uncorrected,5.471608327726472,5.471608327726472,4.0
