,Rseq_targets,Rseq_hits,Rfrequency
true_Rseq,3.96119496988109,3.96119496988109,4.0
alt_corrected,3.918925395694676,3.918925395694676,4.0
alt_corrected_unif,3.920564139434022,3.920564139434022,4.0
alt_uncorrected,4.792041819747446,4.792041819747446,4.0
