,Rseq_targets,Rseq_hits,Rfrequency
true_Rseq,3.8277439036973533,3.8277439036973533,4.0
alt_corrected,3.884060053655612,3.884060053655612,4.0
alt_corrected_unif,3.900788648680392,3.900788648680392,4.0
alt_uncorrected,4.772266328993816,4.772266328993816,4.0
