,Rseq_targets,Rseq_hits,Rfrequency
true_Rseq,3.726130866092195,3.726130866092195,4.0
alt_corrected,3.6865667209673916,3.6865667209673916,4.0
alt_corrected_unif,3.6986331292429315,3.6986331292429315,4.0
alt_uncorrected,4.570110809556356,4.570110809556356,4.0
