,Rseq_targets,Rseq_hits,Rfrequency
true_Rseq,1.2839723571063661,2.9363824757155683,4.0
alt_corrected,1.3661624537406447,2.9564719797338874,4.0
alt_corrected_unif,1.4194202265368259,3.0097297525300686,4.0
alt_uncorrected,2.29089790685025,3.881207432843493,4.0
