,Rseq_targets,Rseq_hits,Rfrequency
true_Rseq,3.6801911942019885,3.6801911942019885,4.0
alt_corrected,3.611893110337121,3.611893110337121,4.0
alt_corrected_unif,3.65658672746758,3.65658672746758,4.0
alt_uncorrected,4.528064407781004,4.528064407781004,4.0
