,Rseq_targets,Rseq_hits,Rfrequency
true_Rseq,4.091017533703188,4.091017533703188,4.0
alt_corrected,4.046472765525955,4.046472765525955,4.0
alt_corrected_unif,4.085636110052448,4.085636110052448,4.0
alt_uncorrected,4.957113790365872,4.957113790365872,4.0
