,Rseq_targets,Rseq_hits,Rfrequency
true_Rseq,3.4155415514556537,3.4155415514556537,4.0
alt_corrected,3.430909273534075,3.430909273534075,4.0
alt_corrected_unif,3.520720097974268,3.520720097974268,4.0
alt_uncorrected,4.392197778287692,4.392197778287692,4.0
