,Rseq_targets,Rseq_hits,Rfrequency
true_Rseq,3.760744017399647,3.760744017399647,4.0
alt_corrected,3.5640273904781568,3.5640273904781568,4.0
alt_corrected_unif,3.60437324371556,3.60437324371556,4.0
alt_uncorrected,4.475850924028984,4.475850924028984,4.0
