,Rseq_targets,Rseq_hits,Rfrequency
true_Rseq,4.333363200818697,4.333363200818697,4.0
alt_corrected,3.8929179004937104,3.8929179004937104,4.0
alt_corrected_unif,4.064735577904694,4.064735577904694,4.0
alt_uncorrected,4.9362132582181175,4.9362132582181175,4.0
