,Rseq_targets,Rseq_hits,Rfrequency
true_Rseq,4.879558035621337,4.879558035621337,4.0
alt_corrected,4.858099473233487,4.858099473233487,4.0
alt_corrected_unif,4.880665717659451,4.880665717659451,4.0
alt_uncorrected,5.752143397972874,5.752143397972874,4.0
