,Rseq_targets,Rseq_hits,Rfrequency
true_Rseq,3.7386799523046603,3.7386799523046603,4.0
alt_corrected,3.461637254839475,3.461637254839475,4.0
alt_corrected_unif,3.5725940981025706,3.5725940981025706,4.0
alt_uncorrected,4.444071778415995,4.444071778415995,4.0
