,Rseq_targets,Rseq_hits,Rfrequency
true_Rseq,4.131939480602911,4.131939480602911,4.0
alt_corrected,4.157304137709872,4.157304137709872,4.0
alt_corrected_unif,4.206523845021989,4.206523845021989,4.0
alt_uncorrected,5.078001525335414,5.078001525335414,4.0
