,Rseq_targets,Rseq_hits,Rfrequency
true_Rseq,4.8214189444052025,4.8214189444052025,4.0
alt_corrected,4.5532068391574985,4.5532068391574985,4.0
alt_corrected_unif,4.652113057251896,4.652113057251896,4.0
alt_uncorrected,5.52359073756532,5.52359073756532,4.0
