,Rseq_targets,Rseq_hits,Rfrequency
true_Rseq,4.199225329939688,4.199225329939688,4.0
alt_corrected,4.229977234878991,4.229977234878991,4.0
alt_corrected_unif,4.3010312156806165,4.3010312156806165,4.0
alt_uncorrected,5.172508895994041,5.172508895994041,4.0
