,Rseq_targets,Rseq_hits,Rfrequency
true_Rseq,3.332395610554946,3.332395610554946,4.0
alt_corrected,3.3383163323093976,3.3383163323093976,4.0
alt_corrected_unif,3.3793222032413124,3.3793222032413124,4.0
alt_uncorrected,4.250799883554737,4.250799883554737,4.0
