,Rseq_targets,Rseq_hits,Rfrequency
true_Rseq,3.750096045504762,3.750096045504762,4.0
alt_corrected,3.610928188830508,3.610928188830508,4.0
alt_corrected_unif,3.735308606447498,3.735308606447498,4.0
alt_uncorrected,4.606786286760922,4.606786286760922,4.0
