,Rseq_targets,Rseq_hits,Rfrequency
true_Rseq,3.752289261980149,3.752289261980149,4.0
alt_corrected,3.611866327582188,3.611866327582188,4.0
alt_corrected_unif,3.6921352777402077,3.6921352777402077,4.0
alt_uncorrected,4.563612958053632,4.563612958053632,4.0
