,Rseq_targets,Rseq_hits,Rfrequency
true_Rseq,4.278617309797582,4.278617309797582,4.0
alt_corrected,4.361998316316321,4.361998316316321,4.0
alt_corrected_unif,4.392889114798567,4.392889114798567,4.0
alt_uncorrected,5.264366795111991,5.264366795111991,4.0
