,Rseq_targets,Rseq_hits,Rfrequency
true_Rseq,4.004549343702131,4.004549343702131,4.0
alt_corrected,3.8554665369413654,3.8554665369413654,4.0
alt_corrected_unif,3.9919350630166366,3.9919350630166366,4.0
alt_uncorrected,4.863412743330061,4.863412743330061,4.0
