,Rseq_targets,Rseq_hits,Rfrequency
true_Rseq,4.305819569296821,4.305819569296821,4.0
alt_corrected,4.236791590435908,4.236791590435908,4.0
alt_corrected_unif,4.277058991671403,4.277058991671403,4.0
alt_uncorrected,5.148536671984827,5.148536671984827,4.0
