,Rseq_targets,Rseq_hits,Rfrequency
true_Rseq,4.203665119956369,4.203665119956369,4.0
alt_corrected,3.7969072018060355,3.7969072018060355,4.0
alt_corrected_unif,4.057388475421341,4.057388475421341,4.0
alt_uncorrected,4.928866155734765,4.928866155734765,4.0
