,Rseq_targets,Rseq_hits,Rfrequency
true_Rseq,3.761432565608498,3.761432565608498,4.0
alt_corrected,3.760684190389685,3.760684190389685,4.0
alt_corrected_unif,3.762857463882685,3.762857463882685,4.0
alt_uncorrected,4.634335144196109,4.634335144196109,4.0
