,Rseq_targets,Rseq_hits,Rfrequency
true_Rseq,4.41843204937817,4.41843204937817,4.0
alt_corrected,4.2833867592092885,4.2833867592092885,4.0
alt_corrected_unif,4.315270553149698,4.315270553149698,4.0
alt_uncorrected,5.186748233463122,5.186748233463122,4.0
