,Rseq_targets,Rseq_hits,Rfrequency
true_Rseq,4.158739827715282,4.158739827715282,4.0
alt_corrected,4.079266354898403,4.079266354898403,4.0
alt_corrected_unif,4.2079609394525495,4.2079609394525495,4.0
alt_uncorrected,5.079438619765974,5.079438619765974,4.0
