,Rseq_targets,Rseq_hits,Rfrequency
true_Rseq,3.997591592165051,3.997591592165051,4.0
alt_corrected,4.06654561241192,4.06654561241192,4.0
alt_corrected_unif,4.081161682897047,4.081161682897047,4.0
alt_uncorrected,4.952639363210471,4.952639363210471,4.0
