,Rseq_targets,Rseq_hits,Rfrequency
true_Rseq,3.946970073270327,3.946970073270327,4.0
alt_corrected,3.9173746056700005,3.9173746056700005,4.0
alt_corrected_unif,3.9217211526559743,3.9217211526559743,4.0
alt_uncorrected,4.793198832969399,4.793198832969399,4.0
