,Rseq_targets,Rseq_hits,Rfrequency
true_Rseq,5.035389940309315,5.035389940309315,4.0
alt_corrected,4.855553847949762,4.855553847949762,4.0
alt_corrected_unif,4.903701493758849,4.903701493758849,4.0
alt_uncorrected,5.775179174072273,5.775179174072273,4.0
