,Rseq_targets,Rseq_hits,Rfrequency
true_Rseq,3.9150719486800334,3.9150719486800334,4.0
alt_corrected,4.039168924837473,4.039168924837473,4.0
alt_corrected_unif,4.064726699574701,4.064726699574701,4.0
alt_uncorrected,4.9362043798881245,4.9362043798881245,4.0
