,Rseq_targets,Rseq_hits,Rfrequency
true_Rseq,4.528826546334317,4.528826546334317,4.0
alt_corrected,4.519971825985184,4.519971825985184,4.0
alt_corrected_unif,4.540881060569518,4.540881060569518,4.0
alt_uncorrected,5.412358740882942,5.412358740882942,4.0
