,Rseq_targets,Rseq_hits,Rfrequency
true_Rseq,3.5428675137044294,3.52707009611402,4.0
alt_corrected,3.5488406603263143,3.555840476788155,4.0
alt_corrected_unif,3.5714660589111005,3.5784658753729413,4.0
alt_uncorrected,4.442943739224525,4.449943555686366,4.0
