,Rseq_targets,Rseq_hits,Rfrequency
true_Rseq,3.4248381587270256,3.5531973965401686,4.0
alt_corrected,3.4461695160891392,3.520923341551797,4.0
alt_corrected_unif,3.4743713406638874,3.549125166126545,4.0
alt_uncorrected,4.345849020977312,4.420602846439969,4.0
