,Rseq_targets,Rseq_hits,Rfrequency
true_Rseq,4.382217254570668,4.382217254570668,4.0
alt_corrected,4.5107482783324375,4.5107482783324375,4.0
alt_corrected_unif,4.605160601097177,4.605160601097177,4.0
alt_uncorrected,5.476638281410601,5.476638281410601,4.0
