,Rseq_targets,Rseq_hits,Rfrequency
true_Rseq,4.312015870827489,4.312015870827489,4.0
alt_corrected,4.266937705637919,4.266937705637919,4.0
alt_corrected_unif,4.294153518588416,4.294153518588416,4.0
alt_uncorrected,5.16563119890184,5.16563119890184,4.0
