,Rseq_targets,Rseq_hits,Rfrequency
true_Rseq,3.8568003896941363,3.8568003896941363,4.0
alt_corrected,3.6672623146613383,3.6672623146613383,4.0
alt_corrected_unif,3.7472172894858056,3.7472172894858056,4.0
alt_uncorrected,4.61869496979923,4.61869496979923,4.0
