,Rseq_targets,Rseq_hits,Rfrequency
true_Rseq,3.6968898711320826,3.6968898711320826,4.0
alt_corrected,3.639483671819499,3.639483671819499,4.0
alt_corrected_unif,3.770837002061192,3.770837002061192,4.0
alt_uncorrected,4.642314682374616,4.642314682374616,4.0
