,Rseq_targets,Rseq_hits,Rfrequency
true_Rseq,4.1424800859268025,4.1424800859268025,4.0
alt_corrected,4.100145963848362,4.100145963848362,4.0
alt_corrected_unif,4.109790157968861,4.109790157968861,4.0
alt_uncorrected,4.981267838282285,4.981267838282285,4.0
