,Rseq_targets,Rseq_hits,Rfrequency
true_Rseq,3.5440957906036896,3.44071620389865,4.0
alt_corrected,3.5816623241877394,3.4892155926389936,4.0
alt_corrected_unif,3.590359760456898,3.4979130289081524,4.0
alt_uncorrected,4.4618374407703225,4.369390709221577,4.0
