,Rseq_targets,Rseq_hits,Rfrequency
true_Rseq,3.2558293636319533,3.2558293636319533,4.0
alt_corrected,3.298779513984233,3.298779513984233,4.0
alt_corrected_unif,3.3219148040571977,3.3219148040571977,4.0
alt_uncorrected,4.193392484370622,4.193392484370622,4.0
