,Rseq_targets,Rseq_hits,Rfrequency
true_Rseq,2.597512019049976,3.2879336566073363,4.0
alt_corrected,2.6846813494170867,3.3164976873401035,4.0
alt_corrected_unif,2.785518306348375,3.4173346442713917,4.0
alt_uncorrected,3.656995986661799,4.288812324584816,4.0
