,Rseq_targets,Rseq_hits,Rfrequency
true_Rseq,4.902192687324115,4.902192687324115,4.0
alt_corrected,4.833036066900073,4.833036066900073,4.0
alt_corrected_unif,4.854794885209522,4.854794885209522,4.0
alt_uncorrected,5.726272565522946,5.726272565522946,4.0
