,Rseq_targets,Rseq_hits,Rfrequency
true_Rseq,4.485709709574648,4.485709709574648,4.0
alt_corrected,4.4890660369045365,4.4890660369045365,4.0
alt_corrected_unif,4.4977634731736575,4.4977634731736575,4.0
alt_uncorrected,5.369241153487082,5.369241153487082,4.0
