,Rseq_targets,Rseq_hits,Rfrequency
true_Rseq,3.5073751455183446,3.5073751455183446,4.0
alt_corrected,3.4571898272365025,3.4571898272365025,4.0
alt_corrected_unif,3.5369595214143925,3.5369595214143925,4.0
alt_uncorrected,4.408437201727817,4.408437201727817,4.0
