,Rseq_targets,Rseq_hits,Rfrequency
true_Rseq,4.457357704092944,4.457357704092944,4.0
alt_corrected,4.555840757119579,4.555840757119579,4.0
alt_corrected_unif,4.570581117945016,4.570581117945016,4.0
alt_uncorrected,5.44205879825844,5.44205879825844,4.0
