,Rseq_targets,Rseq_hits,Rfrequency
true_Rseq,3.2160753236778428,3.2160753236778428,4.0
alt_corrected,3.264289128339108,3.264289128339108,4.0
alt_corrected_unif,3.3184931154025814,3.3184931154025814,4.0
alt_uncorrected,4.189970795716006,4.189970795716006,4.0
