,Rseq_targets,Rseq_hits,Rfrequency
true_Rseq,4.899717706394489,4.899717706394489,4.0
alt_corrected,4.8809639067380015,4.8809639067380015,4.0
alt_corrected_unif,4.8911603434326825,4.8911603434326825,4.0
alt_uncorrected,5.762638023746106,5.762638023746106,4.0
