,Rseq_targets,Rseq_hits,Rfrequency
true_Rseq,0.23602899080730744,3.0138365089301127,4.0
alt_corrected,0.3353463334557685,2.9450742168330235,4.0
alt_corrected_unif,0.45688672000679253,3.0666146033840476,4.0
alt_uncorrected,1.3283644003202169,3.938092283697472,4.0
