,Rseq_targets,Rseq_hits,Rfrequency
true_Rseq,4.3343890443488,4.3343890443488,4.0
alt_corrected,4.3604882636628925,4.3604882636628925,4.0
alt_corrected_unif,4.369570941098507,4.369570941098507,4.0
alt_uncorrected,5.241048621411931,5.241048621411931,4.0
