,Rseq_targets,Rseq_hits,Rfrequency
true_Rseq,4.365149544566867,4.365149544566867,4.0
alt_corrected,4.2407036689212,4.2407036689212,4.0
alt_corrected_unif,4.273181578522726,4.273181578522726,4.0
alt_uncorrected,5.14465925883615,5.14465925883615,4.0
