,Rseq_targets,Rseq_hits,Rfrequency
true_Rseq,4.155940695009109,4.155940695009109,4.0
alt_corrected,3.9986966746048647,3.9986966746048647,4.0
alt_corrected_unif,4.032772008140556,4.032772008140556,4.0
alt_uncorrected,4.90424968845398,4.90424968845398,4.0
