,Rseq_targets,Rseq_hits,Rfrequency
true_Rseq,5.326126451166301,5.326126451166301,4.0
alt_corrected,5.050739847910883,5.050739847910883,4.0
alt_corrected_unif,5.1289210457818335,5.1289210457818335,4.0
alt_uncorrected,6.000398726095257,6.000398726095257,4.0
