,Rseq_targets,Rseq_hits,Rfrequency
true_Rseq,4.16415565859821,4.16415565859821,4.0
alt_corrected,4.013420641790276,4.013420641790276,4.0
alt_corrected_unif,4.088441631540034,4.088441631540034,4.0
alt_uncorrected,4.959919311853458,4.959919311853458,4.0
