,Rseq_targets,Rseq_hits,Rfrequency
true_Rseq,3.560164254902718,3.488395728447502,4.0
alt_corrected,3.6025951046402866,3.5281548718360005,4.0
alt_corrected_unif,3.627713201858928,3.553272969054642,4.0
alt_uncorrected,4.4991908821723525,4.424750649368066,4.0
