,Rseq_targets,Rseq_hits,Rfrequency
true_Rseq,0.77225242140379,3.0044622220457278,4.0
alt_corrected,0.7301053368531294,3.0030180212240936,4.0
alt_corrected_unif,0.9806621847322439,3.253574869103208,4.0
alt_uncorrected,1.8521398650456682,4.125052549416632,4.0
