,Rseq_targets,Rseq_hits,Rfrequency
true_Rseq,3.9243806998071653,3.9243806998071653,4.0
alt_corrected,4.229908318661133,4.229908318661133,4.0
alt_corrected_unif,4.315240009500677,4.315240009500677,4.0
alt_uncorrected,5.186717689814102,5.186717689814102,4.0
