,Rseq_targets,Rseq_hits,Rfrequency
true_Rseq,4.703601286750526,4.703601286750526,4.0
alt_corrected,4.808921796933788,4.808921796933788,4.0
alt_corrected_unif,4.846746728171361,4.846746728171361,4.0
alt_uncorrected,5.718224408484785,5.718224408484785,4.0
