,Rseq_targets,Rseq_hits,Rfrequency
true_Rseq,4.630203712789642,4.630203712789642,4.0
alt_corrected,4.63106349960411,4.63106349960411,4.0
alt_corrected_unif,4.6606024322374715,4.6606024322374715,4.0
alt_uncorrected,5.532080112550895,5.532080112550895,4.0
