,Rseq_targets,Rseq_hits,Rfrequency
true_Rseq,3.8805136747843463,3.8805136747843463,4.0
alt_corrected,3.7462441553145647,3.7462441553145647,4.0
alt_corrected_unif,3.7672410657050555,3.7672410657050555,4.0
alt_uncorrected,4.63871874601848,4.63871874601848,4.0
