,Rseq_targets,Rseq_hits,Rfrequency
true_Rseq,3.9889666679492732,3.9889666679492732,4.0
alt_corrected,3.9887227703746433,3.9887227703746433,4.0
alt_corrected_unif,4.025879605534952,4.025879605534952,4.0
alt_uncorrected,4.897357285848376,4.897357285848376,4.0
