,Rseq_targets,Rseq_hits,Rfrequency
true_Rseq,3.4121313247081044,3.5404905625212475,4.0
alt_corrected,3.463523889957488,3.5317192879333787,4.0
alt_corrected_unif,3.5044325485511583,3.572627946527049,4.0
alt_uncorrected,4.375910228864583,4.444105626840473,4.0
