,Rseq_targets,Rseq_hits,Rfrequency
true_Rseq,4.592257783502244,4.592257783502244,4.0
alt_corrected,4.300458896859089,4.300458896859089,4.0
alt_corrected_unif,4.4806320726822815,4.4806320726822815,4.0
alt_uncorrected,5.352109752995705,5.352109752995705,4.0
