,Rseq_targets,Rseq_hits,Rfrequency
true_Rseq,4.94245441902401,4.94245441902401,4.0
alt_corrected,4.865010442017773,4.865010442017773,4.0
alt_corrected_unif,4.876863888554082,4.876863888554082,4.0
alt_uncorrected,5.748341568867506,5.748341568867506,4.0
