,Rseq_targets,Rseq_hits,Rfrequency
true_Rseq,4.198761527200761,4.198761527200761,4.0
alt_corrected,4.112460279246937,4.112460279246937,4.0
alt_corrected_unif,4.131903368509766,4.131903368509766,4.0
alt_uncorrected,5.00338104882319,5.00338104882319,4.0
