,Rseq_targets,Rseq_hits,Rfrequency
true_Rseq,0.6907988911759002,2.48563121663404,4.0
alt_corrected,0.591718636896537,2.468177615862004,4.0
alt_corrected_unif,0.8634516674821278,2.7399106464475946,4.0
alt_uncorrected,1.734929347795552,3.611388326761019,4.0
