,Rseq_targets,Rseq_hits,Rfrequency
true_Rseq,4.012518527010512,4.012518527010512,4.0
alt_corrected,4.118815778198979,4.118815778198979,4.0
alt_corrected_unif,4.133431848684113,4.133431848684113,4.0
alt_uncorrected,5.004909528997537,5.004909528997537,4.0
