,Rseq_targets,Rseq_hits,Rfrequency
true_Rseq,-0.32905005824590816,3.0340356551701273,4.0
alt_corrected,-0.1772621596749796,3.2168619862958137,4.0
alt_corrected_unif,-0.09447419734340678,3.2996499486273865,4.0
alt_uncorrected,0.7770034829700175,4.171127628940811,4.0
