,Rseq_targets,Rseq_hits,Rfrequency
true_Rseq,4.978387690336213,4.978387690336213,4.0
alt_corrected,5.023371846009098,5.023371846009098,4.0
alt_corrected_unif,5.032612532860851,5.032612532860851,4.0
alt_uncorrected,5.904090213174275,5.904090213174275,4.0
