,Rseq_targets,Rseq_hits,Rfrequency
true_Rseq,4.021638344098271,4.021638344098271,4.0
alt_corrected,3.9446105025805114,3.9446105025805114,4.0
alt_corrected_unif,3.97913134639727,3.97913134639727,4.0
alt_uncorrected,4.8506090267106945,4.8506090267106945,4.0
