,Rseq_targets,Rseq_hits,Rfrequency
true_Rseq,3.869704920160638,3.869704920160638,4.0
alt_corrected,3.9509413711997676,3.9509413711997676,4.0
alt_corrected_unif,4.015376566809833,4.015376566809833,4.0
alt_uncorrected,4.886854247123257,4.886854247123257,4.0
