,Rseq_targets,Rseq_hits,Rfrequency
true_Rseq,4.113496132340098,4.113496132340098,4.0
alt_corrected,3.9533816519648384,3.9533816519648384,4.0
alt_corrected_unif,3.983721856222043,3.983721856222043,4.0
alt_uncorrected,4.855199536535467,4.855199536535467,4.0
