,Rseq_targets,Rseq_hits,Rfrequency
true_Rseq,3.9738357317892063,3.9738357317892063,4.0
alt_corrected,4.110679485286694,4.110679485286694,4.0
alt_corrected_unif,4.18937659827855,4.18937659827855,4.0
alt_uncorrected,5.060854278591974,5.060854278591974,4.0
