,Rseq_targets,Rseq_hits,Rfrequency
true_Rseq,3.9501354495646286,3.9501354495646286,4.0
alt_corrected,3.9285017402163,3.9285017402163,4.0
alt_corrected_unif,3.96006518526506,3.96006518526506,4.0
alt_uncorrected,4.831542865578484,4.831542865578484,4.0
