,Rseq_targets,Rseq_hits,Rfrequency
true_Rseq,3.6294226237055405,3.6294226237055405,4.0
alt_corrected,3.6672962183520665,3.6672962183520665,4.0
alt_corrected_unif,3.685939651801909,3.685939651801909,4.0
alt_uncorrected,4.5574173321153335,4.5574173321153335,4.0
