,Rseq_targets,Rseq_hits,Rfrequency
true_Rseq,4.022111278302701,4.022111278302701,4.0
alt_corrected,4.010121819852029,4.010121819852029,4.0
alt_corrected_unif,4.054469544238142,4.054469544238142,4.0
alt_uncorrected,4.9259472245515665,4.9259472245515665,4.0
