,Rseq_targets,Rseq_hits,Rfrequency
true_Rseq,4.231916317877124,4.231916317877124,4.0
alt_corrected,3.9707331366358893,3.9707331366358893,4.0
alt_corrected_unif,4.012852766826827,4.012852766826827,4.0
alt_uncorrected,4.88433044714025,4.88433044714025,4.0
