,Rseq_targets,Rseq_hits,Rfrequency
true_Rseq,3.4255064258380337,3.4255064258380337,4.0
alt_corrected,3.374621519145322,3.374621519145322,4.0
alt_corrected_unif,3.4014428079496546,3.4014428079496546,4.0
alt_uncorrected,4.272920488263079,4.272920488263079,4.0
