,Rseq_targets,Rseq_hits,Rfrequency
true_Rseq,3.970279957340564,3.970279957340564,4.0
alt_corrected,3.9618312461028156,3.9618312461028156,4.0
alt_corrected_unif,3.967265379366252,3.967265379366252,4.0
alt_uncorrected,4.838743059679676,4.838743059679676,4.0
