,Rseq_targets,Rseq_hits,Rfrequency
true_Rseq,4.6237370441667505,4.6237370441667505,4.0
alt_corrected,4.582355053065351,4.582355053065351,4.0
alt_corrected_unif,4.596493142515493,4.596493142515493,4.0
alt_uncorrected,5.467970822828918,5.467970822828918,4.0
