,Rseq_targets,Rseq_hits,Rfrequency
true_Rseq,3.424614388547366,3.424614388547366,4.0
alt_corrected,3.466626354806216,3.466626354806216,4.0
alt_corrected_unif,3.5849889853313726,3.5849889853313726,4.0
alt_uncorrected,4.456466665644797,4.456466665644797,4.0
