,Rseq_targets,Rseq_hits,Rfrequency
true_Rseq,3.9558345769053798,3.9558345769053798,4.0
alt_corrected,3.867599735641535,3.867599735641535,4.0
alt_corrected_unif,3.896336089969924,3.896336089969924,4.0
alt_uncorrected,4.7678137702833485,4.7678137702833485,4.0
