,Rseq_targets,Rseq_hits,Rfrequency
true_Rseq,3.748829747162553,3.748829747162553,4.0
alt_corrected,3.9223298854829114,3.9223298854829114,4.0
alt_corrected_unif,3.9963722305572076,3.9963722305572076,4.0
alt_uncorrected,4.867849910870632,4.867849910870632,4.0
