,Rseq_targets,Rseq_hits,Rfrequency
true_Rseq,4.0560271460253325,4.0560271460253325,4.0
alt_corrected,3.7811361138613786,3.7811361138613786,4.0
alt_corrected_unif,3.9459479226036698,3.9459479226036698,4.0
alt_uncorrected,4.817425602917094,4.817425602917094,4.0
