,Rseq_targets,Rseq_hits,Rfrequency
true_Rseq,3.3137531979060384,3.3137531979060384,4.0
alt_corrected,3.188742073613793,3.188742073613793,4.0
alt_corrected_unif,3.2196328720960543,3.2196328720960543,4.0
alt_uncorrected,4.091110552409479,4.091110552409479,4.0
