,Rseq_targets,Rseq_hits,Rfrequency
true_Rseq,3.80621346726853,3.80621346726853,4.0
alt_corrected,3.7856821028644423,3.7856821028644423,4.0
alt_corrected_unif,3.8572057627438574,3.8572057627438574,4.0
alt_uncorrected,4.728683443057282,4.728683443057282,4.0
