,Rseq_targets,Rseq_hits,Rfrequency
true_Rseq,4.753836201207168,4.753836201207168,4.0
alt_corrected,4.462273537701341,4.462273537701341,4.0
alt_corrected_unif,4.563058159133599,4.563058159133599,4.0
alt_uncorrected,5.434535839447023,5.434535839447023,4.0
