,Rseq_targets,Rseq_hits,Rfrequency
true_Rseq,3.5487825901410552,3.5487825901410552,4.0
alt_corrected,3.5796409441488732,3.5796409441488732,4.0
alt_corrected_unif,3.645498602519568,3.645498602519568,4.0
alt_uncorrected,4.516976282832992,4.516976282832992,4.0
