,Rseq_targets,Rseq_hits,Rfrequency
true_Rseq,2.6549708761807906,4.137829058233313,4.0
alt_corrected,2.6021925930801366,4.150524411938963,4.0
alt_corrected_unif,2.639681496525879,4.188013315384705,4.0
alt_uncorrected,3.5111591768393033,5.0594909956981295,4.0
