,Rseq_targets,Rseq_hits,Rfrequency
true_Rseq,4.048611633373069,4.048611633373069,4.0
alt_corrected,3.946951584954003,3.946951584954003,4.0
alt_corrected_unif,3.9980532652472145,3.9980532652472145,4.0
alt_uncorrected,4.869530945560639,4.869530945560639,4.0
