,Rseq_targets,Rseq_hits,Rfrequency
true_Rseq,4.710471214456497,4.710471214456497,4.0
alt_corrected,4.598233334917371,4.598233334917371,4.0
alt_corrected_unif,4.681256309497657,4.681256309497657,4.0
alt_uncorrected,5.552733989811081,5.552733989811081,4.0
