,Rseq_targets,Rseq_hits,Rfrequency
true_Rseq,3.177420064489212,3.177420064489212,4.0
alt_corrected,3.2012775136160467,3.2012775136160467,4.0
alt_corrected_unif,3.295751231678332,3.295751231678332,4.0
alt_uncorrected,4.1672289119917565,4.1672289119917565,4.0
