,Rseq_targets,Rseq_hits,Rfrequency
true_Rseq,4.175817097643203,4.175817097643203,4.0
alt_corrected,4.130675113999212,4.130675113999212,4.0
alt_corrected_unif,4.133391638074793,4.133391638074793,4.0
alt_uncorrected,5.0048693183882165,5.0048693183882165,4.0
