,Rseq_targets,Rseq_hits,Rfrequency
true_Rseq,4.0225659899874096,4.0225659899874096,4.0
alt_corrected,3.9611397589048347,3.9611397589048347,4.0
alt_corrected_unif,3.9781848269477638,3.9781848269477638,4.0
alt_uncorrected,4.849662507261188,4.849662507261188,4.0
