,Rseq_targets,Rseq_hits,Rfrequency
true_Rseq,4.420829680039516,4.420829680039516,4.0
alt_corrected,4.3110277627930085,4.3110277627930085,4.0
alt_corrected_unif,4.331043390569844,4.331043390569844,4.0
alt_uncorrected,5.202521070883268,5.202521070883268,4.0
