,Rseq_targets,Rseq_hits,Rfrequency
true_Rseq,4.3563897212578535,4.3563897212578535,4.0
alt_corrected,4.245715473161589,4.245715473161589,4.0
alt_corrected_unif,4.279892652367055,4.279892652367055,4.0
alt_uncorrected,5.151370332680479,5.151370332680479,4.0
