,Rseq_targets,Rseq_hits,Rfrequency
true_Rseq,4.858159841583607,4.858159841583607,4.0
alt_corrected,4.472062979332961,4.472062979332961,4.0
alt_corrected_unif,4.561873803773148,4.561873803773148,4.0
alt_uncorrected,5.433351484086573,5.433351484086573,4.0
