,Rseq_targets,Rseq_hits,Rfrequency
true_Rseq,4.552148998559077,4.552148998559077,4.0
alt_corrected,4.502144390629452,4.502144390629452,4.0
alt_corrected_unif,4.511385077481208,4.511385077481208,4.0
alt_uncorrected,5.382862757794633,5.382862757794633,4.0
