,Rseq_targets,Rseq_hits,Rfrequency
true_Rseq,2.9804990532250635,2.9804990532250635,4.0
alt_corrected,2.995183350527978,2.995183350527978,4.0
alt_corrected_unif,3.1546375028937708,3.1546375028937708,4.0
alt_uncorrected,4.026115183207195,4.026115183207195,4.0
