,Rseq_targets,Rseq_hits,Rfrequency
true_Rseq,3.9844784313321933,3.9844784313321933,4.0
alt_corrected,4.067782019102681,4.067782019102681,4.0
alt_corrected_unif,4.121039791898861,4.121039791898861,4.0
alt_uncorrected,4.992517472212285,4.992517472212285,4.0
