,Rseq_targets,Rseq_hits,Rfrequency
true_Rseq,3.0691218375968337,3.0691218375968337,4.0
alt_corrected,3.262100190264214,3.262100190264214,4.0
alt_corrected_unif,3.3279578486349126,3.3279578486349126,4.0
alt_uncorrected,4.199435528948337,4.199435528948337,4.0
