,Rseq_targets,Rseq_hits,Rfrequency
true_Rseq,3.955946485510797,3.955946485510797,4.0
alt_corrected,3.8580689173905913,3.8580689173905913,4.0
alt_corrected_unif,3.882378352349169,3.882378352349169,4.0
alt_uncorrected,4.753856032662593,4.753856032662593,4.0
