,Rseq_targets,Rseq_hits,Rfrequency
true_Rseq,4.54286795657079,4.54286795657079,4.0
alt_corrected,4.374121250897616,4.374121250897616,4.0
alt_corrected_unif,4.428351359245207,4.428351359245207,4.0
alt_uncorrected,5.299829039558631,5.299829039558631,4.0
