,Rseq_targets,Rseq_hits,Rfrequency
true_Rseq,4.072414160711404,4.072414160711404,4.0
alt_corrected,3.935264264025157,3.935264264025157,4.0
alt_corrected_unif,3.954707353287986,3.954707353287986,4.0
alt_uncorrected,4.82618503360141,4.82618503360141,4.0
