,Rseq_targets,Rseq_hits,Rfrequency
true_Rseq,4.512957984772137,4.512957984772137,4.0
alt_corrected,4.412347559439781,4.412347559439781,4.0
alt_corrected_unif,4.436823986937073,4.436823986937073,4.0
alt_uncorrected,5.308301667250498,5.308301667250498,4.0
