,Rseq_targets,Rseq_hits,Rfrequency
true_Rseq,4.23504710852763,4.23504710852763,4.0
alt_corrected,4.249029999473395,4.249029999473395,4.0
alt_corrected_unif,4.279203201857445,4.279203201857445,4.0
alt_uncorrected,5.15068088217087,5.15068088217087,4.0
