,Rseq_targets,Rseq_hits,Rfrequency
true_Rseq,4.240659713091852,4.240659713091852,4.0
alt_corrected,4.301779674082283,4.301779674082283,4.0
alt_corrected_unif,4.374953397482997,4.374953397482997,4.0
alt_uncorrected,5.246431077796422,5.246431077796422,4.0
