,Rseq_targets,Rseq_hits,Rfrequency
true_Rseq,4.635311286251831,4.635311286251831,4.0
alt_corrected,4.606965087443687,4.606965087443687,4.0
alt_corrected_unif,4.624789175625221,4.624789175625221,4.0
alt_uncorrected,5.496266855938645,5.496266855938645,4.0
