,Rseq_targets,Rseq_hits,Rfrequency
true_Rseq,3.989323493324804,3.989323493324804,4.0
alt_corrected,3.905888557405837,3.905888557405837,4.0
alt_corrected_unif,3.9666982445132866,3.9666982445132866,4.0
alt_uncorrected,4.838175924826711,4.838175924826711,4.0
