,Rseq_targets,Rseq_hits,Rfrequency
true_Rseq,4.308895573244291,4.308895573244291,4.0
alt_corrected,4.134832102944744,4.134832102944744,4.0
alt_corrected_unif,4.171591620474819,4.171591620474819,4.0
alt_uncorrected,5.043069300788244,5.043069300788244,4.0
