,Rseq_targets,Rseq_hits,Rfrequency
true_Rseq,4.631389586961915,4.631389586961915,4.0
alt_corrected,4.518889882538855,4.518889882538855,4.0
alt_corrected_unif,4.550773676479251,4.550773676479251,4.0
alt_uncorrected,5.422251356792676,5.422251356792676,4.0
