,Rseq_targets,Rseq_hits,Rfrequency
true_Rseq,3.9100148298361628,3.9100148298361628,4.0
alt_corrected,3.938932740718497,3.938932740718497,4.0
alt_corrected_unif,3.960464180862622,3.960464180862622,4.0
alt_uncorrected,4.8319418611760465,4.8319418611760465,4.0
