,Rseq_targets,Rseq_hits,Rfrequency
true_Rseq,4.21111913681176,4.21111913681176,4.0
alt_corrected,4.14819497457052,4.14819497457052,4.0
alt_corrected_unif,4.175886806998957,4.175886806998957,4.0
alt_uncorrected,5.0473644873123815,5.0473644873123815,4.0
