,Rseq_targets,Rseq_hits,Rfrequency
true_Rseq,-0.23279185776549305,3.3072765364929158,4.0
alt_corrected,-0.12937401648800517,3.9569399649842114,4.0
alt_corrected_unif,-0.021470597770812394,4.064843383701405,4.0
alt_uncorrected,0.8500070825426119,4.9363210640148285,4.0
