,Rseq_targets,Rseq_hits,Rfrequency
true_Rseq,3.8377459921408716,3.8377459921408716,4.0
alt_corrected,3.7962219843675613,3.7962219843675613,4.0
alt_corrected_unif,3.8065748340827876,3.8065748340827876,4.0
alt_uncorrected,4.678052514396212,4.678052514396212,4.0
