,Rseq_targets,Rseq_hits,Rfrequency
true_Rseq,4.827722639619568,4.827722639619568,4.0
alt_corrected,4.761893035339405,4.761893035339405,4.0
alt_corrected_unif,4.7743175662292305,4.7743175662292305,4.0
alt_uncorrected,5.645795246542654,5.645795246542654,4.0
