,Rseq_targets,Rseq_hits,Rfrequency
true_Rseq,3.7534090453684117,3.7534090453684117,4.0
alt_corrected,3.6058470296816196,3.6058470296816196,4.0
alt_corrected_unif,3.7352341112907896,3.7352341112907896,4.0
alt_uncorrected,4.606711791604214,4.606711791604214,4.0
