,Rseq_targets,Rseq_hits,Rfrequency
true_Rseq,4.44419436410856,4.44419436410856,4.0
alt_corrected,4.295353845135302,4.295353845135302,4.0
alt_corrected_unif,4.389766167900056,4.389766167900056,4.0
alt_uncorrected,5.26124384821348,5.26124384821348,4.0
