,Rseq_targets,Rseq_hits,Rfrequency
true_Rseq,4.384183924489818,4.384183924489818,4.0
alt_corrected,4.422373981447842,4.422373981447842,4.0
alt_corrected_unif,4.632577265473847,4.632577265473847,4.0
alt_uncorrected,5.504054945787271,5.504054945787271,4.0
