,Rseq_targets,Rseq_hits,Rfrequency
true_Rseq,4.316157091217857,4.316157091217857,4.0
alt_corrected,4.133545192383221,4.133545192383221,4.0
alt_corrected_unif,4.18826994155898,4.18826994155898,4.0
alt_uncorrected,5.059747621872405,5.059747621872405,4.0
