,Rseq_targets,Rseq_hits,Rfrequency
true_Rseq,4.560723363444984,4.560723363444984,4.0
alt_corrected,4.490400448993238,4.490400448993238,4.0
alt_corrected_unif,4.539604923782008,4.539604923782008,4.0
alt_uncorrected,5.411082604095432,5.411082604095432,4.0
