,Rseq_targets,Rseq_hits,Rfrequency
true_Rseq,3.55412515066895,3.55412515066895,4.0
alt_corrected,3.5249111050931314,3.5249111050931314,4.0
alt_corrected_unif,3.5793561087202304,3.5793561087202304,4.0
alt_uncorrected,4.450833789033655,4.450833789033655,4.0
