,Rseq_targets,Rseq_hits,Rfrequency
true_Rseq,3.831155476822955,3.831155476822955,4.0
alt_corrected,3.823440977554132,3.823440977554132,4.0
alt_corrected_unif,3.9195512401914168,3.9195512401914168,4.0
alt_uncorrected,4.791028920504841,4.791028920504841,4.0
