,Rseq_targets,Rseq_hits,Rfrequency
true_Rseq,4.932380180504753,4.932380180504753,4.0
alt_corrected,4.9168163656856905,4.9168163656856905,4.0
alt_corrected_unif,4.944146045903226,4.944146045903226,4.0
alt_uncorrected,5.81562372621665,5.81562372621665,4.0
