,Rseq_targets,Rseq_hits,Rfrequency
true_Rseq,4.6918953751439645,4.6918953751439645,4.0
alt_corrected,4.55899983878467,4.55899983878467,4.0
alt_corrected_unif,4.660598652677489,4.660598652677489,4.0
alt_uncorrected,5.532076332990913,5.532076332990913,4.0
