,Rseq_targets,Rseq_hits,Rfrequency
true_Rseq,3.850607570615571,3.850607570615571,4.0
alt_corrected,3.717752825360083,3.717752825360083,4.0
alt_corrected_unif,3.751727351198443,3.751727351198443,4.0
alt_uncorrected,4.623205031511867,4.623205031511867,4.0
