,Rseq_targets,Rseq_hits,Rfrequency
true_Rseq,3.9115874031812865,3.9115874031812865,4.0
alt_corrected,3.8250124097274685,3.8250124097274685,4.0
alt_corrected_unif,3.838342602579345,3.838342602579345,4.0
alt_uncorrected,4.709820282892769,4.709820282892769,4.0
