,Rseq_targets,Rseq_hits,Rfrequency
true_Rseq,1.8552620968623401,3.1979129551679346,4.0
alt_corrected,1.826826474595658,3.167655686297533,4.0
alt_corrected_unif,1.8926841329663486,3.2335133446682236,4.0
alt_uncorrected,2.764161813279773,4.104991024981648,4.0
