,Rseq_targets,Rseq_hits,Rfrequency
true_Rseq,4.125817563593278,3.8312523434559624,4.0
alt_corrected,4.110168660244559,3.818466170708063,4.0
alt_corrected_unif,4.116619736216256,3.82491724667976,4.0
alt_uncorrected,4.98809741652968,4.696394926993184,4.0
