,Rseq_targets,Rseq_hits,Rfrequency
true_Rseq,4.476067212146122,4.476067212146122,4.0
alt_corrected,4.500044132073953,4.500044132073953,4.0
alt_corrected_unif,4.5197631526667905,4.5197631526667905,4.0
alt_uncorrected,5.391240832980214,5.391240832980214,4.0
