,Rseq_targets,Rseq_hits,Rfrequency
true_Rseq,4.46183721809543,4.46183721809543,4.0
alt_corrected,4.076893459159659,4.076893459159659,4.0
alt_corrected_unif,4.223023017936162,4.223023017936162,4.0
alt_uncorrected,5.094500698249586,5.094500698249586,4.0
