,Rseq_targets,Rseq_hits,Rfrequency
true_Rseq,4.478148416415442,4.478148416415442,4.0
alt_corrected,4.231623858293855,4.231623858293855,4.0
alt_corrected_unif,4.303125932590753,4.303125932590753,4.0
alt_uncorrected,5.174603612904177,5.174603612904177,4.0
