,Rseq_targets,Rseq_hits,Rfrequency
true_Rseq,4.537357108899009,4.537357108899009,4.0
alt_corrected,4.301433469884314,4.301433469884314,4.0
alt_corrected_unif,4.362175202841405,4.362175202841405,4.0
alt_uncorrected,5.2336528831548295,5.2336528831548295,4.0
