,Rseq_targets,Rseq_hits,Rfrequency
true_Rseq,4.294395774949118,4.294395774949118,4.0
alt_corrected,4.102799211855121,4.102799211855121,4.0
alt_corrected_unif,4.140392751864402,4.140392751864402,4.0
alt_uncorrected,5.011870432177826,5.011870432177826,4.0
