,Rseq_targets,Rseq_hits,Rfrequency
true_Rseq,2.651366243289976,3.356642809067128,4.0
alt_corrected,2.705333502052817,3.3498160593549673,4.0
alt_corrected_unif,2.8165620034782752,3.4610445607804254,4.0
alt_uncorrected,3.6880396837916996,4.33252224109385,4.0
