,Rseq_targets,Rseq_hits,Rfrequency
true_Rseq,3.777092317764054,3.777092317764054,4.0
alt_corrected,3.664777814602831,3.664777814602831,4.0
alt_corrected_unif,3.708771619599276,3.708771619599276,4.0
alt_uncorrected,4.5802492999127,4.5802492999127,4.0
