,Rseq_targets,Rseq_hits,Rfrequency
true_Rseq,3.791616565806228,3.791616565806228,4.0
alt_corrected,3.9141414886649417,3.9141414886649417,4.0
alt_corrected_unif,3.9576983837447837,3.9576983837447837,4.0
alt_uncorrected,4.829176064058208,4.829176064058208,4.0
