,Rseq_targets,Rseq_hits,Rfrequency
true_Rseq,3.2205160470703067,3.2205160470703067,4.0
alt_corrected,3.3273234751323773,3.3273234751323773,4.0
alt_corrected_unif,3.4508480470262533,3.4508480470262533,4.0
alt_uncorrected,4.322325727339678,4.322325727339678,4.0
