,Rseq_targets,Rseq_hits,Rfrequency
true_Rseq,4.435731426768713,4.435731426768713,4.0
alt_corrected,4.069899570286896,4.069899570286896,4.0
alt_corrected_unif,4.189059449174671,4.189059449174671,4.0
alt_uncorrected,5.060537129488095,5.060537129488095,4.0
