,Rseq_targets,Rseq_hits,Rfrequency
true_Rseq,4.57468928288471,4.57468928288471,4.0
alt_corrected,4.270444591768316,4.270444591768316,4.0
alt_corrected_unif,4.366541758145633,4.366541758145633,4.0
alt_uncorrected,5.238019438459058,5.238019438459058,4.0
