,Rseq_targets,Rseq_hits,Rfrequency
true_Rseq,3.5676855566461967,3.5676855566461967,4.0
alt_corrected,3.675180215189001,3.675180215189001,4.0
alt_corrected_unif,3.74670387506842,3.74670387506842,4.0
alt_uncorrected,4.618181555381844,4.618181555381844,4.0
