,Rseq_targets,Rseq_hits,Rfrequency
true_Rseq,3.6590370724007464,3.6590370724007464,4.0
alt_corrected,3.71085599952139,3.71085599952139,4.0
alt_corrected_unif,3.7495195216913246,3.7495195216913246,4.0
alt_uncorrected,4.620997202004749,4.620997202004749,4.0
