,Rseq_targets,Rseq_hits,Rfrequency
true_Rseq,4.3135167189835,4.3135167189835,4.0
alt_corrected,4.0396427657096226,4.0396427657096226,4.0
alt_corrected_unif,4.203388408490124,4.203388408490124,4.0
alt_uncorrected,5.074866088803549,5.074866088803549,4.0
