,Rseq_targets,Rseq_hits,Rfrequency
true_Rseq,3.5732640475702517,3.5732640475702517,4.0
alt_corrected,3.5791579579568875,3.5791579579568875,4.0
alt_corrected_unif,3.607039880748587,3.607039880748587,4.0
alt_uncorrected,4.478517561062011,4.478517561062011,4.0
