,Rseq_targets,Rseq_hits,Rfrequency
true_Rseq,0.370545686439808,2.725603838497628,4.0
alt_corrected,0.5639113091879588,2.9221224193912696,4.0
alt_corrected_unif,0.7101900880216685,3.0684011982249793,4.0
alt_uncorrected,1.5816677683350928,3.9398788785384036,4.0
