,Rseq_targets,Rseq_hits,Rfrequency
true_Rseq,3.771903878048456,3.771903878048456,4.0
alt_corrected,3.726320892766605,3.726320892766605,4.0
alt_corrected_unif,3.728494166259597,3.728494166259597,4.0
alt_uncorrected,4.5999718465730215,4.5999718465730215,4.0
