,Rseq_targets,Rseq_hits,Rfrequency
true_Rseq,4.1258708486530224,4.1258708486530224,4.0
alt_corrected,3.869636991356154,3.869636991356154,4.0
alt_corrected_unif,3.977530478440785,3.977530478440785,4.0
alt_uncorrected,4.849008158754209,4.849008158754209,4.0
