,Rseq_targets,Rseq_hits,Rfrequency
true_Rseq,3.8994052149635756,3.8994052149635756,4.0
alt_corrected,3.8297581273295354,3.8297581273295354,4.0
alt_corrected_unif,3.8651281259666095,3.8651281259666095,4.0
alt_uncorrected,4.736605806280034,4.736605806280034,4.0
