,Rseq_targets,Rseq_hits,Rfrequency
true_Rseq,4.396674820688846,4.396674820688846,4.0
alt_corrected,4.186012123873786,4.186012123873786,4.0
alt_corrected_unif,4.271724865428757,4.271724865428757,4.0
alt_uncorrected,5.143202545742181,5.143202545742181,4.0
