,Rseq_targets,Rseq_hits,Rfrequency
true_Rseq,3.7830897555182297,3.7830897555182297,4.0
alt_corrected,3.9179846112750782,3.9179846112750782,4.0
alt_corrected_unif,3.9374277005379112,3.9374277005379112,4.0
alt_uncorrected,4.808905380851336,4.808905380851336,4.0
