,Rseq_targets,Rseq_hits,Rfrequency
true_Rseq,4.080146660824374,4.080146660824374,4.0
alt_corrected,4.210998598648988,4.210998598648988,4.0
alt_corrected_unif,4.26102249860595,4.26102249860595,4.0
alt_uncorrected,5.132500178919374,5.132500178919374,4.0
