,Rseq_targets,Rseq_hits,Rfrequency
true_Rseq,4.775401234194465,4.775401234194465,4.0
alt_corrected,4.412256450394301,4.412256450394301,4.0
alt_corrected_unif,4.549067527134907,4.549067527134907,4.0
alt_uncorrected,5.420545207448331,5.420545207448331,4.0
