,Rseq_targets,Rseq_hits,Rfrequency
true_Rseq,3.448882073479714,3.448882073479714,4.0
alt_corrected,3.4394413969986473,3.4394413969986473,4.0
alt_corrected_unif,3.508394883178515,3.508394883178515,4.0
alt_uncorrected,4.379872563491939,4.379872563491939,4.0
