,Rseq_targets,Rseq_hits,Rfrequency
true_Rseq,4.295410317373049,4.295410317373049,4.0
alt_corrected,4.361547871097056,4.361547871097056,4.0
alt_corrected_unif,4.385135287062196,4.385135287062196,4.0
alt_uncorrected,5.25661296737562,5.25661296737562,4.0
