,Rseq_targets,Rseq_hits,Rfrequency
true_Rseq,4.751022894866665,4.751022894866665,4.0
alt_corrected,4.885457127741043,4.885457127741043,4.0
alt_corrected_unif,4.908761449059265,4.908761449059265,4.0
alt_uncorrected,5.7802391293726885,5.7802391293726885,4.0
