,Rseq_targets,Rseq_hits,Rfrequency
true_Rseq,4.120964667336107,4.120964667336107,4.0
alt_corrected,4.109400919689382,4.109400919689382,4.0
alt_corrected_unif,4.114291802370218,4.114291802370218,4.0
alt_uncorrected,4.985769482683642,4.985769482683642,4.0
