,Rseq_targets,Rseq_hits,Rfrequency
true_Rseq,5.175427077708644,5.175427077708644,4.0
alt_corrected,4.572566823028736,4.572566823028736,4.0
alt_corrected_unif,4.770726636140768,4.770726636140768,4.0
alt_uncorrected,5.642204316454193,5.642204316454193,4.0
