,Rseq_targets,Rseq_hits,Rfrequency
true_Rseq,4.202193777082157,4.202193777082157,4.0
alt_corrected,3.9160872022025255,3.9160872022025255,4.0
alt_corrected_unif,4.0076997234644445,4.0076997234644445,4.0
alt_uncorrected,4.879177403777868,4.879177403777868,4.0
