,Rseq_targets,Rseq_hits,Rfrequency
true_Rseq,3.1378885252643904,3.1378885252643904,4.0
alt_corrected,2.996652983891835,2.996652983891835,4.0
alt_corrected_unif,3.0285715339092385,3.0285715339092385,4.0
alt_uncorrected,3.900049214222663,3.900049214222663,4.0
