,Rseq_targets,Rseq_hits,Rfrequency
true_Rseq,4.182975436344401,4.182975436344401,4.0
alt_corrected,4.170500254483046,4.170500254483046,4.0
alt_corrected_unif,4.195525227483108,4.195525227483108,4.0
alt_uncorrected,5.067002907796533,5.067002907796533,4.0
