,Rseq_targets,Rseq_hits,Rfrequency
true_Rseq,3.8017935172665585,3.8017935172665585,4.0
alt_corrected,3.796788019757275,3.796788019757275,4.0
alt_corrected_unif,3.84893753671508,3.84893753671508,4.0
alt_uncorrected,4.7204152170285045,4.7204152170285045,4.0
