,Rseq_targets,Rseq_hits,Rfrequency
true_Rseq,4.020779668142531,4.020779668142531,4.0
alt_corrected,3.9628563658082085,3.9628563658082085,4.0
alt_corrected_unif,3.976186558660085,3.976186558660085,4.0
alt_uncorrected,4.847664238973509,4.847664238973509,4.0
