,Rseq_targets,Rseq_hits,Rfrequency
true_Rseq,4.793294646992656,4.793294646992656,4.0
alt_corrected,4.7649980110601176,4.7649980110601176,4.0
alt_corrected_unif,4.776851457596425,4.776851457596425,4.0
alt_uncorrected,5.648329137909849,5.648329137909849,4.0
