,Rseq_targets,Rseq_hits,Rfrequency
true_Rseq,4.0340851197807055,4.0340851197807055,4.0
alt_corrected,3.9131644107890557,3.9131644107890557,4.0
alt_corrected_unif,3.9606367262087976,3.9606367262087976,4.0
alt_uncorrected,4.832114406522222,4.832114406522222,4.0
