,Rseq_targets,Rseq_hits,Rfrequency
true_Rseq,3.95816963183697,3.95816963183697,4.0
alt_corrected,4.099996822987002,4.099996822987002,4.0
alt_corrected_unif,4.176636037223215,4.176636037223215,4.0
alt_uncorrected,5.048113717536639,5.048113717536639,4.0
