,Rseq_targets,Rseq_hits,Rfrequency
true_Rseq,4.130439910105757,4.130439910105757,4.0
alt_corrected,4.0689319960603045,4.0689319960603045,4.0
alt_corrected_unif,4.07276227939496,4.07276227939496,4.0
alt_uncorrected,4.944239959708384,4.944239959708384,4.0
