,Rseq_targets,Rseq_hits,Rfrequency
true_Rseq,4.072918216679604,4.072918216679604,4.0
alt_corrected,4.084021419367451,4.084021419367451,4.0
alt_corrected_unif,4.087851702702098,4.087851702702098,4.0
alt_uncorrected,4.959329383015522,4.959329383015522,4.0
