,Rseq_targets,Rseq_hits,Rfrequency
true_Rseq,4.100433081633236,4.100433081633236,4.0
alt_corrected,4.292278177389074,4.292278177389074,4.0
alt_corrected_unif,4.4146768322911125,4.4146768322911125,4.0
alt_uncorrected,5.286154512604537,5.286154512604537,4.0
