,Rseq_targets,Rseq_hits,Rfrequency
true_Rseq,4.214318937257553,4.214318937257553,4.0
alt_corrected,4.325818243500521,4.325818243500521,4.0
alt_corrected_unif,4.379163368236384,4.379163368236384,4.0
alt_uncorrected,5.250641048549808,5.250641048549808,4.0
