,Rseq_targets,Rseq_hits,Rfrequency
true_Rseq,2.568824052457831,3.086979930923663,4.0
alt_corrected,2.403242269450572,2.9503948416513905,4.0
alt_corrected_unif,2.5127803410453575,3.059932913246176,4.0
alt_uncorrected,3.384258021358782,3.9314105935596,4.0
