,Rseq_targets,Rseq_hits,Rfrequency
true_Rseq,3.9868410236972114,3.9868410236972114,4.0
alt_corrected,3.942411095485564,3.942411095485564,4.0
alt_corrected_unif,3.952055289606086,3.952055289606086,4.0
alt_uncorrected,4.82353296991951,4.82353296991951,4.0
