,Rseq_targets,Rseq_hits,Rfrequency
true_Rseq,4.115914409166485,4.115914409166485,4.0
alt_corrected,4.031638964192174,4.031638964192174,4.0
alt_corrected_unif,4.0767159931511046,4.0767159931511046,4.0
alt_uncorrected,4.948193673464528,4.948193673464528,4.0
