,Rseq_targets,Rseq_hits,Rfrequency
true_Rseq,4.8101943511947205,4.8101943511947205,4.0
alt_corrected,4.9788870771121445,4.9788870771121445,4.0
alt_corrected_unif,5.003479104738236,5.003479104738236,4.0
alt_uncorrected,5.87495678505166,5.87495678505166,4.0
