,Rseq_targets,Rseq_hits,Rfrequency
true_Rseq,4.527720245103165,4.527720245103165,4.0
alt_corrected,4.463111821121853,4.463111821121853,4.0
alt_corrected_unif,4.476442013973738,4.476442013973738,4.0
alt_uncorrected,5.347919694287162,5.347919694287162,4.0
