,Rseq_targets,Rseq_hits,Rfrequency
true_Rseq,4.944093812905162,4.944093812905162,4.0
alt_corrected,4.796786660805731,4.796786660805731,4.0
alt_corrected_unif,4.8418694962485365,4.8418694962485365,4.0
alt_uncorrected,5.71334717656196,5.71334717656196,4.0
