,Rseq_targets,Rseq_hits,Rfrequency
true_Rseq,4.488296386113954,4.488296386113954,4.0
alt_corrected,4.317639177799495,4.317639177799495,4.0
alt_corrected_unif,4.343777910058593,4.343777910058593,4.0
alt_uncorrected,5.215255590372017,5.215255590372017,4.0
