,Rseq_targets,Rseq_hits,Rfrequency
true_Rseq,4.429950171400785,4.429950171400785,4.0
alt_corrected,4.362520424730922,4.362520424730922,4.0
alt_corrected_unif,4.417713675962981,4.417713675962981,4.0
alt_uncorrected,5.289191356276405,5.289191356276405,4.0
