,Rseq_targets,Rseq_hits,Rfrequency
true_Rseq,4.2481711623426905,4.2481711623426905,4.0
alt_corrected,4.0010126779843995,4.0010126779843995,4.0
alt_corrected_unif,4.066147464721668,4.066147464721668,4.0
alt_uncorrected,4.937625145035092,4.937625145035092,4.0
