,Rseq_targets,Rseq_hits,Rfrequency
true_Rseq,3.9432450908358145,3.9432450908358145,4.0
alt_corrected,3.9650927272963514,3.9650927272963514,4.0
alt_corrected_unif,3.986089637686869,3.986089637686869,4.0
alt_uncorrected,4.857567318000293,4.857567318000293,4.0
