,Rseq_targets,Rseq_hits,Rfrequency
true_Rseq,3.944598617292611,3.944598617292611,4.0
alt_corrected,3.8878562202733478,3.8878562202733478,4.0
alt_corrected_unif,3.9191431912509027,3.9191431912509027,4.0
alt_uncorrected,4.790620871564327,4.790620871564327,4.0
