,Rseq_targets,Rseq_hits,Rfrequency
true_Rseq,4.2334863415923625,4.2334863415923625,4.0
alt_corrected,4.142203304002868,4.142203304002868,4.0
alt_corrected_unif,4.217224293752613,4.217224293752613,4.0
alt_uncorrected,5.088701974066037,5.088701974066037,4.0
