,Rseq_targets,Rseq_hits,Rfrequency
true_Rseq,3.933236719232461,3.933236719232461,4.0
alt_corrected,3.901640417437799,3.901640417437799,4.0
alt_corrected_unif,4.071743355005584,4.071743355005584,4.0
alt_uncorrected,4.943221035319008,4.943221035319008,4.0
