,Rseq_targets,Rseq_hits,Rfrequency
true_Rseq,4.670691620478912,4.670691620478912,4.0
alt_corrected,4.666292148078686,4.666292148078686,4.0
alt_corrected_unif,4.695831080712043,4.695831080712043,4.0
alt_uncorrected,5.567308761025467,5.567308761025467,4.0
