,Rseq_targets,Rseq_hits,Rfrequency
true_Rseq,3.668053753912254,3.668053753912254,4.0
alt_corrected,3.6923095956978083,3.6923095956978083,4.0
alt_corrected_unif,3.756955513336663,3.756955513336663,4.0
alt_uncorrected,4.628433193650087,4.628433193650087,4.0
