,Rseq_targets,Rseq_hits,Rfrequency
true_Rseq,1.869923383656916,3.5983126597232857,4.0
alt_corrected,1.8444554532094783,3.516883768555761,4.0
alt_corrected_unif,1.8825549461493956,3.554983261495678,4.0
alt_uncorrected,2.75403262646282,4.426460941809102,4.0
