,Rseq_targets,Rseq_hits,Rfrequency
true_Rseq,4.005171582026595,4.005171582026595,4.0
alt_corrected,3.9214300180005366,3.9214300180005366,4.0
alt_corrected_unif,3.9445653080734746,3.9445653080734746,4.0
alt_uncorrected,4.816042988386899,4.816042988386899,4.0
