,Rseq_targets,Rseq_hits,Rfrequency
true_Rseq,3.1485494351353243,3.1485494351353243,4.0
alt_corrected,3.116591002674797,3.116591002674797,4.0
alt_corrected_unif,3.2602745975467537,3.2602745975467537,4.0
alt_uncorrected,4.131752277860178,4.131752277860178,4.0
