,Rseq_targets,Rseq_hits,Rfrequency
true_Rseq,3.8796652150530857,3.8796652150530857,4.0
alt_corrected,3.862668703624001,3.862668703624001,4.0
alt_corrected_unif,3.941909067198442,3.941909067198442,4.0
alt_uncorrected,4.813386747511866,4.813386747511866,4.0
