,Rseq_targets,Rseq_hits,Rfrequency
true_Rseq,3.210792286611678,3.2731350752573576,4.0
alt_corrected,3.273308190344984,3.370147694208986,4.0
alt_corrected_unif,3.336154452287763,3.432993956151765,4.0
alt_uncorrected,4.207632132601187,4.304471636465189,4.0
