,Rseq_targets,Rseq_hits,Rfrequency
true_Rseq,4.292652816459679,4.292652816459679,4.0
alt_corrected,4.247164205782573,4.247164205782573,4.0
alt_corrected_unif,4.255861642051727,4.255861642051727,4.0
alt_uncorrected,5.127339322365151,5.127339322365151,4.0
