,Rseq_targets,Rseq_hits,Rfrequency
true_Rseq,3.8271366290721813,3.8271366290721813,4.0
alt_corrected,3.876950985520061,3.876950985520061,4.0
alt_corrected_unif,3.9093956051299936,3.9093956051299936,4.0
alt_uncorrected,4.780873285443418,4.780873285443418,4.0
