,Rseq_targets,Rseq_hits,Rfrequency
true_Rseq,3.5452165201893866,3.5452165201893866,4.0
alt_corrected,3.3605399429425526,3.3605399429425526,4.0
alt_corrected_unif,3.4116362951329173,3.4116362951329173,4.0
alt_uncorrected,4.283113975446342,4.283113975446342,4.0
