,Rseq_targets,Rseq_hits,Rfrequency
true_Rseq,4.109076343270315,4.109076343270315,4.0
alt_corrected,4.0413631286331775,4.0413631286331775,4.0
alt_corrected_unif,4.057131240993737,4.057131240993737,4.0
alt_uncorrected,4.928608921307161,4.928608921307161,4.0
