,Rseq_targets,Rseq_hits,Rfrequency
true_Rseq,2.972101882080853,3.099243841303643,4.0
alt_corrected,3.0658937017899666,3.191065219946317,4.0
alt_corrected_unif,3.12528643195562,3.250457950111971,4.0
alt_uncorrected,3.9967641122690445,4.121935630425395,4.0
