,Rseq_targets,Rseq_hits,Rfrequency
true_Rseq,3.5580451485290183,3.5580451485290183,4.0
alt_corrected,3.6663266447729588,3.6663266447729588,4.0
alt_corrected_unif,3.716841333091643,3.716841333091643,4.0
alt_uncorrected,4.5883190134050675,4.5883190134050675,4.0
