,Rseq_targets,Rseq_hits,Rfrequency
true_Rseq,4.217240827340037,4.217240827340037,4.0
alt_corrected,3.976662879205872,3.976662879205872,4.0
alt_corrected_unif,4.082659823210452,4.082659823210452,4.0
alt_uncorrected,4.954137503523877,4.954137503523877,4.0
