,Rseq_targets,Rseq_hits,Rfrequency
true_Rseq,4.086574872082593,4.086574872082593,4.0
alt_corrected,4.022425275354829,4.022425275354829,4.0
alt_corrected_unif,4.071433276663885,4.071433276663885,4.0
alt_uncorrected,4.942910956977309,4.942910956977309,4.0
