,Rseq_targets,Rseq_hits,Rfrequency
true_Rseq,4.1964617024352115,4.1964617024352115,4.0
alt_corrected,3.9857505177519115,3.9857505177519115,4.0
alt_corrected_unif,4.044027496340085,4.044027496340085,4.0
alt_uncorrected,4.915505176653509,4.915505176653509,4.0
