,Rseq_targets,Rseq_hits,Rfrequency
true_Rseq,4.23389258812096,4.23389258812096,4.0
alt_corrected,4.219334338246572,4.219334338246572,4.0
alt_corrected_unif,4.224242401917465,4.224242401917465,4.0
alt_uncorrected,5.095720082230889,5.095720082230889,4.0
