,Rseq_targets,Rseq_hits,Rfrequency
true_Rseq,3.9509259357222817,3.9509259357222817,4.0
alt_corrected,3.9274392343118483,3.9274392343118483,4.0
alt_corrected_unif,3.9345033904856836,3.9345033904856836,4.0
alt_uncorrected,4.805981070799108,4.805981070799108,4.0
