,Rseq_targets,Rseq_hits,Rfrequency
true_Rseq,3.777884352841939,3.777884352841939,4.0
alt_corrected,3.5971581203483662,3.5971581203483662,4.0
alt_corrected_unif,3.697141188847153,3.697141188847153,4.0
alt_uncorrected,4.568618869160577,4.568618869160577,4.0
