,Rseq_targets,Rseq_hits,Rfrequency
true_Rseq,4.078833023029931,4.078833023029931,4.0
alt_corrected,3.98403097626638,3.98403097626638,4.0
alt_corrected_unif,4.01276733059478,4.01276733059478,4.0
alt_uncorrected,4.884245010908204,4.884245010908204,4.0
