,Rseq_targets,Rseq_hits,Rfrequency
true_Rseq,3.859912043881331,3.859912043881331,4.0
alt_corrected,3.801566851620505,3.801566851620505,4.0
alt_corrected_unif,3.8141511199429723,3.8141511199429723,4.0
alt_uncorrected,4.685628800256397,4.685628800256397,4.0
