,Rseq_targets,Rseq_hits,Rfrequency
true_Rseq,3.538651974348734,3.538651974348734,4.0
alt_corrected,3.3578636299691174,3.3578636299691174,4.0
alt_corrected_unif,3.4456809005097866,3.4456809005097866,4.0
alt_uncorrected,4.317158580823211,4.317158580823211,4.0
