,Rseq_targets,Rseq_hits,Rfrequency
true_Rseq,2.865833540597814,2.865833540597814,4.0
alt_corrected,2.8751724860617256,2.8751724860617256,4.0
alt_corrected_unif,2.958654011844774,2.958654011844774,4.0
alt_uncorrected,3.8301316921581985,3.8301316921581985,4.0
