,Rseq_targets,Rseq_hits,Rfrequency
true_Rseq,4.012113491877728,4.012113491877728,4.0
alt_corrected,3.6840105021619816,3.6840105021619816,4.0
alt_corrected_unif,3.855423431182493,3.855423431182493,4.0
alt_uncorrected,4.726901111495917,4.726901111495917,4.0
