,Rseq_targets,Rseq_hits,Rfrequency
true_Rseq,3.4029258903435338,3.4029258903435338,4.0
alt_corrected,3.404194336976241,3.404194336976241,4.0
alt_corrected_unif,3.410645412947939,3.410645412947939,4.0
alt_uncorrected,4.282123093261363,4.282123093261363,4.0
