,Rseq_targets,Rseq_hits,Rfrequency
true_Rseq,3.9219257960313954,3.9219257960313954,4.0
alt_corrected,3.9208997231197023,3.9208997231197023,4.0
alt_corrected_unif,3.9258077867905974,3.9258077867905974,4.0
alt_uncorrected,4.797285467104022,4.797285467104022,4.0
