,Rseq_targets,Rseq_hits,Rfrequency
true_Rseq,3.5465643593635114,3.5465643593635114,4.0
alt_corrected,3.611765360777962,3.611765360777962,4.0
alt_corrected_unif,3.7044102179400658,3.7044102179400658,4.0
alt_uncorrected,4.57588789825349,4.57588789825349,4.0
