,Rseq_targets,Rseq_hits,Rfrequency
true_Rseq,4.287720881523665,4.287720881523665,4.0
alt_corrected,4.1148510768538795,4.1148510768538795,4.0
alt_corrected_unif,4.223947459783188,4.223947459783188,4.0
alt_uncorrected,5.095425140096612,5.095425140096612,4.0
