,Rseq_targets,Rseq_hits,Rfrequency
true_Rseq,4.205467765587656,4.205467765587656,4.0
alt_corrected,4.212555924224569,4.212555924224569,4.0
alt_corrected_unif,4.219620080398405,4.219620080398405,4.0
alt_uncorrected,5.091097760711829,5.091097760711829,4.0
