,Rseq_targets,Rseq_hits,Rfrequency
true_Rseq,4.719445861389735,4.719445861389735,4.0
alt_corrected,4.748452750253719,4.748452750253719,4.0
alt_corrected_unif,4.760877281143541,4.760877281143541,4.0
alt_uncorrected,5.632354961456965,5.632354961456965,4.0
