,Rseq_targets,Rseq_hits,Rfrequency
true_Rseq,4.274133897865617,4.274133897865617,4.0
alt_corrected,4.189288036836562,4.189288036836562,4.0
alt_corrected_unif,4.194722170099979,4.194722170099979,4.0
alt_uncorrected,5.066199850413403,5.066199850413403,4.0
