,Rseq_targets,Rseq_hits,Rfrequency
true_Rseq,4.505069761627771,4.505069761627771,4.0
alt_corrected,4.3513791844192,4.3513791844192,4.0
alt_corrected_unif,4.45252471043136,4.45252471043136,4.0
alt_uncorrected,5.324002390744784,5.324002390744784,4.0
