,Rseq_targets,Rseq_hits,Rfrequency
true_Rseq,3.8469369671822076,3.8469369671822076,4.0
alt_corrected,3.839160629300391,3.839160629300391,4.0
alt_corrected_unif,3.842937752722183,3.842937752722183,4.0
alt_uncorrected,4.714415433035607,4.714415433035607,4.0
