,Rseq_targets,Rseq_hits,Rfrequency
true_Rseq,4.118265676767395,4.118265676767395,4.0
alt_corrected,4.154187593458968,4.154187593458968,4.0
alt_corrected_unif,4.219429248033681,4.219429248033681,4.0
alt_uncorrected,5.0909069283471045,5.0909069283471045,4.0
