,Rseq_targets,Rseq_hits,Rfrequency
true_Rseq,3.8207433371580057,3.8207433371580057,4.0
alt_corrected,3.7855182998171886,3.7855182998171886,4.0
alt_corrected_unif,3.8009595179313167,3.8009595179313167,4.0
alt_uncorrected,4.672437198244741,4.672437198244741,4.0
