,Rseq_targets,Rseq_hits,Rfrequency
true_Rseq,-0.1723861159047857,2.973700714835541,4.0
alt_corrected,-0.053686434995827925,3.1076723818987877,4.0
alt_corrected_unif,0.11836904465436304,3.2797278615489787,4.0
alt_uncorrected,0.9898467249677874,4.151205541862403,4.0
