,Rseq_targets,Rseq_hits,Rfrequency
true_Rseq,4.813034436174048,4.813034436174048,4.0
alt_corrected,4.696078871238983,4.696078871238983,4.0
alt_corrected_unif,4.721103844239035,4.721103844239035,4.0
alt_uncorrected,5.592581524552459,5.592581524552459,4.0
