,Rseq_targets,Rseq_hits,Rfrequency
true_Rseq,3.953513380879996,3.953513380879996,4.0
alt_corrected,4.124664695631102,4.124664695631102,4.0
alt_corrected_unif,4.154454363726332,4.154454363726332,4.0
alt_uncorrected,5.025932044039756,5.025932044039756,4.0
