,Rseq_targets,Rseq_hits,Rfrequency
true_Rseq,4.015014414636935,4.015014414636935,4.0
alt_corrected,3.937084969514771,3.937084969514771,4.0
alt_corrected_unif,3.9485914575010175,3.9485914575010175,4.0
alt_uncorrected,4.820069137814442,4.820069137814442,4.0
