,Rseq_targets,Rseq_hits,Rfrequency
true_Rseq,2.759172144386161,3.145288872104407,4.0
alt_corrected,2.8422940219269335,3.2571979520729033,4.0
alt_corrected_unif,2.919103214740907,3.334007144886877,4.0
alt_uncorrected,3.7905808950543314,4.205484825200301,4.0
