,Rseq_targets,Rseq_hits,Rfrequency
true_Rseq,3.749391357099686,3.749391357099686,4.0
alt_corrected,3.731070615620804,3.731070615620804,4.0
alt_corrected_unif,3.7354171626067845,3.7354171626067845,4.0
alt_uncorrected,4.606894842920209,4.606894842920209,4.0
