,Rseq_targets,Rseq_hits,Rfrequency
true_Rseq,4.450287990011784,4.450287990011784,4.0
alt_corrected,4.251141663770504,4.251141663770504,4.0
alt_corrected_unif,4.328525448028303,4.328525448028303,4.0
alt_uncorrected,5.200003128341727,5.200003128341727,4.0
