,Rseq_targets,Rseq_hits,Rfrequency
true_Rseq,3.7409128071501856,3.7409128071501856,4.0
alt_corrected,3.705875953364347,3.705875953364347,4.0
alt_corrected_unif,3.7910229785979825,3.7910229785979825,4.0
alt_uncorrected,4.662500658911407,4.662500658911407,4.0
