,Rseq_targets,Rseq_hits,Rfrequency
true_Rseq,4.525000998243351,4.525000998243351,4.0
alt_corrected,4.458835909299458,4.458835909299458,4.0
alt_corrected_unif,4.4669439951127945,4.4669439951127945,4.0
alt_uncorrected,5.338421675426219,5.338421675426219,4.0
