,Rseq_targets,Rseq_hits,Rfrequency
true_Rseq,4.413113879698857,4.413113879698857,4.0
alt_corrected,4.513646526457093,4.513646526457093,4.0
alt_corrected_unif,4.640582307775567,4.640582307775567,4.0
alt_uncorrected,5.512059988088991,5.512059988088991,4.0
