,Rseq_targets,Rseq_hits,Rfrequency
true_Rseq,4.774749124910757,4.774749124910757,4.0
alt_corrected,4.719061880425342,4.719061880425342,4.0
alt_corrected_unif,4.7260744730819155,4.7260744730819155,4.0
alt_uncorrected,5.597552153395339,5.597552153395339,4.0
