,Rseq_targets,Rseq_hits,Rfrequency
true_Rseq,3.3372164760019434,3.3372164760019434,4.0
alt_corrected,3.4004376593360144,3.4004376593360144,4.0
alt_corrected_unif,3.446761299376895,3.446761299376895,4.0
alt_uncorrected,4.318238979690319,4.318238979690319,4.0
