,Rseq_targets,Rseq_hits,Rfrequency
true_Rseq,4.937383903239891,4.937383903239891,4.0
alt_corrected,4.92914367443889,4.92914367443889,4.0
alt_corrected_unif,4.930764705357733,4.930764705357733,4.0
alt_uncorrected,5.802242385671157,5.802242385671157,4.0
