,Rseq_targets,Rseq_hits,Rfrequency
true_Rseq,4.564512367157532,4.564512367157532,4.0
alt_corrected,4.51930423577959,4.51930423577959,4.0
alt_corrected_unif,4.536349303822506,4.536349303822506,4.0
alt_uncorrected,5.40782698413593,5.40782698413593,4.0
