,Rseq_targets,Rseq_hits,Rfrequency
true_Rseq,5.00458854470488,5.00458854470488,4.0
alt_corrected,4.915847831186431,4.915847831186431,4.0
alt_corrected_unif,5.0152023207059155,5.0152023207059155,4.0
alt_uncorrected,5.886680001019339,5.886680001019339,4.0
