,Rseq_targets,Rseq_hits,Rfrequency
true_Rseq,4.104952814381907,4.104952814381907,4.0
alt_corrected,4.280047262390294,4.280047262390294,4.0
alt_corrected_unif,4.41463908886548,4.41463908886548,4.0
alt_uncorrected,5.286116769178904,5.286116769178904,4.0
