,Rseq_targets,Rseq_hits,Rfrequency
true_Rseq,3.9268696130343805,3.9268696130343805,4.0
alt_corrected,3.727298978538374,3.727298978538374,4.0
alt_corrected_unif,3.788369851999249,3.788369851999249,4.0
alt_uncorrected,4.659847532312673,4.659847532312673,4.0
