,Rseq_targets,Rseq_hits,Rfrequency
true_Rseq,4.27948919292799,4.27948919292799,4.0
alt_corrected,4.23059154993373,4.23059154993373,4.0
alt_corrected_unif,4.254464481058358,4.254464481058358,4.0
alt_uncorrected,5.125942161371782,5.125942161371782,4.0
