,Rseq_targets,Rseq_hits,Rfrequency
true_Rseq,4.038838278570356,4.038838278570356,4.0
alt_corrected,4.139403068155115,4.139403068155115,4.0
alt_corrected_unif,4.177227999392699,4.177227999392699,4.0
alt_uncorrected,5.0487056797061225,5.0487056797061225,4.0
