,Rseq_targets,Rseq_hits,Rfrequency
true_Rseq,4.163444997239155,4.163444997239155,4.0
alt_corrected,4.12717448394807,4.12717448394807,4.0
alt_corrected_unif,4.148171394338561,4.148171394338561,4.0
alt_uncorrected,5.019649074651985,5.019649074651985,4.0
