,Rseq_targets,Rseq_hits,Rfrequency
true_Rseq,4.171275562196228,4.171275562196228,4.0
alt_corrected,4.144806972270992,4.144806972270992,4.0
alt_corrected_unif,4.161535567295779,4.161535567295779,4.0
alt_uncorrected,5.033013247609203,5.033013247609203,4.0
