,Rseq_targets,Rseq_hits,Rfrequency
true_Rseq,4.125301632779538,4.125301632779538,4.0
alt_corrected,4.256601808648966,4.256601808648966,4.0
alt_corrected_unif,4.290677142184659,4.290677142184659,4.0
alt_uncorrected,5.162154822498084,5.162154822498084,4.0
