,Rseq_targets,Rseq_hits,Rfrequency
true_Rseq,3.8486029145252756,3.8486029145252756,4.0
alt_corrected,3.6901606343558746,3.6901606343558746,4.0
alt_corrected_unif,3.813827282415146,3.813827282415146,4.0
alt_uncorrected,4.68530496272857,4.68530496272857,4.0
