,Rseq_targets,Rseq_hits,Rfrequency
true_Rseq,3.699131357107195,3.699131357107195,4.0
alt_corrected,3.640200103941394,3.640200103941394,4.0
alt_corrected_unif,3.6552151404058724,3.6552151404058724,4.0
alt_uncorrected,4.526692820719297,4.526692820719297,4.0
