,Rseq_targets,Rseq_hits,Rfrequency
true_Rseq,4.256199743040204,4.256199743040204,4.0
alt_corrected,4.221496165142311,4.221496165142311,4.0
alt_corrected_unif,4.231692601836977,4.231692601836977,4.0
alt_uncorrected,5.103170282150401,5.103170282150401,4.0
