,Rseq_targets,Rseq_hits,Rfrequency
true_Rseq,3.839976217654529,3.839976217654529,4.0
alt_corrected,3.7809786003717276,3.7809786003717276,4.0
alt_corrected_unif,3.8885211621733675,3.8885211621733675,4.0
alt_uncorrected,4.759998842486792,4.759998842486792,4.0
