,Rseq_targets,Rseq_hits,Rfrequency
true_Rseq,4.450971099698619,4.450971099698619,4.0
alt_corrected,4.453091183545799,4.453091183545799,4.0
alt_corrected_unif,4.499349290730153,4.499349290730153,4.0
alt_uncorrected,5.370826971043578,5.370826971043578,4.0
