,Rseq_targets,Rseq_hits,Rfrequency
true_Rseq,4.4882966859715445,4.4882966859715445,4.0
alt_corrected,4.507570249728869,4.507570249728869,4.0
alt_corrected_unif,4.52301146784299,4.52301146784299,4.0
alt_uncorrected,5.3944891481564134,5.3944891481564134,4.0
