,Rseq_targets,Rseq_hits,Rfrequency
true_Rseq,3.949873835477428,3.949873835477428,4.0
alt_corrected,3.9153114157172313,3.9153114157172313,4.0
alt_corrected_unif,3.925611041125873,3.925611041125873,4.0
alt_uncorrected,4.797088721439297,4.797088721439297,4.0
