,Rseq_targets,Rseq_hits,Rfrequency
true_Rseq,3.993491171050284,3.993491171050284,4.0
alt_corrected,3.974304844543671,3.974304844543671,4.0
alt_corrected_unif,3.9881676032646722,3.9881676032646722,4.0
alt_uncorrected,4.8596452835780966,4.8596452835780966,4.0
