,Rseq_targets,Rseq_hits,Rfrequency
true_Rseq,3.210698670609106,3.210698670609106,4.0
alt_corrected,3.149878485812005,3.149878485812005,4.0
alt_corrected_unif,3.267854896334622,3.267854896334622,4.0
alt_uncorrected,4.139332576648046,4.139332576648046,4.0
