,Rseq_targets,Rseq_hits,Rfrequency
true_Rseq,4.241914803739433,4.241914803739433,4.0
alt_corrected,4.280242115458802,4.280242115458802,4.0
alt_corrected_unif,4.288438872671069,4.288438872671069,4.0
alt_uncorrected,5.159916552984494,5.159916552984494,4.0
