,Rseq_targets,Rseq_hits,Rfrequency
true_Rseq,4.64788478200248,4.64788478200248,4.0
alt_corrected,4.404670457096062,4.404670457096062,4.0
alt_corrected_unif,4.4534751752781965,4.4534751752781965,4.0
alt_uncorrected,5.324952855591621,5.324952855591621,4.0
