,Rseq_targets,Rseq_hits,Rfrequency
true_Rseq,4.101978438548384,4.101978438548384,4.0
alt_corrected,4.171227729278795,4.171227729278795,4.0
alt_corrected_unif,4.234600743606686,4.234600743606686,4.0
alt_uncorrected,5.10607842392011,5.10607842392011,4.0
