,Rseq_targets,Rseq_hits,Rfrequency
true_Rseq,4.587952891988886,4.587952891988886,4.0
alt_corrected,4.600934442230445,4.600934442230445,4.0
alt_corrected_unif,4.620369112485378,4.620369112485378,4.0
alt_uncorrected,5.4918467927988015,5.4918467927988015,4.0
