,Rseq_targets,Rseq_hits,Rfrequency
true_Rseq,3.694116812573828,3.694116812573828,4.0
alt_corrected,3.4385207301471454,3.4385207301471454,4.0
alt_corrected_unif,3.5198475251602575,3.5198475251602575,4.0
alt_uncorrected,4.391325205473682,4.391325205473682,4.0
