,Rseq_targets,Rseq_hits,Rfrequency
true_Rseq,4.3111940695132125,4.3111940695132125,4.0
alt_corrected,4.174485800874228,4.174485800874228,4.0
alt_corrected_unif,4.202266627266521,4.202266627266521,4.0
alt_uncorrected,5.073744307579946,5.073744307579946,4.0
