,Rseq_targets,Rseq_hits,Rfrequency
true_Rseq,3.708836992695428,3.708836992695428,4.0
alt_corrected,3.74877274261322,3.74877274261322,4.0
alt_corrected_unif,3.8285424367911074,3.8285424367911074,4.0
alt_uncorrected,4.700020117104532,4.700020117104532,4.0
