,Rseq_targets,Rseq_hits,Rfrequency
true_Rseq,4.232965691092105,4.232965691092105,4.0
alt_corrected,4.140928372329112,4.140928372329112,4.0
alt_corrected_unif,4.1745200411897,4.1745200411897,4.0
alt_uncorrected,5.045997721503124,5.045997721503124,4.0
