,Rseq_targets,Rseq_hits,Rfrequency
true_Rseq,4.112368279276265,4.112368279276265,4.0
alt_corrected,4.06928985750779,4.06928985750779,4.0
alt_corrected_unif,4.109186469919949,4.109186469919949,4.0
alt_uncorrected,4.980664150233373,4.980664150233373,4.0
