,Rseq_targets,Rseq_hits,Rfrequency
true_Rseq,3.5035022469833432,3.5035022469833432,4.0
alt_corrected,3.5343251521466805,3.5343251521466805,4.0
alt_corrected_unif,3.563061506475083,3.563061506475083,4.0
alt_uncorrected,4.434539186788507,4.434539186788507,4.0
