,Rseq_targets,Rseq_hits,Rfrequency
true_Rseq,4.209964591466557,4.209964591466557,4.0
alt_corrected,4.250456630325714,4.250456630325714,4.0
alt_corrected_unif,4.257520786499557,4.257520786499557,4.0
alt_uncorrected,5.12899846681298,5.12899846681298,4.0
