,Rseq_targets,Rseq_hits,Rfrequency
true_Rseq,4.923823735226228,4.923823735226228,4.0
alt_corrected,4.903623517041697,4.903623517041697,4.0
alt_corrected_unif,4.952631518350744,4.952631518350744,4.0
alt_uncorrected,5.824109198664169,5.824109198664169,4.0
