,Rseq_targets,Rseq_hits,Rfrequency
true_Rseq,4.129704467147858,4.129704467147858,4.0
alt_corrected,4.202757132485527,4.202757132485527,4.0
alt_corrected_unif,4.2340441034630825,4.2340441034630825,4.0
alt_uncorrected,5.105521783776506,5.105521783776506,4.0
