,Rseq_targets,Rseq_hits,Rfrequency
true_Rseq,4.737102416061022,4.737102416061022,4.0
alt_corrected,4.524481547746147,4.524481547746147,4.0
alt_corrected_unif,4.556959457347666,4.556959457347666,4.0
alt_uncorrected,5.428437137661091,5.428437137661091,4.0
