,Rseq_targets,Rseq_hits,Rfrequency
true_Rseq,3.817591243531769,3.817591243531769,4.0
alt_corrected,3.8227373128122455,3.8227373128122455,4.0
alt_corrected_unif,3.8453035572382137,3.8453035572382137,4.0
alt_uncorrected,4.716781237551638,4.716781237551638,4.0
