,Rseq_targets,Rseq_hits,Rfrequency
true_Rseq,3.8662400287427534,3.8662400287427534,4.0
alt_corrected,3.8110825337402217,3.8110825337402217,4.0
alt_corrected_unif,3.926973279368807,3.926973279368807,4.0
alt_uncorrected,4.798450959682231,4.798450959682231,4.0
