,Rseq_targets,Rseq_hits,Rfrequency
true_Rseq,3.7851819736576164,3.7851819736576164,4.0
alt_corrected,3.786917576936467,3.786917576936467,4.0
alt_corrected_unif,3.788556320675817,3.788556320675817,4.0
alt_uncorrected,4.660034000989241,4.660034000989241,4.0
