,Rseq_targets,Rseq_hits,Rfrequency
true_Rseq,4.032321206302845,4.032321206302845,4.0
alt_corrected,4.0245146808480445,4.0245146808480445,4.0
alt_corrected_unif,4.031578837021877,4.031578837021877,4.0
alt_uncorrected,4.903056517335301,4.903056517335301,4.0
