,Rseq_targets,Rseq_hits,Rfrequency
true_Rseq,3.602660585928252,3.602660585928252,4.0
alt_corrected,3.44190338157672,3.44190338157672,4.0
alt_corrected_unif,3.591366227923951,3.591366227923951,4.0
alt_uncorrected,4.462843908237375,4.462843908237375,4.0
