,Rseq_targets,Rseq_hits,Rfrequency
true_Rseq,4.021793183292747,4.021793183292747,4.0
alt_corrected,4.007547585825083,4.007547585825083,4.0
alt_corrected_unif,4.019054073811326,4.019054073811326,4.0
alt_uncorrected,4.89053175412475,4.89053175412475,4.0
