,Rseq_targets,Rseq_hits,Rfrequency
true_Rseq,4.195628044713746,4.195628044713746,4.0
alt_corrected,4.115680054014376,4.115680054014376,4.0
alt_corrected_unif,4.152439571544448,4.152439571544448,4.0
alt_uncorrected,5.023917251857872,5.023917251857872,4.0
