,Rseq_targets,Rseq_hits,Rfrequency
true_Rseq,3.6491756761436793,3.6491756761436793,4.0
alt_corrected,3.7320694379892174,3.7320694379892174,4.0
alt_corrected_unif,3.762804157058157,3.762804157058157,4.0
alt_uncorrected,4.6342818373715815,4.6342818373715815,4.0
