,Rseq_targets,Rseq_hits,Rfrequency
true_Rseq,3.947014746625168,3.947014746625168,4.0
alt_corrected,3.910778108965951,3.910778108965951,4.0
alt_corrected_unif,3.967501266426448,3.967501266426448,4.0
alt_uncorrected,4.838978946739872,4.838978946739872,4.0
