,Rseq_targets,Rseq_hits,Rfrequency
true_Rseq,5.018553621657106,5.018553621657106,4.0
alt_corrected,4.9680830952904005,4.9680830952904005,4.0
alt_corrected_unif,5.000447846604178,5.000447846604178,4.0
alt_uncorrected,5.871925526917602,5.871925526917602,4.0
