,Rseq_targets,Rseq_hits,Rfrequency
true_Rseq,4.379358013913189,4.379358013913189,4.0
alt_corrected,4.4858796129287075,4.4858796129287075,4.0
alt_corrected_unif,4.584162270736993,4.584162270736993,4.0
alt_uncorrected,5.455639951050417,5.455639951050417,4.0
