,Rseq_targets,Rseq_hits,Rfrequency
true_Rseq,4.596321930906022,4.596321930906022,4.0
alt_corrected,4.598161418216627,4.598161418216627,4.0
alt_corrected_unif,4.610227826492142,4.610227826492142,4.0
alt_uncorrected,5.481705506805566,5.481705506805566,4.0
