,Rseq_targets,Rseq_hits,Rfrequency
true_Rseq,4.295746134528413,4.295746134528413,4.0
alt_corrected,4.314253213452186,4.314253213452186,4.0
alt_corrected_unif,4.323655172452739,4.323655172452739,4.0
alt_uncorrected,5.195132852766163,5.195132852766163,4.0
