,Rseq_targets,Rseq_hits,Rfrequency
true_Rseq,4.359683827270201,4.359683827270201,4.0
alt_corrected,4.2205755364996715,4.2205755364996715,4.0
alt_corrected_unif,4.260842937735166,4.260842937735166,4.0
alt_uncorrected,5.13232061804859,5.13232061804859,4.0
