,Rseq_targets,Rseq_hits,Rfrequency
true_Rseq,4.049483758797351,4.049483758797351,4.0
alt_corrected,4.093549478858068,4.093549478858068,4.0
alt_corrected_unif,4.101657564671417,4.101657564671417,4.0
alt_uncorrected,4.9731352449848405,4.9731352449848405,4.0
