,Rseq_targets,Rseq_hits,Rfrequency
true_Rseq,4.884392431673545,4.884392431673545,4.0
alt_corrected,4.831729881116954,4.831729881116954,4.0
alt_corrected_unif,4.840970567968711,4.840970567968711,4.0
alt_uncorrected,5.7124482482821355,5.7124482482821355,4.0
