,Rseq_targets,Rseq_hits,Rfrequency
true_Rseq,4.3083461555854505,4.3083461555854505,4.0
alt_corrected,4.129937919854465,4.129937919854465,4.0
alt_corrected_unif,4.191205722404087,4.191205722404087,4.0
alt_uncorrected,5.062683402717511,5.062683402717511,4.0
