,Rseq_targets,Rseq_hits,Rfrequency
true_Rseq,4.810787090904817,4.810787090904817,4.0
alt_corrected,4.522915583793764,4.522915583793764,4.0
alt_corrected_unif,4.632453655388547,4.632453655388547,4.0
alt_uncorrected,5.503931335701971,5.503931335701971,4.0
