,Rseq_targets,Rseq_hits,Rfrequency
true_Rseq,3.9109433324028275,3.9109433324028275,4.0
alt_corrected,3.9345710124536013,3.9345710124536013,4.0
alt_corrected_unif,3.9416899893296065,3.9416899893296065,4.0
alt_uncorrected,4.813167669643031,4.813167669643031,4.0
