,Rseq_targets,Rseq_hits,Rfrequency
true_Rseq,3.4244342230675215,3.4244342230675215,4.0
alt_corrected,3.3274679653998542,3.3274679653998542,4.0
alt_corrected_unif,3.364831992476931,3.364831992476931,4.0
alt_uncorrected,4.236309672790355,4.236309672790355,4.0
