,Rseq_targets,Rseq_hits,Rfrequency
true_Rseq,3.9820686347127427,3.9820686347127427,4.0
alt_corrected,4.03910534439442,4.03910534439442,4.0
alt_corrected_unif,4.070989138334815,4.070989138334815,4.0
alt_uncorrected,4.9424668186482394,4.9424668186482394,4.0
