,Rseq_targets,Rseq_hits,Rfrequency
true_Rseq,4.318092551417736,4.318092551417736,4.0
alt_corrected,4.358476586429223,4.358476586429223,4.0
alt_corrected_unif,4.390841337743009,4.390841337743009,4.0
alt_uncorrected,5.2623190180564325,5.2623190180564325,4.0
