,Rseq_targets,Rseq_hits,Rfrequency
true_Rseq,4.820823104326484,4.820823104326484,4.0
alt_corrected,4.633306415977749,4.633306415977749,4.0
alt_corrected_unif,4.692653872432601,4.692653872432601,4.0
alt_uncorrected,5.564131552746025,5.564131552746025,4.0
