,Rseq_targets,Rseq_hits,Rfrequency
true_Rseq,4.502132186368685,4.502132186368685,4.0
alt_corrected,4.621301478315724,4.621301478315724,4.0
alt_corrected_unif,4.631764036662473,4.631764036662473,4.0
alt_uncorrected,5.5032417169758965,5.5032417169758965,4.0
