,Rseq_targets,Rseq_hits,Rfrequency
true_Rseq,4.9230110103968014,4.9230110103968014,4.0
alt_corrected,4.617571380792155,4.617571380792155,4.0
alt_corrected_unif,4.753001501087281,4.753001501087281,4.0
alt_uncorrected,5.624479181400705,5.624479181400705,4.0
