,Rseq_targets,Rseq_hits,Rfrequency
true_Rseq,3.558486258108415,3.558486258108415,4.0
alt_corrected,3.705952081396183,3.705952081396183,4.0
alt_corrected_unif,3.7360088394353244,3.7360088394353244,4.0
alt_uncorrected,4.607486519748749,4.607486519748749,4.0
