,Rseq_targets,Rseq_hits,Rfrequency
true_Rseq,3.9309241975328124,3.9309241975328124,4.0
alt_corrected,4.184625746988054,4.184625746988054,4.0
alt_corrected_unif,4.296668251079417,4.296668251079417,4.0
alt_uncorrected,5.168145931392842,5.168145931392842,4.0
