,Rseq_targets,Rseq_hits,Rfrequency
true_Rseq,4.5577430550264495,4.5577430550264495,4.0
alt_corrected,4.3659310556032676,4.3659310556032676,4.0
alt_corrected_unif,4.424614218564917,4.424614218564917,4.0
alt_uncorrected,5.296091898878341,5.296091898878341,4.0
