,Rseq_targets,Rseq_hits,Rfrequency
true_Rseq,4.844841423578736,4.844841423578736,4.0
alt_corrected,4.549889013291191,4.549889013291191,4.0
alt_corrected_unif,4.663963485788324,4.663963485788324,4.0
alt_uncorrected,5.535441166101749,5.535441166101749,4.0
