,Rseq_targets,Rseq_hits,Rfrequency
true_Rseq,3.873063163056278,3.873063163056278,4.0
alt_corrected,4.0518293216171894,4.0518293216171894,4.0
alt_corrected_unif,4.132174134371812,4.132174134371812,4.0
alt_uncorrected,5.003651814685236,5.003651814685236,4.0
