,Rseq_targets,Rseq_hits,Rfrequency
true_Rseq,3.74588564434275,3.74588564434275,4.0
alt_corrected,3.754474864968763,3.754474864968763,4.0
alt_corrected_unif,3.769916083082903,3.769916083082903,4.0
alt_uncorrected,4.641393763396327,4.641393763396327,4.0
