,Rseq_targets,Rseq_hits,Rfrequency
true_Rseq,4.362587839487162,4.362587839487162,4.0
alt_corrected,3.84218095558148,3.84218095558148,4.0
alt_corrected_unif,4.034730892174938,4.034730892174938,4.0
alt_uncorrected,4.906208572488363,4.906208572488363,4.0
