,Rseq_targets,Rseq_hits,Rfrequency
true_Rseq,3.9746206169852005,3.9746206169852005,4.0
alt_corrected,4.020144074101124,4.020144074101124,4.0
alt_corrected_unif,4.0575081011782,4.0575081011782,4.0
alt_uncorrected,4.928985781491625,4.928985781491625,4.0
