,Rseq_targets,Rseq_hits,Rfrequency
true_Rseq,0.22498201730342515,3.140879690833385,4.0
alt_corrected,0.3431261638129506,3.0893077287275466,4.0
alt_corrected_unif,0.47571352386785604,3.221895088782452,4.0
alt_uncorrected,1.3471912041812804,4.093372769095876,4.0
