,Rseq_targets,Rseq_hits,Rfrequency
true_Rseq,4.761990714436178,4.761990714436178,4.0
alt_corrected,4.478860573088574,4.478860573088574,4.0
alt_corrected_unif,4.5477283087740705,4.5477283087740705,4.0
alt_uncorrected,5.419205989087495,5.419205989087495,4.0
