,Rseq_targets,Rseq_hits,Rfrequency
true_Rseq,4.5573215306309525,4.5573215306309525,4.0
alt_corrected,4.11033375061333,4.11033375061333,4.0
alt_corrected_unif,4.254866017012617,4.254866017012617,4.0
alt_uncorrected,5.126343697326041,5.126343697326041,4.0
