,Rseq_targets,Rseq_hits,Rfrequency
true_Rseq,2.586196379508147,3.9477124188066934,4.0
alt_corrected,2.5175781599846068,3.8525636302347306,4.0
alt_corrected_unif,2.596818523559046,3.93180399380917,4.0
alt_uncorrected,3.4682962038724705,4.803281674122594,4.0
