,Rseq_targets,Rseq_hits,Rfrequency
true_Rseq,3.919109420543098,3.919109420543098,4.0
alt_corrected,3.9334827736553137,3.9334827736553137,4.0
alt_corrected_unif,3.9963290355980834,3.9963290355980834,4.0
alt_uncorrected,4.867806715911508,4.867806715911508,4.0
