,Rseq_targets,Rseq_hits,Rfrequency
true_Rseq,4.321551643592075,4.321551643592075,4.0
alt_corrected,4.285987600513312,4.285987600513312,4.0
alt_corrected_unif,4.319167984197309,4.319167984197309,4.0
alt_uncorrected,5.190645664510733,5.190645664510733,4.0
