,Rseq_targets,Rseq_hits,Rfrequency
true_Rseq,4.458329506963354,4.458329506963354,4.0
alt_corrected,4.494458941434151,4.494458941434151,4.0
alt_corrected_unif,4.517084340018947,4.517084340018947,4.0
alt_uncorrected,5.388562020332371,5.388562020332371,4.0
