,Rseq_targets,Rseq_hits,Rfrequency
true_Rseq,5.027737851437027,5.027737851437027,4.0
alt_corrected,4.643927094675554,4.643927094675554,4.0
alt_corrected_unif,4.775232903582756,4.775232903582756,4.0
alt_uncorrected,5.64671058389618,5.64671058389618,4.0
