,Rseq_targets,Rseq_hits,Rfrequency
true_Rseq,3.52719293655149,3.52719293655149,4.0
alt_corrected,3.4446808155323434,3.4446808155323434,4.0
alt_corrected_unif,3.4776949723394543,3.4776949723394543,4.0
alt_uncorrected,4.349172652652879,4.349172652652879,4.0
