,Rseq_targets,Rseq_hits,Rfrequency
true_Rseq,4.856254715315959,4.856254715315959,4.0
alt_corrected,4.660025676998577,4.660025676998577,4.0
alt_corrected_unif,4.689353835074266,4.689353835074266,4.0
alt_uncorrected,5.560831515387691,5.560831515387691,4.0
