,Rseq_targets,Rseq_hits,Rfrequency
true_Rseq,3.441986859632684,3.441986859632684,4.0
alt_corrected,3.5458418710162145,3.5458418710162145,4.0
alt_corrected_unif,3.6205079789908807,3.6205079789908807,4.0
alt_uncorrected,4.491985659304305,4.491985659304305,4.0
