,Rseq_targets,Rseq_hits,Rfrequency
true_Rseq,3.795685173934322,3.795685173934322,4.0
alt_corrected,3.8109173437258725,3.8109173437258725,4.0
alt_corrected_unif,3.8136338678014794,3.8136338678014794,4.0
alt_uncorrected,4.685111548114904,4.685111548114904,4.0
