,Rseq_targets,Rseq_hits,Rfrequency
true_Rseq,-0.3439235011043511,2.9735998094559513,4.0
alt_corrected,-0.17026502407384603,3.2698973123462762,4.0
alt_corrected_unif,-0.0060949969288940364,3.434067339491228,4.0
alt_uncorrected,0.8653826833845303,4.3055450198046525,4.0
