,Rseq_targets,Rseq_hits,Rfrequency
true_Rseq,3.684773631624794,3.684773631624794,4.0
alt_corrected,3.737793340263435,3.737793340263435,4.0
alt_corrected_unif,3.775549653314972,3.775549653314972,4.0
alt_uncorrected,4.6470273336283965,4.6470273336283965,4.0
