,Rseq_targets,Rseq_hits,Rfrequency
true_Rseq,4.268213500393147,4.268213500393147,4.0
alt_corrected,4.196904472196998,4.196904472196998,4.0
alt_corrected_unif,4.2144153046084405,4.2144153046084405,4.0
alt_uncorrected,5.085892984921864,5.085892984921864,4.0
