,Rseq_targets,Rseq_hits,Rfrequency
true_Rseq,4.028932211170391,4.028932211170391,4.0
alt_corrected,4.045400152533691,4.045400152533691,4.0
alt_corrected_unif,4.049230435868349,4.049230435868349,4.0
alt_uncorrected,4.920708116181774,4.920708116181774,4.0
