,Rseq_targets,Rseq_hits,Rfrequency
true_Rseq,3.7128820859700946,3.7128820859700946,4.0
alt_corrected,3.6244487519832442,3.6244487519832442,4.0
alt_corrected_unif,3.6425215715612977,3.6425215715612977,4.0
alt_uncorrected,4.513999251874722,4.513999251874722,4.0
