,Rseq_targets,Rseq_hits,Rfrequency
true_Rseq,3.8578990679538148,3.8578990679538148,4.0
alt_corrected,3.904545304876632,3.904545304876632,4.0
alt_corrected_unif,3.9856408536332046,3.9856408536332046,4.0
alt_uncorrected,4.857118533946629,4.857118533946629,4.0
