,Rseq_targets,Rseq_hits,Rfrequency
true_Rseq,3.8034053551029565,3.8034053551029565,4.0
alt_corrected,3.682996448109734,3.682996448109734,4.0
alt_corrected_unif,3.7261513530642048,3.7261513530642048,4.0
alt_uncorrected,4.597629033377629,4.597629033377629,4.0
