,Rseq_targets,Rseq_hits,Rfrequency
true_Rseq,3.92809129049734,3.92809129049734,4.0
alt_corrected,3.974535910316226,3.974535910316226,4.0
alt_corrected_unif,4.051796995714733,4.051796995714733,4.0
alt_uncorrected,4.923274676028157,4.923274676028157,4.0
