,Rseq_targets,Rseq_hits,Rfrequency
true_Rseq,3.858679375255136,3.858679375255136,4.0
alt_corrected,3.841581423845212,3.841581423845212,4.0
alt_corrected_unif,3.8716381818843533,3.8716381818843533,4.0
alt_uncorrected,4.743115862197778,4.743115862197778,4.0
