,Rseq_targets,Rseq_hits,Rfrequency
true_Rseq,3.9333010275258147,3.9333010275258147,4.0
alt_corrected,3.755159681386263,3.755159681386263,4.0
alt_corrected_unif,3.809884430562017,3.809884430562017,4.0
alt_uncorrected,4.681362110875441,4.681362110875441,4.0
