,Rseq_targets,Rseq_hits,Rfrequency
true_Rseq,4.089644925080178,4.089644925080178,4.0
alt_corrected,3.9836932665025535,3.9836932665025535,4.0
alt_corrected_unif,4.002618495718426,4.002618495718426,4.0
alt_uncorrected,4.87409617603185,4.87409617603185,4.0
