,Rseq_targets,Rseq_hits,Rfrequency
true_Rseq,4.067822707583962,4.067822707583962,4.0
alt_corrected,3.892764905363413,3.892764905363413,4.0
alt_corrected_unif,3.9195861941677506,3.9195861941677506,4.0
alt_uncorrected,4.791063874481175,4.791063874481175,4.0
