,Rseq_targets,Rseq_hits,Rfrequency
true_Rseq,4.132556875655961,4.132556875655961,4.0
alt_corrected,3.988946210831131,3.988946210831131,4.0
alt_corrected_unif,4.017682565159529,4.017682565159529,4.0
alt_uncorrected,4.889160245472953,4.889160245472953,4.0
