,Rseq_targets,Rseq_hits,Rfrequency
true_Rseq,4.102877994201021,4.102877994201021,4.0
alt_corrected,4.0116411876315645,4.0116411876315645,4.0
alt_corrected_unif,4.036233215257665,4.036233215257665,4.0
alt_uncorrected,4.907710895571089,4.907710895571089,4.0
