,Rseq_targets,Rseq_hits,Rfrequency
true_Rseq,4.204499184208111,4.204499184208111,4.0
alt_corrected,4.163309952807566,4.163309952807566,4.0
alt_corrected_unif,4.201066265859106,4.201066265859106,4.0
alt_uncorrected,5.07254394617253,5.07254394617253,4.0
