,Rseq_targets,Rseq_hits,Rfrequency
true_Rseq,3.774417398417013,3.774417398417013,4.0
alt_corrected,3.8589474259265977,3.8589474259265977,4.0
alt_corrected_unif,3.8854484004804664,3.8854484004804664,4.0
alt_uncorrected,4.756926080793891,4.756926080793891,4.0
