,Rseq_targets,Rseq_hits,Rfrequency
true_Rseq,4.200328929160583,4.200328929160583,4.0
alt_corrected,4.265363230254721,4.265363230254721,4.0
alt_corrected_unif,4.287122048564173,4.287122048564173,4.0
alt_uncorrected,5.158599728877597,5.158599728877597,4.0
