,Rseq_targets,Rseq_hits,Rfrequency
true_Rseq,4.041041511674445,4.041041511674445,4.0
alt_corrected,3.960020767042744,3.960020767042744,4.0
alt_corrected_unif,4.012450977152714,4.012450977152714,4.0
alt_uncorrected,4.883928657466138,4.883928657466138,4.0
