,Rseq_targets,Rseq_hits,Rfrequency
true_Rseq,4.452646794883091,4.452646794883091,4.0
alt_corrected,4.531910912313181,4.531910912313181,4.0
alt_corrected_unif,4.572178313548671,4.572178313548671,4.0
alt_uncorrected,5.4436559938620945,5.4436559938620945,4.0
