,Rseq_targets,Rseq_hits,Rfrequency
true_Rseq,-0.30344124317858956,3.041488591771614,4.0
alt_corrected,-0.13651548867833818,3.2249842659320938,4.0
alt_corrected_unif,-0.06118046294825086,3.300319291662181,4.0
alt_uncorrected,0.8102972173651735,4.171796971975605,4.0
