,Rseq_targets,Rseq_hits,Rfrequency
true_Rseq,4.11170803864192,4.11170803864192,4.0
alt_corrected,4.0841039064514595,4.0841039064514595,4.0
alt_corrected_unif,4.111433586668987,4.111433586668987,4.0
alt_uncorrected,4.982911266982412,4.982911266982412,4.0
