,Rseq_targets,Rseq_hits,Rfrequency
true_Rseq,3.841801264997774,3.841801264997774,4.0
alt_corrected,3.868498352781292,3.868498352781292,4.0
alt_corrected_unif,3.8842664651418466,3.8842664651418466,4.0
alt_uncorrected,4.755744145455271,4.755744145455271,4.0
