,Rseq_targets,Rseq_hits,Rfrequency
true_Rseq,3.847412887739461,3.847412887739461,4.0
alt_corrected,3.8791103213733336,3.8791103213733336,4.0
alt_corrected_unif,3.9358335850049584,3.9358335850049584,4.0
alt_uncorrected,4.807311265318383,4.807311265318383,4.0
