,Rseq_targets,Rseq_hits,Rfrequency
true_Rseq,3.517872971155132,3.517872971155132,4.0
alt_corrected,3.565388963160204,3.565388963160204,4.0
alt_corrected_unif,3.585617875241215,3.585617875241215,4.0
alt_uncorrected,4.457095555554639,4.457095555554639,4.0
