,Rseq_targets,Rseq_hits,Rfrequency
true_Rseq,4.130449181329911,4.130449181329911,4.0
alt_corrected,3.9100940466029277,3.9100940466029277,4.0
alt_corrected_unif,3.9757309880335163,3.9757309880335163,4.0
alt_uncorrected,4.847208668346941,4.847208668346941,4.0
