,Rseq_targets,Rseq_hits,Rfrequency
true_Rseq,4.081626731722043,4.081626731722043,4.0
alt_corrected,4.135171840310042,4.135171840310042,4.0
alt_corrected_unif,4.16761645991998,4.16761645991998,4.0
alt_uncorrected,5.039094140233404,5.039094140233404,4.0
