,Rseq_targets,Rseq_hits,Rfrequency
true_Rseq,4.689996833159554,4.689996833159554,4.0
alt_corrected,4.506364323239918,4.506364323239918,4.0
alt_corrected_unif,4.707556857523933,4.707556857523933,4.0
alt_uncorrected,5.579034537837357,5.579034537837357,4.0
