,Rseq_targets,Rseq_hits,Rfrequency
true_Rseq,5.518083415918637,5.518083415918637,4.0
alt_corrected,5.194479751499827,5.194479751499827,4.0
alt_corrected_unif,5.239228995136038,5.239228995136038,4.0
alt_uncorrected,6.110706675449462,6.110706675449462,4.0
