,Rseq_targets,Rseq_hits,Rfrequency
true_Rseq,4.315583648033666,4.315583648033666,4.0
alt_corrected,4.350073036218391,4.350073036218391,4.0
alt_corrected_unif,4.387561939664147,4.387561939664147,4.0
alt_uncorrected,5.259039619977571,5.259039619977571,4.0
