,Rseq_targets,Rseq_hits,Rfrequency
true_Rseq,4.2080841141578285,4.2080841141578285,4.0
alt_corrected,3.902938883081183,3.902938883081183,4.0
alt_corrected_unif,4.03121441608096,4.03121441608096,4.0
alt_uncorrected,4.902692096394384,4.902692096394384,4.0
