,Rseq_targets,Rseq_hits,Rfrequency
true_Rseq,3.950184802891254,3.950184802891254,4.0
alt_corrected,4.09331341324944,4.09331341324944,4.0
alt_corrected_unif,4.132768858869936,4.132768858869936,4.0
alt_uncorrected,5.0042465391833595,5.0042465391833595,4.0
