,Rseq_targets,Rseq_hits,Rfrequency
true_Rseq,3.763875145826894,3.763875145826894,4.0
alt_corrected,3.851502757182783,3.851502757182783,4.0
alt_corrected_unif,3.887278102068229,3.887278102068229,4.0
alt_uncorrected,4.7587557823816535,4.7587557823816535,4.0
