,Rseq_targets,Rseq_hits,Rfrequency
true_Rseq,3.804076747833556,3.804076747833556,4.0
alt_corrected,3.970464214456879,3.970464214456879,4.0
alt_corrected_unif,4.002174622381855,4.002174622381855,4.0
alt_uncorrected,4.8736523026952785,4.8736523026952785,4.0
