,Rseq_targets,Rseq_hits,Rfrequency
true_Rseq,4.113630992990328,4.113630992990328,4.0
alt_corrected,4.10594617518343,4.10594617518343,4.0
alt_corrected_unif,4.148065805374369,4.148065805374369,4.0
alt_uncorrected,5.019543485687793,5.019543485687793,4.0
