,Rseq_targets,Rseq_hits,Rfrequency
true_Rseq,4.146951435577259,4.146951435577259,4.0
alt_corrected,4.1882258343922265,4.1882258343922265,4.0
alt_corrected_unif,4.262361369347282,4.262361369347282,4.0
alt_uncorrected,5.133839049660706,5.133839049660706,4.0
