,Rseq_targets,Rseq_hits,Rfrequency
true_Rseq,4.0379864328921915,4.0379864328921915,4.0
alt_corrected,4.042199361609452,4.042199361609452,4.0
alt_corrected_unif,4.0438203925282945,4.0438203925282945,4.0
alt_uncorrected,4.915298072841718,4.915298072841718,4.0
