,Rseq_targets,Rseq_hits,Rfrequency
true_Rseq,3.303494007999685,3.3848442745937763,4.0
alt_corrected,3.246404317721715,3.3594145641043145,4.0
alt_corrected_unif,3.294368389391272,3.407378635773872,4.0
alt_uncorrected,4.165846069704696,4.278856316087296,4.0
