,Rseq_targets,Rseq_hits,Rfrequency
true_Rseq,4.027230536423433,4.027230536423433,4.0
alt_corrected,4.177141836857394,4.177141836857394,4.0
alt_corrected_unif,4.29056349110359,4.29056349110359,4.0
alt_uncorrected,5.162041171417015,5.162041171417015,4.0
