,Rseq_targets,Rseq_hits,Rfrequency
true_Rseq,3.9538781909893093,3.9538781909893093,4.0
alt_corrected,3.757383102364585,3.757383102364585,4.0
alt_corrected_unif,3.8370966851518786,3.8370966851518786,4.0
alt_uncorrected,4.708574365465303,4.708574365465303,4.0
