,Rseq_targets,Rseq_hits,Rfrequency
true_Rseq,4.865642864314108,4.865642864314108,4.0
alt_corrected,4.597588391578299,4.597588391578299,4.0
alt_corrected_unif,4.639708021769241,4.639708021769241,4.0
alt_uncorrected,5.511185702082665,5.511185702082665,4.0
