,Rseq_targets,Rseq_hits,Rfrequency
true_Rseq,4.729138317103764,4.729138317103764,4.0
alt_corrected,4.682630760321265,4.682630760321265,4.0
alt_corrected_unif,4.686977307307238,4.686977307307238,4.0
alt_uncorrected,5.558454987620663,5.558454987620663,4.0
