,Rseq_targets,Rseq_hits,Rfrequency
true_Rseq,4.174026985689514,4.174026985689514,4.0
alt_corrected,3.864410105519609,3.864410105519609,4.0
alt_corrected_unif,4.000333425316217,4.000333425316217,4.0
alt_uncorrected,4.871811105629642,4.871811105629642,4.0
