,Rseq_targets,Rseq_hits,Rfrequency
true_Rseq,4.966107215951168,4.966107215951168,4.0
alt_corrected,4.98759908229206,4.98759908229206,4.0
alt_corrected_unif,5.007042171554893,5.007042171554893,4.0
alt_uncorrected,5.878519851868317,5.878519851868317,4.0
