,Rseq_targets,Rseq_hits,Rfrequency
true_Rseq,4.586226042925588,4.586226042925588,4.0
alt_corrected,4.427512003290282,4.427512003290282,4.0
alt_corrected_unif,4.467408615702457,4.467408615702457,4.0
alt_uncorrected,5.338886296015882,5.338886296015882,4.0
