,Rseq_targets,Rseq_hits,Rfrequency
true_Rseq,3.822728193855629,3.822728193855629,4.0
alt_corrected,3.8097598796696555,3.8097598796696555,4.0
alt_corrected_unif,3.8568495147520347,3.8568495147520347,4.0
alt_uncorrected,4.728327195065459,4.728327195065459,4.0
