,Rseq_targets,Rseq_hits,Rfrequency
true_Rseq,4.28609958991556,4.28609958991556,4.0
alt_corrected,4.292653875416461,4.292653875416461,4.0
alt_corrected_unif,4.365738134669414,4.365738134669414,4.0
alt_uncorrected,5.237215814982838,5.237215814982838,4.0
