,Rseq_targets,Rseq_hits,Rfrequency
true_Rseq,4.772429445526948,4.772429445526948,4.0
alt_corrected,4.505346749085234,4.505346749085234,4.0
alt_corrected_unif,4.570449225319779,4.570449225319779,4.0
alt_uncorrected,5.441926905633203,5.441926905633203,4.0
