,Rseq_targets,Rseq_hits,Rfrequency
true_Rseq,3.378822199075561,3.378822199075561,4.0
alt_corrected,3.168770593922644,3.168770593922644,4.0
alt_corrected_unif,3.2919865369162555,3.2919865369162555,4.0
alt_uncorrected,4.16346421722968,4.16346421722968,4.0
