,Rseq_targets,Rseq_hits,Rfrequency
true_Rseq,3.9396414370237185,3.9396414370237185,4.0
alt_corrected,3.9788694395854916,3.9788694395854916,4.0
alt_corrected_unif,4.006085252536005,4.006085252536005,4.0
alt_uncorrected,4.87756293284943,4.87756293284943,4.0
