,Rseq_targets,Rseq_hits,Rfrequency
true_Rseq,4.288691095727188,4.288691095727188,4.0
alt_corrected,4.233508109712233,4.233508109712233,4.0
alt_corrected_unif,4.292915855841144,4.292915855841144,4.0
alt_uncorrected,5.164393536154568,5.164393536154568,4.0
