,Rseq_targets,Rseq_hits,Rfrequency
true_Rseq,4.200971213456752,4.200971213456752,4.0
alt_corrected,3.917519772914429,3.917519772914429,4.0
alt_corrected_unif,4.017638430094728,4.017638430094728,4.0
alt_uncorrected,4.8891161104081515,4.8891161104081515,4.0
