,Rseq_targets,Rseq_hits,Rfrequency
true_Rseq,3.8894515428860696,3.8894515428860696,4.0
alt_corrected,3.7827281286276966,3.7827281286276966,4.0
alt_corrected_unif,3.816751207630776,3.816751207630776,4.0
alt_uncorrected,4.6882288879442005,4.6882288879442005,4.0
