,Rseq_targets,Rseq_hits,Rfrequency
true_Rseq,2.8949240712643736,3.772981517218571,4.0
alt_corrected,2.9705903448417876,3.797611196014725,4.0
alt_corrected_unif,3.042447005453121,3.8694678566260587,4.0
alt_uncorrected,3.9139246857665455,4.740945536939483,4.0
