,Rseq_targets,Rseq_hits,Rfrequency
true_Rseq,4.338367298417434,4.338367298417434,4.0
alt_corrected,4.5210614231289235,4.5210614231289235,4.0
alt_corrected_unif,4.607611720744654,4.607611720744654,4.0
alt_uncorrected,5.4790894010580775,5.4790894010580775,4.0
