,Rseq_targets,Rseq_hits,Rfrequency
true_Rseq,3.7636949332569634,3.7636949332569634,4.0
alt_corrected,3.7079428878471874,3.7079428878471874,4.0
alt_corrected_unif,3.723384105961309,3.723384105961309,4.0
alt_uncorrected,4.594861786274733,4.594861786274733,4.0
