,Rseq_targets,Rseq_hits,Rfrequency
true_Rseq,3.8798435203465758,3.8798435203465758,4.0
alt_corrected,3.9045814180350766,3.9045814180350766,4.0
alt_corrected_unif,3.9381730868956493,3.9381730868956493,4.0
alt_uncorrected,4.809650767209074,4.809650767209074,4.0
