,Rseq_targets,Rseq_hits,Rfrequency
true_Rseq,3.835344249346142,3.835344249346142,4.0
alt_corrected,3.972387576017654,3.972387576017654,4.0
alt_corrected_unif,4.027695517341144,4.027695517341144,4.0
alt_uncorrected,4.899173197654568,4.899173197654568,4.0
