,Rseq_targets,Rseq_hits,Rfrequency
true_Rseq,4.746564501607219,4.746564501607219,4.0
alt_corrected,4.678206945734237,4.678206945734237,4.0
alt_corrected_unif,4.699738385878383,4.699738385878383,4.0
alt_uncorrected,5.571216066191807,5.571216066191807,4.0
