,Rseq_targets,Rseq_hits,Rfrequency
true_Rseq,3.960990826267759,3.960990826267759,4.0
alt_corrected,3.880052399257844,3.880052399257844,4.0
alt_corrected_unif,3.9072588473578205,3.9072588473578205,4.0
alt_uncorrected,4.778736527671245,4.778736527671245,4.0
