,Rseq_targets,Rseq_hits,Rfrequency
true_Rseq,4.282578518438409,4.282578518438409,4.0
alt_corrected,4.189455841780719,4.189455841780719,4.0
alt_corrected_unif,4.199100035901244,4.199100035901244,4.0
alt_uncorrected,5.070577716214669,5.070577716214669,4.0
