,Rseq_targets,Rseq_hits,Rfrequency
true_Rseq,4.3905320097667335,4.3905320097667335,4.0
alt_corrected,4.089377771728399,4.089377771728399,4.0
alt_corrected_unif,4.281835853857784,4.281835853857784,4.0
alt_uncorrected,5.1533135341712075,5.1533135341712075,4.0
