,Rseq_targets,Rseq_hits,Rfrequency
true_Rseq,2.0948792222127075,3.452069933298514,4.0
alt_corrected,2.0772777787933645,3.419588162945261,4.0
alt_corrected_unif,2.1121372376040424,3.454447621755939,4.0
alt_uncorrected,2.9836149179174667,4.325925302069363,4.0
