,Rseq_targets,Rseq_hits,Rfrequency
true_Rseq,-0.524104992262906,2.8782948088979516,4.0
alt_corrected,-0.4250573768590248,3.225745261184105,4.0
alt_corrected_unif,-0.32663731821525765,3.324165319827872,4.0
alt_uncorrected,0.5448403620981667,4.195643000141296,4.0
