,Rseq_targets,Rseq_hits,Rfrequency
true_Rseq,4.000246996397676,4.000246996397676,4.0
alt_corrected,3.9401655819253767,3.9401655819253767,4.0
alt_corrected_unif,3.9779218949768977,3.9779218949768977,4.0
alt_uncorrected,4.849399575290322,4.849399575290322,4.0
