,Rseq_targets,Rseq_hits,Rfrequency
true_Rseq,4.911375822794463,4.911375822794463,4.0
alt_corrected,4.479371043124823,4.479371043124823,4.0
alt_corrected_unif,4.737036903589427,4.737036903589427,4.0
alt_uncorrected,5.608514583902851,5.608514583902851,4.0
