,Rseq_targets,Rseq_hits,Rfrequency
true_Rseq,4.825502226569672,4.825502226569672,4.0
alt_corrected,4.783126467536656,4.783126467536656,4.0
alt_corrected_unif,4.787999084115201,4.787999084115201,4.0
alt_uncorrected,5.659476764428625,5.659476764428625,4.0
