,Rseq_targets,Rseq_hits,Rfrequency
true_Rseq,4.349741749316284,4.349741749316284,4.0
alt_corrected,3.889620727546725,3.889620727546725,4.0
alt_corrected_unif,4.045597033234058,4.045597033234058,4.0
alt_uncorrected,4.917074713547483,4.917074713547483,4.0
