,Rseq_targets,Rseq_hits,Rfrequency
true_Rseq,4.119956716619402,4.119956716619402,4.0
alt_corrected,4.100967940865353,4.100967940865353,4.0
alt_corrected_unif,4.106866774262894,4.106866774262894,4.0
alt_uncorrected,4.978344454576318,4.978344454576318,4.0
