,Rseq_targets,Rseq_hits,Rfrequency
true_Rseq,5.34041134545024,5.34041134545024,4.0
alt_corrected,4.976748088288965,4.976748088288965,4.0
alt_corrected_unif,5.089312838891674,5.089312838891674,4.0
alt_uncorrected,5.960790519205099,5.960790519205099,4.0
