,Rseq_targets,Rseq_hits,Rfrequency
true_Rseq,-0.19834058191183956,3.8325346996135092,4.0
alt_corrected,-0.15443471672353692,3.763895284029893,4.0
alt_corrected_unif,0.06273188433725685,3.981061885090687,4.0
alt_uncorrected,0.9342095646506812,4.852539565404111,4.0
