,Rseq_targets,Rseq_hits,Rfrequency
true_Rseq,3.7675838234069055,3.7675838234069055,4.0
alt_corrected,3.6868170283963364,3.6868170283963364,4.0
alt_corrected_unif,3.7177078268785793,3.7177078268785793,4.0
alt_uncorrected,4.589185507192004,4.589185507192004,4.0
