,Rseq_targets,Rseq_hits,Rfrequency
true_Rseq,3.9464156956613987,3.9464156956613987,4.0
alt_corrected,3.9642750928869823,3.9642750928869823,4.0
alt_corrected_unif,4.04499399472123,4.04499399472123,4.0
alt_uncorrected,4.9164716750346535,4.9164716750346535,4.0
