,Rseq_targets,Rseq_hits,Rfrequency
true_Rseq,4.909583402978436,4.909583402978436,4.0
alt_corrected,4.812331144017179,4.812331144017179,4.0
alt_corrected_unif,4.834897388443148,4.834897388443148,4.0
alt_uncorrected,5.7063750687565715,5.7063750687565715,4.0
