,Rseq_targets,Rseq_hits,Rfrequency
true_Rseq,3.1900002295876995,3.1900002295876995,4.0
alt_corrected,3.252546688193463,3.252546688193463,4.0
alt_corrected_unif,3.289703523353779,3.289703523353779,4.0
alt_uncorrected,4.161181203667203,4.161181203667203,4.0
