,Rseq_targets,Rseq_hits,Rfrequency
true_Rseq,3.917745719066959,3.917745719066959,4.0
alt_corrected,3.990899156354861,3.990899156354861,4.0
alt_corrected_unif,4.042625936010035,4.042625936010035,4.0
alt_uncorrected,4.914103616323459,4.914103616323459,4.0
