,Rseq_targets,Rseq_hits,Rfrequency
true_Rseq,3.7576377775591876,3.7576377775591876,4.0
alt_corrected,3.8395039173284027,3.8395039173284027,4.0
alt_corrected_unif,3.8630913332935433,3.8630913332935433,4.0
alt_uncorrected,4.734569013606968,4.734569013606968,4.0
