,Rseq_targets,Rseq_hits,Rfrequency
true_Rseq,3.3931649890978512,3.3931649890978512,4.0
alt_corrected,3.6309016733893564,3.6309016733893564,4.0
alt_corrected_unif,3.7554007462849195,3.7554007462849195,4.0
alt_uncorrected,4.626878426598344,4.626878426598344,4.0
