,Rseq_targets,Rseq_hits,Rfrequency
true_Rseq,4.585685037002998,4.585685037002998,4.0
alt_corrected,4.686473091467155,4.686473091467155,4.0
alt_corrected_unif,4.711801959841939,4.711801959841939,4.0
alt_uncorrected,5.5832796401553635,5.5832796401553635,4.0
