,Rseq_targets,Rseq_hits,Rfrequency
true_Rseq,4.370253684931207,4.370253684931207,4.0
alt_corrected,3.9460377850286266,3.9460377850286266,4.0
alt_corrected_unif,4.081136475993269,4.081136475993269,4.0
alt_uncorrected,4.9526141563066925,4.9526141563066925,4.0
