,Rseq_targets,Rseq_hits,Rfrequency
true_Rseq,3.435799465553835,3.435799465553835,4.0
alt_corrected,3.4317772772426416,3.4317772772426416,4.0
alt_corrected_unif,3.4515344699515356,3.4515344699515356,4.0
alt_uncorrected,4.32301215026496,4.32301215026496,4.0
