,Rseq_targets,Rseq_hits,Rfrequency
true_Rseq,3.746655134688716,3.746655134688716,4.0
alt_corrected,3.7883384103963396,3.7883384103963396,4.0
alt_corrected_unif,3.8041065227568915,3.8041065227568915,4.0
alt_uncorrected,4.675584203070316,4.675584203070316,4.0
