,Rseq_targets,Rseq_hits,Rfrequency
true_Rseq,3.6424996208401463,3.6424996208401463,4.0
alt_corrected,3.7566066179220714,3.7566066179220714,4.0
alt_corrected_unif,3.777110306531124,3.777110306531124,4.0
alt_uncorrected,4.648587986844548,4.648587986844548,4.0
