,Rseq_targets,Rseq_hits,Rfrequency
true_Rseq,4.392167776449661,4.392167776449661,4.0
alt_corrected,4.443608794090507,4.443608794090507,4.0
alt_corrected_unif,4.469418036713369,4.469418036713369,4.0
alt_uncorrected,5.340895717026793,5.340895717026793,4.0
