,Rseq_targets,Rseq_hits,Rfrequency
true_Rseq,3.698446898014776,3.698446898014776,4.0
alt_corrected,3.6451386379524022,3.6451386379524022,4.0
alt_corrected_unif,3.6915728033935227,3.6915728033935227,4.0
alt_uncorrected,4.563050483706947,4.563050483706947,4.0
