,Rseq_targets,Rseq_hits,Rfrequency
true_Rseq,3.9713440543625715,3.9713440543625715,4.0
alt_corrected,3.9114353177074044,3.9114353177074044,4.0
alt_corrected_unif,4.032380393077014,4.032380393077014,4.0
alt_uncorrected,4.903858073390438,4.903858073390438,4.0
