,Rseq_targets,Rseq_hits,Rfrequency
true_Rseq,4.445741804985314,4.445741804985314,4.0
alt_corrected,4.506838087193673,4.506838087193673,4.0
alt_corrected_unif,4.520700845914659,4.520700845914659,4.0
alt_uncorrected,5.392178526228083,5.392178526228083,4.0
