,Rseq_targets,Rseq_hits,Rfrequency
true_Rseq,4.0035701514233315,4.0035701514233315,4.0
alt_corrected,4.080140974275251,4.080140974275251,4.0
alt_corrected_unif,4.1096799069086085,4.1096799069086085,4.0
alt_uncorrected,4.981157587222032,4.981157587222032,4.0
