,Rseq_targets,Rseq_hits,Rfrequency
true_Rseq,3.8628461685150723,3.8628461685150723,4.0
alt_corrected,3.669463269513635,3.669463269513635,4.0
alt_corrected_unif,3.7308253945046057,3.7308253945046057,4.0
alt_uncorrected,4.60230307481803,4.60230307481803,4.0
