,Rseq_targets,Rseq_hits,Rfrequency
true_Rseq,2.656103477219183,4.138961659271706,4.0
alt_corrected,2.583281978544446,4.137432396234115,4.0
alt_corrected_unif,2.619638280951795,4.173788698641465,4.0
alt_uncorrected,3.491115961265219,5.045266378954889,4.0
