,Rseq_targets,Rseq_hits,Rfrequency
true_Rseq,3.9040881288286515,3.9040881288286515,4.0
alt_corrected,3.9749375722847597,3.9749375722847597,4.0
alt_corrected_unif,4.0072391288669404,4.0072391288669404,4.0
alt_uncorrected,4.878716809180364,4.878716809180364,4.0
