,Rseq_targets,Rseq_hits,Rfrequency
true_Rseq,4.216885193434865,4.216885193434865,4.0
alt_corrected,3.868745278578981,3.868745278578981,4.0
alt_corrected_unif,4.016661513873688,4.016661513873688,4.0
alt_uncorrected,4.8881391941871115,4.8881391941871115,4.0
