,Rseq_targets,Rseq_hits,Rfrequency
true_Rseq,3.960184057873027,3.960184057873027,4.0
alt_corrected,3.5565693917672436,3.5565693917672436,4.0
alt_corrected_unif,3.8134140815346167,3.8134140815346167,4.0
alt_uncorrected,4.684891761848041,4.684891761848041,4.0
