,Rseq_targets,Rseq_hits,Rfrequency
true_Rseq,4.931433167995575,4.931433167995575,4.0
alt_corrected,4.578360242857794,4.578360242857794,4.0
alt_corrected_unif,4.776644352928118,4.776644352928118,4.0
alt_uncorrected,5.648122033241542,5.648122033241542,4.0
