,Rseq_targets,Rseq_hits,Rfrequency
true_Rseq,4.57797004645707,4.57797004645707,4.0
alt_corrected,4.503822099900718,4.503822099900718,4.0
alt_corrected_unif,4.523950895299748,4.523950895299748,4.0
alt_uncorrected,5.395428575613172,5.395428575613172,4.0
