,Rseq_targets,Rseq_hits,Rfrequency
true_Rseq,3.7300205929497725,3.7300205929497725,4.0
alt_corrected,3.5347347043428283,3.5347347043428283,4.0
alt_corrected_unif,3.606794441519479,3.606794441519479,4.0
alt_uncorrected,4.478272121832903,4.478272121832903,4.0
