,Rseq_targets,Rseq_hits,Rfrequency
true_Rseq,4.754976693585623,4.754976693585623,4.0
alt_corrected,4.734540299044829,4.734540299044829,4.0
alt_corrected_unif,4.75861446662398,4.75861446662398,4.0
alt_uncorrected,5.630092146937404,5.630092146937404,4.0
