,Rseq_targets,Rseq_hits,Rfrequency
true_Rseq,3.6686684836877355,3.6686684836877355,4.0
alt_corrected,3.548805044136729,3.548805044136729,4.0
alt_corrected_unif,3.5858647163778907,3.5858647163778907,4.0
alt_uncorrected,4.457342396691315,4.457342396691315,4.0
