,Rseq_targets,Rseq_hits,Rfrequency
true_Rseq,4.194435720169058,4.194435720169058,4.0
alt_corrected,4.207501546904773,4.207501546904773,4.0
alt_corrected_unif,4.217429575497867,4.217429575497867,4.0
alt_uncorrected,5.088907255811291,5.088907255811291,4.0
