,Rseq_targets,Rseq_hits,Rfrequency
true_Rseq,3.432826920425004,3.432826920425004,4.0
alt_corrected,3.426809663985816,3.426809663985816,4.0
alt_corrected_unif,3.4608849975215112,3.4608849975215112,4.0
alt_uncorrected,4.332362677834936,4.332362677834936,4.0
