,Rseq_targets,Rseq_hits,Rfrequency
true_Rseq,4.573831619108146,4.573831619108146,4.0
alt_corrected,4.723279536525627,4.723279536525627,4.0
alt_corrected_unif,4.785428190322733,4.785428190322733,4.0
alt_uncorrected,5.656905870636157,5.656905870636157,4.0
