,Rseq_targets,Rseq_hits,Rfrequency
true_Rseq,3.551228156990023,3.551228156990023,4.0
alt_corrected,3.6017263349178825,3.6017263349178825,4.0
alt_corrected_unif,3.8305498160303517,3.8305498160303517,4.0
alt_uncorrected,4.702027496343776,4.702027496343776,4.0
