,Rseq_targets,Rseq_hits,Rfrequency
true_Rseq,3.849059271475034,3.849059271475034,4.0
alt_corrected,3.9245665249081423,3.9245665249081423,4.0
alt_corrected_unif,3.9553548256917845,3.9553548256917845,4.0
alt_uncorrected,4.826832506005209,4.826832506005209,4.0
