,Rseq_targets,Rseq_hits,Rfrequency
true_Rseq,4.50469882347158,4.50469882347158,4.0
alt_corrected,4.157737474004135,4.157737474004135,4.0
alt_corrected_unif,4.317474616677421,4.317474616677421,4.0
alt_uncorrected,5.188952296990846,5.188952296990846,4.0
