,Rseq_targets,Rseq_hits,Rfrequency
true_Rseq,4.685133486726958,4.685133486726958,4.0
alt_corrected,4.445229937205733,4.445229937205733,4.0
alt_corrected_unif,4.535349470843414,4.535349470843414,4.0
alt_uncorrected,5.406827151156838,5.406827151156838,4.0
