,Rseq_targets,Rseq_hits,Rfrequency
true_Rseq,3.2245342955365555,3.2245342955365555,4.0
alt_corrected,3.300250837306797,3.300250837306797,4.0
alt_corrected_unif,3.337310509547956,3.337310509547956,4.0
alt_uncorrected,4.20878818986138,4.20878818986138,4.0
