,Rseq_targets,Rseq_hits,Rfrequency
true_Rseq,4.3040876013133875,4.3040876013133875,4.0
alt_corrected,4.1899804001649965,4.1899804001649965,4.0
alt_corrected_unif,4.251512421343589,4.251512421343589,4.0
alt_uncorrected,5.122990101657014,5.122990101657014,4.0
