,Rseq_targets,Rseq_hits,Rfrequency
true_Rseq,-0.148167920441173,2.7677709565621758,4.0
alt_corrected,0.05562373934427178,2.9842007651833367,4.0
alt_corrected_unif,0.1629643437337953,3.09154136957286,4.0
alt_uncorrected,1.0344420240472196,3.9630190498862845,4.0
