,Rseq_targets,Rseq_hits,Rfrequency
true_Rseq,3.8309451735951727,3.8309451735951727,4.0
alt_corrected,3.8933862262508527,3.8933862262508527,4.0
alt_corrected_unif,3.9030304203713695,3.9030304203713695,4.0
alt_uncorrected,4.774508100684794,4.774508100684794,4.0
