,Rseq_targets,Rseq_hits,Rfrequency
true_Rseq,2.966016748839804,3.093158708062594,4.0
alt_corrected,3.0635188018733874,3.1901330458493034,4.0
alt_corrected_unif,3.128996665280089,3.255610909256005,4.0
alt_uncorrected,4.0004743455935134,4.127088589569429,4.0
