,Rseq_targets,Rseq_hits,Rfrequency
true_Rseq,5.224042107594,5.224042107594,4.0
alt_corrected,5.021828159667969,5.021828159667969,4.0
alt_corrected_unif,5.072515179245306,5.072515179245306,4.0
alt_uncorrected,5.94399285955873,5.94399285955873,4.0
