,Rseq_targets,Rseq_hits,Rfrequency
true_Rseq,4.594131805201915,4.594131805201915,4.0
alt_corrected,4.543066632023963,4.543066632023963,4.0
alt_corrected_unif,4.551263389236231,4.551263389236231,4.0
alt_uncorrected,5.422741069549655,5.422741069549655,4.0
