,Rseq_targets,Rseq_hits,Rfrequency
true_Rseq,4.361171505330518,4.361171505330518,4.0
alt_corrected,4.264793409435903,4.264793409435903,4.0
alt_corrected_unif,4.287418808020686,4.287418808020686,4.0
alt_uncorrected,5.15889648833411,5.15889648833411,4.0
