,Rseq_targets,Rseq_hits,Rfrequency
true_Rseq,4.562722252632844,4.562722252632844,4.0
alt_corrected,4.6444393251204055,4.6444393251204055,4.0
alt_corrected_unif,4.662263413301943,4.662263413301943,4.0
alt_uncorrected,5.533741093615368,5.533741093615368,4.0
