,Rseq_targets,Rseq_hits,Rfrequency
true_Rseq,3.6756270971447105,3.6756270971447105,4.0
alt_corrected,3.377684889338097,3.377684889338097,4.0
alt_corrected_unif,3.5412997934197183,3.5412997934197183,4.0
alt_uncorrected,4.412777473733143,4.412777473733143,4.0
