,Rseq_targets,Rseq_hits,Rfrequency
true_Rseq,4.581219595137373,4.581219595137373,4.0
alt_corrected,4.776599307799881,4.776599307799881,4.0
alt_corrected_unif,4.811634432984439,4.811634432984439,4.0
alt_uncorrected,5.683112113297864,5.683112113297864,4.0
