,Rseq_targets,Rseq_hits,Rfrequency
true_Rseq,3.777792862333439,3.777792862333439,4.0
alt_corrected,3.7816676458438607,3.7816676458438607,4.0
alt_corrected_unif,3.7827541470090273,3.7827541470090273,4.0
alt_uncorrected,4.654231827322452,4.654231827322452,4.0
