,Rseq_targets,Rseq_hits,Rfrequency
true_Rseq,4.49328762443572,4.49328762443572,4.0
alt_corrected,4.230993150136365,4.230993150136365,4.0
alt_corrected_unif,4.34990202313066,4.34990202313066,4.0
alt_uncorrected,5.221379703444084,5.221379703444084,4.0
