,Rseq_targets,Rseq_hits,Rfrequency
true_Rseq,4.145797516629793,4.145797516629793,4.0
alt_corrected,4.182726741833134,4.182726741833134,4.0
alt_corrected_unif,4.203723652223632,4.203723652223632,4.0
alt_uncorrected,5.075201332537056,5.075201332537056,4.0
