,Rseq_targets,Rseq_hits,Rfrequency
true_Rseq,4.042723321915904,4.042723321915904,4.0
alt_corrected,4.110562756015458,4.110562756015458,4.0
alt_corrected_unif,4.247373832756056,4.247373832756056,4.0
alt_uncorrected,5.1188515130694805,5.1188515130694805,4.0
