,Rseq_targets,Rseq_hits,Rfrequency
true_Rseq,3.8069791709834613,3.8069791709834613,4.0
alt_corrected,3.766750657819351,3.766750657819351,4.0
alt_corrected_unif,3.789885947892325,3.789885947892325,4.0
alt_uncorrected,4.661363628205749,4.661363628205749,4.0
