,Rseq_targets,Rseq_hits,Rfrequency
true_Rseq,4.103088777009292,4.103088777009292,4.0
alt_corrected,4.097027064884957,4.097027064884957,4.0
alt_corrected_unif,4.211978129902128,4.211978129902128,4.0
alt_uncorrected,5.083455810215553,5.083455810215553,4.0
