,Rseq_targets,Rseq_hits,Rfrequency
true_Rseq,4.884115824491609,4.884115824491609,4.0
alt_corrected,4.796367228133011,4.796367228133011,4.0
alt_corrected_unif,4.80281830410472,4.80281830410472,4.0
alt_uncorrected,5.674295984418145,5.674295984418145,4.0
