,Rseq_targets,Rseq_hits,Rfrequency
true_Rseq,4.414913133925319,4.414913133925319,4.0
alt_corrected,4.251255993354011,4.251255993354011,4.0
alt_corrected_unif,4.286658702747273,4.286658702747273,4.0
alt_uncorrected,5.158136383060698,5.158136383060698,4.0
