,Rseq_targets,Rseq_hits,Rfrequency
true_Rseq,4.071019820335692,4.071019820335692,4.0
alt_corrected,4.045718635079192,4.045718635079192,4.0
alt_corrected_unif,4.061486747439751,4.061486747439751,4.0
alt_uncorrected,4.932964427753175,4.932964427753175,4.0
