,Rseq_targets,Rseq_hits,Rfrequency
true_Rseq,3.1852381281852935,3.1852381281852935,4.0
alt_corrected,3.1843869321929783,3.1843869321929783,4.0
alt_corrected_unif,3.1881640556147635,3.1881640556147635,4.0
alt_uncorrected,4.059641735928188,4.059641735928188,4.0
