,Rseq_targets,Rseq_hits,Rfrequency
true_Rseq,-0.22258014935495574,3.775377093296213,4.0
alt_corrected,-0.10875699543747919,3.7390544896770197,4.0
alt_corrected_unif,0.09332476787326849,3.9411362529877674,4.0
alt_uncorrected,0.9648024481866928,4.812613933301192,4.0
