,Rseq_targets,Rseq_hits,Rfrequency
true_Rseq,3.9657313639153866,3.9657313639153866,4.0
alt_corrected,3.926664972478748,3.926664972478748,4.0
alt_corrected_unif,3.9348617296910127,3.9348617296910127,4.0
alt_uncorrected,4.806339410004437,4.806339410004437,4.0
