,Rseq_targets,Rseq_hits,Rfrequency
true_Rseq,3.593991368139732,3.593991368139732,4.0
alt_corrected,3.554420074047903,3.554420074047903,4.0
alt_corrected_unif,3.616179329089437,3.616179329089437,4.0
alt_uncorrected,4.487657009402861,4.487657009402861,4.0
