,Rseq_targets,Rseq_hits,Rfrequency
true_Rseq,4.105331551452046,4.105331551452046,4.0
alt_corrected,3.972981591224003,3.972981591224003,4.0
alt_corrected_unif,4.03724153065466,4.03724153065466,4.0
alt_uncorrected,4.908719210968084,4.908719210968084,4.0
