,Rseq_targets,Rseq_hits,Rfrequency
true_Rseq,4.103463048743831,4.103463048743831,4.0
alt_corrected,4.025958730611578,4.025958730611578,4.0
alt_corrected_unif,4.03307770748758,4.03307770748758,4.0
alt_uncorrected,4.904555387801004,4.904555387801004,4.0
