,Rseq_targets,Rseq_hits,Rfrequency
true_Rseq,4.4909597488526245,4.4909597488526245,4.0
alt_corrected,4.535235787310198,4.535235787310198,4.0
alt_corrected_unif,4.536874531049559,4.536874531049559,4.0
alt_uncorrected,5.408352211362983,5.408352211362983,4.0
