,Rseq_targets,Rseq_hits,Rfrequency
true_Rseq,4.533757569458961,4.533757569458961,4.0
alt_corrected,4.5939348724745805,4.5939348724745805,4.0
alt_corrected_unif,4.617070162547545,4.617070162547545,4.0
alt_uncorrected,5.48854784286097,5.48854784286097,4.0
