,Rseq_targets,Rseq_hits,Rfrequency
true_Rseq,3.973940980125697,3.973940980125697,4.0
alt_corrected,3.888094314517796,3.888094314517796,4.0
alt_corrected_unif,3.935046340005877,3.935046340005877,4.0
alt_uncorrected,4.806524020319301,4.806524020319301,4.0
