,Rseq_targets,Rseq_hits,Rfrequency
true_Rseq,4.073490546014848,4.073490546014848,4.0
alt_corrected,3.977000845733341,3.977000845733341,4.0
alt_corrected_unif,3.991741206558759,3.991741206558759,4.0
alt_uncorrected,4.8632188868721835,4.8632188868721835,4.0
