,Rseq_targets,Rseq_hits,Rfrequency
true_Rseq,3.818821462582715,3.818821462582715,4.0
alt_corrected,3.806105488584745,3.806105488584745,4.0
alt_corrected_unif,3.9335416464286967,3.9335416464286967,4.0
alt_uncorrected,4.805019326742121,4.805019326742121,4.0
