,Rseq_targets,Rseq_hits,Rfrequency
true_Rseq,3.761219064704809,3.761219064704809,4.0
alt_corrected,3.7140590187927165,3.7140590187927165,4.0
alt_corrected_unif,3.7484322219083306,3.7484322219083306,4.0
alt_uncorrected,4.619909902221755,4.619909902221755,4.0
