,Rseq_targets,Rseq_hits,Rfrequency
true_Rseq,3.7066959773299564,3.7066959773299564,4.0
alt_corrected,3.7721974395562174,3.7721974395562174,4.0
alt_corrected_unif,3.819853061184389,3.819853061184389,4.0
alt_uncorrected,4.691330741497813,4.691330741497813,4.0
