,Rseq_targets,Rseq_hits,Rfrequency
true_Rseq,2.756267754412864,3.527522488600055,4.0
alt_corrected,2.821614579581297,3.5961451937103193,4.0
alt_corrected_unif,2.901328162368568,3.67585877649759,4.0
alt_uncorrected,3.772805842681992,4.547336456811014,4.0
