,Rseq_targets,Rseq_hits,Rfrequency
true_Rseq,3.8233606779881804,3.8233606779881804,4.0
alt_corrected,3.882329668751254,3.882329668751254,4.0
alt_corrected_unif,3.8905264259635213,3.8905264259635213,4.0
alt_uncorrected,4.762004106276946,4.762004106276946,4.0
