,Rseq_targets,Rseq_hits,Rfrequency
true_Rseq,4.371465899068967,4.371465899068967,4.0
alt_corrected,3.960851473813737,3.960851473813737,4.0
alt_corrected_unif,4.104338780335626,4.104338780335626,4.0
alt_uncorrected,4.97581646064905,4.97581646064905,4.0
