,Rseq_targets,Rseq_hits,Rfrequency
true_Rseq,4.218046557006053,4.218046557006053,4.0
alt_corrected,4.2475808164577575,4.2475808164577575,4.0
alt_corrected_unif,4.2546449726315885,4.2546449726315885,4.0
alt_uncorrected,5.126122652945012,5.126122652945012,4.0
