,Rseq_targets,Rseq_hits,Rfrequency
true_Rseq,4.539303040141013,4.539303040141013,4.0
alt_corrected,4.224745532892998,4.224745532892998,4.0
alt_corrected_unif,4.299619141099953,4.299619141099953,4.0
alt_uncorrected,5.171096821413377,5.171096821413377,4.0
