,Rseq_targets,Rseq_hits,Rfrequency
true_Rseq,4.421736867167054,4.421736867167054,4.0
alt_corrected,4.529958089556111,4.529958089556111,4.0
alt_corrected_unif,4.61387539014385,4.61387539014385,4.0
alt_uncorrected,5.485353070457274,5.485353070457274,4.0
