,Rseq_targets,Rseq_hits,Rfrequency
true_Rseq,4.054323945110556,4.054323945110556,4.0
alt_corrected,3.8856706123395868,3.8856706123395868,4.0
alt_corrected_unif,3.9485168742823684,3.9485168742823684,4.0
alt_uncorrected,4.819994554595793,4.819994554595793,4.0
