,Rseq_targets,Rseq_hits,Rfrequency
true_Rseq,3.767540320958175,3.767540320958175,4.0
alt_corrected,3.645577210421974,3.645577210421974,4.0
alt_corrected_unif,3.7083455319618372,3.7083455319618372,4.0
alt_uncorrected,4.579823212275262,4.579823212275262,4.0
