,Rseq_targets,Rseq_hits,Rfrequency
true_Rseq,3.6250765690475966,3.6250765690475966,4.0
alt_corrected,3.665651088971787,3.665651088971787,4.0
alt_corrected_unif,3.7076360522653036,3.7076360522653036,4.0
alt_uncorrected,4.579113732578728,4.579113732578728,4.0
