,Rseq_targets,Rseq_hits,Rfrequency
true_Rseq,3.6944565737458053,3.6944565737458053,4.0
alt_corrected,3.7938086907599815,3.7938086907599815,4.0
alt_corrected_unif,3.871989888630915,3.871989888630915,4.0
alt_uncorrected,4.7434675689443395,4.7434675689443395,4.0
