,Rseq_targets,Rseq_hits,Rfrequency
true_Rseq,4.178865104741176,4.178865104741176,4.0
alt_corrected,4.178073406250139,4.178073406250139,4.0
alt_corrected_unif,4.270670204302512,4.270670204302512,4.0
alt_uncorrected,5.142147884615936,5.142147884615936,4.0
