,Rseq_targets,Rseq_hits,Rfrequency
true_Rseq,1.2368736164553145,2.680921597146641,4.0
alt_corrected,1.2141402623533368,2.6476596072488925,4.0
alt_corrected_unif,1.4601378151152975,2.893657160010853,4.0
alt_uncorrected,2.331615495428722,3.7651348403242775,4.0
