,Rseq_targets,Rseq_hits,Rfrequency
true_Rseq,3.716013934879231,3.716013934879231,4.0
alt_corrected,3.884477654419211,3.884477654419211,4.0
alt_corrected_unif,3.948213565783528,3.948213565783528,4.0
alt_uncorrected,4.819691246096952,4.819691246096952,4.0
