,Rseq_targets,Rseq_hits,Rfrequency
true_Rseq,4.010378933190969,4.010378933190969,4.0
alt_corrected,3.9529086884602145,3.9529086884602145,4.0
alt_corrected_unif,3.9567389717948607,3.9567389717948607,4.0
alt_uncorrected,4.828216652108285,4.828216652108285,4.0
