,Rseq_targets,Rseq_hits,Rfrequency
true_Rseq,3.568057977431482,3.568057977431482,4.0
alt_corrected,3.632915284888064,3.632915284888064,4.0
alt_corrected_unif,3.6732559640864646,3.6732559640864646,4.0
alt_uncorrected,4.544733644399889,4.544733644399889,4.0
