,Rseq_targets,Rseq_hits,Rfrequency
true_Rseq,4.592469260489805,4.592469260489805,4.0
alt_corrected,4.528838545001095,4.528838545001095,4.0
alt_corrected_unif,4.59617813058447,4.59617813058447,4.0
alt_uncorrected,5.467655810897894,5.467655810897894,4.0
