,Rseq_targets,Rseq_hits,Rfrequency
true_Rseq,3.877831341987876,3.877831341987876,4.0
alt_corrected,3.796437925291666,3.796437925291666,4.0
alt_corrected_unif,3.8322132701771054,3.8322132701771054,4.0
alt_uncorrected,4.70369095049053,4.70369095049053,4.0
