,Rseq_targets,Rseq_hits,Rfrequency
true_Rseq,4.74157734192079,4.74157734192079,4.0
alt_corrected,4.2048202936912835,4.2048202936912835,4.0
alt_corrected_unif,4.399622319732982,4.399622319732982,4.0
alt_uncorrected,5.271100000046406,5.271100000046406,4.0
