,Rseq_targets,Rseq_hits,Rfrequency
true_Rseq,3.4861496864877326,3.4861496864877326,4.0
alt_corrected,3.4191689222902295,3.4191689222902295,4.0
alt_corrected_unif,3.4933669408022223,3.4933669408022223,4.0
alt_uncorrected,4.364844621115647,4.364844621115647,4.0
