,Rseq_targets,Rseq_hits,Rfrequency
true_Rseq,4.461186814424077,4.461186814424077,4.0
alt_corrected,4.390884711708836,4.390884711708836,4.0
alt_corrected_unif,4.535007387554613,4.535007387554613,4.0
alt_uncorrected,5.4064850678680365,5.4064850678680365,4.0
