,Rseq_targets,Rseq_hits,Rfrequency
true_Rseq,3.7272404607951835,3.7272404607951835,4.0
alt_corrected,3.698689361178776,3.698689361178776,4.0
alt_corrected_unif,3.713704397643244,3.713704397643244,4.0
alt_uncorrected,4.585182077956668,4.585182077956668,4.0
