,Rseq_targets,Rseq_hits,Rfrequency
true_Rseq,4.070412542198019,4.070412542198019,4.0
alt_corrected,3.931582678458246,3.931582678458246,4.0
alt_corrected_unif,3.968739513618558,3.968739513618558,4.0
alt_uncorrected,4.8402171939319825,4.8402171939319825,4.0
