,Rseq_targets,Rseq_hits,Rfrequency
true_Rseq,4.200064107065883,4.200064107065883,4.0
alt_corrected,4.038065678674945,4.038065678674945,4.0
alt_corrected_unif,4.0689564771572115,4.0689564771572115,4.0
alt_uncorrected,4.940434157470635,4.940434157470635,4.0
