,Rseq_targets,Rseq_hits,Rfrequency
true_Rseq,5.208711056122707,5.208711056122707,4.0
alt_corrected,5.104988546275948,5.104988546275948,4.0
alt_corrected_unif,5.174145759265782,5.174145759265782,4.0
alt_uncorrected,6.045623439579206,6.045623439579206,4.0
