,Rseq_targets,Rseq_hits,Rfrequency
true_Rseq,3.853792253936537,3.853792253936537,4.0
alt_corrected,3.8730256142265835,3.8730256142265835,4.0
alt_corrected_unif,3.8768027376483754,3.8768027376483754,4.0
alt_uncorrected,4.7482804179618,4.7482804179618,4.0
