,Rseq_targets,Rseq_hits,Rfrequency
true_Rseq,3.790971494321835,3.790971494321835,4.0
alt_corrected,4.042528053213413,4.042528053213413,4.0
alt_corrected_unif,4.159750933154578,4.159750933154578,4.0
alt_uncorrected,5.031228613468002,5.031228613468002,4.0
