,Rseq_targets,Rseq_hits,Rfrequency
true_Rseq,3.9827921571878075,3.9827921571878075,4.0
alt_corrected,4.133392037640494,4.133392037640494,4.0
alt_corrected_unif,4.192832910459968,4.192832910459968,4.0
alt_uncorrected,5.064310590773392,5.064310590773392,4.0
