,Rseq_targets,Rseq_hits,Rfrequency
true_Rseq,4.645070475610305,4.645070475610305,4.0
alt_corrected,4.231308173181091,4.231308173181091,4.0
alt_corrected_unif,4.449629153380123,4.449629153380123,4.0
alt_uncorrected,5.321106833693547,5.321106833693547,4.0
