,Rseq_targets,Rseq_hits,Rfrequency
true_Rseq,4.389109020213882,4.389109020213882,4.0
alt_corrected,4.022824033079029,4.022824033079029,4.0
alt_corrected_unif,4.1283289710002204,4.1283289710002204,4.0
alt_uncorrected,4.999806651313645,4.999806651313645,4.0
