,Rseq_targets,Rseq_hits,Rfrequency
true_Rseq,4.753035308383437,4.753035308383437,4.0
alt_corrected,4.328770164891804,4.328770164891804,4.0
alt_corrected_unif,4.541957008652648,4.541957008652648,4.0
alt_uncorrected,5.413434688966073,5.413434688966073,4.0
