,Rseq_targets,Rseq_hits,Rfrequency
true_Rseq,4.462705923698151,4.462705923698151,4.0
alt_corrected,4.388810947421877,4.388810947421877,4.0
alt_corrected_unif,4.409720182006243,4.409720182006243,4.0
alt_uncorrected,5.281197862319667,5.281197862319667,4.0
