,Rseq_targets,Rseq_hits,Rfrequency
true_Rseq,4.349154511983468,4.349154511983468,4.0
alt_corrected,4.370867490866631,4.370867490866631,4.0
alt_corrected_unif,4.373040764359628,4.373040764359628,4.0
alt_uncorrected,5.2445184446730515,5.2445184446730515,4.0
