,Rseq_targets,Rseq_hits,Rfrequency
true_Rseq,3.278834880769212,3.3978603942081698,4.0
alt_corrected,3.4515731367817626,3.5679178943336423,4.0
alt_corrected_unif,3.494904639941582,3.6112493974934616,4.0
alt_uncorrected,4.366382320255006,4.482727077806886,4.0
