,Rseq_targets,Rseq_hits,Rfrequency
true_Rseq,3.491748521849206,3.491748521849206,4.0
alt_corrected,3.6817983330915065,3.6817983330915065,4.0
alt_corrected_unif,3.7170025936234325,3.7170025936234325,4.0
alt_uncorrected,4.588480273936857,4.588480273936857,4.0
