,Rseq_targets,Rseq_hits,Rfrequency
true_Rseq,3.285031625902663,3.285031625902663,4.0
alt_corrected,3.388447185868102,3.388447185868102,4.0
alt_corrected_unif,3.4478880586875724,3.4478880586875724,4.0
alt_uncorrected,4.319365739000997,4.319365739000997,4.0
