,Rseq_targets,Rseq_hits,Rfrequency
true_Rseq,4.056426626519721,4.056426626519721,4.0
alt_corrected,4.134933761833468,4.134933761833468,4.0
alt_corrected_unif,4.155437450442511,4.155437450442511,4.0
alt_uncorrected,5.026915130755935,5.026915130755935,4.0
