,Rseq_targets,Rseq_hits,Rfrequency
true_Rseq,4.317338244904159,4.317338244904159,4.0
alt_corrected,4.304252607298805,4.304252607298805,4.0
alt_corrected_unif,4.336617358612582,4.336617358612582,4.0
alt_uncorrected,5.208095038926007,5.208095038926007,4.0
