,Rseq_targets,Rseq_hits,Rfrequency
true_Rseq,5.5109935981020755,5.342439472350824,4.0
alt_corrected,5.157877849807027,4.984851645241711,4.0
alt_corrected_unif,5.2097169112598,5.036690706694484,4.0
alt_uncorrected,6.081194591573224,5.908168387007908,4.0
