,Rseq_targets,Rseq_hits,Rfrequency
true_Rseq,4.108719822203927,4.108719822203927,4.0
alt_corrected,3.995161300363532,3.995161300363532,4.0
alt_corrected_unif,4.087758098415906,4.087758098415906,4.0
alt_uncorrected,4.9592357787293295,4.9592357787293295,4.0
