,Rseq_targets,Rseq_hits,Rfrequency
true_Rseq,4.717893873286995,4.717893873286995,4.0
alt_corrected,4.604578517783924,4.604578517783924,4.0
alt_corrected_unif,4.6413380353140035,4.6413380353140035,4.0
alt_uncorrected,5.512815715627427,5.512815715627427,4.0
