,Rseq_targets,Rseq_hits,Rfrequency
true_Rseq,4.46551281440097,4.46551281440097,4.0
alt_corrected,4.450885518478886,4.450885518478886,4.0
alt_corrected_unif,4.5106130935928554,4.5106130935928554,4.0
alt_uncorrected,5.382090773906279,5.382090773906279,4.0
