,Rseq_targets,Rseq_hits,Rfrequency
true_Rseq,4.151167572202207,4.151167572202207,4.0
alt_corrected,4.101578712798443,4.101578712798443,4.0
alt_corrected_unif,4.1299455392527396,4.1299455392527396,4.0
alt_uncorrected,5.001423219566163,5.001423219566163,4.0
