,Rseq_targets,Rseq_hits,Rfrequency
true_Rseq,3.1132572571869233,3.1132572571869233,4.0
alt_corrected,3.189076307897735,3.189076307897735,4.0
alt_corrected_unif,3.2829901807837225,3.2829901807837225,4.0
alt_uncorrected,4.154467861097147,4.154467861097147,4.0
