,Rseq_targets,Rseq_hits,Rfrequency
true_Rseq,5.207562569438219,5.207562569438219,4.0
alt_corrected,4.9406388728822765,4.9406388728822765,4.0
alt_corrected_unif,4.993069082992227,4.993069082992227,4.0
alt_uncorrected,5.8645467633056505,5.8645467633056505,4.0
