,Rseq_targets,Rseq_hits,Rfrequency
true_Rseq,3.572981957389402,3.572981957389402,4.0
alt_corrected,3.5673342707812705,3.5673342707812705,4.0
alt_corrected_unif,3.5722068873598256,3.5722068873598256,4.0
alt_uncorrected,4.44368456767325,4.44368456767325,4.0
