,Rseq_targets,Rseq_hits,Rfrequency
true_Rseq,3.5550844370897536,3.5550844370897536,4.0
alt_corrected,3.4161919958137785,3.4161919958137785,4.0
alt_corrected_unif,3.5432675235767737,3.5432675235767737,4.0
alt_uncorrected,4.414745203890198,4.414745203890198,4.0
