,Rseq_targets,Rseq_hits,Rfrequency
true_Rseq,4.24829345337387,4.24829345337387,4.0
alt_corrected,4.281778522063652,4.281778522063652,4.0
alt_corrected_unif,4.287212655327101,4.287212655327101,4.0
alt_uncorrected,5.158690335640525,5.158690335640525,4.0
