,Rseq_targets,Rseq_hits,Rfrequency
true_Rseq,3.8521979227637306,3.8521979227637306,4.0
alt_corrected,3.9125390301071525,3.9125390301071525,4.0
alt_corrected_unif,3.9292110764132544,3.9292110764132544,4.0
alt_uncorrected,4.800688756726679,4.800688756726679,4.0
