,Rseq_targets,Rseq_hits,Rfrequency
true_Rseq,3.999887951148315,3.999887951148315,4.0
alt_corrected,4.090984089108132,4.090984089108132,4.0
alt_corrected_unif,4.1337265674807,4.1337265674807,4.0
alt_uncorrected,5.005204247794124,5.005204247794124,4.0
