,Rseq_targets,Rseq_hits,Rfrequency
true_Rseq,4.484093295246553,4.484093295246553,4.0
alt_corrected,4.228282641408123,4.228282641408123,4.0
alt_corrected_unif,4.292018552772424,4.292018552772424,4.0
alt_uncorrected,5.163496233085848,5.163496233085848,4.0
