,Rseq_targets,Rseq_hits,Rfrequency
true_Rseq,3.6926367449322752,3.6926367449322752,4.0
alt_corrected,3.543426893109216,3.543426893109216,4.0
alt_corrected_unif,3.6138167726503254,3.6138167726503254,4.0
alt_uncorrected,4.48529445296375,4.48529445296375,4.0
