,Rseq_targets,Rseq_hits,Rfrequency
true_Rseq,4.0673465410137,4.0673465410137,4.0
alt_corrected,4.117989368142261,4.117989368142261,4.0
alt_corrected_unif,4.127391327142812,4.127391327142812,4.0
alt_uncorrected,4.998869007456236,4.998869007456236,4.0
