,Rseq_targets,Rseq_hits,Rfrequency
true_Rseq,3.9965789313132465,3.9965789313132465,4.0
alt_corrected,3.9444830224087135,3.9444830224087135,4.0
alt_corrected_unif,3.9594980588731814,3.9594980588731814,4.0
alt_uncorrected,4.830975739186606,4.830975739186606,4.0
