,Rseq_targets,Rseq_hits,Rfrequency
true_Rseq,4.081381234048882,4.081381234048882,4.0
alt_corrected,4.1819652930225395,4.1819652930225395,4.0
alt_corrected_unif,4.220626302647375,4.220626302647375,4.0
alt_uncorrected,5.0921039829608,5.0921039829608,4.0
