,Rseq_targets,Rseq_hits,Rfrequency
true_Rseq,3.7073121077255955,3.7073121077255955,4.0
alt_corrected,3.47241097860458,3.47241097860458,4.0
alt_corrected_unif,3.516758702990687,3.516758702990687,4.0
alt_uncorrected,4.388236383304111,4.388236383304111,4.0
