,Rseq_targets,Rseq_hits,Rfrequency
true_Rseq,4.161880703019365,4.161880703019365,4.0
alt_corrected,4.064243783766643,4.064243783766643,4.0
alt_corrected_unif,4.143617801069208,4.143617801069208,4.0
alt_uncorrected,5.015095481382633,5.015095481382633,4.0
