,Rseq_targets,Rseq_hits,Rfrequency
true_Rseq,3.4820937986330662,3.4820937986330662,4.0
alt_corrected,3.0283098877558516,3.0283098877558516,4.0
alt_corrected_unif,3.1904181048278573,3.1904181048278573,4.0
alt_uncorrected,4.061895785141282,4.061895785141282,4.0
