,Rseq_targets,Rseq_hits,Rfrequency
true_Rseq,3.6800726867498597,3.6800726867498597,4.0
alt_corrected,3.6783114840692144,3.6783114840692144,4.0
alt_corrected_unif,3.679397985234385,3.679397985234385,4.0
alt_uncorrected,4.550875665547809,4.550875665547809,4.0
