,Rseq_targets,Rseq_hits,Rfrequency
true_Rseq,4.030745468939456,4.030745468939456,4.0
alt_corrected,3.8934493878132783,3.8934493878132783,4.0
alt_corrected_unif,3.962235417425592,3.962235417425592,4.0
alt_uncorrected,4.833713097739016,4.833713097739016,4.0
