,Rseq_targets,Rseq_hits,Rfrequency
true_Rseq,3.1073980690573038,3.1073980690573038,4.0
alt_corrected,3.210718587156861,3.210718587156861,4.0
alt_corrected_unif,3.2210182125655025,3.2210182125655025,4.0
alt_uncorrected,4.092495892878927,4.092495892878927,4.0
