,Rseq_targets,Rseq_hits,Rfrequency
true_Rseq,3.8353562124942346,3.8353562124942346,4.0
alt_corrected,3.7560148897253525,3.7560148897253525,4.0
alt_corrected_unif,3.7792288315271683,3.7792288315271683,4.0
alt_uncorrected,4.650706511840593,4.650706511840593,4.0
