,Rseq_targets,Rseq_hits,Rfrequency
true_Rseq,4.316456727515161,4.316456727515161,4.0
alt_corrected,4.3705230099242,4.3705230099242,4.0
alt_corrected_unif,4.4471622241604045,4.4471622241604045,4.0
alt_uncorrected,5.318639904473828,5.318639904473828,4.0
