,Rseq_targets,Rseq_hits,Rfrequency
true_Rseq,4.254927855086793,4.254927855086793,4.0
alt_corrected,3.972829950419313,3.972829950419313,4.0
alt_corrected_unif,4.07547147269085,4.07547147269085,4.0
alt_uncorrected,4.946949153004275,4.946949153004275,4.0
