,Rseq_targets,Rseq_hits,Rfrequency
true_Rseq,3.81837358615636,3.81837358615636,4.0
alt_corrected,3.80411751092336,3.80411751092336,4.0
alt_corrected_unif,3.8366295130371664,3.8366295130371664,4.0
alt_uncorrected,4.708107193350591,4.708107193350591,4.0
