,Rseq_targets,Rseq_hits,Rfrequency
true_Rseq,4.444432323122915,4.444432323122915,4.0
alt_corrected,4.311653323459062,4.311653323459062,4.0
alt_corrected_unif,4.326393684284497,4.326393684284497,4.0
alt_uncorrected,5.197871364597921,5.197871364597921,4.0
