,Rseq_targets,Rseq_hits,Rfrequency
true_Rseq,3.9604154825844056,3.9604154825844056,4.0
alt_corrected,4.238758936001972,4.238758936001972,4.0
alt_corrected_unif,4.30747960478865,4.30747960478865,4.0
alt_uncorrected,5.178957285102074,5.178957285102074,4.0
