,Rseq_targets,Rseq_hits,Rfrequency
true_Rseq,4.5689729761090305,4.5689729761090305,4.0
alt_corrected,4.534907473564665,4.534907473564665,4.0
alt_corrected_unif,4.537623997640251,4.537623997640251,4.0
alt_uncorrected,5.409101677953675,5.409101677953675,4.0
