,Rseq_targets,Rseq_hits,Rfrequency
true_Rseq,3.5315201336272306,3.5315201336272306,4.0
alt_corrected,3.5255008230000975,3.5255008230000975,4.0
alt_corrected_unif,3.6045627149926998,3.6045627149926998,4.0
alt_uncorrected,4.476040395306124,4.476040395306124,4.0
