,Rseq_targets,Rseq_hits,Rfrequency
true_Rseq,3.8056405473195962,3.8056405473195962,4.0
alt_corrected,3.7912544382585436,3.7912544382585436,4.0
alt_corrected_unif,3.8939900803164593,3.8939900803164593,4.0
alt_uncorrected,4.765467760629884,4.765467760629884,4.0
