,Rseq_targets,Rseq_hits,Rfrequency
true_Rseq,4.749169886649174,4.749169886649174,4.0
alt_corrected,4.448197115445009,4.448197115445009,4.0
alt_corrected_unif,4.514348643418884,4.514348643418884,4.0
alt_uncorrected,5.385826323732308,5.385826323732308,4.0
