,Rseq_targets,Rseq_hits,Rfrequency
true_Rseq,4.55218564109661,4.55218564109661,4.0
alt_corrected,4.431817617050218,4.431817617050218,4.0
alt_corrected_unif,4.454443015635018,4.454443015635018,4.0
alt_uncorrected,5.325920695948443,5.325920695948443,4.0
