,Rseq_targets,Rseq_hits,Rfrequency
true_Rseq,3.9951064206490354,3.9951064206490354,4.0
alt_corrected,3.9495918538896997,3.9495918538896997,4.0
alt_corrected_unif,3.9957073688618796,3.9957073688618796,4.0
alt_uncorrected,4.867185049175304,4.867185049175304,4.0
