,Rseq_targets,Rseq_hits,Rfrequency
true_Rseq,3.1808184943948135,3.1808184943948135,4.0
alt_corrected,3.15405247856623,3.15405247856623,4.0
alt_corrected_unif,3.162249235778496,3.162249235778496,4.0
alt_uncorrected,4.03372691609192,4.03372691609192,4.0
