,Rseq_targets,Rseq_hits,Rfrequency
true_Rseq,3.7916140552142235,3.7916140552142235,4.0
alt_corrected,3.7262826297802762,3.7262826297802762,4.0
alt_corrected_unif,3.8625670984548868,3.8625670984548868,4.0
alt_uncorrected,4.734044778768311,4.734044778768311,4.0
