,Rseq_targets,Rseq_hits,Rfrequency
true_Rseq,4.6868758812246565,4.6868758812246565,4.0
alt_corrected,4.320261682851385,4.320261682851385,4.0
alt_corrected_unif,4.369066401033509,4.369066401033509,4.0
alt_uncorrected,5.240544081346933,5.240544081346933,4.0
