,Rseq_targets,Rseq_hits,Rfrequency
true_Rseq,3.4199108850421425,3.4199108850421425,4.0
alt_corrected,3.449912498317867,3.449912498317867,4.0
alt_corrected_unif,3.473376879633664,3.473376879633664,4.0
alt_uncorrected,4.3448545599470885,4.3448545599470885,4.0
