,Rseq_targets,Rseq_hits,Rfrequency
true_Rseq,3.9924837009192053,3.9924837009192053,4.0
alt_corrected,3.938423107738416,3.938423107738416,4.0
alt_corrected_unif,3.9466198649506823,3.9466198649506823,4.0
alt_uncorrected,4.818097545264107,4.818097545264107,4.0
