,Rseq_targets,Rseq_hits,Rfrequency
true_Rseq,3.9058415049859594,3.9058415049859594,4.0
alt_corrected,3.892630753423837,3.892630753423837,4.0
alt_corrected_unif,3.8992236607073063,3.8992236607073063,4.0
alt_uncorrected,4.770701341020731,4.770701341020731,4.0
