,Rseq_targets,Rseq_hits,Rfrequency
true_Rseq,4.175588785436275,4.175588785436275,4.0
alt_corrected,3.961008990300931,3.961008990300931,4.0
alt_corrected_unif,3.988224803251437,3.988224803251437,4.0
alt_uncorrected,4.8597024835648615,4.8597024835648615,4.0
