,Rseq_targets,Rseq_hits,Rfrequency
true_Rseq,3.6018142791455263,3.6018142791455263,4.0
alt_corrected,3.664419467450705,3.664419467450705,4.0
alt_corrected_unif,3.679860685564829,3.679860685564829,4.0
alt_uncorrected,4.551338365878253,4.551338365878253,4.0
