,Rseq_targets,Rseq_hits,Rfrequency
true_Rseq,4.577126674638857,4.577126674638857,4.0
alt_corrected,4.630703768185125,4.630703768185125,4.0
alt_corrected_unif,4.654291184150267,4.654291184150267,4.0
alt_uncorrected,5.525768864463692,5.525768864463692,4.0
