,Rseq_targets,Rseq_hits,Rfrequency
true_Rseq,3.709093246642209,3.709093246642209,4.0
alt_corrected,3.797394416844369,3.797394416844369,4.0
alt_corrected_unif,3.8255962414191225,3.8255962414191225,4.0
alt_uncorrected,4.697073921732547,4.697073921732547,4.0
