,Rseq_targets,Rseq_hits,Rfrequency
true_Rseq,4.807024098914088,4.807024098914088,4.0
alt_corrected,4.562153512639654,4.562153512639654,4.0
alt_corrected_unif,4.620383357109777,4.620383357109777,4.0
alt_uncorrected,5.4918610374232015,5.4918610374232015,4.0
