,Rseq_targets,Rseq_hits,Rfrequency
true_Rseq,4.37831669534029,4.37831669534029,4.0
alt_corrected,4.152008778040365,4.152008778040365,4.0
alt_corrected_unif,4.221929854044692,4.221929854044692,4.0
alt_uncorrected,5.093407534358117,5.093407534358117,4.0
