,Rseq_targets,Rseq_hits,Rfrequency
true_Rseq,3.9849691869082005,3.9849691869082005,4.0
alt_corrected,4.096936119712829,4.096936119712829,4.0
alt_corrected_unif,4.137487058490093,4.137487058490093,4.0
alt_uncorrected,5.008964738803517,5.008964738803517,4.0
