,Rseq_targets,Rseq_hits,Rfrequency
true_Rseq,3.4669157606756897,3.4669157606756897,4.0
alt_corrected,3.5222097315029637,3.5222097315029637,4.0
alt_corrected_unif,3.540608891126284,3.540608891126284,4.0
alt_uncorrected,4.412086571439708,4.412086571439708,4.0
