,Rseq_targets,Rseq_hits,Rfrequency
true_Rseq,0.4817985433800924,2.553681868691257,4.0
alt_corrected,0.7033848322862888,2.8579962792864766,4.0
alt_corrected_unif,0.8380125068942952,2.992623953894483,4.0
alt_uncorrected,1.7094901872077195,3.8641016342079073,4.0
