,Rseq_targets,Rseq_hits,Rfrequency
true_Rseq,4.314568652889443,4.314568652889443,4.0
alt_corrected,4.046845890689023,4.046845890689023,4.0
alt_corrected_unif,4.143086860810481,4.143086860810481,4.0
alt_uncorrected,5.014564541123906,5.014564541123906,4.0
