,Rseq_targets,Rseq_hits,Rfrequency
true_Rseq,4.408235566407827,4.408235566407827,4.0
alt_corrected,4.048606725519986,4.048606725519986,4.0
alt_corrected_unif,4.184036845815109,4.184036845815109,4.0
alt_uncorrected,5.055514526128533,5.055514526128533,4.0
