,Rseq_targets,Rseq_hits,Rfrequency
true_Rseq,3.909831133735901,3.909831133735901,4.0
alt_corrected,3.828796241825946,3.828796241825946,4.0
alt_corrected_unif,3.8543540165631582,3.8543540165631582,4.0
alt_uncorrected,4.7258316968765826,4.7258316968765826,4.0
