,Rseq_targets,Rseq_hits,Rfrequency
true_Rseq,4.763694008086684,4.763694008086684,4.0
alt_corrected,4.97746318264541,4.97746318264541,4.0
alt_corrected_unif,5.028346600116533,5.028346600116533,4.0
alt_uncorrected,5.899824280429957,5.899824280429957,4.0
