,Rseq_targets,Rseq_hits,Rfrequency
true_Rseq,4.010787496498683,4.010787496498683,4.0
alt_corrected,3.9202936071163634,3.9202936071163634,4.0
alt_corrected_unif,3.9475094200668788,3.9475094200668788,4.0
alt_uncorrected,4.818987100380303,4.818987100380303,4.0
