,Rseq_targets,Rseq_hits,Rfrequency
true_Rseq,4.912408295064727,4.912408295064727,4.0
alt_corrected,4.730581452202328,4.730581452202328,4.0
alt_corrected_unif,4.7883043547186634,4.7883043547186634,4.0
alt_uncorrected,5.659782035032087,5.659782035032087,4.0
