,Rseq_targets,Rseq_hits,Rfrequency
true_Rseq,4.162113351644497,4.162113351644497,4.0
alt_corrected,4.135380472910297,4.135380472910297,4.0
alt_corrected_unif,4.172139990440366,4.172139990440366,4.0
alt_uncorrected,5.0436176707537905,5.0436176707537905,4.0
