,Rseq_targets,Rseq_hits,Rfrequency
true_Rseq,3.6747081119433203,3.6747081119433203,4.0
alt_corrected,3.6915987404399835,3.6915987404399835,4.0
alt_corrected_unif,3.6980498164116935,3.6980498164116935,4.0
alt_uncorrected,4.569527496725118,4.569527496725118,4.0
