,Rseq_targets,Rseq_hits,Rfrequency
true_Rseq,3.9914344066035436,3.9914344066035436,4.0
alt_corrected,3.9462257434468557,3.9462257434468557,4.0
alt_corrected_unif,4.003828132683189,4.003828132683189,4.0
alt_uncorrected,4.875305812996613,4.875305812996613,4.0
