,Rseq_targets,Rseq_hits,Rfrequency
true_Rseq,2.2327535310780924,3.5277573542023966,4.0
alt_corrected,2.204258817235512,3.439898429249535,4.0
alt_corrected_unif,2.2503743322076826,3.4860139442217055,4.0
alt_uncorrected,3.121852012521107,4.35749162453513,4.0
