,Rseq_targets,Rseq_hits,Rfrequency
true_Rseq,3.2622740084951793,3.2622740084951793,4.0
alt_corrected,3.4032875161790206,3.4032875161790206,4.0
alt_corrected_unif,3.434075816962675,3.434075816962675,4.0
alt_uncorrected,4.305553497276099,4.305553497276099,4.0
