,Rseq_targets,Rseq_hits,Rfrequency
true_Rseq,4.571720948403115,4.571720948403115,4.0
alt_corrected,4.544258889523838,4.544258889523838,4.0
alt_corrected_unif,4.572995243852244,4.572995243852244,4.0
alt_uncorrected,5.444472924165669,5.444472924165669,4.0
