,Rseq_targets,Rseq_hits,Rfrequency
true_Rseq,4.803966652959879,4.803966652959879,4.0
alt_corrected,4.635398932907701,4.635398932907701,4.0
alt_corrected_unif,4.693628777377837,4.693628777377837,4.0
alt_uncorrected,5.565106457691262,5.565106457691262,4.0
