,Rseq_targets,Rseq_hits,Rfrequency
true_Rseq,3.23971361300943,3.23971361300943,4.0
alt_corrected,3.210902299381078,3.210902299381078,4.0
alt_corrected_unif,3.240456902726899,3.240456902726899,4.0
alt_uncorrected,4.111934583040323,4.111934583040323,4.0
