,Rseq_targets,Rseq_hits,Rfrequency
true_Rseq,4.5477873087816185,4.5477873087816185,4.0
alt_corrected,4.572448773978653,4.572448773978653,4.0
alt_corrected_unif,4.58631153269965,4.58631153269965,4.0
alt_uncorrected,5.457789213013074,5.457789213013074,4.0
