,Rseq_targets,Rseq_hits,Rfrequency
true_Rseq,3.9904707105354014,3.9904707105354014,4.0
alt_corrected,4.144299508097424,4.144299508097424,4.0
alt_corrected_unif,4.244418165277709,4.244418165277709,4.0
alt_uncorrected,5.115895845591134,5.115895845591134,4.0
