,Rseq_targets,Rseq_hits,Rfrequency
true_Rseq,4.527440262228486,4.527440262228486,4.0
alt_corrected,4.3460512070704524,4.3460512070704524,4.0
alt_corrected_unif,4.449328999845584,4.449328999845584,4.0
alt_uncorrected,5.3208066801590075,5.3208066801590075,4.0
