,Rseq_targets,Rseq_hits,Rfrequency
true_Rseq,4.096300571447838,4.096300571447838,4.0
alt_corrected,4.138476723133202,4.138476723133202,4.0
alt_corrected_unif,4.175509455436885,4.175509455436885,4.0
alt_uncorrected,5.046987135750308,5.046987135750308,4.0
