,Rseq_targets,Rseq_hits,Rfrequency
true_Rseq,4.3315576245655905,4.3315576245655905,4.0
alt_corrected,4.291611614568908,4.291611614568908,4.0
alt_corrected_unif,4.301911239977549,4.301911239977549,4.0
alt_uncorrected,5.173388920290974,5.173388920290974,4.0
