,Rseq_targets,Rseq_hits,Rfrequency
true_Rseq,3.5574280698491343,3.5574280698491343,4.0
alt_corrected,3.376629110173042,3.376629110173042,4.0
alt_corrected_unif,3.5037194660520803,3.5037194660520803,4.0
alt_uncorrected,4.375197146365505,4.375197146365505,4.0
