,Rseq_targets,Rseq_hits,Rfrequency
true_Rseq,4.272576856334581,4.272576856334581,4.0
alt_corrected,4.242901298733461,4.242901298733461,4.0
alt_corrected_unif,4.2682301671082605,4.2682301671082605,4.0
alt_uncorrected,5.139707847421684,5.139707847421684,4.0
