,Rseq_targets,Rseq_hits,Rfrequency
true_Rseq,4.635385634078394,4.635385634078394,4.0
alt_corrected,4.473333962622981,4.473333962622981,4.0
alt_corrected_unif,4.532194077647469,4.532194077647469,4.0
alt_uncorrected,5.403671757960893,5.403671757960893,4.0
