,Rseq_targets,Rseq_hits,Rfrequency
true_Rseq,4.059595309838254,4.059595309838254,4.0
alt_corrected,4.150420650847872,4.150420650847872,4.0
alt_corrected_unif,4.194768375233981,4.194768375233981,4.0
alt_uncorrected,5.066246055547405,5.066246055547405,4.0
