,Rseq_targets,Rseq_hits,Rfrequency
true_Rseq,3.7381697551095154,3.7381697551095154,4.0
alt_corrected,3.7328394682483887,3.7328394682483887,4.0
alt_corrected_unif,3.831286148168956,3.831286148168956,4.0
alt_uncorrected,4.7027638284823805,4.7027638284823805,4.0
