,Rseq_targets,Rseq_hits,Rfrequency
true_Rseq,3.149551463686377,3.149551463686377,4.0
alt_corrected,3.195844963790932,3.195844963790932,4.0
alt_corrected_unif,3.3078874678822703,3.3078874678822703,4.0
alt_uncorrected,4.179365148195695,4.179365148195695,4.0
