,Rseq_targets,Rseq_hits,Rfrequency
true_Rseq,4.132429560753955,4.132429560753955,4.0
alt_corrected,4.011994287219208,4.011994287219208,4.0
alt_corrected_unif,4.076254226649869,4.076254226649869,4.0
alt_uncorrected,4.947731906963293,4.947731906963293,4.0
