,Rseq_targets,Rseq_hits,Rfrequency
true_Rseq,3.781904057154085,3.781904057154085,4.0
alt_corrected,3.8410005743507094,3.8410005743507094,4.0
alt_corrected_unif,3.8920969265410874,3.8920969265410874,4.0
alt_uncorrected,4.763574606854512,4.763574606854512,4.0
