,Rseq_targets,Rseq_hits,Rfrequency
true_Rseq,4.237483198066007,4.237483198066007,4.0
alt_corrected,4.256508774984896,4.256508774984896,4.0
alt_corrected_unif,4.363669573307188,4.363669573307188,4.0
alt_uncorrected,5.235147253620613,5.235147253620613,4.0
