,Rseq_targets,Rseq_hits,Rfrequency
true_Rseq,4.420143631421123,4.420143631421123,4.0
alt_corrected,4.256486490849815,4.256486490849815,4.0
alt_corrected_unif,4.291889200243077,4.291889200243077,4.0
alt_uncorrected,5.1633668805565005,5.1633668805565005,4.0
