,Rseq_targets,Rseq_hits,Rfrequency
true_Rseq,3.9103958311257543,3.9103958311257543,4.0
alt_corrected,3.937215769622263,3.937215769622263,4.0
alt_corrected_unif,3.947412206316931,3.947412206316931,4.0
alt_uncorrected,4.818889886630355,4.818889886630355,4.0
