,Rseq_targets,Rseq_hits,Rfrequency
true_Rseq,4.5230462829377185,4.5230462829377185,4.0
alt_corrected,4.47667167648295,4.47667167648295,4.0
alt_corrected_unif,4.511875937014862,4.511875937014862,4.0
alt_uncorrected,5.383353617328286,5.383353617328286,4.0
