,Rseq_targets,Rseq_hits,Rfrequency
true_Rseq,4.197000046136759,4.197000046136759,4.0
alt_corrected,4.1228594976640895,4.1228594976640895,4.0
alt_corrected_unif,4.133322056010842,4.133322056010842,4.0
alt_uncorrected,5.004799736324266,5.004799736324266,4.0
