,Rseq_targets,Rseq_hits,Rfrequency
true_Rseq,3.705856468030513,3.705856468030513,4.0
alt_corrected,3.662783421099987,3.662783421099987,4.0
alt_corrected_unif,3.692111579175705,3.692111579175705,4.0
alt_uncorrected,4.563589259489129,4.563589259489129,4.0
