,Rseq_targets,Rseq_hits,Rfrequency
true_Rseq,4.348429091720214,4.348429091720214,4.0
alt_corrected,4.27143069170661,4.27143069170661,4.0
alt_corrected_unif,4.358952682410237,4.358952682410237,4.0
alt_uncorrected,5.230430362723662,5.230430362723662,4.0
