,Rseq_targets,Rseq_hits,Rfrequency
true_Rseq,4.476427666919697,4.476427666919697,4.0
alt_corrected,4.435863871828432,4.435863871828432,4.0
alt_corrected_unif,4.601089172516085,4.601089172516085,4.0
alt_uncorrected,5.47256685282951,5.47256685282951,4.0
