,Rseq_targets,Rseq_hits,Rfrequency
true_Rseq,3.626628462389194,3.626628462389194,4.0
alt_corrected,3.7403587736154646,3.7403587736154646,4.0
alt_corrected_unif,3.7735391572994534,3.7735391572994534,4.0
alt_uncorrected,4.645016837612878,4.645016837612878,4.0
