,Rseq_targets,Rseq_hits,Rfrequency
true_Rseq,3.764614386463677,3.764614386463677,4.0
alt_corrected,3.847501315183805,3.847501315183805,4.0
alt_corrected_unif,3.857697751878472,3.857697751878472,4.0
alt_uncorrected,4.729175432191896,4.729175432191896,4.0
