,Rseq_targets,Rseq_hits,Rfrequency
true_Rseq,3.947180863733518,3.947180863733518,4.0
alt_corrected,3.800922489376094,3.800922489376094,4.0
alt_corrected_unif,3.951488071971539,3.951488071971539,4.0
alt_uncorrected,4.822965752284963,4.822965752284963,4.0
