,Rseq_targets,Rseq_hits,Rfrequency
true_Rseq,4.752255764178081,4.752255764178081,4.0
alt_corrected,4.771363386541799,4.771363386541799,4.0
alt_corrected_unif,4.77519366987646,4.77519366987646,4.0
alt_uncorrected,5.646671350189885,5.646671350189885,4.0
