,Rseq_targets,Rseq_hits,Rfrequency
true_Rseq,4.130638404584804,4.130638404584804,4.0
alt_corrected,4.122668787571694,4.122668787571694,4.0
alt_corrected_unif,4.123212038154289,4.123212038154289,4.0
alt_uncorrected,4.994689718467713,4.994689718467713,4.0
