,Rseq_targets,Rseq_hits,Rfrequency
true_Rseq,4.213291279894872,4.213291279894872,4.0
alt_corrected,4.231840125859513,4.231840125859513,4.0
alt_corrected_unif,4.262730924341765,4.262730924341765,4.0
alt_uncorrected,5.134208604655189,5.134208604655189,4.0
