,Rseq_targets,Rseq_hits,Rfrequency
true_Rseq,4.109980469478876,4.109980469478876,4.0
alt_corrected,4.113175979591796,4.113175979591796,4.0
alt_corrected_unif,4.156330884546286,4.156330884546286,4.0
alt_uncorrected,5.0278085648597095,5.0278085648597095,4.0
