,Rseq_targets,Rseq_hits,Rfrequency
true_Rseq,3.2777446208709318,3.2777446208709318,4.0
alt_corrected,3.406168495448737,3.406168495448737,4.0
alt_corrected_unif,3.558702262299548,3.558702262299548,4.0
alt_uncorrected,4.430179942612972,4.430179942612972,4.0
