,Rseq_targets,Rseq_hits,Rfrequency
true_Rseq,4.646956254173475,4.646956254173475,4.0
alt_corrected,4.5718645492071985,4.5718645492071985,4.0
alt_corrected_unif,4.690227179732352,4.690227179732352,4.0
alt_uncorrected,5.561704860045776,5.561704860045776,4.0
