,Rseq_targets,Rseq_hits,Rfrequency
true_Rseq,3.761083914240781,3.761083914240781,4.0
alt_corrected,3.8249146178721007,3.8249146178721007,4.0
alt_corrected_unif,3.8472068930088326,3.8472068930088326,4.0
alt_uncorrected,4.718684573322257,4.718684573322257,4.0
