,Rseq_targets,Rseq_hits,Rfrequency
true_Rseq,3.831173588978462,3.831173588978462,4.0
alt_corrected,3.8410044596170847,3.8410044596170847,4.0
alt_corrected_unif,3.8502451464688394,3.8502451464688394,4.0
alt_uncorrected,4.721722826782264,4.721722826782264,4.0
