,Rseq_targets,Rseq_hits,Rfrequency
true_Rseq,4.523837885265293,4.523837885265293,4.0
alt_corrected,4.604777006189485,4.604777006189485,4.0
alt_corrected_unif,4.63981213137407,4.63981213137407,4.0
alt_uncorrected,5.511289811687495,5.511289811687495,4.0
