,Rseq_targets,Rseq_hits,Rfrequency
true_Rseq,3.5732604770879686,3.5732604770879686,4.0
alt_corrected,3.448339010984176,3.448339010984176,4.0
alt_corrected_unif,3.5823799581618965,3.5823799581618965,4.0
alt_uncorrected,4.453857638475321,4.453857638475321,4.0
