,Rseq_targets,Rseq_hits,Rfrequency
true_Rseq,-0.23697216303656532,2.793670493412307,4.0
alt_corrected,-0.06252527149541276,2.9082716467699545,4.0
alt_corrected_unif,0.17050022960093614,3.1412971478663034,4.0
alt_uncorrected,1.0419779099143605,4.012774828179728,4.0
