,Rseq_targets,Rseq_hits,Rfrequency
true_Rseq,4.590750755457018,4.590750755457018,4.0
alt_corrected,4.4222963127393955,4.4222963127393955,4.0
alt_corrected_unif,4.472197747952009,4.472197747952009,4.0
alt_uncorrected,5.343675428265433,5.343675428265433,4.0
