,Rseq_targets,Rseq_hits,Rfrequency
true_Rseq,4.540652892140292,4.540652892140292,4.0
alt_corrected,4.293384283859666,4.293384283859666,4.0
alt_corrected_unif,4.437506605320026,4.437506605320026,4.0
alt_uncorrected,5.30898428563345,5.30898428563345,4.0
