,Rseq_targets,Rseq_hits,Rfrequency
true_Rseq,3.541464189139779,3.541464189139779,4.0
alt_corrected,3.5715783807134223,3.5715783807134223,4.0
alt_corrected_unif,3.5829074184464917,3.5829074184464917,4.0
alt_uncorrected,4.454385098759916,4.454385098759916,4.0
