,Rseq_targets,Rseq_hits,Rfrequency
true_Rseq,4.154448878213172,4.154448878213172,4.0
alt_corrected,4.319421278321519,4.319421278321519,4.0
alt_corrected_unif,4.416526935204061,4.416526935204061,4.0
alt_uncorrected,5.288004615517485,5.288004615517485,4.0
