,Rseq_targets,Rseq_hits,Rfrequency
true_Rseq,4.3512144480052015,4.3512144480052015,4.0
alt_corrected,4.296059297400339,4.296059297400339,4.0
alt_corrected_unif,4.309389490252229,4.309389490252229,4.0
alt_uncorrected,5.180867170565653,5.180867170565653,4.0
