,Rseq_targets,Rseq_hits,Rfrequency
true_Rseq,4.749041727233803,4.749041727233803,4.0
alt_corrected,4.508193369090163,4.508193369090163,4.0
alt_corrected_unif,4.585577153347954,4.585577153347954,4.0
alt_uncorrected,5.4570548336613784,5.4570548336613784,4.0
