,Rseq_targets,Rseq_hits,Rfrequency
true_Rseq,4.726766380213997,4.726766380213997,4.0
alt_corrected,4.727309101707336,4.727309101707336,4.0
alt_corrected_unif,4.734373257881172,4.734373257881172,4.0
alt_uncorrected,5.605850938194596,5.605850938194596,4.0
