,Rseq_targets,Rseq_hits,Rfrequency
true_Rseq,4.114129022007086,4.114129022007086,4.0
alt_corrected,3.9921761263214752,3.9921761263214752,4.0
alt_corrected_unif,4.031926467812994,4.031926467812994,4.0
alt_uncorrected,4.903404148126418,4.903404148126418,4.0
