,Rseq_targets,Rseq_hits,Rfrequency
true_Rseq,3.7261238930629306,3.7261238930629306,4.0
alt_corrected,3.7144457852870505,3.7144457852870505,4.0
alt_corrected_unif,3.814381724607942,3.814381724607942,4.0
alt_uncorrected,4.685859404921366,4.685859404921366,4.0
