,Rseq_targets,Rseq_hits,Rfrequency
true_Rseq,3.6431688674720997,3.6431688674720997,4.0
alt_corrected,3.267501167952088,3.267501167952088,4.0
alt_corrected_unif,3.4115186969847255,3.4115186969847255,4.0
alt_uncorrected,4.28299637729815,4.28299637729815,4.0
