,Rseq_targets,Rseq_hits,Rfrequency
true_Rseq,3.72551015040332,3.72551015040332,4.0
alt_corrected,3.716565743359293,3.716565743359293,4.0
alt_corrected_unif,3.720396026693939,3.720396026693939,4.0
alt_uncorrected,4.591873707007363,4.591873707007363,4.0
