,Rseq_targets,Rseq_hits,Rfrequency
true_Rseq,4.159170879271551,4.159170879271551,4.0
alt_corrected,4.1378711297993105,4.1378711297993105,4.0
alt_corrected_unif,4.139509873538662,4.139509873538662,4.0
alt_uncorrected,5.010987553852086,5.010987553852086,4.0
