,Rseq_targets,Rseq_hits,Rfrequency
true_Rseq,4.777100198887084,4.777100198887084,4.0
alt_corrected,4.893514891766483,4.893514891766483,4.0
alt_corrected_unif,4.905021379752714,4.905021379752714,4.0
alt_uncorrected,5.776499060066138,5.776499060066138,4.0
