,Rseq_targets,Rseq_hits,Rfrequency
true_Rseq,4.035763287195184,4.035763287195184,4.0
alt_corrected,4.125319304598797,4.125319304598797,4.0
alt_corrected_unif,4.14544809999782,4.14544809999782,4.0
alt_uncorrected,5.016925780311244,5.016925780311244,4.0
