,Rseq_targets,Rseq_hits,Rfrequency
true_Rseq,4.531734759871851,4.531734759871851,4.0
alt_corrected,4.099401164698088,4.099401164698088,4.0
alt_corrected_unif,4.339560187377735,4.339560187377735,4.0
alt_uncorrected,5.211037867691159,5.211037867691159,4.0
