,Rseq_targets,Rseq_hits,Rfrequency
true_Rseq,3.8267259871810673,3.8267259871810673,4.0
alt_corrected,3.724729177161642,3.724729177161642,4.0
alt_corrected_unif,3.7648268074822764,3.7648268074822764,4.0
alt_uncorrected,4.636304487795701,4.636304487795701,4.0
