,Rseq_targets,Rseq_hits,Rfrequency
true_Rseq,4.634997583840331,4.634997583840331,4.0
alt_corrected,4.736088207500214,4.736088207500214,4.0
alt_corrected_unif,4.746284644194887,4.746284644194887,4.0
alt_uncorrected,5.617762324508312,5.617762324508312,4.0
