,Rseq_targets,Rseq_hits,Rfrequency
true_Rseq,4.178501179184261,4.178501179184261,4.0
alt_corrected,4.152532353618577,4.152532353618577,4.0
alt_corrected_unif,4.156362636953233,4.156362636953233,4.0
alt_uncorrected,5.027840317266657,5.027840317266657,4.0
