,Rseq_targets,Rseq_hits,Rfrequency
true_Rseq,4.824598702890401,4.824598702890401,4.0
alt_corrected,4.386469899361073,4.386469899361073,4.0
alt_corrected_unif,4.536142312930657,4.536142312930657,4.0
alt_uncorrected,5.407619993244081,5.407619993244081,4.0
