,Rseq_targets,Rseq_hits,Rfrequency
true_Rseq,4.649633439543695,4.649633439543695,4.0
alt_corrected,4.525170335356289,4.525170335356289,4.0
alt_corrected_unif,4.565552924357393,4.565552924357393,4.0
alt_uncorrected,5.437030604670817,5.437030604670817,4.0
