,Rseq_targets,Rseq_hits,Rfrequency
true_Rseq,3.455229711420907,3.455229711420907,4.0
alt_corrected,3.494425013956128,3.494425013956128,4.0
alt_corrected_unif,3.5567637568739783,3.5567637568739783,4.0
alt_uncorrected,4.428241437187403,4.428241437187403,4.0
