,Rseq_targets,Rseq_hits,Rfrequency
true_Rseq,4.1574784829908875,4.1574784829908875,4.0
alt_corrected,4.001225103690206,4.001225103690206,4.0
alt_corrected_unif,4.082923269047287,4.082923269047287,4.0
alt_uncorrected,4.954400949360711,4.954400949360711,4.0
