,Rseq_targets,Rseq_hits,Rfrequency
true_Rseq,2.946145153795687,2.946145153795687,4.0
alt_corrected,2.980282589783502,2.980282589783502,4.0
alt_corrected_unif,3.092911872650746,3.092911872650746,4.0
alt_uncorrected,3.96438955296417,3.96438955296417,4.0
