,Rseq_targets,Rseq_hits,Rfrequency
true_Rseq,4.669004863886361,4.669004863886361,4.0
alt_corrected,4.5473614686742785,4.5473614686742785,4.0
alt_corrected_unif,4.560691661526139,4.560691661526139,4.0
alt_uncorrected,5.432169341839564,5.432169341839564,4.0
