,Rseq_targets,Rseq_hits,Rfrequency
true_Rseq,5.093645675304591,5.093645675304591,4.0
alt_corrected,4.900855934095025,4.900855934095025,4.0
alt_corrected_unif,4.933870090902136,4.933870090902136,4.0
alt_uncorrected,5.80534777121556,5.80534777121556,4.0
