,Rseq_targets,Rseq_hits,Rfrequency
true_Rseq,3.5844739240558514,3.5844739240558514,4.0
alt_corrected,3.5839101910327824,3.5839101910327824,4.0
alt_corrected_unif,3.6005822373388816,3.6005822373388816,4.0
alt_uncorrected,4.472059917652306,4.472059917652306,4.0
