,Rseq_targets,Rseq_hits,Rfrequency
true_Rseq,4.5435205289031995,4.5435205289031995,4.0
alt_corrected,4.487513779022579,4.487513779022579,4.0
alt_corrected_unif,4.511990206519849,4.511990206519849,4.0
alt_uncorrected,5.383467886833274,5.383467886833274,4.0
