,Rseq_targets,Rseq_hits,Rfrequency
true_Rseq,4.086661220059044,4.086661220059044,4.0
alt_corrected,4.072331377728807,4.072331377728807,4.0
alt_corrected_unif,4.12823861200852,4.12823861200852,4.0
alt_uncorrected,4.999716292321944,4.999716292321944,4.0
