,Rseq_targets,Rseq_hits,Rfrequency
true_Rseq,4.287784122581345,4.287784122581345,4.0
alt_corrected,4.3086384035115355,4.3086384035115355,4.0
alt_corrected_unif,4.3157025596853735,4.3157025596853735,4.0
alt_uncorrected,5.187180239998797,5.187180239998797,4.0
