,Rseq_targets,Rseq_hits,Rfrequency
true_Rseq,3.962892350969506,3.962892350969506,4.0
alt_corrected,4.051968812338042,4.051968812338042,4.0
alt_corrected_unif,4.074261087474769,4.074261087474769,4.0
alt_uncorrected,4.9457387677881925,4.9457387677881925,4.0
