,Rseq_targets,Rseq_hits,Rfrequency
true_Rseq,4.065228693736259,4.065228693736259,4.0
alt_corrected,3.8987932974794495,3.8987932974794495,4.0
alt_corrected_unif,3.926995122054215,3.926995122054215,4.0
alt_uncorrected,4.798472802367639,4.798472802367639,4.0
