,Rseq_targets,Rseq_hits,Rfrequency
true_Rseq,3.4834455673964975,3.4834455673964975,4.0
alt_corrected,3.527449456707326,3.527449456707326,4.0
alt_corrected_unif,3.588595380193531,3.588595380193531,4.0
alt_uncorrected,4.460073060506955,4.460073060506955,4.0
