,Rseq_targets,Rseq_hits,Rfrequency
true_Rseq,4.162632364775652,4.162632364775652,4.0
alt_corrected,4.281980400897057,4.281980400897057,4.0
alt_corrected_unif,4.324722879269622,4.324722879269622,4.0
alt_uncorrected,5.196200559583046,5.196200559583046,4.0
