,Rseq_targets,Rseq_hits,Rfrequency
true_Rseq,4.007393069487907,4.007393069487907,4.0
alt_corrected,3.9749272954202213,3.9749272954202213,4.0
alt_corrected_unif,4.0679915286638355,4.0679915286638355,4.0
alt_uncorrected,4.939469208977259,4.939469208977259,4.0
