,Rseq_targets,Rseq_hits,Rfrequency
true_Rseq,4.386981121244296,4.386981121244296,4.0
alt_corrected,4.317447484546056,4.317447484546056,4.0
alt_corrected_unif,4.37127995071228,4.37127995071228,4.0
alt_uncorrected,5.242757631025704,5.242757631025704,4.0
