,Rseq_targets,Rseq_hits,Rfrequency
true_Rseq,4.319495596399532,4.319495596399532,4.0
alt_corrected,3.7959529885863152,3.7959529885863152,4.0
alt_corrected_unif,4.000966423486183,4.000966423486183,4.0
alt_uncorrected,4.872444103799607,4.872444103799607,4.0
