,Rseq_targets,Rseq_hits,Rfrequency
true_Rseq,4.581600103651745,4.581600103651745,4.0
alt_corrected,4.667401596593658,4.667401596593658,4.0
alt_corrected_unif,4.69014192667988,4.69014192667988,4.0
alt_uncorrected,5.561619606993305,5.561619606993305,4.0
