,Rseq_targets,Rseq_hits,Rfrequency
true_Rseq,3.649487581931119,3.649487581931119,4.0
alt_corrected,3.6947529715284824,3.6947529715284824,4.0
alt_corrected_unif,3.765653375050904,3.765653375050904,4.0
alt_uncorrected,4.637131055364328,4.637131055364328,4.0
