,Rseq_targets,Rseq_hits,Rfrequency
true_Rseq,-0.1512099611712472,3.086526950936956,4.0
alt_corrected,-0.03749624447923283,3.6724459288689917,4.0
alt_corrected_unif,0.04486258715870006,3.7548047605069246,4.0
alt_uncorrected,0.9163402674721244,4.626282440820349,4.0
