,Rseq_targets,Rseq_hits,Rfrequency
true_Rseq,4.336653615739768,4.336653615739768,4.0
alt_corrected,4.550640361219852,4.550640361219852,4.0
alt_corrected_unif,4.623795591553266,4.623795591553266,4.0
alt_uncorrected,5.49527327186669,5.49527327186669,4.0
