,Rseq_targets,Rseq_hits,Rfrequency
true_Rseq,4.330865809070573,4.330865809070573,4.0
alt_corrected,4.4968454541761025,4.4968454541761025,4.0
alt_corrected_unif,4.599486976447638,4.599486976447638,4.0
alt_uncorrected,5.470964656761062,5.470964656761062,4.0
