,Rseq_targets,Rseq_hits,Rfrequency
true_Rseq,4.533190412968507,4.533190412968507,4.0
alt_corrected,4.219674080984271,4.219674080984271,4.0
alt_corrected_unif,4.302909886003862,4.302909886003862,4.0
alt_uncorrected,5.174387566317286,5.174387566317286,4.0
