,Rseq_targets,Rseq_hits,Rfrequency
true_Rseq,3.8498836131295437,3.8498836131295437,4.0
alt_corrected,3.9566018508119867,3.9566018508119867,4.0
alt_corrected_unif,3.9979393255318434,3.9979393255318434,4.0
alt_uncorrected,4.869417005845268,4.869417005845268,4.0
