,Rseq_targets,Rseq_hits,Rfrequency
true_Rseq,4.303149775496797,4.303149775496797,4.0
alt_corrected,4.307086894964053,4.307086894964053,4.0
alt_corrected_unif,4.316327581815807,4.316327581815807,4.0
alt_uncorrected,5.187805262129232,5.187805262129232,4.0
