,Rseq_targets,Rseq_hits,Rfrequency
true_Rseq,4.790804129421732,4.790804129421732,4.0
alt_corrected,4.636459307915886,4.636459307915886,4.0
alt_corrected_unif,4.685500557144602,4.685500557144602,4.0
alt_uncorrected,5.556978237458026,5.556978237458026,4.0
