,Rseq_targets,Rseq_hits,Rfrequency
true_Rseq,4.567878308992267,4.567878308992267,4.0
alt_corrected,4.3865759701928155,4.3865759701928155,4.0
alt_corrected_unif,4.477807522194958,4.477807522194958,4.0
alt_uncorrected,5.349285202508382,5.349285202508382,4.0
