,Rseq_targets,Rseq_hits,Rfrequency
true_Rseq,4.527717488824715,4.527717488824715,4.0
alt_corrected,4.555295995785517,4.555295995785517,4.0
alt_corrected_unif,4.55907311920731,4.55907311920731,4.0
alt_uncorrected,5.430550799520734,5.430550799520734,4.0
