,Rseq_targets,Rseq_hits,Rfrequency
true_Rseq,3.805318010399942,3.805318010399942,4.0
alt_corrected,3.7647339529332626,3.7647339529332626,4.0
alt_corrected_unif,3.78050206529382,3.78050206529382,4.0
alt_uncorrected,4.651979745607244,4.651979745607244,4.0
