,Rseq_targets,Rseq_hits,Rfrequency
true_Rseq,4.262807404503584,4.262807404503584,4.0
alt_corrected,4.326321142812329,4.326321142812329,4.0
alt_corrected_unif,4.361549757210902,4.361549757210902,4.0
alt_uncorrected,5.233027437524326,5.233027437524326,4.0
