,Rseq_targets,Rseq_hits,Rfrequency
true_Rseq,4.037055199170478,4.037055199170478,4.0
alt_corrected,3.880896341275748,3.880896341275748,4.0
alt_corrected_unif,3.951239021797434,3.951239021797434,4.0
alt_uncorrected,4.822716702110858,4.822716702110858,4.0
