,Rseq_targets,Rseq_hits,Rfrequency
true_Rseq,4.673862883870532,4.673862883870532,4.0
alt_corrected,4.604238949495221,4.604238949495221,4.0
alt_corrected_unif,4.670448193894389,4.670448193894389,4.0
alt_uncorrected,5.541925874207814,5.541925874207814,4.0
