,Rseq_targets,Rseq_hits,Rfrequency
true_Rseq,3.9057740264716223,3.9057740264716223,4.0
alt_corrected,3.864892795714029,3.864892795714029,4.0
alt_corrected_unif,3.8866516140234704,3.8866516140234704,4.0
alt_uncorrected,4.758129294336895,4.758129294336895,4.0
