,Rseq_targets,Rseq_hits,Rfrequency
true_Rseq,3.624604006164186,3.624604006164186,4.0
alt_corrected,3.620272049380102,3.620272049380102,4.0
alt_corrected_unif,3.6470933381844426,3.6470933381844426,4.0
alt_uncorrected,4.518571018497867,4.518571018497867,4.0
