,Rseq_targets,Rseq_hits,Rfrequency
true_Rseq,3.9600850221076884,3.9600850221076884,4.0
alt_corrected,3.8964465292629376,3.8964465292629376,4.0
alt_corrected_unif,3.9145193488409844,3.9145193488409844,4.0
alt_uncorrected,4.785997029154409,4.785997029154409,4.0
