,Rseq_targets,Rseq_hits,Rfrequency
true_Rseq,3.6691588445074803,3.6691588445074803,4.0
alt_corrected,4.003187634215558,4.003187634215558,4.0
alt_corrected_unif,4.063273615791388,4.063273615791388,4.0
alt_uncorrected,4.934751296104812,4.934751296104812,4.0
