,Rseq_targets,Rseq_hits,Rfrequency
true_Rseq,4.407868159171144,4.407868159171144,4.0
alt_corrected,3.9466287418076442,3.9466287418076442,4.0
alt_corrected_unif,4.120318017836951,4.120318017836951,4.0
alt_uncorrected,4.991795698150375,4.991795698150375,4.0
