,Rseq_targets,Rseq_hits,Rfrequency
true_Rseq,3.992223288791763,3.992223288791763,4.0
alt_corrected,3.9367470606872432,3.9367470606872432,4.0
alt_corrected_unif,3.9506098194082244,3.9506098194082244,4.0
alt_uncorrected,4.822087499721649,4.822087499721649,4.0
