,Rseq_targets,Rseq_hits,Rfrequency
true_Rseq,4.1647902154192,4.1647902154192,4.0
alt_corrected,4.135895026627261,4.135895026627261,4.0
alt_corrected_unif,4.159108968429077,4.159108968429077,4.0
alt_uncorrected,5.030586648742501,5.030586648742501,4.0
