,Rseq_targets,Rseq_hits,Rfrequency
true_Rseq,3.8493384105933774,3.8493384105933774,4.0
alt_corrected,3.7458718703510314,3.7458718703510314,4.0
alt_corrected_unif,3.780245073466643,3.780245073466643,4.0
alt_uncorrected,4.651722753780067,4.651722753780067,4.0
