,Rseq_targets,Rseq_hits,Rfrequency
true_Rseq,4.352030274646791,4.352030274646791,4.0
alt_corrected,4.223015486204828,4.223015486204828,4.0
alt_corrected_unif,4.249154218463934,4.249154218463934,4.0
alt_uncorrected,5.120631898777358,5.120631898777358,4.0
