,Rseq_targets,Rseq_hits,Rfrequency
true_Rseq,4.6862269418378695,4.6862269418378695,4.0
alt_corrected,4.5996363072989865,4.5996363072989865,4.0
alt_corrected_unif,4.610098865645732,4.610098865645732,4.0
alt_uncorrected,5.4815765459591566,5.4815765459591566,4.0
