,Rseq_targets,Rseq_hits,Rfrequency
true_Rseq,4.670020591893712,4.670020591893712,4.0
alt_corrected,4.383928824536248,4.383928824536248,4.0
alt_corrected_unif,4.613782943049706,4.613782943049706,4.0
alt_uncorrected,5.48526062336313,5.48526062336313,4.0
