,Rseq_targets,Rseq_hits,Rfrequency
true_Rseq,3.2773169525419794,3.0759403955712123,4.0
alt_corrected,3.35709581467399,3.1474838784615247,4.0
alt_corrected_unif,3.430159646765007,3.2205477105525415,4.0
alt_uncorrected,4.301637327078431,4.092025390865966,4.0
