,Rseq_targets,Rseq_hits,Rfrequency
true_Rseq,4.487472743864911,4.487472743864911,4.0
alt_corrected,4.358155255210889,4.358155255210889,4.0
alt_corrected_unif,4.399733372510749,4.399733372510749,4.0
alt_uncorrected,5.271211052824174,5.271211052824174,4.0
