,Rseq_targets,Rseq_hits,Rfrequency
true_Rseq,3.5356386085771394,3.5356386085771394,4.0
alt_corrected,3.545149378278626,3.545149378278626,4.0
alt_corrected_unif,3.5462358794437967,3.5462358794437967,4.0
alt_uncorrected,4.417713559757221,4.417713559757221,4.0
