,Rseq_targets,Rseq_hits,Rfrequency
true_Rseq,2.9935807745809644,2.9935807745809644,4.0
alt_corrected,3.190687623723655,3.190687623723655,4.0
alt_corrected_unif,3.2724226924612725,3.2724226924612725,4.0
alt_uncorrected,4.143900372774697,4.143900372774697,4.0
