,Rseq_targets,Rseq_hits,Rfrequency
true_Rseq,4.490953751965312,4.490953751965312,4.0
alt_corrected,4.1765495863139375,4.1765495863139375,4.0
alt_corrected_unif,4.256208039496997,4.256208039496997,4.0
alt_uncorrected,5.127685719810421,5.127685719810421,4.0
