,Rseq_targets,Rseq_hits,Rfrequency
true_Rseq,3.9898790403113082,3.9898790403113082,4.0
alt_corrected,3.9477404318334184,3.9477404318334184,4.0
alt_corrected_unif,3.98211363494903,3.98211363494903,4.0
alt_uncorrected,4.853591315262454,4.853591315262454,4.0
