,Rseq_targets,Rseq_hits,Rfrequency
true_Rseq,3.930458680067826,3.930458680067826,4.0
alt_corrected,4.101786720035855,4.101786720035855,4.0
alt_corrected_unif,4.265368658932212,4.265368658932212,4.0
alt_uncorrected,5.136846339245636,5.136846339245636,4.0
