,Rseq_targets,Rseq_hits,Rfrequency
true_Rseq,3.599253861709103,3.599253861709103,4.0
alt_corrected,3.2344328841865924,3.2344328841865924,4.0
alt_corrected_unif,3.368879470966317,3.368879470966317,4.0
alt_uncorrected,4.240357151279741,4.240357151279741,4.0
