,Rseq_targets,Rseq_hits,Rfrequency
true_Rseq,4.333886250089073,4.333886250089073,4.0
alt_corrected,4.224489517524658,4.224489517524658,4.0
alt_corrected_unif,4.243932606787487,4.243932606787487,4.0
alt_uncorrected,5.115410287100912,5.115410287100912,4.0
