,Rseq_targets,Rseq_hits,Rfrequency
true_Rseq,3.514872276537533,3.514872276537533,4.0
alt_corrected,3.615633007963586,3.615633007963586,4.0
alt_corrected_unif,3.6984209702951616,3.6984209702951616,4.0
alt_uncorrected,4.569898650608586,4.569898650608586,4.0
