,Rseq_targets,Rseq_hits,Rfrequency
true_Rseq,-0.30814795584430854,3.456697283014151,4.0
alt_corrected,-0.1281442023257917,3.5326917200343155,4.0
alt_corrected_unif,0.10346805795932057,3.764303980319428,4.0
alt_uncorrected,0.9749457382727449,4.635781660632852,4.0
