,Rseq_targets,Rseq_hits,Rfrequency
true_Rseq,4.429024991654215,4.429024991654215,4.0
alt_corrected,4.431569508490057,4.431569508490057,4.0
alt_corrected_unif,4.500784818104881,4.500784818104881,4.0
alt_uncorrected,5.372262498418306,5.372262498418306,4.0
