,Rseq_targets,Rseq_hits,Rfrequency
true_Rseq,4.5183452171752965,4.5183452171752965,4.0
alt_corrected,4.225511784101572,4.225511784101572,4.0
alt_corrected_unif,4.3239584640221445,4.3239584640221445,4.0
alt_uncorrected,5.195436144335568,5.195436144335568,4.0
