,Rseq_targets,Rseq_hits,Rfrequency
true_Rseq,4.362947185909153,4.362947185909153,4.0
alt_corrected,4.346029579274739,4.346029579274739,4.0
alt_corrected_unif,4.363424451813087,4.363424451813087,4.0
alt_uncorrected,5.2349021321265115,5.2349021321265115,4.0
