,Rseq_targets,Rseq_hits,Rfrequency
true_Rseq,4.032857016379895,4.032857016379895,4.0
alt_corrected,4.036199626334206,4.036199626334206,4.0
alt_corrected_unif,4.069791295194779,4.069791295194779,4.0
alt_uncorrected,4.941268975508203,4.941268975508203,4.0
