,Rseq_targets,Rseq_hits,Rfrequency
true_Rseq,3.8115266968947585,3.8115266968947585,4.0
alt_corrected,3.7199886137100795,3.7199886137100795,4.0
alt_corrected_unif,3.771090294003287,3.771090294003287,4.0
alt_uncorrected,4.642567974316711,4.642567974316711,4.0
