,Rseq_targets,Rseq_hits,Rfrequency
true_Rseq,3.290692095893421,3.290692095893421,4.0
alt_corrected,3.2379663515803463,3.2379663515803463,4.0
alt_corrected_unif,3.2864206492586,3.2864206492586,4.0
alt_uncorrected,4.157898329572024,4.157898329572024,4.0
