,Rseq_targets,Rseq_hits,Rfrequency
true_Rseq,4.011664280467274,4.011664280467274,4.0
alt_corrected,4.215338863620923,4.215338863620923,4.0
alt_corrected_unif,4.273749611528084,4.273749611528084,4.0
alt_uncorrected,5.145227291841508,5.145227291841508,4.0
