,Rseq_targets,Rseq_hits,Rfrequency
true_Rseq,3.6493375336332328,3.6493375336332328,4.0
alt_corrected,3.6493375336332323,3.6493375336332323,4.0
alt_corrected_unif,3.6493375336332323,3.6493375336332323,4.0
alt_uncorrected,4.520815213946657,4.520815213946657,4.0
