,Rseq_targets,Rseq_hits,Rfrequency
true_Rseq,4.131729152588094,4.131729152588094,4.0
alt_corrected,3.7236911568406934,3.7236911568406934,4.0
alt_corrected_unif,3.9110259382409693,3.9110259382409693,4.0
alt_uncorrected,4.782503618554394,4.782503618554394,4.0
