,Rseq_targets,Rseq_hits,Rfrequency
true_Rseq,4.413548545542826,4.413548545542826,4.0
alt_corrected,4.279858104060566,4.279858104060566,4.0
alt_corrected_unif,4.375643639206979,4.375643639206979,4.0
alt_uncorrected,5.247121319520404,5.247121319520404,4.0
