,Rseq_targets,Rseq_hits,Rfrequency
true_Rseq,3.382262971891924,3.557058689525043,4.0
alt_corrected,3.389363309548638,3.56691093860335,4.0
alt_corrected_unif,3.3920798336242464,3.5696274626789584,4.0
alt_uncorrected,4.263557513937671,4.441105142992383,4.0
