,Rseq_targets,Rseq_hits,Rfrequency
true_Rseq,4.954372231543331,4.954372231543331,4.0
alt_corrected,4.7000109205334635,4.7000109205334635,4.0
alt_corrected_unif,4.742436016115157,4.742436016115157,4.0
alt_uncorrected,5.613913696428581,5.613913696428581,4.0
