,Rseq_targets,Rseq_hits,Rfrequency
true_Rseq,4.469420910487907,4.469420910487907,4.0
alt_corrected,3.9701787476068775,3.9701787476068775,4.0
alt_corrected_unif,4.117012557440901,4.117012557440901,4.0
alt_uncorrected,4.988490237754326,4.988490237754326,4.0
