,Rseq_targets,Rseq_hits,Rfrequency
true_Rseq,3.59003914239641,3.59003914239641,4.0
alt_corrected,3.617695364805403,3.617695364805403,4.0
alt_corrected_unif,3.623129498068845,3.623129498068845,4.0
alt_uncorrected,4.494607178382269,4.494607178382269,4.0
