,Rseq_targets,Rseq_hits,Rfrequency
true_Rseq,4.040759564371017,4.040759564371017,4.0
alt_corrected,3.696680852985688,3.696680852985688,4.0
alt_corrected_unif,3.808723357077033,3.808723357077033,4.0
alt_uncorrected,4.680201037390457,4.680201037390457,4.0
