,Rseq_targets,Rseq_hits,Rfrequency
true_Rseq,3.626990281952687,3.626990281952687,4.0
alt_corrected,3.9155535662488927,3.9155535662488927,4.0
alt_corrected_unif,3.992937350506702,3.992937350506702,4.0
alt_uncorrected,4.864415030820126,4.864415030820126,4.0
