,Rseq_targets,Rseq_hits,Rfrequency
true_Rseq,4.271320788272414,4.271320788272414,4.0
alt_corrected,4.184469108897903,4.184469108897903,4.0
alt_corrected_unif,4.24668590674389,4.24668590674389,4.0
alt_uncorrected,5.118163587057315,5.118163587057315,4.0
