,Rseq_targets,Rseq_hits,Rfrequency
true_Rseq,4.867312011617768,4.867312011617768,4.0
alt_corrected,4.838887299693093,4.838887299693093,4.0
alt_corrected_unif,4.858902927469936,4.858902927469936,4.0
alt_uncorrected,5.73038060778336,5.73038060778336,4.0
