,Rseq_targets,Rseq_hits,Rfrequency
true_Rseq,4.0049685296738495,4.0049685296738495,4.0
alt_corrected,3.961533253344761,3.961533253344761,4.0
alt_corrected_unif,3.9707739401965276,3.9707739401965276,4.0
alt_uncorrected,4.842251620509952,4.842251620509952,4.0
