,Rseq_targets,Rseq_hits,Rfrequency
true_Rseq,3.8581867250874957,3.8581867250874957,4.0
alt_corrected,3.897297769058893,3.897297769058893,4.0
alt_corrected_unif,3.9114358585090288,3.9114358585090288,4.0
alt_uncorrected,4.782913538822453,4.782913538822453,4.0
