,Rseq_targets,Rseq_hits,Rfrequency
true_Rseq,3.436725863636875,3.436725863636875,4.0
alt_corrected,3.655557051183969,3.655557051183969,4.0
alt_corrected_unif,3.710085907869025,3.710085907869025,4.0
alt_uncorrected,4.5815635881824495,4.5815635881824495,4.0
