,Rseq_targets,Rseq_hits,Rfrequency
true_Rseq,3.7687458921491785,3.7687458921491785,4.0
alt_corrected,3.5734547873513938,3.5734547873513938,4.0
alt_corrected_unif,3.642240816963706,3.642240816963706,4.0
alt_uncorrected,4.5137184972771305,4.5137184972771305,4.0
