,Rseq_targets,Rseq_hits,Rfrequency
true_Rseq,4.877000078987265,4.877000078987265,4.0
alt_corrected,4.853024533926716,4.853024533926716,4.0
alt_corrected_unif,4.879525508480587,4.879525508480587,4.0
alt_uncorrected,5.7510031887940105,5.7510031887940105,4.0
