,Rseq_targets,Rseq_hits,Rfrequency
true_Rseq,3.8506989789140373,3.8506989789140373,4.0
alt_corrected,3.905453476070241,3.905453476070241,4.0
alt_corrected_unif,3.96124910940271,3.96124910940271,4.0
alt_uncorrected,4.832726789716134,4.832726789716134,4.0
