,Rseq_targets,Rseq_hits,Rfrequency
true_Rseq,4.647786858529007,4.647786858529007,4.0
alt_corrected,4.5786679865577105,4.5786679865577105,4.0
alt_corrected_unif,4.587365422826863,4.587365422826863,4.0
alt_uncorrected,5.458843103140288,5.458843103140288,4.0
