,Rseq_targets,Rseq_hits,Rfrequency
true_Rseq,4.319395417010774,4.319395417010774,4.0
alt_corrected,4.594340302927662,4.594340302927662,4.0
alt_corrected_unif,4.686937100980023,4.686937100980023,4.0
alt_uncorrected,5.558414781293447,5.558414781293447,4.0
