,Rseq_targets,Rseq_hits,Rfrequency
true_Rseq,3.692882391732052,3.692882391732052,4.0
alt_corrected,3.7739596200701198,3.7739596200701198,4.0
alt_corrected_unif,3.7918643840965998,3.7918643840965998,4.0
alt_uncorrected,4.663342064410024,4.663342064410024,4.0
