,Rseq_targets,Rseq_hits,Rfrequency
true_Rseq,-0.015797586451183676,3.396480467173852,4.0
alt_corrected,0.024276962564478755,3.495335444061777,4.0
alt_corrected_unif,0.1802845424789976,3.651343023976296,4.0
alt_uncorrected,1.051762222792422,4.52282070428972,4.0
