,Rseq_targets,Rseq_hits,Rfrequency
true_Rseq,4.88672227987933,4.88672227987933,4.0
alt_corrected,4.801383155268952,4.801383155268952,4.0
alt_corrected_unif,4.83071131334467,4.83071131334467,4.0
alt_uncorrected,5.702188993658094,5.702188993658094,4.0
