,Rseq_targets,Rseq_hits,Rfrequency
true_Rseq,4.721499079234652,4.721499079234652,4.0
alt_corrected,4.636023388643241,4.636023388643241,4.0
alt_corrected_unif,4.7387628576909275,4.7387628576909275,4.0
alt_uncorrected,5.610240538004351,5.610240538004351,4.0
