,Rseq_targets,Rseq_hits,Rfrequency
true_Rseq,4.164293135553491,4.164293135553491,4.0
alt_corrected,4.2851833299658235,4.2851833299658235,4.0
alt_corrected_unif,4.34795165150569,4.34795165150569,4.0
alt_uncorrected,5.219429331819114,5.219429331819114,4.0
