,Rseq_targets,Rseq_hits,Rfrequency
true_Rseq,4.841796410094335,4.841796410094335,4.0
alt_corrected,4.568975276385157,4.568975276385157,4.0
alt_corrected_unif,4.621823079202189,4.621823079202189,4.0
alt_uncorrected,5.493300759515613,5.493300759515613,4.0
