,Rseq_targets,Rseq_hits,Rfrequency
true_Rseq,3.5578562335134922,3.5578562335134922,4.0
alt_corrected,3.5840026874075104,3.5840026874075104,4.0
alt_corrected_unif,3.5872984409885036,3.5872984409885036,4.0
alt_uncorrected,4.458776121301928,4.458776121301928,4.0
