,Rseq_targets,Rseq_hits,Rfrequency
true_Rseq,3.965566397842993,3.965566397842993,4.0
alt_corrected,3.8860650909984855,3.8860650909984855,4.0
alt_corrected_unif,3.9060807187753253,3.9060807187753253,4.0
alt_uncorrected,4.77755839908875,4.77755839908875,4.0
