,Rseq_targets,Rseq_hits,Rfrequency
true_Rseq,3.5970813309442304,3.5970813309442304,4.0
alt_corrected,3.5249538384510744,3.5249538384510744,4.0
alt_corrected_unif,3.579041014602891,3.579041014602891,4.0
alt_uncorrected,4.450518694916315,4.450518694916315,4.0
