,Rseq_targets,Rseq_hits,Rfrequency
true_Rseq,2.4086623381174626,3.161020798992885,4.0
alt_corrected,2.2970224400605006,3.0354074694062816,4.0
alt_corrected_unif,2.350977313910843,3.089362343256624,4.0
alt_uncorrected,3.2224549942242673,3.9608400235700483,4.0
