,Rseq_targets,Rseq_hits,Rfrequency
true_Rseq,4.598359526792107,4.598359526792107,4.0
alt_corrected,4.295249204715095,4.295249204715095,4.0
alt_corrected_unif,4.486325644067856,4.486325644067856,4.0
alt_uncorrected,5.357803324381281,5.357803324381281,4.0
