,Rseq_targets,Rseq_hits,Rfrequency
true_Rseq,4.439195005986548,4.439195005986548,4.0
alt_corrected,4.324017058300976,4.324017058300976,4.0
alt_corrected_unif,4.358092391836694,4.358092391836694,4.0
alt_uncorrected,5.229570072150119,5.229570072150119,4.0
