,Rseq_targets,Rseq_hits,Rfrequency
true_Rseq,3.4244457918506583,3.4244457918506583,4.0
alt_corrected,3.4318787361801912,3.4318787361801912,4.0
alt_corrected_unif,3.4597606589719,3.4597606589719,4.0
alt_uncorrected,4.331238339285324,4.331238339285324,4.0
