,Rseq_targets,Rseq_hits,Rfrequency
true_Rseq,4.555811622151268,4.555811622151268,4.0
alt_corrected,4.298528316396711,4.298528316396711,4.0
alt_corrected_unif,4.4351764738719766,4.4351764738719766,4.0
alt_uncorrected,5.3066541541854,5.3066541541854,4.0
