,Rseq_targets,Rseq_hits,Rfrequency
true_Rseq,3.108768587498151,3.108768587498151,4.0
alt_corrected,3.2793340597550618,3.2793340597550618,4.0
alt_corrected_unif,3.3210855979423743,3.3210855979423743,4.0
alt_uncorrected,4.192563278255799,4.192563278255799,4.0
