,Rseq_targets,Rseq_hits,Rfrequency
true_Rseq,3.3247002328939654,3.3247002328939654,4.0
alt_corrected,3.117227668766373,3.117227668766373,4.0
alt_corrected_unif,3.1702542455720075,3.1702542455720075,4.0
alt_uncorrected,4.041731925885432,4.041731925885432,4.0
