,Rseq_targets,Rseq_hits,Rfrequency
true_Rseq,4.055834604334542,4.055834604334542,4.0
alt_corrected,4.0098034755779395,4.0098034755779395,4.0
alt_corrected_unif,4.076465183447196,4.076465183447196,4.0
alt_uncorrected,4.94794286376062,4.94794286376062,4.0
