,Rseq_targets,Rseq_hits,Rfrequency
true_Rseq,3.722220041995678,3.722220041995678,4.0
alt_corrected,3.73826568471397,3.73826568471397,4.0
alt_corrected_unif,3.760024503023414,3.760024503023414,4.0
alt_uncorrected,4.631502183336838,4.631502183336838,4.0
