,Rseq_targets,Rseq_hits,Rfrequency
true_Rseq,4.165201831176704,4.165201831176704,4.0
alt_corrected,3.8278612037321293,3.8278612037321293,4.0
alt_corrected_unif,4.091558673381979,4.091558673381979,4.0
alt_uncorrected,4.9630363536954025,4.9630363536954025,4.0
