,Rseq_targets,Rseq_hits,Rfrequency
true_Rseq,3.9673684870226484,3.9673684870226484,4.0
alt_corrected,3.765943479660468,3.765943479660468,4.0
alt_corrected_unif,3.8272475438451212,3.8272475438451212,4.0
alt_uncorrected,4.6987252241585455,4.6987252241585455,4.0
