,Rseq_targets,Rseq_hits,Rfrequency
true_Rseq,4.01046989146126,4.01046989146126,4.0
alt_corrected,4.074128840519657,4.074128840519657,4.0
alt_corrected_unif,4.131290226351098,4.131290226351098,4.0
alt_uncorrected,5.002767906664522,5.002767906664522,4.0
