,Rseq_targets,Rseq_hits,Rfrequency
true_Rseq,0.3725734780407812,2.5569803428172513,4.0
alt_corrected,0.5056188834847393,2.7006351598299054,4.0
alt_corrected_unif,0.7073501543764764,2.9023664307216426,4.0
alt_uncorrected,1.5788278346899007,3.773844111035067,4.0
