,Rseq_targets,Rseq_hits,Rfrequency
true_Rseq,3.606246759670327,3.606246759670327,4.0
alt_corrected,3.7683348378596304,3.7683348378596304,4.0
alt_corrected_unif,3.8737045132193866,3.8737045132193866,4.0
alt_uncorrected,4.745182193532811,4.745182193532811,4.0
