,Rseq_targets,Rseq_hits,Rfrequency
true_Rseq,4.557542320538065,4.557542320538065,4.0
alt_corrected,4.399951733937932,4.399951733937932,4.0
alt_corrected_unif,4.462290476855765,4.462290476855765,4.0
alt_uncorrected,5.333768157169189,5.333768157169189,4.0
