,Rseq_targets,Rseq_hits,Rfrequency
true_Rseq,4.581823431255174,4.581823431255174,4.0
alt_corrected,4.479019868623679,4.479019868623679,4.0
alt_corrected_unif,4.51768087824852,4.51768087824852,4.0
alt_uncorrected,5.3891585585619435,5.3891585585619435,4.0
