,Rseq_targets,Rseq_hits,Rfrequency
true_Rseq,4.816827025374483,4.816827025374483,4.0
alt_corrected,4.706420579304808,4.706420579304808,4.0
alt_corrected_unif,4.7489076972916155,4.7489076972916155,4.0
alt_uncorrected,5.620385377605039,5.620385377605039,4.0
