,Rseq_targets,Rseq_hits,Rfrequency
true_Rseq,4.035869182461386,4.035869182461386,4.0
alt_corrected,4.029827477530503,4.029827477530503,4.0
alt_corrected_unif,4.064862602715104,4.064862602715104,4.0
alt_uncorrected,4.936340283028528,4.936340283028528,4.0
