,Rseq_targets,Rseq_hits,Rfrequency
true_Rseq,4.365186629590826,4.365186629590826,4.0
alt_corrected,4.3937638081358354,4.3937638081358354,4.0
alt_corrected_unif,4.462717294315711,4.462717294315711,4.0
alt_uncorrected,5.334194974629136,5.334194974629136,4.0
