,Rseq_targets,Rseq_hits,Rfrequency
true_Rseq,4.148702018107661,4.148702018107661,4.0
alt_corrected,4.089490850515002,4.089490850515002,4.0
alt_corrected_unif,4.094924983778425,4.094924983778425,4.0
alt_uncorrected,4.966402664091849,4.966402664091849,4.0
