,Rseq_targets,Rseq_hits,Rfrequency
true_Rseq,4.317134082523692,4.317134082523692,4.0
alt_corrected,4.177740109719441,4.177740109719441,4.0
alt_corrected_unif,4.225849653131613,4.225849653131613,4.0
alt_uncorrected,5.097327333445038,5.097327333445038,4.0
