,Rseq_targets,Rseq_hits,Rfrequency
true_Rseq,4.025203808424627,4.025203808424627,4.0
alt_corrected,4.2598718373018425,4.2598718373018425,4.0
alt_corrected_unif,4.3223714483048745,4.3223714483048745,4.0
alt_uncorrected,5.193849128618298,5.193849128618298,4.0
