,Rseq_targets,Rseq_hits,Rfrequency
true_Rseq,3.754762781278256,3.754762781278256,4.0
alt_corrected,3.571824103640573,3.571824103640573,4.0
alt_corrected_unif,3.7106408710871395,3.7106408710871395,4.0
alt_uncorrected,4.582118551400564,4.582118551400564,4.0
