,Rseq_targets,Rseq_hits,Rfrequency
true_Rseq,4.203075004170347,4.203075004170347,4.0
alt_corrected,4.188759873467317,4.188759873467317,4.0
alt_corrected_unif,4.256749372576916,4.256749372576916,4.0
alt_uncorrected,5.12822705289034,5.12822705289034,4.0
