,Rseq_targets,Rseq_hits,Rfrequency
true_Rseq,3.981583958420279,3.981583958420279,4.0
alt_corrected,3.944028804328006,3.944028804328006,4.0
alt_corrected_unif,3.963471893590835,3.963471893590835,4.0
alt_uncorrected,4.834949573904259,4.834949573904259,4.0
