,Rseq_targets,Rseq_hits,Rfrequency
true_Rseq,4.759186046190904,4.759186046190904,4.0
alt_corrected,4.448652371641287,4.448652371641287,4.0
alt_corrected_unif,4.658303726342567,4.658303726342567,4.0
alt_uncorrected,5.529781406655991,5.529781406655991,4.0
