,Rseq_targets,Rseq_hits,Rfrequency
true_Rseq,3.9375054606567605,3.9375054606567605,4.0
alt_corrected,3.927640519755484,3.927640519755484,4.0
alt_corrected_unif,3.937568548348579,3.937568548348579,4.0
alt_uncorrected,4.8090462286620035,4.8090462286620035,4.0
