,Rseq_targets,Rseq_hits,Rfrequency
true_Rseq,4.20986525250132,4.20986525250132,4.0
alt_corrected,3.979239133825969,3.979239133825969,4.0
alt_corrected_unif,4.033326309977786,4.033326309977786,4.0
alt_uncorrected,4.90480399029121,4.90480399029121,4.0
