,Rseq_targets,Rseq_hits,Rfrequency
true_Rseq,3.7176716521469135,3.7176716521469135,4.0
alt_corrected,3.7850874480267818,3.7850874480267818,4.0
alt_corrected_unif,3.7976717163492437,3.7976717163492437,4.0
alt_uncorrected,4.669149396662668,4.669149396662668,4.0
