,Rseq_targets,Rseq_hits,Rfrequency
true_Rseq,3.5456986887968878,3.5456986887968878,4.0
alt_corrected,3.660181889897,3.660181889897,4.0
alt_corrected_unif,3.6889182442254067,3.6889182442254067,4.0
alt_uncorrected,4.560395924538831,4.560395924538831,4.0
