,Rseq_targets,Rseq_hits,Rfrequency
true_Rseq,4.652317334858287,4.652317334858287,4.0
alt_corrected,4.4320682918854635,4.4320682918854635,4.0
alt_corrected_unif,4.544069064788085,4.544069064788085,4.0
alt_uncorrected,5.415546745101509,5.415546745101509,4.0
