,Rseq_targets,Rseq_hits,Rfrequency
true_Rseq,4.214333569828855,4.214333569828855,4.0
alt_corrected,4.22802057677427,4.22802057677427,4.0
alt_corrected_unif,4.273097605733179,4.273097605733179,4.0
alt_uncorrected,5.144575286046604,5.144575286046604,4.0
