,Rseq_targets,Rseq_hits,Rfrequency
true_Rseq,4.036755681409598,4.036755681409598,4.0
alt_corrected,3.9299042857421527,3.9299042857421527,4.0
alt_corrected_unif,3.971079696399037,3.971079696399037,4.0
alt_uncorrected,4.8425573767124614,4.8425573767124614,4.0
