,Rseq_targets,Rseq_hits,Rfrequency
true_Rseq,4.566255366921199,4.566255366921199,4.0
alt_corrected,4.545545602559137,4.545545602559137,4.0
alt_corrected_unif,4.550979735822553,4.550979735822553,4.0
alt_uncorrected,5.422457416135978,5.422457416135978,4.0
