,Rseq_targets,Rseq_hits,Rfrequency
true_Rseq,4.660851337403927,4.660851337403927,4.0
alt_corrected,4.152353385648791,4.152353385648791,4.0
alt_corrected_unif,4.3412050444628,4.3412050444628,4.0
alt_uncorrected,5.212682724776224,5.212682724776224,4.0
