,Rseq_targets,Rseq_hits,Rfrequency
true_Rseq,3.46462875559817,3.46462875559817,4.0
alt_corrected,3.5610756131494408,3.5610756131494408,4.0
alt_corrected_unif,3.5756916836345805,3.5756916836345805,4.0
alt_uncorrected,4.447169363948005,4.447169363948005,4.0
