,Rseq_targets,Rseq_hits,Rfrequency
true_Rseq,4.590583700042644,4.590583700042644,4.0
alt_corrected,4.565302585154581,4.565302585154581,4.0
alt_corrected_unif,4.568019109230185,4.568019109230185,4.0
alt_uncorrected,5.439496789543609,5.439496789543609,4.0
