,Rseq_targets,Rseq_hits,Rfrequency
true_Rseq,3.302671261230552,3.302671261230552,4.0
alt_corrected,3.3940492695980593,3.3940492695980593,4.0
alt_corrected_unif,3.432901952370734,3.432901952370734,4.0
alt_uncorrected,4.304379632684158,4.304379632684158,4.0
