,Rseq_targets,Rseq_hits,Rfrequency
true_Rseq,4.447111269350691,4.447111269350691,4.0
alt_corrected,4.3007637622469295,4.3007637622469295,4.0
alt_corrected_unif,4.3673981092580725,4.3673981092580725,4.0
alt_uncorrected,5.238875789571496,5.238875789571496,4.0
