,Rseq_targets,Rseq_hits,Rfrequency
true_Rseq,4.032051825179101,4.032051825179101,4.0
alt_corrected,4.081766719892315,4.081766719892315,4.0
alt_corrected_unif,4.149428208379495,4.149428208379495,4.0
alt_uncorrected,5.02090588869292,5.02090588869292,4.0
