,Rseq_targets,Rseq_hits,Rfrequency
true_Rseq,4.646429239838996,4.646429239838996,4.0
alt_corrected,4.5151906588242605,4.5151906588242605,4.0
alt_corrected_unif,4.576494723008903,4.576494723008903,4.0
alt_uncorrected,5.447972403322328,5.447972403322328,4.0
