,Rseq_targets,Rseq_hits,Rfrequency
true_Rseq,3.528677293453365,3.528677293453365,4.0
alt_corrected,3.5929821587880304,3.5929821587880304,4.0
alt_corrected_unif,3.7018996100501,3.7018996100501,4.0
alt_uncorrected,4.573377290363524,4.573377290363524,4.0
