,Rseq_targets,Rseq_hits,Rfrequency
true_Rseq,3.2256075816244367,3.2256075816244367,4.0
alt_corrected,3.2974846491171337,3.2974846491171337,4.0
alt_corrected_unif,3.301831196103126,3.301831196103126,4.0
alt_uncorrected,4.1733088764165505,4.1733088764165505,4.0
