,Rseq_targets,Rseq_hits,Rfrequency
true_Rseq,4.52169014678388,4.52169014678388,4.0
alt_corrected,4.464506263153623,4.464506263153623,4.0
alt_corrected_unif,4.469940396417044,4.469940396417044,4.0
alt_uncorrected,5.341418076730468,5.341418076730468,4.0
