,Rseq_targets,Rseq_hits,Rfrequency
true_Rseq,4.002647852550009,4.002647852550009,4.0
alt_corrected,4.006950945391595,4.006950945391595,4.0
alt_corrected_unif,4.031427372888887,4.031427372888887,4.0
alt_uncorrected,4.9029050532023115,4.9029050532023115,4.0
