,Rseq_targets,Rseq_hits,Rfrequency
true_Rseq,2.798131260816751,2.798131260816751,4.0
alt_corrected,2.9345716353789215,2.9345716353789215,4.0
alt_corrected_unif,3.002695094884101,3.002695094884101,4.0
alt_uncorrected,3.8741727751975255,3.8741727751975255,4.0
