,Rseq_targets,Rseq_hits,Rfrequency
true_Rseq,4.310807049454332,4.310807049454332,4.0
alt_corrected,4.116675594857314,4.116675594857314,4.0
alt_corrected_unif,4.215149904063557,4.215149904063557,4.0
alt_uncorrected,5.0866275843769815,5.0866275843769815,4.0
