,Rseq_targets,Rseq_hits,Rfrequency
true_Rseq,4.33669443380876,4.33669443380876,4.0
alt_corrected,4.307565371244937,4.307565371244937,4.0
alt_corrected_unif,4.342935369882026,4.342935369882026,4.0
alt_uncorrected,5.214413050195451,5.214413050195451,4.0
