,Rseq_targets,Rseq_hits,Rfrequency
true_Rseq,4.5818524879525615,4.5818524879525615,4.0
alt_corrected,4.677885726812951,4.677885726812951,4.0
alt_corrected_unif,4.729744852569379,4.729744852569379,4.0
alt_uncorrected,5.601222532882804,5.601222532882804,4.0
