,Rseq_targets,Rseq_hits,Rfrequency
true_Rseq,4.760623307144198,4.760623307144198,4.0
alt_corrected,4.681805869041492,4.681805869041492,4.0
alt_corrected_unif,4.72633065542626,4.72633065542626,4.0
alt_uncorrected,5.597808335739684,5.597808335739684,4.0
