,Rseq_targets,Rseq_hits,Rfrequency
true_Rseq,4.011593732789104,4.011593732789104,4.0
alt_corrected,3.94006572910076,3.94006572910076,4.0
alt_corrected_unif,4.066241832912564,4.066241832912564,4.0
alt_uncorrected,4.9377195132259875,4.9377195132259875,4.0
