,Rseq_targets,Rseq_hits,Rfrequency
true_Rseq,4.463256582288283,4.463256582288283,4.0
alt_corrected,4.427667312589012,4.427667312589012,4.0
alt_corrected_unif,4.4471104018518375,4.4471104018518375,4.0
alt_uncorrected,5.318588082165261,5.318588082165261,4.0
