,Rseq_targets,Rseq_hits,Rfrequency
true_Rseq,4.36075055839664,4.36075055839664,4.0
alt_corrected,4.321727864126274,4.321727864126274,4.0
alt_corrected_unif,4.32334889504512,4.32334889504512,4.0
alt_uncorrected,5.194826575358545,5.194826575358545,4.0
