,Rseq_targets,Rseq_hits,Rfrequency
true_Rseq,4.396012193574492,4.396012193574492,4.0
alt_corrected,4.227706626399739,4.227706626399739,4.0
alt_corrected_unif,4.394084895173799,4.394084895173799,4.0
alt_uncorrected,5.265562575487223,5.265562575487223,4.0
