,Rseq_targets,Rseq_hits,Rfrequency
true_Rseq,4.232132123790583,4.232132123790583,4.0
alt_corrected,4.23900307994716,4.23900307994716,4.0
alt_corrected_unif,4.273523923763925,4.273523923763925,4.0
alt_uncorrected,5.14500160407735,5.14500160407735,4.0
