,Rseq_targets,Rseq_hits,Rfrequency
true_Rseq,4.3666166262988355,4.3666166262988355,4.0
alt_corrected,4.475852491649647,4.475852491649647,4.0
alt_corrected_unif,4.5116722547054025,4.5116722547054025,4.0
alt_uncorrected,5.383149935018826,5.383149935018826,4.0
