,Rseq_targets,Rseq_hits,Rfrequency
true_Rseq,4.781380360408697,4.781380360408697,4.0
alt_corrected,4.793856286456826,4.793856286456826,4.0
alt_corrected_unif,4.8057097329931295,4.8057097329931295,4.0
alt_uncorrected,5.677187413306553,5.677187413306553,4.0
