,Rseq_targets,Rseq_hits,Rfrequency
true_Rseq,4.150850448861692,4.150850448861692,4.0
alt_corrected,4.006843489727872,4.006843489727872,4.0
alt_corrected_unif,4.083321603280364,4.083321603280364,4.0
alt_uncorrected,4.954799283593788,4.954799283593788,4.0
