,Rseq_targets,Rseq_hits,Rfrequency
true_Rseq,3.5634308573597924,3.5634308573597924,4.0
alt_corrected,3.587815579130174,3.587815579130174,4.0
alt_corrected_unif,3.62815625832858,3.62815625832858,4.0
alt_uncorrected,4.499633938642004,4.499633938642004,4.0
