,Rseq_targets,Rseq_hits,Rfrequency
true_Rseq,3.264103498946115,3.264103498946115,4.0
alt_corrected,3.4270248885306502,3.4270248885306502,4.0
alt_corrected_unif,3.476926323743269,3.476926323743269,4.0
alt_uncorrected,4.348404004056693,4.348404004056693,4.0
