,Rseq_targets,Rseq_hits,Rfrequency
true_Rseq,4.118841523048262,4.118841523048262,4.0
alt_corrected,4.104277581214509,4.104277581214509,4.0
alt_corrected_unif,4.115606618947583,4.115606618947583,4.0
alt_uncorrected,4.9870842992610065,4.9870842992610065,4.0
