,Rseq_targets,Rseq_hits,Rfrequency
true_Rseq,3.9832994044208903,3.9832994044208903,4.0
alt_corrected,4.022905490179799,4.022905490179799,4.0
alt_corrected_unif,4.103439522251476,4.103439522251476,4.0
alt_uncorrected,4.9749172025649,4.9749172025649,4.0
