,Rseq_targets,Rseq_hits,Rfrequency
true_Rseq,5.165546614907049,5.165546614907049,4.0
alt_corrected,4.86384384619504,4.86384384619504,4.0
alt_corrected_unif,4.942479309665115,4.942479309665115,4.0
alt_uncorrected,5.813956989978539,5.813956989978539,4.0
