,Rseq_targets,Rseq_hits,Rfrequency
true_Rseq,3.7139796616566976,3.7139796616566976,4.0
alt_corrected,3.7467662416889334,3.7467662416889334,4.0
alt_corrected_unif,3.7548743275022693,3.7548743275022693,4.0
alt_uncorrected,4.626352007815694,4.626352007815694,4.0
