,Rseq_targets,Rseq_hits,Rfrequency
true_Rseq,4.367300135506062,4.367300135506062,4.0
alt_corrected,4.108376225146289,4.108376225146289,4.0
alt_corrected_unif,4.176499684651462,4.176499684651462,4.0
alt_uncorrected,5.047977364964886,5.047977364964886,4.0
