,Rseq_targets,Rseq_hits,Rfrequency
true_Rseq,3.7177421896838645,3.7177421896838645,4.0
alt_corrected,3.6286718139163026,3.6286718139163026,4.0
alt_corrected_unif,3.6921224446199985,3.6921224446199985,4.0
alt_uncorrected,4.563600124933423,4.563600124933423,4.0
