,Rseq_targets,Rseq_hits,Rfrequency
true_Rseq,4.553622989376803,4.553622989376803,4.0
alt_corrected,4.563133759078292,4.563133759078292,4.0
alt_corrected_unif,4.564220260243463,4.564220260243463,4.0
alt_uncorrected,5.435697940556888,5.435697940556888,4.0
