,Rseq_targets,Rseq_hits,Rfrequency
true_Rseq,4.269363171154758,4.269363171154758,4.0
alt_corrected,4.367147253272023,4.367147253272023,4.0
alt_corrected_unif,4.436014988957533,4.436014988957533,4.0
alt_uncorrected,5.307492669270958,5.307492669270958,4.0
