,Rseq_targets,Rseq_hits,Rfrequency
true_Rseq,3.925859964544266,3.925859964544266,4.0
alt_corrected,3.8370923990415178,3.8370923990415178,4.0
alt_corrected_unif,3.914970338582918,3.914970338582918,4.0
alt_uncorrected,4.786448018896342,4.786448018896342,4.0
