,Rseq_targets,Rseq_hits,Rfrequency
true_Rseq,3.808102170796733,3.808102170796733,4.0
alt_corrected,3.986773402313542,3.986773402313542,4.0
alt_corrected_unif,4.071506791176391,4.071506791176391,4.0
alt_uncorrected,4.942984471489816,4.942984471489816,4.0
