,Rseq_targets,Rseq_hits,Rfrequency
true_Rseq,4.351852868944841,4.351852868944841,4.0
alt_corrected,4.280969445991935,4.280969445991935,4.0
alt_corrected_unif,4.289666882261097,4.289666882261097,4.0
alt_uncorrected,5.1611445625745205,5.1611445625745205,4.0
