,Rseq_targets,Rseq_hits,Rfrequency
true_Rseq,3.9633122490360293,3.9633122490360293,4.0
alt_corrected,4.065180923170999,4.065180923170999,4.0
alt_corrected_unif,4.083824356620838,4.083824356620838,4.0
alt_uncorrected,4.9553020369342615,4.9553020369342615,4.0
