,Rseq_targets,Rseq_hits,Rfrequency
true_Rseq,4.698898560802457,4.698898560802457,4.0
alt_corrected,4.702480562532567,4.702480562532567,4.0
alt_corrected_unif,4.734190970457554,4.734190970457554,4.0
alt_uncorrected,5.605668650770978,5.605668650770978,4.0
