,Rseq_targets,Rseq_hits,Rfrequency
true_Rseq,4.295607757127293,4.295607757127293,4.0
alt_corrected,4.454693258806055,4.454693258806055,4.0
alt_corrected_unif,4.537823405764426,4.537823405764426,4.0
alt_uncorrected,5.409301086077851,5.409301086077851,4.0
