,Rseq_targets,Rseq_hits,Rfrequency
true_Rseq,3.2678958808216043,3.2678958808216043,4.0
alt_corrected,3.2471998192532174,3.2471998192532174,4.0
alt_corrected_unif,3.370257920960188,3.370257920960188,4.0
alt_uncorrected,4.2417356012736125,4.2417356012736125,4.0
