,Rseq_targets,Rseq_hits,Rfrequency
true_Rseq,4.495309330810752,4.495309330810752,4.0
alt_corrected,4.512235223623782,4.512235223623782,4.0
alt_corrected_unif,4.538381072377538,4.538381072377538,4.0
alt_uncorrected,5.409858752690962,5.409858752690962,4.0
