,Rseq_targets,Rseq_hits,Rfrequency
true_Rseq,3.9195516298453033,3.9195516298453033,4.0
alt_corrected,3.48793490351874,3.48793490351874,4.0
alt_corrected_unif,3.661683497791683,3.661683497791683,4.0
alt_uncorrected,4.533161178105107,4.533161178105107,4.0
