,Rseq_targets,Rseq_hits,Rfrequency
true_Rseq,3.9686981551527936,3.9686981551527936,4.0
alt_corrected,3.8315726538483226,3.8315726538483226,4.0
alt_corrected_unif,3.894820080256118,3.894820080256118,4.0
alt_uncorrected,4.766297760569542,4.766297760569542,4.0
