,Rseq_targets,Rseq_hits,Rfrequency
true_Rseq,4.775898890635224,4.775898890635224,4.0
alt_corrected,4.649063208449331,4.649063208449331,4.0
alt_corrected_unif,4.670822026758794,4.670822026758794,4.0
alt_uncorrected,5.5422997070722175,5.5422997070722175,4.0
