,Rseq_targets,Rseq_hits,Rfrequency
true_Rseq,3.6435556755085177,3.6435556755085177,4.0
alt_corrected,3.4938575979871245,3.4938575979871245,4.0
alt_corrected_unif,3.5225939523155243,3.5225939523155243,4.0
alt_uncorrected,4.394071632628949,4.394071632628949,4.0
