,Rseq_targets,Rseq_hits,Rfrequency
true_Rseq,3.6106788380479227,3.6106788380479227,4.0
alt_corrected,3.3719118146346823,3.3719118146346823,4.0
alt_corrected_unif,3.4661656225286817,3.4661656225286817,4.0
alt_uncorrected,4.337643302842106,4.337643302842106,4.0
