,Rseq_targets,Rseq_hits,Rfrequency
true_Rseq,4.595822528251414,4.595822528251414,4.0
alt_corrected,4.2720288287708605,4.2720288287708605,4.0
alt_corrected_unif,4.389437207359711,4.389437207359711,4.0
alt_uncorrected,5.2609148876731355,5.2609148876731355,4.0
