,Rseq_targets,Rseq_hits,Rfrequency
true_Rseq,4.364411713234132,4.364411713234132,4.0
alt_corrected,4.171855092392509,4.171855092392509,4.0
alt_corrected_unif,4.285944216176446,4.285944216176446,4.0
alt_uncorrected,5.157421896489871,5.157421896489871,4.0
