,Rseq_targets,Rseq_hits,Rfrequency
true_Rseq,0.46759107909424635,2.3640199879133625,4.0
alt_corrected,0.6986214954619812,2.6963969237265544,4.0
alt_corrected_unif,0.8474566343558327,2.845232062620406,4.0
alt_uncorrected,1.718934314669257,3.7167097429338303,4.0
