,Rseq_targets,Rseq_hits,Rfrequency
true_Rseq,4.51839099450349,4.51839099450349,4.0
alt_corrected,4.273221029837371,4.273221029837371,4.0
alt_corrected_unif,4.325080155593787,4.325080155593787,4.0
alt_uncorrected,5.19655783590721,5.19655783590721,4.0
