,Rseq_targets,Rseq_hits,Rfrequency
true_Rseq,3.476532283897063,3.1430745383245293,4.0
alt_corrected,3.3554426073039747,3.0087898201908767,4.0
alt_corrected_unif,3.4054312260300965,3.0587784389169985,4.0
alt_uncorrected,4.276908906343521,3.930256119230423,4.0
