,Rseq_targets,Rseq_hits,Rfrequency
true_Rseq,4.759231580658042,4.759231580658042,4.0
alt_corrected,4.643465819647895,4.643465819647895,4.0
alt_corrected_unif,4.68052549188905,4.68052549188905,4.0
alt_uncorrected,5.552003172202474,5.552003172202474,4.0
