,Rseq_targets,Rseq_hits,Rfrequency
true_Rseq,-0.2940973059611345,2.612018640012847,4.0
alt_corrected,-0.19037023493214833,2.700922574471846,4.0
alt_corrected_unif,-0.10159614788199733,2.789696661521997,4.0
alt_uncorrected,0.769881532431427,3.6611743418354212,4.0
