,Rseq_targets,Rseq_hits,Rfrequency
true_Rseq,4.19895215296405,4.19895215296405,4.0
alt_corrected,4.256581242192421,4.256581242192421,4.0
alt_corrected_unif,4.27811268233657,4.27811268233657,4.0
alt_uncorrected,5.1495903626499935,5.1495903626499935,4.0
