,Rseq_targets,Rseq_hits,Rfrequency
true_Rseq,3.749954842296911,3.749954842296911,4.0
alt_corrected,3.918830035799265,3.918830035799265,4.0
alt_corrected_unif,3.97402328703132,3.97402328703132,4.0
alt_uncorrected,4.845500967344744,4.845500967344744,4.0
