,Rseq_targets,Rseq_hits,Rfrequency
true_Rseq,4.178611399476537,4.178611399476537,4.0
alt_corrected,4.303610702959422,4.303610702959422,4.0
alt_corrected_unif,4.402057382880006,4.402057382880006,4.0
alt_uncorrected,5.27353506319343,5.27353506319343,4.0
