,Rseq_targets,Rseq_hits,Rfrequency
true_Rseq,4.3964265799189555,4.3964265799189555,4.0
alt_corrected,4.422835549770838,4.422835549770838,4.0
alt_corrected_unif,4.429899705944672,4.429899705944672,4.0
alt_uncorrected,5.301377386258096,5.301377386258096,4.0
