,Rseq_targets,Rseq_hits,Rfrequency
true_Rseq,4.3005181719938514,4.3005181719938514,4.0
alt_corrected,4.2519480678822,4.2519480678822,4.0
alt_corrected_unif,4.265810826603198,4.265810826603198,4.0
alt_uncorrected,5.137288506916622,5.137288506916622,4.0
