,Rseq_targets,Rseq_hits,Rfrequency
true_Rseq,4.0688357516645315,4.0688357516645315,4.0
alt_corrected,4.000533784996966,4.000533784996966,4.0
alt_corrected_unif,4.050557684953921,4.050557684953921,4.0
alt_uncorrected,4.9220353652673445,4.9220353652673445,4.0
