,Rseq_targets,Rseq_hits,Rfrequency
true_Rseq,4.368254042878827,4.368254042878827,4.0
alt_corrected,4.382722619253633,4.382722619253633,4.0
alt_corrected_unif,4.400795438831697,4.400795438831697,4.0
alt_uncorrected,5.272273119145121,5.272273119145121,4.0
