,Rseq_targets,Rseq_hits,Rfrequency
true_Rseq,4.860133997362549,4.860133997362549,4.0
alt_corrected,4.638781887334737,4.638781887334737,4.0
alt_corrected_unif,4.710283961631635,4.710283961631635,4.0
alt_uncorrected,5.581761641945059,5.581761641945059,4.0
