,Rseq_targets,Rseq_hits,Rfrequency
true_Rseq,4.185452307659872,4.185452307659872,4.0
alt_corrected,4.099876228168862,4.099876228168862,4.0
alt_corrected_unif,4.113738986889853,4.113738986889853,4.0
alt_uncorrected,4.985216667203278,4.985216667203278,4.0
