,Rseq_targets,Rseq_hits,Rfrequency
true_Rseq,3.1765907207172432,3.1765907207172432,4.0
alt_corrected,3.162360876142136,3.162360876142136,4.0
alt_corrected_unif,3.174785407031971,3.174785407031971,4.0
alt_uncorrected,4.0462630873453955,4.0462630873453955,4.0
