,Rseq_targets,Rseq_hits,Rfrequency
true_Rseq,4.397458752976291,4.397458752976291,4.0
alt_corrected,4.24533547594519,4.24533547594519,4.0
alt_corrected_unif,4.304609250054819,4.304609250054819,4.0
alt_uncorrected,5.1760869303682435,5.1760869303682435,4.0
