,Rseq_targets,Rseq_hits,Rfrequency
true_Rseq,4.787393185689277,4.787393185689277,4.0
alt_corrected,4.748826603788546,4.748826603788546,4.0
alt_corrected_unif,4.805905916821402,4.805905916821402,4.0
alt_uncorrected,5.677383597134827,5.677383597134827,4.0
