,Rseq_targets,Rseq_hits,Rfrequency
true_Rseq,3.980572392619436,3.980572392619436,4.0
alt_corrected,3.8109921985024453,3.8109921985024453,4.0
alt_corrected_unif,3.8776265455136145,3.8776265455136145,4.0
alt_uncorrected,4.749104225827039,4.749104225827039,4.0
