,Rseq_targets,Rseq_hits,Rfrequency
true_Rseq,3.923702561446417,3.923702561446417,4.0
alt_corrected,3.8634790284244107,3.8634790284244107,4.0
alt_corrected_unif,3.8673093117590596,3.8673093117590596,4.0
alt_uncorrected,4.738786992072484,4.738786992072484,4.0
