,Rseq_targets,Rseq_hits,Rfrequency
true_Rseq,4.246853416183326,4.246853416183326,4.0
alt_corrected,4.2682981758915535,4.2682981758915535,4.0
alt_corrected_unif,4.2731707924701094,4.2731707924701094,4.0
alt_uncorrected,5.144648472783533,5.144648472783533,4.0
