,Rseq_targets,Rseq_hits,Rfrequency
true_Rseq,4.029400021129026,4.029400021129026,4.0
alt_corrected,4.137550672976765,4.137550672976765,4.0
alt_corrected_unif,4.16085499429497,4.16085499429497,4.0
alt_uncorrected,5.032332674608394,5.032332674608394,4.0
