,Rseq_targets,Rseq_hits,Rfrequency
true_Rseq,4.425874517985278,4.425874517985278,4.0
alt_corrected,4.405205847300623,4.405205847300623,4.0
alt_corrected_unif,4.454410322089396,4.454410322089396,4.0
alt_uncorrected,5.32588800240282,5.32588800240282,4.0
