,Rseq_targets,Rseq_hits,Rfrequency
true_Rseq,3.245390410802255,3.245390410802255,4.0
alt_corrected,3.4767175163591926,3.4767175163591926,4.0
alt_corrected_unif,3.5441597651117855,3.5441597651117855,4.0
alt_uncorrected,4.41563744542521,4.41563744542521,4.0
