,Rseq_targets,Rseq_hits,Rfrequency
true_Rseq,3.976693046888589,3.976693046888589,4.0
alt_corrected,3.942604130695115,3.942604130695115,4.0
alt_corrected_unif,3.9480382639585607,3.9480382639585607,4.0
alt_uncorrected,4.819515944271985,4.819515944271985,4.0
