,Rseq_targets,Rseq_hits,Rfrequency
true_Rseq,3.938151202468923,3.938151202468923,4.0
alt_corrected,3.771388516144634,3.771388516144634,4.0
alt_corrected_unif,3.8400650368523395,3.8400650368523395,4.0
alt_uncorrected,4.711542717165764,4.711542717165764,4.0
