,Rseq_targets,Rseq_hits,Rfrequency
true_Rseq,2.2950249297781724,2.8952750639033376,4.0
alt_corrected,2.130548059372478,2.780995240037318,4.0
alt_corrected_unif,2.1923073144140055,2.8427544950788453,4.0
alt_uncorrected,3.06378499472743,3.7142321753922696,4.0
