,Rseq_targets,Rseq_hits,Rfrequency
true_Rseq,3.5198714742282196,3.5198714742282196,4.0
alt_corrected,3.491827903299001,3.491827903299001,4.0
alt_corrected_unif,3.530991247825495,3.530991247825495,4.0
alt_uncorrected,4.402468928138919,4.402468928138919,4.0
