,Rseq_targets,Rseq_hits,Rfrequency
true_Rseq,4.177117198449234,4.177117198449234,4.0
alt_corrected,4.045084386355516,4.045084386355516,4.0
alt_corrected_unif,4.12246817061332,4.12246817061332,4.0
alt_uncorrected,4.993945850926745,4.993945850926745,4.0
