,Rseq_targets,Rseq_hits,Rfrequency
true_Rseq,4.47580449600054,4.47580449600054,4.0
alt_corrected,4.285577486298886,4.285577486298886,4.0
alt_corrected_unif,4.509625233453146,4.509625233453146,4.0
alt_uncorrected,5.38110291376657,5.38110291376657,4.0
