,Rseq_targets,Rseq_hits,Rfrequency
true_Rseq,-0.05615926789567105,2.2501487411594407,4.0
alt_corrected,0.1576255853426829,2.401433508574136,4.0
alt_corrected_unif,0.4090313792789553,2.6528393025104084,4.0
alt_uncorrected,1.2805090595923796,3.5243169828238328,4.0
