,Rseq_targets,Rseq_hits,Rfrequency
true_Rseq,4.144711075810973,4.144711075810973,4.0
alt_corrected,4.091427322994926,4.091427322994926,4.0
alt_corrected_unif,4.180728598686299,4.180728598686299,4.0
alt_uncorrected,5.052206278999723,5.052206278999723,4.0
