,Rseq_targets,Rseq_hits,Rfrequency
true_Rseq,4.358543569475394,4.358543569475394,4.0
alt_corrected,4.290530748715142,4.290530748715142,4.0
alt_corrected_unif,4.445013803713133,4.445013803713133,4.0
alt_uncorrected,5.316491484026557,5.316491484026557,4.0
