,Rseq_targets,Rseq_hits,Rfrequency
true_Rseq,3.934388643993298,3.934388643993298,4.0
alt_corrected,3.7992094279675666,3.7992094279675666,4.0
alt_corrected_unif,3.9008122220996824,3.9008122220996824,4.0
alt_uncorrected,4.772289902413107,4.772289902413107,4.0
