,Rseq_targets,Rseq_hits,Rfrequency
true_Rseq,3.449008710625388,3.449008710625388,4.0
alt_corrected,3.352917690647582,3.352917690647582,4.0
alt_corrected_unif,3.385219247229766,3.385219247229766,4.0
alt_uncorrected,4.2566969275431905,4.2566969275431905,4.0
