,Rseq_targets,Rseq_hits,Rfrequency
true_Rseq,4.248985058957738,4.248985058957738,4.0
alt_corrected,4.23784757450586,4.23784757450586,4.0
alt_corrected_unif,4.30448192151704,4.30448192151704,4.0
alt_uncorrected,5.175959601830463,5.175959601830463,4.0
