,Rseq_targets,Rseq_hits,Rfrequency
true_Rseq,3.829716566563407,3.829716566563407,4.0
alt_corrected,3.8156285558697864,3.8156285558697864,4.0
alt_corrected_unif,3.8449567139454897,3.8449567139454897,4.0
alt_uncorrected,4.716434394258914,4.716434394258914,4.0
