,Rseq_targets,Rseq_hits,Rfrequency
true_Rseq,3.945273239143834,3.945273239143834,4.0
alt_corrected,3.928121903841406,3.928121903841406,4.0
alt_corrected_unif,3.9740930675711588,3.9740930675711588,4.0
alt_uncorrected,4.845570747884583,4.845570747884583,4.0
