,Rseq_targets,Rseq_hits,Rfrequency
true_Rseq,3.7701799847115556,3.7701799847115556,4.0
alt_corrected,3.934623769334572,3.934623769334572,4.0
alt_corrected_unif,3.9983596806988877,3.9983596806988877,4.0
alt_uncorrected,4.869837361012312,4.869837361012312,4.0
