,Rseq_targets,Rseq_hits,Rfrequency
true_Rseq,4.45056662477424,4.45056662477424,4.0
alt_corrected,4.334422013858562,4.334422013858562,4.0
alt_corrected_unif,4.355953454002703,4.355953454002703,4.0
alt_uncorrected,5.227431134316127,5.227431134316127,4.0
