,Rseq_targets,Rseq_hits,Rfrequency
true_Rseq,5.207503663883925,5.207503663883925,4.0
alt_corrected,4.884544955727797,4.884544955727797,4.0
alt_corrected_unif,4.930426800402403,4.930426800402403,4.0
alt_uncorrected,5.801904480715827,5.801904480715827,4.0
