,Rseq_targets,Rseq_hits,Rfrequency
true_Rseq,3.7011652374529156,3.7011652374529156,4.0
alt_corrected,3.5756628204859355,3.5756628204859355,4.0
alt_corrected_unif,3.6054524885811685,3.6054524885811685,4.0
alt_uncorrected,4.476930168894593,4.476930168894593,4.0
