,Rseq_targets,Rseq_hits,Rfrequency
true_Rseq,3.8167900997776174,3.8167900997776174,4.0
alt_corrected,3.746568163341244,3.746568163341244,4.0
alt_corrected_unif,3.7623362757017946,3.7623362757017946,4.0
alt_uncorrected,4.633813956015219,4.633813956015219,4.0
