,Rseq_targets,Rseq_hits,Rfrequency
true_Rseq,3.3447502547751604,3.3447502547751604,4.0
alt_corrected,3.4113607229898886,3.4113607229898886,4.0
alt_corrected_unif,3.431864411598941,3.431864411598941,4.0
alt_uncorrected,4.3033420919123655,4.3033420919123655,4.0
