,Rseq_targets,Rseq_hits,Rfrequency
true_Rseq,0.7893432280146921,3.063394108810753,4.0
alt_corrected,0.8464263459779326,3.1487809688176256,4.0
alt_corrected_unif,1.0212295115349153,3.323584134374608,4.0
alt_uncorrected,1.8927071918483396,4.1950618146880325,4.0
