,Rseq_targets,Rseq_hits,Rfrequency
true_Rseq,4.412495503013584,4.412495503013584,4.0
alt_corrected,4.479472327624078,4.479472327624078,4.0
alt_corrected_unif,4.497296415805627,4.497296415805627,4.0
alt_uncorrected,5.368774096119051,5.368774096119051,4.0
