,Rseq_targets,Rseq_hits,Rfrequency
true_Rseq,4.2503978991939695,4.2503978991939695,4.0
alt_corrected,4.145194773997304,4.145194773997304,4.0
alt_corrected_unif,4.176905181922304,4.176905181922304,4.0
alt_uncorrected,5.048382862235728,5.048382862235728,4.0
