,Rseq_targets,Rseq_hits,Rfrequency
true_Rseq,3.732726977311062,3.732726977311062,4.0
alt_corrected,3.7778807811153077,3.7778807811153077,4.0
alt_corrected_unif,3.800506179700094,3.800506179700094,4.0
alt_uncorrected,4.671983860013518,4.671983860013518,4.0
