,Rseq_targets,Rseq_hits,Rfrequency
true_Rseq,4.257731090990213,4.257731090990213,4.0
alt_corrected,4.396521464935766,4.396521464935766,4.0
alt_corrected_unif,4.437696875592652,4.437696875592652,4.0
alt_uncorrected,5.3091745559060755,5.3091745559060755,4.0
