,Rseq_targets,Rseq_hits,Rfrequency
true_Rseq,3.3649738576255004,3.3649738576255004,4.0
alt_corrected,3.4096119925802664,3.4096119925802664,4.0
alt_corrected_unif,3.5316631347186145,3.5316631347186145,4.0
alt_uncorrected,4.403140815032039,4.403140815032039,4.0
