,Rseq_targets,Rseq_hits,Rfrequency
true_Rseq,3.3988712552667106,3.3988712552667106,4.0
alt_corrected,3.337560435043511,3.337560435043511,4.0
alt_corrected_unif,3.3490669230297505,3.3490669230297505,4.0
alt_uncorrected,4.220544603343175,4.220544603343175,4.0
