,Rseq_targets,Rseq_hits,Rfrequency
true_Rseq,3.234680267395543,3.234680267395543,4.0
alt_corrected,3.1530346540573415,3.1530346540573415,4.0
alt_corrected_unif,3.2077903528066662,3.2077903528066662,4.0
alt_uncorrected,4.079268033120091,4.079268033120091,4.0
