,Rseq_targets,Rseq_hits,Rfrequency
true_Rseq,3.7817218600155336,3.7817218600155336,4.0
alt_corrected,3.5925865122831184,3.5925865122831184,4.0
alt_corrected_unif,3.7523236549563985,3.7523236549563985,4.0
alt_uncorrected,4.623801335269823,4.623801335269823,4.0
