,Rseq_targets,Rseq_hits,Rfrequency
true_Rseq,3.575976726341813,3.575976726341813,4.0
alt_corrected,3.6844885835479206,3.6844885835479206,4.0
alt_corrected_unif,3.723152105717858,3.723152105717858,4.0
alt_uncorrected,4.594629786031282,4.594629786031282,4.0
