,Rseq_targets,Rseq_hits,Rfrequency
true_Rseq,4.609421692679687,4.609421692679687,4.0
alt_corrected,4.648151189657645,4.648151189657645,4.0
alt_corrected_unif,4.678939490441293,4.678939490441293,4.0
alt_uncorrected,5.5504171707547165,5.5504171707547165,4.0
