,Rseq_targets,Rseq_hits,Rfrequency
true_Rseq,3.970038355617376,3.970038355617376,4.0
alt_corrected,4.017070382269214,4.017070382269214,4.0
alt_corrected_unif,4.03860182241335,4.03860182241335,4.0
alt_uncorrected,4.9100795027267745,4.9100795027267745,4.0
