,Rseq_targets,Rseq_hits,Rfrequency
true_Rseq,3.997643030909578,3.997643030909578,4.0
alt_corrected,4.032841505824192,4.032841505824192,4.0
alt_corrected_unif,4.066864584827288,4.066864584827288,4.0
alt_uncorrected,4.938342265140712,4.938342265140712,4.0
