,Rseq_targets,Rseq_hits,Rfrequency
true_Rseq,2.884946261763222,3.9822881273893262,4.0
alt_corrected,2.9513344144632634,4.017293731144816,4.0
alt_corrected_unif,3.0164368906977983,4.082396207379352,4.0
alt_uncorrected,3.8879145710112226,4.953873887692776,4.0
