,Rseq_targets,Rseq_hits,Rfrequency
true_Rseq,4.072811645034534,4.072811645034534,4.0
alt_corrected,3.9267096068668503,3.9267096068668503,4.0
alt_corrected_unif,3.979139816976794,3.979139816976794,4.0
alt_uncorrected,4.8506174972902185,4.8506174972902185,4.0
