,Rseq_targets,Rseq_hits,Rfrequency
true_Rseq,3.577013471242921,3.577013471242921,4.0
alt_corrected,3.450584211302171,3.450584211302171,4.0
alt_corrected_unif,3.602911173797217,3.602911173797217,4.0
alt_uncorrected,4.474388854110641,4.474388854110641,4.0
