,Rseq_targets,Rseq_hits,Rfrequency
true_Rseq,4.522561361571324,4.522561361571324,4.0
alt_corrected,4.517330093922625,4.517330093922625,4.0
alt_corrected_unif,4.547119762017852,4.547119762017852,4.0
alt_uncorrected,5.418597442331277,5.418597442331277,4.0
