,Rseq_targets,Rseq_hits,Rfrequency
true_Rseq,4.312628950418761,4.312628950418761,4.0
alt_corrected,3.9138401455194156,3.9138401455194156,4.0
alt_corrected_unif,4.187742339924428,4.187742339924428,4.0
alt_uncorrected,5.059220020237852,5.059220020237852,4.0
