,Rseq_targets,Rseq_hits,Rfrequency
true_Rseq,0.1835250222908389,3.3035043032186273,4.0
alt_corrected,0.33173032601413643,3.1926993824101864,4.0
alt_corrected_unif,0.5488969270749315,3.4098659834709815,4.0
alt_uncorrected,1.4203746073883559,4.281343663784406,4.0
