,Rseq_targets,Rseq_hits,Rfrequency
true_Rseq,3.294951656834291,3.294951656834291,4.0
alt_corrected,3.3184999962754755,3.3184999962754755,4.0
alt_corrected_unif,3.328696432970149,3.328696432970149,4.0
alt_uncorrected,4.200174113283573,4.200174113283573,4.0
