,Rseq_targets,Rseq_hits,Rfrequency
true_Rseq,3.8605754665111913,3.8605754665111913,4.0
alt_corrected,3.8496913594554996,3.8496913594554996,4.0
alt_corrected_unif,3.8513123903743245,3.8513123903743245,4.0
alt_uncorrected,4.722790070687749,4.722790070687749,4.0
