,Rseq_targets,Rseq_hits,Rfrequency
true_Rseq,4.80244982436923,4.80244982436923,4.0
alt_corrected,4.4429426397068355,4.4429426397068355,4.0
alt_corrected_unif,4.636988350603685,4.636988350603685,4.0
alt_uncorrected,5.508466030917109,5.508466030917109,4.0
