,Rseq_targets,Rseq_hits,Rfrequency
true_Rseq,4.144934752053841,4.144934752053841,4.0
alt_corrected,4.102671102583815,4.102671102583815,4.0
alt_corrected_unif,4.113133660930561,4.113133660930561,4.0
alt_uncorrected,4.984611341243985,4.984611341243985,4.0
