,Rseq_targets,Rseq_hits,Rfrequency
true_Rseq,4.507751956139465,4.507751956139465,4.0
alt_corrected,4.313353227985493,4.313353227985493,4.0
alt_corrected_unif,4.425018735138144,4.425018735138144,4.0
alt_uncorrected,5.296496415451568,5.296496415451568,4.0
