,Rseq_targets,Rseq_hits,Rfrequency
true_Rseq,3.850563310316174,3.850563310316174,4.0
alt_corrected,3.874208845928451,3.874208845928451,4.0
alt_corrected_unif,3.877985969350243,3.877985969350243,4.0
alt_uncorrected,4.749463649663667,4.749463649663667,4.0
