,Rseq_targets,Rseq_hits,Rfrequency
true_Rseq,4.725154940788361,4.725154940788361,4.0
alt_corrected,4.538552031843569,4.538552031843569,4.0
alt_corrected_unif,4.609506528839892,4.609506528839892,4.0
alt_uncorrected,5.480984209153316,5.480984209153316,4.0
