,Rseq_targets,Rseq_hits,Rfrequency
true_Rseq,2.9286420777424187,2.9286420777424187,4.0
alt_corrected,3.0030041272882,3.0030041272882,4.0
alt_corrected_unif,3.085784519657328,3.085784519657328,4.0
alt_uncorrected,3.9572621999707525,3.9572621999707525,4.0
