,Rseq_targets,Rseq_hits,Rfrequency
true_Rseq,3.983093729062416,3.983093729062416,4.0
alt_corrected,3.947254021313808,3.947254021313808,4.0
alt_corrected_unif,3.9836103237211558,3.9836103237211558,4.0
alt_uncorrected,4.85508800403458,4.85508800403458,4.0
