,Rseq_targets,Rseq_hits,Rfrequency
true_Rseq,3.647256746385306,3.647256746385306,4.0
alt_corrected,3.7026370726229287,3.7026370726229287,4.0
alt_corrected_unif,3.7304178990152175,3.7304178990152175,4.0
alt_uncorrected,4.601895579328642,4.601895579328642,4.0
