,Rseq_targets,Rseq_hits,Rfrequency
true_Rseq,0.648295277582621,2.3670528379289344,4.0
alt_corrected,0.847981232879937,2.607150376791018,4.0
alt_corrected_unif,1.0380883598037518,2.7972575037148326,4.0
alt_uncorrected,1.9095660401171761,3.668735184028257,4.0
