,Rseq_targets,Rseq_hits,Rfrequency
true_Rseq,4.572028905300534,4.572028905300534,4.0
alt_corrected,4.50385586866481,4.50385586866481,4.0
alt_corrected_unif,4.548081683686208,4.548081683686208,4.0
alt_uncorrected,5.419559363999633,5.419559363999633,4.0
