,Rseq_targets,Rseq_hits,Rfrequency
true_Rseq,4.22974530178645,4.22974530178645,4.0
alt_corrected,4.232699853820836,4.232699853820836,4.0
alt_corrected_unif,4.239712446477409,4.239712446477409,4.0
alt_uncorrected,5.111190126790833,5.111190126790833,4.0
