,Rseq_targets,Rseq_hits,Rfrequency
true_Rseq,4.179286551863326,4.179286551863326,4.0
alt_corrected,4.062804842767671,4.062804842767671,4.0
alt_corrected_unif,4.11809953958646,4.11809953958646,4.0
alt_uncorrected,4.989577219899884,4.989577219899884,4.0
