,Rseq_targets,Rseq_hits,Rfrequency
true_Rseq,3.869629327203201,3.7680157031648367,4.0
alt_corrected,3.7815452407021306,3.662136024355445,4.0
alt_corrected_unif,3.812436039184392,3.6930268228377066,4.0
alt_uncorrected,4.683913719497816,4.564504503151131,4.0
