,Rseq_targets,Rseq_hits,Rfrequency
true_Rseq,0.8008691221464392,2.8651598948670767,4.0
alt_corrected,0.8981895842886094,2.7809038439437277,4.0
alt_corrected_unif,0.9599488393301354,2.8426630989852537,4.0
alt_uncorrected,1.8314265196435597,3.714140779298678,4.0
