,Rseq_targets,Rseq_hits,Rfrequency
true_Rseq,4.282082195318202,4.282082195318202,4.0
alt_corrected,4.296537152700953,4.296537152700953,4.0
alt_corrected_unif,4.30912142102342,4.30912142102342,4.0
alt_uncorrected,5.180599101336845,5.180599101336845,4.0
