,Rseq_targets,Rseq_hits,Rfrequency
true_Rseq,4.021048342529504,4.021048342529504,4.0
alt_corrected,3.8285264104936525,3.8285264104936525,4.0
alt_corrected_unif,3.848655205892672,3.848655205892672,4.0
alt_uncorrected,4.7201328862060965,4.7201328862060965,4.0
