,Rseq_targets,Rseq_hits,Rfrequency
true_Rseq,3.41441642095854,3.41441642095854,4.0
alt_corrected,3.601457343750725,3.601457343750725,4.0
alt_corrected_unif,3.7228608632514306,3.7228608632514306,4.0
alt_uncorrected,4.594338543564855,4.594338543564855,4.0
