,Rseq_targets,Rseq_hits,Rfrequency
true_Rseq,3.966246351575835,3.966246351575835,4.0
alt_corrected,3.80090974403121,3.80090974403121,4.0
alt_corrected_unif,3.8601835181408393,3.8601835181408393,4.0
alt_uncorrected,4.731661198454264,4.731661198454264,4.0
