,Rseq_targets,Rseq_hits,Rfrequency
true_Rseq,4.743817647040839,4.743817647040839,4.0
alt_corrected,4.418670907164913,4.418670907164913,4.0
alt_corrected_unif,4.495208677399967,4.495208677399967,4.0
alt_uncorrected,5.366686357713391,5.366686357713391,4.0
