,Rseq_targets,Rseq_hits,Rfrequency
true_Rseq,1.8529962957278485,3.195647154033443,4.0
alt_corrected,1.847113812455281,3.1923939722192456,4.0
alt_corrected_unif,1.915237271960462,3.2605174317244265,4.0
alt_uncorrected,2.7867149522738863,4.131995112037851,4.0
