,Rseq_targets,Rseq_hits,Rfrequency
true_Rseq,4.366888261575255,4.366888261575255,4.0
alt_corrected,4.405515585202996,4.405515585202996,4.0
alt_corrected_unif,4.42882699964273,4.42882699964273,4.0
alt_uncorrected,5.300304679956154,5.300304679956154,4.0
