,Rseq_targets,Rseq_hits,Rfrequency
true_Rseq,4.53136939761563,4.53136939761563,4.0
alt_corrected,4.50851971864166,4.50851971864166,4.0
alt_corrected_unif,4.536401641433375,4.536401641433375,4.0
alt_uncorrected,5.4078793217468,5.4078793217468,4.0
