,Rseq_targets,Rseq_hits,Rfrequency
true_Rseq,4.072471705434765,4.072471705434765,4.0
alt_corrected,4.115235214430836,4.115235214430836,4.0
alt_corrected_unif,4.196330763187387,4.196330763187387,4.0
alt_uncorrected,5.067808443500811,5.067808443500811,4.0
