,Rseq_targets,Rseq_hits,Rfrequency
true_Rseq,4.093524803522838,4.093524803522838,4.0
alt_corrected,4.037413109381714,4.037413109381714,4.0
alt_corrected_unif,4.051275868102692,4.051275868102692,4.0
alt_uncorrected,4.922753548416117,4.922753548416117,4.0
