,Rseq_targets,Rseq_hits,Rfrequency
true_Rseq,4.20631963510949,4.20631963510949,4.0
alt_corrected,4.257470266660655,4.257470266660655,4.0
alt_corrected_unif,4.273238379021199,4.273238379021199,4.0
alt_uncorrected,5.144716059334623,5.144716059334623,4.0
