,Rseq_targets,Rseq_hits,Rfrequency
true_Rseq,4.218275416908721,4.218275416908721,4.0
alt_corrected,4.311276844583233,4.311276844583233,4.0
alt_corrected_unif,4.426173334685144,4.426173334685144,4.0
alt_uncorrected,5.297651014998568,5.297651014998568,4.0
