,Rseq_targets,Rseq_hits,Rfrequency
true_Rseq,3.679768334184816,3.679768334184816,4.0
alt_corrected,3.7325123931334465,3.7325123931334465,4.0
alt_corrected_unif,3.754804668270173,3.754804668270173,4.0
alt_uncorrected,4.626282348583597,4.626282348583597,4.0
