,Rseq_targets,Rseq_hits,Rfrequency
true_Rseq,4.514674442597315,4.514674442597315,4.0
alt_corrected,3.9865849669808875,3.9865849669808875,4.0
alt_corrected_unif,4.225013330639289,4.225013330639289,4.0
alt_uncorrected,5.096491010952713,5.096491010952713,4.0
