,Rseq_targets,Rseq_hits,Rfrequency
true_Rseq,3.920520839371921,3.8547974099556157,4.0
alt_corrected,3.7859066742253096,3.6946779486441863,4.0
alt_corrected_unif,3.8410999254573883,3.749871199876265,4.0
alt_uncorrected,4.712577605770813,4.621348880189689,4.0
