,Rseq_targets,Rseq_hits,Rfrequency
true_Rseq,4.4084199484170234,4.4084199484170234,4.0
alt_corrected,4.429831786086581,4.429831786086581,4.0
alt_corrected_unif,4.444447856571715,4.444447856571715,4.0
alt_uncorrected,5.31592553688514,5.31592553688514,4.0
