,Rseq_targets,Rseq_hits,Rfrequency
true_Rseq,3.6548870392911557,3.6548870392911557,4.0
alt_corrected,3.5806478246339624,3.5806478246339624,4.0
alt_corrected_unif,3.674001086611845,3.674001086611845,4.0
alt_uncorrected,4.545478766925269,4.545478766925269,4.0
