,Rseq_targets,Rseq_hits,Rfrequency
true_Rseq,4.527888986490877,4.527888986490877,4.0
alt_corrected,4.522125462555568,4.522125462555568,4.0
alt_corrected_unif,4.525902585977365,4.525902585977365,4.0
alt_uncorrected,5.3973802662907895,5.3973802662907895,4.0
