,Rseq_targets,Rseq_hits,Rfrequency
true_Rseq,3.307493573966501,3.307493573966501,4.0
alt_corrected,3.3283647038513817,3.3283647038513817,4.0
alt_corrected_unif,3.45041584598973,3.45041584598973,4.0
alt_uncorrected,4.321893526303154,4.321893526303154,4.0
