,Rseq_targets,Rseq_hits,Rfrequency
true_Rseq,4.949464153293125,4.949464153293125,4.0
alt_corrected,4.9589927285938025,4.9589927285938025,4.0
alt_corrected_unif,4.967690164862963,4.967690164862963,4.0
alt_uncorrected,5.839167845176387,5.839167845176387,4.0
