,Rseq_targets,Rseq_hits,Rfrequency
true_Rseq,4.03855570591319,4.03855570591319,4.0
alt_corrected,3.873455696480017,3.873455696480017,4.0
alt_corrected_unif,3.9222604146621527,3.9222604146621527,4.0
alt_uncorrected,4.793738094975577,4.793738094975577,4.0
