,Rseq_targets,Rseq_hits,Rfrequency
true_Rseq,4.546843239818671,4.546843239818671,4.0
alt_corrected,4.306023781392319,4.306023781392319,4.0
alt_corrected_unif,4.407622595285147,4.407622595285147,4.0
alt_uncorrected,5.279100275598571,5.279100275598571,4.0
