,Rseq_targets,Rseq_hits,Rfrequency
true_Rseq,4.052796337698773,4.052796337698773,4.0
alt_corrected,3.982012942773755,3.982012942773755,4.0
alt_corrected_unif,4.00815879152753,4.00815879152753,4.0
alt_uncorrected,4.8796364718409535,4.8796364718409535,4.0
