,Rseq_targets,Rseq_hits,Rfrequency
true_Rseq,3.9869100635707486,3.9869100635707486,4.0
alt_corrected,3.978244748729326,3.978244748729326,4.0
alt_corrected_unif,3.9976878379921446,3.9976878379921446,4.0
alt_uncorrected,4.869165518305569,4.869165518305569,4.0
