,Rseq_targets,Rseq_hits,Rfrequency
true_Rseq,3.9980819558526086,3.9980819558526086,4.0
alt_corrected,3.979042549011094,3.979042549011094,4.0
alt_corrected_unif,3.9975282705595236,3.9975282705595236,4.0
alt_uncorrected,4.869005950872948,4.869005950872948,4.0
