,Rseq_targets,Rseq_hits,Rfrequency
true_Rseq,3.909983773650115,3.909983773650115,4.0
alt_corrected,3.9787827305527825,3.9787827305527825,4.0
alt_corrected_unif,4.007803891061402,4.007803891061402,4.0
alt_uncorrected,4.879281571374826,4.879281571374826,4.0
