,Rseq_targets,Rseq_hits,Rfrequency
true_Rseq,2.833484952811581,2.833484952811581,4.0
alt_corrected,3.009312140825152,3.009312140825152,4.0
alt_corrected_unif,3.0325260826269598,3.0325260826269598,4.0
alt_uncorrected,3.904003762940384,3.904003762940384,4.0
