,Rseq_targets,Rseq_hits,Rfrequency
true_Rseq,2.349954206277557,2.6082421497275554,4.0
alt_corrected,2.41251216737329,2.6979502873324,4.0
alt_corrected_unif,2.5147900680834425,2.800228188042553,4.0
alt_uncorrected,3.386267748396867,3.671705868355977,4.0
