,Rseq_targets,Rseq_hits,Rfrequency
true_Rseq,4.246890651012195,4.246890651012195,4.0
alt_corrected,4.1515618843153455,4.1515618843153455,4.0
alt_corrected_unif,4.173854159452091,4.173854159452091,4.0
alt_uncorrected,5.045331839765515,5.045331839765515,4.0
