,Rseq_targets,Rseq_hits,Rfrequency
true_Rseq,4.174190164932827,4.174190164932827,4.0
alt_corrected,4.188038108496137,4.188038108496137,4.0
alt_corrected_unif,4.199367146229202,4.199367146229202,4.0
alt_uncorrected,5.070844826542626,5.070844826542626,4.0
