,Rseq_targets,Rseq_hits,Rfrequency
true_Rseq,4.799892799212257,4.799892799212257,4.0
alt_corrected,4.767362689249559,4.767362689249559,4.0
alt_corrected_unif,4.818464369542761,4.818464369542761,4.0
alt_uncorrected,5.689942049856186,5.689942049856186,4.0
