,Rseq_targets,Rseq_hits,Rfrequency
true_Rseq,4.55505401215996,4.55505401215996,4.0
alt_corrected,4.540265753980913,4.540265753980913,4.0
alt_corrected_unif,4.572743663582445,4.572743663582445,4.0
alt_uncorrected,5.44422134389587,5.44422134389587,4.0
