,Rseq_targets,Rseq_hits,Rfrequency
true_Rseq,3.980285384941652,3.980285384941652,4.0
alt_corrected,3.8795154804761336,3.8795154804761336,4.0
alt_corrected_unif,3.9534214988586505,3.9534214988586505,4.0
alt_uncorrected,4.824899179172075,4.824899179172075,4.0
