,Rseq_targets,Rseq_hits,Rfrequency
true_Rseq,4.11643476872754,4.11643476872754,4.0
alt_corrected,4.111379083615935,4.111379083615935,4.0
alt_corrected_unif,4.129354913676158,4.129354913676158,4.0
alt_uncorrected,5.000832593989582,5.000832593989582,4.0
