,Rseq_targets,Rseq_hits,Rfrequency
true_Rseq,3.872461913595232,3.872461913595232,4.0
alt_corrected,3.9802244329779213,3.9802244329779213,4.0
alt_corrected_unif,3.9917309209641583,3.9917309209641583,4.0
alt_uncorrected,4.863208601277583,4.863208601277583,4.0
