,Rseq_targets,Rseq_hits,Rfrequency
true_Rseq,4.799712587655204,4.799712587655204,4.0
alt_corrected,4.469677878205628,4.469677878205628,4.0
alt_corrected_unif,4.53766298501637,4.53766298501637,4.0
alt_uncorrected,5.409140665329794,5.409140665329794,4.0
