,Rseq_targets,Rseq_hits,Rfrequency
true_Rseq,3.4160983632353243,3.4160983632353243,4.0
alt_corrected,3.611750215851123,3.611750215851123,4.0
alt_corrected_unif,3.6917051906755822,3.6917051906755822,4.0
alt_uncorrected,4.5631828709890065,4.5631828709890065,4.0
