,Rseq_targets,Rseq_hits,Rfrequency
true_Rseq,4.310527956759087,4.310527956759087,4.0
alt_corrected,4.319545224620768,4.319545224620768,4.0
alt_corrected_unif,4.330007782967522,4.330007782967522,4.0
alt_uncorrected,5.201485463280946,5.201485463280946,4.0
