,Rseq_targets,Rseq_hits,Rfrequency
true_Rseq,4.300699186103023,4.300699186103023,4.0
alt_corrected,4.315819644974079,4.315819644974079,4.0
alt_corrected_unif,4.322883801147922,4.322883801147922,4.0
alt_uncorrected,5.194361481461346,5.194361481461346,4.0
