,Rseq_targets,Rseq_hits,Rfrequency
true_Rseq,4.112986448874166,4.112986448874166,4.0
alt_corrected,4.051777312746568,4.051777312746568,4.0
alt_corrected_unif,4.066517673572003,4.066517673572003,4.0
alt_uncorrected,4.937995353885427,4.937995353885427,4.0
