,Rseq_targets,Rseq_hits,Rfrequency
true_Rseq,3.7635160961048646,3.7635160961048646,4.0
alt_corrected,3.8887592045211745,3.8887592045211745,4.0
alt_corrected_unif,3.9948570665513823,3.9948570665513823,4.0
alt_uncorrected,4.866334746864807,4.866334746864807,4.0
