,Rseq_targets,Rseq_hits,Rfrequency
true_Rseq,4.029736840358026,4.029736840358026,4.0
alt_corrected,3.8984965324575915,3.8984965324575915,4.0
alt_corrected_unif,3.9523289986237997,3.9523289986237997,4.0
alt_uncorrected,4.823806678937224,4.823806678937224,4.0
