,Rseq_targets,Rseq_hits,Rfrequency
true_Rseq,4.1807783463663295,4.1807783463663295,4.0
alt_corrected,4.110810723590417,4.110810723590417,4.0
alt_corrected_unif,4.122139761323485,4.122139761323485,4.0
alt_uncorrected,4.99361744163691,4.99361744163691,4.0
