,Rseq_targets,Rseq_hits,Rfrequency
true_Rseq,5.307720155319913,5.307720155319913,4.0
alt_corrected,5.09266173424284,5.09266173424284,4.0
alt_corrected_unif,5.129694466546518,5.129694466546518,4.0
alt_uncorrected,6.001172146859942,6.001172146859942,4.0
