,Rseq_targets,Rseq_hits,Rfrequency
true_Rseq,4.233787349430868,4.233787349430868,4.0
alt_corrected,4.237232610408558,4.237232610408558,4.0
alt_corrected_unif,4.274265342712248,4.274265342712248,4.0
alt_uncorrected,5.1457430230256715,5.1457430230256715,4.0
