,Rseq_targets,Rseq_hits,Rfrequency
true_Rseq,3.5510586402537143,3.5510586402537143,4.0
alt_corrected,3.3881131054663784,3.3881131054663784,4.0
alt_corrected_unif,3.5433447950922887,3.5433447950922887,4.0
alt_uncorrected,4.414822475405713,4.414822475405713,4.0
