,Rseq_targets,Rseq_hits,Rfrequency
true_Rseq,4.004511198380763,4.004511198380763,4.0
alt_corrected,4.001047208979177,4.001047208979177,4.0
alt_corrected_unif,4.016815321339729,4.016815321339729,4.0
alt_uncorrected,4.888293001653153,4.888293001653153,4.0
