,Rseq_targets,Rseq_hits,Rfrequency
true_Rseq,3.9799004467365666,3.9799004467365666,4.0
alt_corrected,3.9412883417670472,3.9412883417670472,4.0
alt_corrected_unif,3.950932535887572,3.950932535887572,4.0
alt_uncorrected,4.822410216200996,4.822410216200996,4.0
