,Rseq_targets,Rseq_hits,Rfrequency
true_Rseq,4.225499023271438,4.225499023271438,4.0
alt_corrected,3.986785863180485,3.986785863180485,4.0
alt_corrected_unif,4.057135895601949,4.057135895601949,4.0
alt_uncorrected,4.9286135759153735,4.9286135759153735,4.0
