,Rseq_targets,Rseq_hits,Rfrequency
true_Rseq,4.453591175483993,4.453591175483993,4.0
alt_corrected,4.365027889955686,4.365027889955686,4.0
alt_corrected_unif,4.373224647167945,4.373224647167945,4.0
alt_uncorrected,5.244702327481369,5.244702327481369,4.0
