,Rseq_targets,Rseq_hits,Rfrequency
true_Rseq,3.96117074749223,3.96117074749223,4.0
alt_corrected,4.016963901860088,4.016963901860088,4.0
alt_corrected_unif,4.041988874860152,4.041988874860152,4.0
alt_uncorrected,4.913466555173577,4.913466555173577,4.0
