,Rseq_targets,Rseq_hits,Rfrequency
true_Rseq,3.9804612151341603,3.9804612151341603,4.0
alt_corrected,3.9449856958302467,3.9449856958302467,4.0
alt_corrected_unif,3.982349722907322,3.982349722907322,4.0
alt_uncorrected,4.8538274032207465,4.8538274032207465,4.0
