,Rseq_targets,Rseq_hits,Rfrequency
true_Rseq,3.772721315804535,3.772721315804535,4.0
alt_corrected,3.834080598753027,3.834080598753027,4.0
alt_corrected_unif,3.851075637994818,3.851075637994818,4.0
alt_uncorrected,4.722553318308242,4.722553318308242,4.0
