,Rseq_targets,Rseq_hits,Rfrequency
true_Rseq,3.775470511543878,3.775470511543878,4.0
alt_corrected,3.9966508668312417,3.9966508668312417,4.0
alt_corrected_unif,4.0577967903174486,4.0577967903174486,4.0
alt_uncorrected,4.929274470630872,4.929274470630872,4.0
