,Rseq_targets,Rseq_hits,Rfrequency
true_Rseq,3.961194969881083,3.961194969881083,4.0
alt_corrected,3.9412932087231223,3.9412932087231223,4.0
alt_corrected_unif,3.942931952462476,3.942931952462476,4.0
alt_uncorrected,4.8144096327759005,4.8144096327759005,4.0
