,Rseq_targets,Rseq_hits,Rfrequency
true_Rseq,4.633529782716698,4.633529782716698,4.0
alt_corrected,4.502758862603633,4.502758862603633,4.0
alt_corrected_unif,4.554617988360048,4.554617988360048,4.0
alt_uncorrected,5.426095668673472,5.426095668673472,4.0
