,Rseq_targets,Rseq_hits,Rfrequency
true_Rseq,3.672006537433634,3.672006537433634,4.0
alt_corrected,3.760799049394411,3.760799049394411,4.0
alt_corrected_unif,3.7735677255614273,3.7735677255614273,4.0
alt_uncorrected,4.645045405874852,4.645045405874852,4.0
