,Rseq_targets,Rseq_hits,Rfrequency
true_Rseq,3.786626988392608,3.786626988392608,4.0
alt_corrected,3.6601794960421197,3.6601794960421197,4.0
alt_corrected_unif,3.6873859441420787,3.6873859441420787,4.0
alt_uncorrected,4.558863624455503,4.558863624455503,4.0
