,Rseq_targets,Rseq_hits,Rfrequency
true_Rseq,4.224416090943899,4.224416090943899,4.0
alt_corrected,4.339908120594979,4.339908120594979,4.0
alt_corrected_unif,4.40654246760613,4.40654246760613,4.0
alt_uncorrected,5.278020147919554,5.278020147919554,4.0
