,Rseq_targets,Rseq_hits,Rfrequency
true_Rseq,4.422869286987176,4.422869286987176,4.0
alt_corrected,4.419690414428923,4.419690414428923,4.0
alt_corrected_unif,4.427798500242266,4.427798500242266,4.0
alt_uncorrected,5.29927618055569,5.29927618055569,4.0
