,Rseq_targets,Rseq_hits,Rfrequency
true_Rseq,3.3392371293161354,3.3392371293161354,4.0
alt_corrected,3.4046133818224362,3.4046133818224362,4.0
alt_corrected_unif,3.4421022852681813,3.4421022852681813,4.0
alt_uncorrected,4.313579965581606,4.313579965581606,4.0
