,Rseq_targets,Rseq_hits,Rfrequency
true_Rseq,4.475441612028558,4.475441612028558,4.0
alt_corrected,4.450996899014562,4.450996899014562,4.0
alt_corrected_unif,4.467725494039344,4.467725494039344,4.0
alt_uncorrected,5.339203174352768,5.339203174352768,4.0
