,Rseq_targets,Rseq_hits,Rfrequency
true_Rseq,4.522414128681935,4.522414128681935,4.0
alt_corrected,3.9441730529503,3.9441730529503,4.0
alt_corrected_unif,4.159387301456331,4.159387301456331,4.0
alt_uncorrected,5.0308649817697555,5.0308649817697555,4.0
