,Rseq_targets,Rseq_hits,Rfrequency
true_Rseq,4.015281150959343,4.015281150959343,4.0
alt_corrected,4.1004962659120405,4.1004962659120405,4.0
alt_corrected_unif,4.112349712448344,4.112349712448344,4.0
alt_uncorrected,4.983827392761769,4.983827392761769,4.0
