,Rseq_targets,Rseq_hits,Rfrequency
true_Rseq,4.228845845774533,4.228845845774533,4.0
alt_corrected,4.259313660850788,4.259313660850788,4.0
alt_corrected_unif,4.27508177321133,4.27508177321133,4.0
alt_uncorrected,5.146559453524754,5.146559453524754,4.0
