,Rseq_targets,Rseq_hits,Rfrequency
true_Rseq,5.463218381007518,5.463218381007518,4.0
alt_corrected,5.222937312674596,5.222937312674596,4.0
alt_corrected_unif,5.267686556310828,5.267686556310828,4.0
alt_uncorrected,6.139164236624252,6.139164236624252,4.0
