,Rseq_targets,Rseq_hits,Rfrequency
true_Rseq,3.9042125454896155,3.9042125454896155,4.0
alt_corrected,4.013374296563827,4.013374296563827,4.0
alt_corrected_unif,4.044937741612582,4.044937741612582,4.0
alt_uncorrected,4.916415421926006,4.916415421926006,4.0
