,Rseq_targets,Rseq_hits,Rfrequency
true_Rseq,4.663715412080103,4.663715412080103,4.0
alt_corrected,4.356250421799315,4.356250421799315,4.0
alt_corrected_unif,4.408757161863493,4.408757161863493,4.0
alt_uncorrected,5.280234842176918,5.280234842176918,4.0
