,Rseq_targets,Rseq_hits,Rfrequency
true_Rseq,4.018366551163751,4.018366551163751,4.0
alt_corrected,3.8713164046463957,3.8713164046463957,4.0
alt_corrected_unif,3.8974551369054935,3.8974551369054935,4.0
alt_uncorrected,4.768932817218918,4.768932817218918,4.0
