,Rseq_targets,Rseq_hits,Rfrequency
true_Rseq,3.9237025614464116,3.9237025614464116,4.0
alt_corrected,3.8858750720690796,3.8858750720690796,4.0
alt_corrected_unif,3.889705355403731,3.889705355403731,4.0
alt_uncorrected,4.761183035717155,4.761183035717155,4.0
