,Rseq_targets,Rseq_hits,Rfrequency
true_Rseq,4.084666621593561,4.084666621593561,4.0
alt_corrected,4.166646161702896,4.166646161702896,4.0
alt_corrected_unif,4.223944617023976,4.223944617023976,4.0
alt_uncorrected,5.0954222973374,5.0954222973374,4.0
