,Rseq_targets,Rseq_hits,Rfrequency
true_Rseq,3.5910610544080894,3.5910610544080894,4.0
alt_corrected,3.647689908424026,3.647689908424026,4.0
alt_corrected_unif,3.6514670318458404,3.6514670318458404,4.0
alt_uncorrected,4.522944712159265,4.522944712159265,4.0
