,Rseq_targets,Rseq_hits,Rfrequency
true_Rseq,4.824438674201231,4.824438674201231,4.0
alt_corrected,4.4961009796545,4.4961009796545,4.0
alt_corrected_unif,4.586012981391823,4.586012981391823,4.0
alt_uncorrected,5.457490661705248,5.457490661705248,4.0
