,Rseq_targets,Rseq_hits,Rfrequency
true_Rseq,4.670290277579609,4.670290277579609,4.0
alt_corrected,4.584032972007089,4.584032972007089,4.0
alt_corrected_unif,4.6305999444017125,4.6305999444017125,4.0
alt_uncorrected,5.502077624715136,5.502077624715136,4.0
