,Rseq_targets,Rseq_hits,Rfrequency
true_Rseq,3.9647899859845417,3.9647899859845417,4.0
alt_corrected,3.756555219633652,3.756555219633652,4.0
alt_corrected_unif,3.825131105578277,3.825131105578277,4.0
alt_uncorrected,4.696608785891701,4.696608785891701,4.0
