,Rseq_targets,Rseq_hits,Rfrequency
true_Rseq,4.104784301008734,4.104784301008734,4.0
alt_corrected,4.297246730482236,4.297246730482236,4.0
alt_corrected_unif,4.336912460943266,4.336912460943266,4.0
alt_uncorrected,5.2083901412566895,5.2083901412566895,4.0
