,Rseq_targets,Rseq_hits,Rfrequency
true_Rseq,3.9518710845563163,3.9518710845563163,4.0
alt_corrected,3.9682483295569537,3.9682483295569537,4.0
alt_corrected_unif,4.044512619434004,4.044512619434004,4.0
alt_uncorrected,4.915990299747428,4.915990299747428,4.0
