,Rseq_targets,Rseq_hits,Rfrequency
true_Rseq,4.639258500360281,4.639258500360281,4.0
alt_corrected,4.5476441061031085,4.5476441061031085,4.0
alt_corrected_unif,4.625674735475011,4.625674735475011,4.0
alt_uncorrected,5.497152415788435,5.497152415788435,4.0
