,Rseq_targets,Rseq_hits,Rfrequency
true_Rseq,0.8773370207039282,2.8057590814710114,4.0
alt_corrected,0.800615919265151,2.776200426983011,4.0
alt_corrected_unif,0.9511471676737651,2.926731675391625,4.0
alt_uncorrected,1.8226248479871894,3.7982093557050494,4.0
