,Rseq_targets,Rseq_hits,Rfrequency
true_Rseq,3.4447163605376296,3.293317336314491,4.0
alt_corrected,3.4337311138653894,3.3038904891428458,4.0
alt_corrected_unif,3.4518034629617307,3.321962838239187,4.0
alt_uncorrected,4.323281143275155,4.193440518552611,4.0
