,Rseq_targets,Rseq_hits,Rfrequency
true_Rseq,4.59044259705486,4.59044259705486,4.0
alt_corrected,4.571498268576486,4.571498268576486,4.0
alt_corrected_unif,4.60508993743708,4.60508993743708,4.0
alt_uncorrected,5.476567617750504,5.476567617750504,4.0
