,Rseq_targets,Rseq_hits,Rfrequency
true_Rseq,3.920952697028433,3.920952697028433,4.0
alt_corrected,4.0220698813382825,4.0220698813382825,4.0
alt_corrected_unif,4.044362156475012,4.044362156475012,4.0
alt_uncorrected,4.915839836788436,4.915839836788436,4.0
