,Rseq_targets,Rseq_hits,Rfrequency
true_Rseq,4.867616487823898,4.867616487823898,4.0
alt_corrected,5.143059113612891,5.143059113612891,4.0
alt_corrected_unif,5.222961405245162,5.222961405245162,4.0
alt_uncorrected,6.0944390855585855,6.0944390855585855,4.0
