,Rseq_targets,Rseq_hits,Rfrequency
true_Rseq,3.841757338894169,3.841757338894169,4.0
alt_corrected,3.8224295019085357,3.8224295019085357,4.0
alt_corrected_unif,3.8777374432320317,3.8777374432320317,4.0
alt_uncorrected,4.749215123545456,4.749215123545456,4.0
