,Rseq_targets,Rseq_hits,Rfrequency
true_Rseq,3.9480686172563297,3.9480686172563297,4.0
alt_corrected,4.139188306291192,4.139188306291192,4.0
alt_corrected_unif,4.181675424278019,4.181675424278019,4.0
alt_uncorrected,5.053153104591443,5.053153104591443,4.0
