,Rseq_targets,Rseq_hits,Rfrequency
true_Rseq,3.9800161209084894,3.9800161209084894,4.0
alt_corrected,3.8883865203992287,3.8883865203992287,4.0
alt_corrected_unif,3.9110119189840282,3.9110119189840282,4.0
alt_uncorrected,4.7824895992974525,4.7824895992974525,4.0
