,Rseq_targets,Rseq_hits,Rfrequency
true_Rseq,4.166629985867008,4.166629985867008,4.0
alt_corrected,4.185142582841605,4.185142582841605,4.0
alt_corrected_unif,4.20564627145067,4.20564627145067,4.0
alt_uncorrected,5.077123951764094,5.077123951764094,4.0
