,Rseq_targets,Rseq_hits,Rfrequency
true_Rseq,4.160049834189314,4.160049834189314,4.0
alt_corrected,4.165292766877426,4.165292766877426,4.0
alt_corrected_unif,4.223015669393753,4.223015669393753,4.0
alt_uncorrected,5.094493349707177,5.094493349707177,4.0
