,Rseq_targets,Rseq_hits,Rfrequency
true_Rseq,4.098264181514391,4.098264181514391,4.0
alt_corrected,4.149420968663746,4.149420968663746,4.0
alt_corrected_unif,4.189193729071084,4.189193729071084,4.0
alt_uncorrected,5.060671409384508,5.060671409384508,4.0
