,Rseq_targets,Rseq_hits,Rfrequency
true_Rseq,3.8007950779174564,3.8007950779174564,4.0
alt_corrected,3.6369168909343554,3.6369168909343554,4.0
alt_corrected_unif,3.7500941789979847,3.7500941789979847,4.0
alt_uncorrected,4.621571859311409,4.621571859311409,4.0
