,Rseq_targets,Rseq_hits,Rfrequency
true_Rseq,4.168314860163045,4.168314860163045,4.0
alt_corrected,4.247102276123689,4.247102276123689,4.0
alt_corrected_unif,4.315888305736003,4.315888305736003,4.0
alt_uncorrected,5.187365986049427,5.187365986049427,4.0
