,Rseq_targets,Rseq_hits,Rfrequency
true_Rseq,3.9641563822916535,3.9641563822916535,4.0
alt_corrected,3.915257639727236,3.915257639727236,4.0
alt_corrected_unif,4.009875694098515,4.009875694098515,4.0
alt_uncorrected,4.881353374411939,4.881353374411939,4.0
