,Rseq_targets,Rseq_hits,Rfrequency
true_Rseq,4.418450167345445,4.418450167345445,4.0
alt_corrected,4.376041668381281,4.376041668381281,4.0
alt_corrected_unif,4.3851243458169,4.3851243458169,4.0
alt_uncorrected,5.256602026130325,5.256602026130325,4.0
