,Rseq_targets,Rseq_hits,Rfrequency
true_Rseq,3.776414941310348,3.776414941310348,4.0
alt_corrected,3.786399890836371,3.786399890836371,4.0
alt_corrected_unif,3.8267457440737824,3.8267457440737824,4.0
alt_uncorrected,4.698223424387207,4.698223424387207,4.0
