,Rseq_targets,Rseq_hits,Rfrequency
true_Rseq,4.469019794432034,4.469019794432034,4.0
alt_corrected,4.261412286673604,4.261412286673604,4.0
alt_corrected_unif,4.304418339777234,4.304418339777234,4.0
alt_uncorrected,5.175896020090658,5.175896020090658,4.0
