,Rseq_targets,Rseq_hits,Rfrequency
true_Rseq,4.223957213818439,4.223957213818439,4.0
alt_corrected,4.200813662524467,4.200813662524467,4.0
alt_corrected_unif,4.226142530899255,4.226142530899255,4.0
alt_uncorrected,5.0976202112126785,5.0976202112126785,4.0
