,Rseq_targets,Rseq_hits,Rfrequency
true_Rseq,4.739617539835054,4.739617539835054,4.0
alt_corrected,4.498928724184617,4.498928724184617,4.0
alt_corrected_unif,4.571143066966693,4.571143066966693,4.0
alt_uncorrected,5.442620747280118,5.442620747280118,4.0
