,Rseq_targets,Rseq_hits,Rfrequency
true_Rseq,4.708610710353501,4.708610710353501,4.0
alt_corrected,4.601857486225242,4.601857486225242,4.0
alt_corrected_unif,4.65295916651845,4.65295916651845,4.0
alt_uncorrected,5.5244368468318745,5.5244368468318745,4.0
