,Rseq_targets,Rseq_hits,Rfrequency
true_Rseq,3.4364463914042345,3.4364463914042345,4.0
alt_corrected,3.41169837582219,3.41169837582219,4.0
alt_corrected_unif,3.4198951330344403,3.4198951330344403,4.0
alt_uncorrected,4.291372813347865,4.291372813347865,4.0
