,Rseq_targets,Rseq_hits,Rfrequency
true_Rseq,3.6705344839145813,3.6705344839145813,4.0
alt_corrected,3.4261277388844054,3.4261277388844054,4.0
alt_corrected_unif,3.5590415864822957,3.5590415864822957,4.0
alt_uncorrected,4.43051926679572,4.43051926679572,4.0
