,Rseq_targets,Rseq_hits,Rfrequency
true_Rseq,3.5175523236335966,3.5175523236335966,4.0
alt_corrected,3.373278872001178,3.373278872001178,4.0
alt_corrected_unif,3.504632202242863,3.504632202242863,4.0
alt_uncorrected,4.376109882556287,4.376109882556287,4.0
