,Rseq_targets,Rseq_hits,Rfrequency
true_Rseq,3.9341205921934375,3.9341205921934375,4.0
alt_corrected,3.9351773826083254,3.9351773826083254,4.0
alt_corrected_unif,3.936263883773488,3.936263883773488,4.0
alt_uncorrected,4.807741564086912,4.807741564086912,4.0
