,Rseq_targets,Rseq_hits,Rfrequency
true_Rseq,4.109071399968883,4.109071399968883,4.0
alt_corrected,4.21007532066444,4.21007532066444,4.0
alt_corrected_unif,4.286392829168671,4.286392829168671,4.0
alt_uncorrected,5.157870509482095,5.157870509482095,4.0
