,Rseq_targets,Rseq_hits,Rfrequency
true_Rseq,4.88345417298137,4.88345417298137,4.0
alt_corrected,4.585748146319341,4.585748146319341,4.0
alt_corrected_unif,4.654615882004839,4.654615882004839,4.0
alt_uncorrected,5.5260935623182625,5.5260935623182625,4.0
