,Rseq_targets,Rseq_hits,Rfrequency
true_Rseq,4.267245573869211,3.8922455738692108,4.0
alt_corrected,4.341589742641039,4.008289128753609,4.0
alt_corrected_unif,4.371379410736267,4.038078796848836,4.0
alt_uncorrected,5.242857091049691,4.909556477162261,4.0
