,Rseq_targets,Rseq_hits,Rfrequency
true_Rseq,4.042783587900399,4.042783587900399,4.0
alt_corrected,4.166869703906587,4.166869703906587,4.0
alt_corrected_unif,4.238726364517937,4.238726364517937,4.0
alt_uncorrected,5.110204044831361,5.110204044831361,4.0
