,Rseq_targets,Rseq_hits,Rfrequency
true_Rseq,4.753311967787315,4.753311967787315,4.0
alt_corrected,4.556979592702431,4.556979592702431,4.0
alt_corrected_unif,4.5967299341939505,4.5967299341939505,4.0
alt_uncorrected,5.468207614507374,5.468207614507374,4.0
