,Rseq_targets,Rseq_hits,Rfrequency
true_Rseq,4.565260499340889,4.565260499340889,4.0
alt_corrected,4.596270332851155,4.596270332851155,4.0
alt_corrected_unif,4.621599201225955,4.621599201225955,4.0
alt_uncorrected,5.493076881539379,5.493076881539379,4.0
