,Rseq_targets,Rseq_hits,Rfrequency
true_Rseq,3.834644406368824,3.834644406368824,4.0
alt_corrected,3.681481386752627,3.681481386752627,4.0
alt_corrected_unif,3.7203340695253204,3.7203340695253204,4.0
alt_uncorrected,4.591811749838745,4.591811749838745,4.0
