,Rseq_targets,Rseq_hits,Rfrequency
true_Rseq,3.125265209831273,3.125265209831273,4.0
alt_corrected,3.094597549324474,3.094597549324474,4.0
alt_corrected_unif,3.2615653695004823,3.2615653695004823,4.0
alt_uncorrected,4.133043049813907,4.133043049813907,4.0
