,Rseq_targets,Rseq_hits,Rfrequency
true_Rseq,4.4452069409772506,4.4452069409772506,4.0
alt_corrected,4.364720270214523,4.364720270214523,4.0
alt_corrected_unif,4.403891359847387,4.403891359847387,4.0
alt_uncorrected,5.275369040160812,5.275369040160812,4.0
