,Rseq_targets,Rseq_hits,Rfrequency
true_Rseq,4.054894339781289,4.054894339781289,4.0
alt_corrected,3.746470674972683,3.746470674972683,4.0
alt_corrected_unif,3.8365885406118845,3.8365885406118845,4.0
alt_uncorrected,4.708066220925309,4.708066220925309,4.0
