,Rseq_targets,Rseq_hits,Rfrequency
true_Rseq,4.572693707033098,4.572693707033098,4.0
alt_corrected,4.396962559154916,4.396962559154916,4.0
alt_corrected_unif,4.425983719663538,4.425983719663538,4.0
alt_uncorrected,5.297461399976962,5.297461399976962,4.0
