,Rseq_targets,Rseq_hits,Rfrequency
true_Rseq,4.573147024655331,4.573147024655331,4.0
alt_corrected,4.463017976058627,4.463017976058627,4.0
alt_corrected_unif,4.509752014859194,4.509752014859194,4.0
alt_uncorrected,5.3812296951726175,5.3812296951726175,4.0
