,Rseq_targets,Rseq_hits,Rfrequency
true_Rseq,4.1114576392179325,4.1114576392179325,4.0
alt_corrected,4.191115580701756,4.191115580701756,4.0
alt_corrected_unif,4.253961842644523,4.253961842644523,4.0
alt_uncorrected,5.125439522957947,5.125439522957947,4.0
