,Rseq_targets,Rseq_hits,Rfrequency
true_Rseq,3.9246480593598365,3.9246480593598365,4.0
alt_corrected,4.078075525646453,4.078075525646453,4.0
alt_corrected_unif,4.107274045084507,4.107274045084507,4.0
alt_uncorrected,4.978751725397931,4.978751725397931,4.0
