,Rseq_targets,Rseq_hits,Rfrequency
true_Rseq,4.073857070217471,4.073857070217471,4.0
alt_corrected,4.0716921446408225,4.0716921446408225,4.0
alt_corrected_unif,4.1088489798011345,4.1088489798011345,4.0
alt_uncorrected,4.980326660114558,4.980326660114558,4.0
