,Rseq_targets,Rseq_hits,Rfrequency
true_Rseq,3.381149212632879,3.381149212632879,4.0
alt_corrected,3.3951764569612037,3.3951764569612037,4.0
alt_corrected_unif,3.399006740295858,3.399006740295858,4.0
alt_uncorrected,4.270484420609282,4.270484420609282,4.0
