,Rseq_targets,Rseq_hits,Rfrequency
true_Rseq,3.501652441446838,3.501652441446838,4.0
alt_corrected,3.448489497917521,3.448489497917521,4.0
alt_corrected_unif,3.564274368844847,3.564274368844847,4.0
alt_uncorrected,4.435752049158271,4.435752049158271,4.0
