,Rseq_targets,Rseq_hits,Rfrequency
true_Rseq,3.45843038312335,3.45843038312335,4.0
alt_corrected,3.461647854181092,3.461647854181092,4.0
alt_corrected_unif,3.558098459265883,3.558098459265883,4.0
alt_uncorrected,4.429576139579307,4.429576139579307,4.0
