,Rseq_targets,Rseq_hits,Rfrequency
true_Rseq,3.9529983488362124,3.9529983488362124,4.0
alt_corrected,4.136409981768875,4.136409981768875,4.0
alt_corrected_unif,4.236859964445134,4.236859964445134,4.0
alt_uncorrected,5.108337644758558,5.108337644758558,4.0
