,Rseq_targets,Rseq_hits,Rfrequency
true_Rseq,3.675331731236759,3.675331731236759,4.0
alt_corrected,3.7234303210884128,3.7234303210884128,4.0
alt_corrected_unif,3.7437873130985504,3.7437873130985504,4.0
alt_uncorrected,4.615264993411975,4.615264993411975,4.0
