,Rseq_targets,Rseq_hits,Rfrequency
true_Rseq,4.281107695088295,4.281107695088295,4.0
alt_corrected,4.513925960630517,4.513925960630517,4.0
alt_corrected_unif,4.599072985864154,4.599072985864154,4.0
alt_uncorrected,5.470550666177578,5.470550666177578,4.0
