,Rseq_targets,Rseq_hits,Rfrequency
true_Rseq,1.6853801173104266,3.342462153684009,4.0
alt_corrected,1.6678350545982479,3.2774231882990676,4.0
alt_corrected_unif,1.7003129641997705,3.3099010979005903,4.0
alt_uncorrected,2.571790644513195,4.181378778214015,4.0
