,Rseq_targets,Rseq_hits,Rfrequency
true_Rseq,4.369821999433205,4.369821999433205,4.0
alt_corrected,4.244405272938513,4.244405272938513,4.0
alt_corrected_unif,4.288555639486395,4.288555639486395,4.0
alt_uncorrected,5.160033319799819,5.160033319799819,4.0
