,Rseq_targets,Rseq_hits,Rfrequency
true_Rseq,3.606985229767133,3.606985229767133,4.0
alt_corrected,3.458621142408844,3.458621142408844,4.0
alt_corrected_unif,3.550950979022573,3.550950979022573,4.0
alt_uncorrected,4.422428659335997,4.422428659335997,4.0
