,Rseq_targets,Rseq_hits,Rfrequency
true_Rseq,3.493486122847841,3.493486122847841,4.0
alt_corrected,3.499394811720684,3.499394811720684,4.0
alt_corrected_unif,3.508635498572444,3.508635498572444,4.0
alt_uncorrected,4.3801131788858685,4.3801131788858685,4.0
