,Rseq_targets,Rseq_hits,Rfrequency
true_Rseq,4.178732537767591,4.178732537767591,4.0
alt_corrected,4.229958682763742,4.229958682763742,4.0
alt_corrected_unif,4.248357842387064,4.248357842387064,4.0
alt_uncorrected,5.1198355227004875,5.1198355227004875,4.0
