,Rseq_targets,Rseq_hits,Rfrequency
true_Rseq,3.9094246171134,3.9094246171134,4.0
alt_corrected,4.134158637269444,4.134158637269444,4.0
alt_corrected_unif,4.265352578353143,4.265352578353143,4.0
alt_uncorrected,5.136830258666567,5.136830258666567,4.0
