,Rseq_targets,Rseq_hits,Rfrequency
true_Rseq,4.143935748201119,4.143935748201119,4.0
alt_corrected,4.123977841778299,4.123977841778299,4.0
alt_corrected_unif,4.139419059892413,4.139419059892413,4.0
alt_uncorrected,5.010896740205837,5.010896740205837,4.0
