,Rseq_targets,Rseq_hits,Rfrequency
true_Rseq,4.160776576033746,4.160776576033746,4.0
alt_corrected,4.131415157460724,4.131415157460724,4.0
alt_corrected_unif,4.141059351581232,4.141059351581232,4.0
alt_uncorrected,5.012537031894657,5.012537031894657,4.0
