,Rseq_targets,Rseq_hits,Rfrequency
true_Rseq,4.322978261201379,4.322978261201379,4.0
alt_corrected,4.212636431961136,4.212636431961136,4.0
alt_corrected_unif,4.237661404961198,4.237661404961198,4.0
alt_uncorrected,5.109139085274623,5.109139085274623,4.0
