,Rseq_targets,Rseq_hits,Rfrequency
true_Rseq,4.548870912136659,4.548870912136659,4.0
alt_corrected,4.528787260671335,4.528787260671335,4.0
alt_corrected_unif,4.567448270296168,4.567448270296168,4.0
alt_uncorrected,5.438925950609592,5.438925950609592,4.0
