,Rseq_targets,Rseq_hits,Rfrequency
true_Rseq,3.9068474796859487,3.9068474796859487,4.0
alt_corrected,4.110688435298048,4.110688435298048,4.0
alt_corrected_unif,4.155771270740862,4.155771270740862,4.0
alt_uncorrected,5.027248951054286,5.027248951054286,4.0
