,Rseq_targets,Rseq_hits,Rfrequency
true_Rseq,3.23839788763393,3.23839788763393,4.0
alt_corrected,3.251584653604679,3.251584653604679,4.0
alt_corrected_unif,3.3306465455972813,3.3306465455972813,4.0
alt_uncorrected,4.202124225910706,4.202124225910706,4.0
