,Rseq_targets,Rseq_hits,Rfrequency
true_Rseq,2.433649099899611,2.785684286247582,4.0
alt_corrected,2.519401969207912,2.829039772697462,4.0
alt_corrected_unif,2.6069476667810245,2.9165854702705745,4.0
alt_uncorrected,3.478425347094449,3.788063150583999,4.0
