,Rseq_targets,Rseq_hits,Rfrequency
true_Rseq,4.374711880961692,4.374711880961692,4.0
alt_corrected,4.318792692999876,4.318792692999876,4.0
alt_corrected_unif,4.368816592956836,4.368816592956836,4.0
alt_uncorrected,5.240294273270261,5.240294273270261,4.0
