,Rseq_targets,Rseq_hits,Rfrequency
true_Rseq,3.503012824201324,3.503012824201324,4.0
alt_corrected,3.4924327534401223,3.4924327534401223,4.0
alt_corrected_unif,3.60467387262301,3.60467387262301,4.0
alt_uncorrected,4.476151552936434,4.476151552936434,4.0
