,Rseq_targets,Rseq_hits,Rfrequency
true_Rseq,4.27029845828212,4.27029845828212,4.0
alt_corrected,4.021025535399922,4.021025535399922,4.0
alt_corrected_unif,4.144929092822874,4.144929092822874,4.0
alt_uncorrected,5.016406773136298,5.016406773136298,4.0
