,Rseq_targets,Rseq_hits,Rfrequency
true_Rseq,4.71109510625412,4.71109510625412,4.0
alt_corrected,4.460348795494186,4.460348795494186,4.0
alt_corrected_unif,4.530004312421333,4.530004312421333,4.0
alt_uncorrected,5.401481992734758,5.401481992734758,4.0
