,Rseq_targets,Rseq_hits,Rfrequency
true_Rseq,4.214752719286706,4.214752719286706,4.0
alt_corrected,3.8846671391517957,3.8846671391517957,4.0
alt_corrected_unif,4.013955038829273,4.013955038829273,4.0
alt_uncorrected,4.885432719142697,4.885432719142697,4.0
