,Rseq_targets,Rseq_hits,Rfrequency
true_Rseq,4.857701336709582,4.857701336709582,4.0
alt_corrected,4.717077076085031,4.717077076085031,4.0
alt_corrected_unif,4.752461363678469,4.752461363678469,4.0
alt_uncorrected,5.623939043991894,5.623939043991894,4.0
