,Rseq_targets,Rseq_hits,Rfrequency
true_Rseq,3.6147347126849247,3.6147347126849247,4.0
alt_corrected,3.761234329051191,3.761234329051191,4.0
alt_corrected_unif,3.795309662586893,3.795309662586893,4.0
alt_uncorrected,4.666787342900317,4.666787342900317,4.0
