,Rseq_targets,Rseq_hits,Rfrequency
true_Rseq,4.225726510102529,4.225726510102529,4.0
alt_corrected,4.270872448194463,4.270872448194463,4.0
alt_corrected_unif,4.389533146607754,4.389533146607754,4.0
alt_uncorrected,5.2610108269211775,5.2610108269211775,4.0
