,Rseq_targets,Rseq_hits,Rfrequency
true_Rseq,4.027351771649025,4.027351771649025,4.0
alt_corrected,3.9675501974836425,3.9675501974836425,4.0
alt_corrected_unif,4.015514269153199,4.015514269153199,4.0
alt_uncorrected,4.886991949466623,4.886991949466623,4.0
