,Rseq_targets,Rseq_hits,Rfrequency
true_Rseq,4.00083622147849,4.00083622147849,4.0
alt_corrected,4.021177728558512,4.021177728558512,4.0
alt_corrected_unif,4.0406208178213365,4.0406208178213365,4.0
alt_uncorrected,4.912098498134761,4.912098498134761,4.0
