,Rseq_targets,Rseq_hits,Rfrequency
true_Rseq,0.539072189949616,2.974575439318466,4.0
alt_corrected,0.6786866947854264,3.0760115337613954,4.0
alt_corrected_unif,0.8145217834206275,3.2118466223965965,4.0
alt_uncorrected,1.6859994637340519,4.083324302710021,4.0
