,Rseq_targets,Rseq_hits,Rfrequency
true_Rseq,4.367926973027506,4.367926973027506,4.0
alt_corrected,4.432007205935253,4.432007205935253,4.0
alt_corrected_unif,4.472274607170748,4.472274607170748,4.0
alt_uncorrected,5.343752287484172,5.343752287484172,4.0
