,Rseq_targets,Rseq_hits,Rfrequency
true_Rseq,4.310054666303509,4.310054666303509,4.0
alt_corrected,3.987110305205121,3.987110305205121,4.0
alt_corrected_unif,4.119515418528145,4.119515418528145,4.0
alt_uncorrected,4.990993098841569,4.990993098841569,4.0
