,Rseq_targets,Rseq_hits,Rfrequency
true_Rseq,3.617535658204943,3.617535658204943,4.0
alt_corrected,3.4083984452141554,3.4083984452141554,4.0
alt_corrected_unif,3.555901282806381,3.555901282806381,4.0
alt_uncorrected,4.427378963119805,4.427378963119805,4.0
