,Rseq_targets,Rseq_hits,Rfrequency
true_Rseq,3.6829200470798655,3.6829200470798655,4.0
alt_corrected,3.7060550440813578,3.7060550440813578,4.0
alt_corrected_unif,3.718823720248389,3.718823720248389,4.0
alt_uncorrected,4.590301400561813,4.590301400561813,4.0
