,Rseq_targets,Rseq_hits,Rfrequency
true_Rseq,4.474215754410904,4.474215754410904,4.0
alt_corrected,4.244605123419358,4.244605123419358,4.0
alt_corrected_unif,4.3646903700644195,4.3646903700644195,4.0
alt_uncorrected,5.236168050377844,5.236168050377844,4.0
