,Rseq_targets,Rseq_hits,Rfrequency
true_Rseq,3.855032037320152,3.855032037320152,4.0
alt_corrected,3.989070904174524,3.989070904174524,4.0
alt_corrected_unif,4.023248083379988,4.023248083379988,4.0
alt_uncorrected,4.894725763693412,4.894725763693412,4.0
