,Rseq_targets,Rseq_hits,Rfrequency
true_Rseq,3.559045219504311,3.559045219504311,4.0
alt_corrected,3.57904269650389,3.57904269650389,4.0
alt_corrected_unif,3.69944658544977,3.69944658544977,4.0
alt_uncorrected,4.570924265763194,4.570924265763194,4.0
