,Rseq_targets,Rseq_hits,Rfrequency
true_Rseq,4.203748457448182,4.203748457448182,4.0
alt_corrected,4.06286611048613,4.06286611048613,4.0
alt_corrected_unif,4.0900725585860975,4.0900725585860975,4.0
alt_uncorrected,4.961550238899521,4.961550238899521,4.0
