,Rseq_targets,Rseq_hits,Rfrequency
true_Rseq,4.392599026006051,4.392599026006051,4.0
alt_corrected,4.207290829036194,4.207290829036194,4.0
alt_corrected_unif,4.248466239693075,4.248466239693075,4.0
alt_uncorrected,5.119943920006499,5.119943920006499,4.0
