,Rseq_targets,Rseq_hits,Rfrequency
true_Rseq,4.327220671607886,4.327220671607886,4.0
alt_corrected,4.365249918552317,4.365249918552317,4.0
alt_corrected_unif,4.382244957794086,4.382244957794086,4.0
alt_uncorrected,5.25372263810751,5.25372263810751,4.0
