,Rseq_targets,Rseq_hits,Rfrequency
true_Rseq,4.144462007978282,4.144462007978282,4.0
alt_corrected,4.078443709437719,4.078443709437719,4.0
alt_corrected_unif,4.12905672983387,4.12905672983387,4.0
alt_uncorrected,5.000534410147295,5.000534410147295,4.0
