,Rseq_targets,Rseq_hits,Rfrequency
true_Rseq,3.947246961984538,3.947246961984538,4.0
alt_corrected,3.9634416602333347,3.9634416602333347,4.0
alt_corrected_unif,3.9804366994751272,3.9804366994751272,4.0
alt_uncorrected,4.851914379788552,4.851914379788552,4.0
