,Rseq_targets,Rseq_hits,Rfrequency
true_Rseq,3.4854164239850878,3.4854164239850878,4.0
alt_corrected,3.443149916793563,3.443149916793563,4.0
alt_corrected_unif,3.4513466740058276,3.4513466740058276,4.0
alt_uncorrected,4.322824354319252,4.322824354319252,4.0
