,Rseq_targets,Rseq_hits,Rfrequency
true_Rseq,4.645614284235348,4.645614284235348,4.0
alt_corrected,4.4335947260583515,4.4335947260583515,4.0
alt_corrected_unif,4.505451386669698,4.505451386669698,4.0
alt_uncorrected,5.376929066983123,5.376929066983123,4.0
