,Rseq_targets,Rseq_hits,Rfrequency
true_Rseq,4.363841097170111,4.363841097170111,4.0
alt_corrected,4.03472646465219,4.03472646465219,4.0
alt_corrected_unif,4.141972338014394,4.141972338014394,4.0
alt_uncorrected,5.013450018327818,5.013450018327818,4.0
