,Rseq_targets,Rseq_hits,Rfrequency
true_Rseq,3.657602964250037,3.657602964250037,4.0
alt_corrected,3.6641139748581923,3.6641139748581923,4.0
alt_corrected_unif,3.704211605178837,3.704211605178837,4.0
alt_uncorrected,4.5756892854922615,4.5756892854922615,4.0
