,Rseq_targets,Rseq_hits,Rfrequency
true_Rseq,3.9513419552655975,3.9513419552655975,4.0
alt_corrected,4.232880565419599,4.232880565419599,4.0
alt_corrected_unif,4.310674761525085,4.310674761525085,4.0
alt_uncorrected,5.182152441838509,5.182152441838509,4.0
