,Rseq_targets,Rseq_hits,Rfrequency
true_Rseq,4.559370401718809,4.559370401718809,4.0
alt_corrected,4.505624165744632,4.505624165744632,4.0
alt_corrected_unif,4.518954358596504,4.518954358596504,4.0
alt_uncorrected,5.390432038909929,5.390432038909929,4.0
