,Rseq_targets,Rseq_hits,Rfrequency
true_Rseq,4.908925372917041,4.908925372917041,4.0
alt_corrected,4.575972280948815,4.575972280948815,4.0
alt_corrected_unif,4.620198095970194,4.620198095970194,4.0
alt_uncorrected,5.491675776283618,5.491675776283618,4.0
