,Rseq_targets,Rseq_hits,Rfrequency
true_Rseq,4.411970534701941,4.411970534701941,4.0
alt_corrected,4.253499304630764,4.253499304630764,4.0
alt_corrected_unif,4.286679688314766,4.286679688314766,4.0
alt_uncorrected,5.15815736862819,5.15815736862819,4.0
