,Rseq_targets,Rseq_hits,Rfrequency
true_Rseq,4.018872089929403,4.018872089929403,4.0
alt_corrected,3.8732423352969287,3.8732423352969287,4.0
alt_corrected_unif,3.934313208757794,3.934313208757794,4.0
alt_uncorrected,4.805790889071218,4.805790889071218,4.0
