,Rseq_targets,Rseq_hits,Rfrequency
true_Rseq,3.6926824399158154,3.6926824399158154,4.0
alt_corrected,3.7515184541094015,3.7515184541094015,4.0
alt_corrected_unif,3.8211739710365413,3.8211739710365413,4.0
alt_uncorrected,4.692651651349966,4.692651651349966,4.0
