,Rseq_targets,Rseq_hits,Rfrequency
true_Rseq,3.5163430649266925,3.5163430649266925,4.0
alt_corrected,3.5558892935911612,3.5558892935911612,4.0
alt_corrected_unif,3.577648111900612,3.577648111900612,4.0
alt_uncorrected,4.449125792214036,4.449125792214036,4.0
