,Rseq_targets,Rseq_hits,Rfrequency
true_Rseq,4.237015222277112,4.237015222277112,4.0
alt_corrected,4.095314932517782,4.095314932517782,4.0
alt_corrected_unif,4.144119650699919,4.144119650699919,4.0
alt_uncorrected,5.015597331013343,5.015597331013343,4.0
