,Rseq_targets,Rseq_hits,Rfrequency
true_Rseq,4.236692836042748,4.236692836042748,4.0
alt_corrected,4.3923222541786,4.3923222541786,4.0
alt_corrected_unif,4.409367322221518,4.409367322221518,4.0
alt_uncorrected,5.280845002534942,5.280845002534942,4.0
