,Rseq_targets,Rseq_hits,Rfrequency
true_Rseq,3.9536293461772765,3.9536293461772765,4.0
alt_corrected,3.743910138905425,3.743910138905425,4.0
alt_corrected_unif,3.867576786964683,3.867576786964683,4.0
alt_uncorrected,4.739054467278107,4.739054467278107,4.0
