,Rseq_targets,Rseq_hits,Rfrequency
true_Rseq,0.2660089821173006,3.0300337138119957,4.0
alt_corrected,0.4163214404453752,2.9934552917980595,4.0
alt_corrected_unif,0.625025771994355,3.2021596233470393,4.0
alt_uncorrected,1.4965034523077794,4.073637303660464,4.0
