,Rseq_targets,Rseq_hits,Rfrequency
true_Rseq,3.683377102190904,3.683377102190904,4.0
alt_corrected,3.7538292613810804,3.7538292613810804,4.0
alt_corrected_unif,3.762911938816709,3.762911938816709,4.0
alt_uncorrected,4.6343896191301335,4.6343896191301335,4.0
