,Rseq_targets,Rseq_hits,Rfrequency
true_Rseq,4.3137488106339035,4.3137488106339035,4.0
alt_corrected,3.9535452122929495,3.9535452122929495,4.0
alt_corrected_unif,4.144535082682431,4.144535082682431,4.0
alt_uncorrected,5.016012762995856,5.016012762995856,4.0
