,Rseq_targets,Rseq_hits,Rfrequency
true_Rseq,3.868121319936197,3.868121319936197,4.0
alt_corrected,3.9759263675169128,3.9759263675169128,4.0
alt_corrected_unif,4.03433711542406,4.03433711542406,4.0
alt_uncorrected,4.905814795737484,4.905814795737484,4.0
