,Rseq_targets,Rseq_hits,Rfrequency
true_Rseq,3.167222238939708,3.167222238939708,4.0
alt_corrected,3.113624004314033,3.113624004314033,4.0
alt_corrected_unif,3.2354058517612425,3.2354058517612425,4.0
alt_uncorrected,4.106883532074667,4.106883532074667,4.0
