,Rseq_targets,Rseq_hits,Rfrequency
true_Rseq,4.443066770413914,4.443066770413914,4.0
alt_corrected,4.095910813506897,4.095910813506897,4.0
alt_corrected_unif,4.323521601119719,4.323521601119719,4.0
alt_uncorrected,5.194999281433143,5.194999281433143,4.0
