,Rseq_targets,Rseq_hits,Rfrequency
true_Rseq,3.387763890066412,3.387763890066412,4.0
alt_corrected,3.281902992407246,3.281902992407246,4.0
alt_corrected_unif,3.3303572900854994,3.3303572900854994,4.0
alt_uncorrected,4.201834970398924,4.201834970398924,4.0
