,Rseq_targets,Rseq_hits,Rfrequency
true_Rseq,3.5758032636281207,3.5758032636281207,4.0
alt_corrected,3.3607596938039626,3.3607596938039626,4.0
alt_corrected_unif,3.5386943342615074,3.5386943342615074,4.0
alt_uncorrected,4.410172014574932,4.410172014574932,4.0
