,Rseq_targets,Rseq_hits,Rfrequency
true_Rseq,3.96416984815329,3.96416984815329,4.0
alt_corrected,3.879436462700616,3.879436462700616,4.0
alt_corrected_unif,3.936159620161105,3.936159620161105,4.0
alt_uncorrected,4.807637300474529,4.807637300474529,4.0
