,Rseq_targets,Rseq_hits,Rfrequency
true_Rseq,4.262170920739795,4.262170920739795,4.0
alt_corrected,4.091442642848266,4.091442642848266,4.0
alt_corrected_unif,4.146635894080347,4.146635894080347,4.0
alt_uncorrected,5.018113574393771,5.018113574393771,4.0
