,Rseq_targets,Rseq_hits,Rfrequency
true_Rseq,3.7620910833281567,3.7620910833281567,4.0
alt_corrected,3.833943811823453,3.833943811823453,4.0
alt_corrected_unif,3.8509888798663794,3.8509888798663794,4.0
alt_uncorrected,4.722466560179804,4.722466560179804,4.0
