,Rseq_targets,Rseq_hits,Rfrequency
true_Rseq,4.825660435061605,4.825660435061605,4.0
alt_corrected,4.815284055244858,4.815284055244858,4.0
alt_corrected_unif,4.826154765007026,4.826154765007026,4.0
alt_uncorrected,5.697632445320449,5.697632445320449,4.0
