,Rseq_targets,Rseq_hits,Rfrequency
true_Rseq,3.732812511330204,3.732812511330204,4.0
alt_corrected,3.8760728925777803,3.8760728925777803,4.0
alt_corrected_unif,3.9223965326186607,3.9223965326186607,4.0
alt_uncorrected,4.793874212932085,4.793874212932085,4.0
