,Rseq_targets,Rseq_hits,Rfrequency
true_Rseq,4.106978460964724,4.106978460964724,4.0
alt_corrected,4.0134632850714365,4.0134632850714365,4.0
alt_corrected_unif,4.094533068060651,4.094533068060651,4.0
alt_uncorrected,4.9660107483740745,4.9660107483740745,4.0
