,Rseq_targets,Rseq_hits,Rfrequency
true_Rseq,4.2010557859490865,4.2010557859490865,4.0
alt_corrected,3.850646343278697,3.850646343278697,4.0
alt_corrected_unif,4.014391986059181,4.014391986059181,4.0
alt_uncorrected,4.885869666372606,4.885869666372606,4.0
