,Rseq_targets,Rseq_hits,Rfrequency
true_Rseq,3.602983208311043,3.602983208311043,4.0
alt_corrected,3.604667376400263,3.604667376400263,4.0
alt_corrected_unif,3.6410236788076147,3.6410236788076147,4.0
alt_uncorrected,4.512501359121039,4.512501359121039,4.0
