,Rseq_targets,Rseq_hits,Rfrequency
true_Rseq,4.709721050119191,4.709721050119191,4.0
alt_corrected,4.525483882726842,4.525483882726842,4.0
alt_corrected_unif,4.550508855726893,4.550508855726893,4.0
alt_uncorrected,5.4219865360403166,5.4219865360403166,4.0
