,Rseq_targets,Rseq_hits,Rfrequency
true_Rseq,4.061027163304522,4.061027163304522,4.0
alt_corrected,4.162660422669985,4.162660422669985,4.0
alt_corrected_unif,4.183569657254317,4.183569657254317,4.0
alt_uncorrected,5.055047337567741,5.055047337567741,4.0
