,Rseq_targets,Rseq_hits,Rfrequency
true_Rseq,3.6774165727475374,3.6774165727475374,4.0
alt_corrected,3.6650279111386936,3.6650279111386936,4.0
alt_corrected_unif,3.7053840750967955,3.7053840750967955,4.0
alt_uncorrected,4.57686175541022,4.57686175541022,4.0
