,Rseq_targets,Rseq_hits,Rfrequency
true_Rseq,4.1563438319586865,4.1563438319586865,4.0
alt_corrected,4.171012855948037,4.171012855948037,4.0
alt_corrected_unif,4.174789979369823,4.174789979369823,4.0
alt_uncorrected,5.046267659683248,5.046267659683248,4.0
