,Rseq_targets,Rseq_hits,Rfrequency
true_Rseq,-0.44314404541284524,2.876734131803577,4.0
alt_corrected,-0.2636161870927459,3.0599418095624564,4.0
alt_corrected_unif,-0.13831217682715014,3.185245819828052,4.0
alt_uncorrected,0.7331655034862742,4.0567235001414765,4.0
