,Rseq_targets,Rseq_hits,Rfrequency
true_Rseq,3.7568676650978947,3.7568676650978947,4.0
alt_corrected,4.053846486824537,4.053846486824537,4.0
alt_corrected_unif,4.189547276065399,4.189547276065399,4.0
alt_uncorrected,5.061024956378824,5.061024956378824,4.0
