,Rseq_targets,Rseq_hits,Rfrequency
true_Rseq,4.051471276465938,4.051471276465938,4.0
alt_corrected,4.062961862207848,4.062961862207848,4.0
alt_corrected_unif,4.095406481817781,4.095406481817781,4.0
alt_uncorrected,4.966884162131205,4.966884162131205,4.0
