,Rseq_targets,Rseq_hits,Rfrequency
true_Rseq,4.379714409094221,4.379714409094221,4.0
alt_corrected,4.378720789716777,4.378720789716777,4.0
alt_corrected_unif,4.380359533456122,4.380359533456122,4.0
alt_uncorrected,5.251837213769547,5.251837213769547,4.0
