,Rseq_targets,Rseq_hits,Rfrequency
true_Rseq,4.6180981953973905,4.6180981953973905,4.0
alt_corrected,4.5236548814468645,4.5236548814468645,4.0
alt_corrected_unif,4.562318403616805,4.562318403616805,4.0
alt_uncorrected,5.433796083930229,5.433796083930229,4.0
