,Rseq_targets,Rseq_hits,Rfrequency
true_Rseq,4.068352543533539,4.068352543533539,4.0
alt_corrected,4.096680522037878,4.096680522037878,4.0
alt_corrected_unif,4.1508242907081385,4.1508242907081385,4.0
alt_uncorrected,5.022301971021562,5.022301971021562,4.0
