,Rseq_targets,Rseq_hits,Rfrequency
true_Rseq,3.968484720393173,3.968484720393173,4.0
alt_corrected,4.140488135164222,4.140488135164222,4.0
alt_corrected_unif,4.191271631126302,4.191271631126302,4.0
alt_uncorrected,5.062749311439726,5.062749311439726,4.0
