,Rseq_targets,Rseq_hits,Rfrequency
true_Rseq,5.085874950235345,5.085874950235345,4.0
alt_corrected,5.020433482001371,5.020433482001371,4.0
alt_corrected_unif,5.041342716585726,5.041342716585726,4.0
alt_uncorrected,5.912820396899151,5.912820396899151,4.0
