,Rseq_targets,Rseq_hits,Rfrequency
true_Rseq,3.9309555521473873,3.9309555521473873,4.0
alt_corrected,3.893695991794916,3.893695991794916,4.0
alt_corrected_unif,3.899130125058362,3.899130125058362,4.0
alt_uncorrected,4.770607805371786,4.770607805371786,4.0
