,Rseq_targets,Rseq_hits,Rfrequency
true_Rseq,4.670258168571046,4.670258168571046,4.0
alt_corrected,4.574234994977987,4.574234994977987,4.0
alt_corrected_unif,4.61524086590989,4.61524086590989,4.0
alt_uncorrected,5.4867185462233135,5.4867185462233135,4.0
