,Rseq_targets,Rseq_hits,Rfrequency
true_Rseq,3.36854277017175,3.36854277017175,4.0
alt_corrected,3.407806990094954,3.407806990094954,4.0
alt_corrected_unif,3.4177350186880466,3.4177350186880466,4.0
alt_uncorrected,4.289212699001471,4.289212699001471,4.0
