,Rseq_targets,Rseq_hits,Rfrequency
true_Rseq,4.123139025941358,4.123139025941358,4.0
alt_corrected,4.109070686109769,4.109070686109769,4.0
alt_corrected_unif,4.111787210185353,4.111787210185353,4.0
alt_uncorrected,4.983264890498777,4.983264890498777,4.0
