,Rseq_targets,Rseq_hits,Rfrequency
true_Rseq,4.227273551160904,4.227273551160904,4.0
alt_corrected,4.066839503658445,4.066839503658445,4.0
alt_corrected_unif,4.091864476658497,4.091864476658497,4.0
alt_uncorrected,4.963342156971921,4.963342156971921,4.0
