,Rseq_targets,Rseq_hits,Rfrequency
true_Rseq,4.16961860196964,4.16961860196964,4.0
alt_corrected,4.039936974583531,4.039936974583531,4.0
alt_corrected_unif,4.169224874260989,4.169224874260989,4.0
alt_uncorrected,5.0407025545744135,5.0407025545744135,4.0
