,Rseq_targets,Rseq_hits,Rfrequency
true_Rseq,4.35185751689267,4.35185751689267,4.0
alt_corrected,4.390012728604875,4.390012728604875,4.0
alt_corrected_unif,4.393843011939529,4.393843011939529,4.0
alt_uncorrected,5.265320692252953,5.265320692252953,4.0
