,Rseq_targets,Rseq_hits,Rfrequency
true_Rseq,4.033295658076735,4.033295658076735,4.0
alt_corrected,4.0293522126479004,4.0293522126479004,4.0
alt_corrected_unif,4.044092573473323,4.044092573473323,4.0
alt_uncorrected,4.915570253786747,4.915570253786747,4.0
