,Rseq_targets,Rseq_hits,Rfrequency
true_Rseq,4.632543001778087,4.632543001778087,4.0
alt_corrected,4.614559837535655,4.614559837535655,4.0
alt_corrected_unif,4.643405673396584,4.643405673396584,4.0
alt_uncorrected,5.514883353710008,5.514883353710008,4.0
