,Rseq_targets,Rseq_hits,Rfrequency
true_Rseq,4.479665804516376,4.479665804516376,4.0
alt_corrected,4.433158247733877,4.433158247733877,4.0
alt_corrected_unif,4.437504794719846,4.437504794719846,4.0
alt_uncorrected,5.30898247503327,5.30898247503327,4.0
