,Rseq_targets,Rseq_hits,Rfrequency
true_Rseq,4.21559413346688,4.21559413346688,4.0
alt_corrected,4.161459692909876,4.161459692909876,4.0
alt_corrected_unif,4.169567778723211,4.169567778723211,4.0
alt_uncorrected,5.041045459036636,5.041045459036636,4.0
