,Rseq_targets,Rseq_hits,Rfrequency
true_Rseq,4.382158350944907,4.382158350944907,4.0
alt_corrected,4.352512351487344,4.352512351487344,4.0
alt_corrected_unif,4.3640188394735695,4.3640188394735695,4.0
alt_uncorrected,5.235496519786993,5.235496519786993,4.0
