,Rseq_targets,Rseq_hits,Rfrequency
true_Rseq,4.3179169303650085,4.3179169303650085,4.0
alt_corrected,3.627827077909303,3.627827077909303,4.0
alt_corrected_unif,3.8719135278275894,3.8719135278275894,4.0
alt_uncorrected,4.743391208141014,4.743391208141014,4.0
