,Rseq_targets,Rseq_hits,Rfrequency
true_Rseq,3.981062164089451,3.981062164089451,4.0
alt_corrected,3.8739585400125365,3.8739585400125365,4.0
alt_corrected_unif,3.924841957483675,3.924841957483675,4.0
alt_uncorrected,4.796319637797099,4.796319637797099,4.0
