,Rseq_targets,Rseq_hits,Rfrequency
true_Rseq,4.019448918326559,4.019448918326559,4.0
alt_corrected,3.904739743235012,3.904739743235012,4.0
alt_corrected_unif,3.973693229414885,3.973693229414885,4.0
alt_uncorrected,4.845170909728309,4.845170909728309,4.0
