,Rseq_targets,Rseq_hits,Rfrequency
true_Rseq,4.220279957340573,4.220279957340573,4.0
alt_corrected,4.188127406583973,4.188127406583973,4.0
alt_corrected_unif,4.193561539847401,4.193561539847401,4.0
alt_uncorrected,5.065039220160825,5.065039220160825,4.0
