,Rseq_targets,Rseq_hits,Rfrequency
true_Rseq,4.085581259483783,4.085581259483783,4.0
alt_corrected,4.133863234434542,4.133863234434542,4.0
alt_corrected_unif,4.145369722420794,4.145369722420794,4.0
alt_uncorrected,5.016847402734218,5.016847402734218,4.0
