,Rseq_targets,Rseq_hits,Rfrequency
true_Rseq,4.21569246152974,4.21569246152974,4.0
alt_corrected,3.7025443251944026,3.7025443251944026,4.0
alt_corrected_unif,3.914374390997381,3.914374390997381,4.0
alt_uncorrected,4.7858520713108055,4.7858520713108055,4.0
