,Rseq_targets,Rseq_hits,Rfrequency
true_Rseq,4.5635297110493775,4.5635297110493775,4.0
alt_corrected,4.566841849751198,4.566841849751198,4.0
alt_corrected_unif,4.622926096836894,4.622926096836894,4.0
alt_uncorrected,5.4944037771503185,5.4944037771503185,4.0
