,Rseq_targets,Rseq_hits,Rfrequency
true_Rseq,3.9359885476049508,3.9359885476049508,4.0
alt_corrected,3.9298465477377644,3.9298465477377644,4.0
alt_corrected_unif,3.975728392412369,3.975728392412369,4.0
alt_uncorrected,4.847206072725793,4.847206072725793,4.0
