,Rseq_targets,Rseq_hits,Rfrequency
true_Rseq,4.386652246274547,4.386652246274547,4.0
alt_corrected,4.3739792089610114,4.3739792089610114,4.0
alt_corrected_unif,4.380991801617597,4.380991801617597,4.0
alt_uncorrected,5.252469481931022,5.252469481931022,4.0
