,Rseq_targets,Rseq_hits,Rfrequency
true_Rseq,4.850133544416784,4.850133544416784,4.0
alt_corrected,4.721486642909687,4.721486642909687,4.0
alt_corrected_unif,4.757423173077315,4.757423173077315,4.0
alt_uncorrected,5.628900853390739,5.628900853390739,4.0
