,Rseq_targets,Rseq_hits,Rfrequency
true_Rseq,4.544506933385671,4.544506933385671,4.0
alt_corrected,4.393464076784633,4.393464076784633,4.0
alt_corrected_unif,4.433561707105261,4.433561707105261,4.0
alt_uncorrected,5.3050393874186845,5.3050393874186845,4.0
