,Rseq_targets,Rseq_hits,Rfrequency
true_Rseq,4.228457867012749,4.228457867012749,4.0
alt_corrected,4.138928712983031,4.138928712983031,4.0
alt_corrected_unif,4.177028205922973,4.177028205922973,4.0
alt_uncorrected,5.048505886236398,5.048505886236398,4.0
