,Rseq_targets,Rseq_hits,Rfrequency
true_Rseq,4.217976489636692,4.217976489636692,4.0
alt_corrected,4.238028471448363,4.238028471448363,4.0
alt_corrected_unif,4.248381321163572,4.248381321163572,4.0
alt_uncorrected,5.119859001476996,5.119859001476996,4.0
