,Rseq_targets,Rseq_hits,Rfrequency
true_Rseq,3.9115484358809898,3.9115484358809898,4.0
alt_corrected,3.915887959868153,3.915887959868153,4.0
alt_corrected_unif,3.953644272919681,3.953644272919681,4.0
alt_uncorrected,4.825121953233105,4.825121953233105,4.0
