,Rseq_targets,Rseq_hits,Rfrequency
true_Rseq,3.7271671602449654,3.7271671602449654,4.0
alt_corrected,3.7236441525662487,3.7236441525662487,4.0
alt_corrected_unif,3.725817426059249,3.725817426059249,4.0
alt_uncorrected,4.597295106372673,4.597295106372673,4.0
