,Rseq_targets,Rseq_hits,Rfrequency
true_Rseq,3.767626075569752,3.767626075569752,4.0
alt_corrected,3.7108494485731884,3.7108494485731884,4.0
alt_corrected_unif,3.717300524544885,3.717300524544885,4.0
alt_uncorrected,4.5887782048583095,4.5887782048583095,4.0
