,Rseq_targets,Rseq_hits,Rfrequency
true_Rseq,3.534205941311681,3.534205941311681,4.0
alt_corrected,3.56616943928745,3.56616943928745,4.0
alt_corrected_unif,3.5974564102649835,3.5974564102649835,4.0
alt_uncorrected,4.468934090578408,4.468934090578408,4.0
