,Rseq_targets,Rseq_hits,Rfrequency
true_Rseq,5.083136317500191,5.083136317500191,4.0
alt_corrected,4.808676341007249,4.808676341007249,4.0
alt_corrected_unif,4.847337350632083,4.847337350632083,4.0
alt_uncorrected,5.718815030945507,5.718815030945507,4.0
