,Rseq_targets,Rseq_hits,Rfrequency
true_Rseq,4.394079731433617,4.394079731433617,4.0
alt_corrected,4.4514595279628635,4.4514595279628635,4.0
alt_corrected_unif,4.522158974529514,4.522158974529514,4.0
alt_uncorrected,5.393636654842939,5.393636654842939,4.0
