,Rseq_targets,Rseq_hits,Rfrequency
true_Rseq,4.3712739551762905,4.3712739551762905,4.0
alt_corrected,4.301452836811277,4.301452836811277,4.0
alt_corrected_unif,4.3871019959432065,4.3871019959432065,4.0
alt_uncorrected,5.25857967625663,5.25857967625663,4.0
