,Rseq_targets,Rseq_hits,Rfrequency
true_Rseq,3.722223107433628,3.722223107433628,4.0
alt_corrected,3.404639008854353,3.404639008854353,4.0
alt_corrected_unif,3.4697737955916295,3.4697737955916295,4.0
alt_uncorrected,4.341251475905054,4.341251475905054,4.0
