,Rseq_targets,Rseq_hits,Rfrequency
true_Rseq,3.9097203260655924,3.9097203260655924,4.0
alt_corrected,3.845341029706486,3.845341029706486,4.0
alt_corrected_unif,3.9122502809763016,3.9122502809763016,4.0
alt_uncorrected,4.783727961289726,4.783727961289726,4.0
