,Rseq_targets,Rseq_hits,Rfrequency
true_Rseq,4.037174043401054,4.037174043401054,4.0
alt_corrected,4.104813102069481,4.104813102069481,4.0
alt_corrected_unif,4.162111557390562,4.162111557390562,4.0
alt_uncorrected,5.0335892377039855,5.0335892377039855,4.0
