,Rseq_targets,Rseq_hits,Rfrequency
true_Rseq,4.1093505030721165,4.1093505030721165,4.0
alt_corrected,4.061442794675049,4.061442794675049,4.0
alt_corrected_unif,4.132068887465731,4.132068887465731,4.0
alt_uncorrected,5.003546567779155,5.003546567779155,4.0
