,Rseq_targets,Rseq_hits,Rfrequency
true_Rseq,3.8710558560208916,3.8710558560208916,4.0
alt_corrected,4.113864323245948,4.113864323245948,4.0
alt_corrected_unif,4.1578581282423865,4.1578581282423865,4.0
alt_uncorrected,5.02933580855581,5.02933580855581,4.0
