,Rseq_targets,Rseq_hits,Rfrequency
true_Rseq,3.4774560872783695,3.4774560872783695,4.0
alt_corrected,3.588965931953458,3.588965931953458,4.0
alt_corrected_unif,3.6325228270333,3.6325228270333,4.0
alt_uncorrected,4.504000507346724,4.504000507346724,4.0
