,Rseq_targets,Rseq_hits,Rfrequency
true_Rseq,4.100104154071223,4.100104154071223,4.0
alt_corrected,4.1071570923509935,4.1071570923509935,4.0
alt_corrected_unif,4.108778123269836,4.108778123269836,4.0
alt_uncorrected,4.98025580358326,4.98025580358326,4.0
