,Rseq_targets,Rseq_hits,Rfrequency
true_Rseq,3.3664043904893273,3.3664043904893273,4.0
alt_corrected,3.396360999173027,3.396360999173027,4.0
alt_corrected_unif,3.4084274074485417,3.4084274074485417,4.0
alt_uncorrected,4.279905087761966,4.279905087761966,4.0
