,Rseq_targets,Rseq_hits,Rfrequency
true_Rseq,4.771764949482794,4.771764949482794,4.0
alt_corrected,4.6057603601890715,4.6057603601890715,4.0
alt_corrected_unif,4.680082381238593,4.680082381238593,4.0
alt_uncorrected,5.551560061552017,5.551560061552017,4.0
