,Rseq_targets,Rseq_hits,Rfrequency
true_Rseq,4.060992201792029,4.060992201792029,4.0
alt_corrected,3.910144634591185,3.910144634591185,4.0
alt_corrected_unif,4.021810141743844,4.021810141743844,4.0
alt_uncorrected,4.8932878220572675,4.8932878220572675,4.0
