,Rseq_targets,Rseq_hits,Rfrequency
true_Rseq,3.720054802912549,3.720054802912549,4.0
alt_corrected,3.7580990753880923,3.7580990753880923,4.0
alt_corrected_unif,3.788155833427243,3.788155833427243,4.0
alt_uncorrected,4.659633513740667,4.659633513740667,4.0
