,Rseq_targets,Rseq_hits,Rfrequency
true_Rseq,4.279297890278171,4.279297890278171,4.0
alt_corrected,4.311953411855438,4.311953411855438,4.0
alt_corrected_unif,4.315783695190088,4.315783695190088,4.0
alt_uncorrected,5.187261375503512,5.187261375503512,4.0
