,Rseq_targets,Rseq_hits,Rfrequency
true_Rseq,3.663924157323269,3.663924157323269,4.0
alt_corrected,3.650551275256537,3.650551275256537,4.0
alt_corrected_unif,3.6956283042154516,3.6956283042154516,4.0
alt_uncorrected,4.567105984528876,4.567105984528876,4.0
