,Rseq_targets,Rseq_hits,Rfrequency
true_Rseq,4.088414447390045,4.088414447390045,4.0
alt_corrected,3.8098205743815536,3.8098205743815536,4.0
alt_corrected_unif,3.9956671425262162,3.9956671425262162,4.0
alt_uncorrected,4.867144822839641,4.867144822839641,4.0
