,Rseq_targets,Rseq_hits,Rfrequency
true_Rseq,4.28002744868814,4.28002744868814,4.0
alt_corrected,4.108527862487298,4.108527862487298,4.0
alt_corrected_unif,4.140462590609063,4.140462590609063,4.0
alt_uncorrected,5.011940270922488,5.011940270922488,4.0
