,Rseq_targets,Rseq_hits,Rfrequency
true_Rseq,4.002887870366281,4.002887870366281,4.0
alt_corrected,4.150852884622861,4.150852884622861,4.0
alt_corrected_unif,4.190016229149348,4.190016229149348,4.0
alt_uncorrected,5.061493909462772,5.061493909462772,4.0
