,Rseq_targets,Rseq_hits,Rfrequency
true_Rseq,4.114064144709559,4.114064144709559,4.0
alt_corrected,4.013529063773792,4.013529063773792,4.0
alt_corrected_unif,4.039674912527568,4.039674912527568,4.0
alt_uncorrected,4.911152592840992,4.911152592840992,4.0
