,Rseq_targets,Rseq_hits,Rfrequency
true_Rseq,4.357348911166435,4.357348911166435,4.0
alt_corrected,4.222566171645781,4.222566171645781,4.0
alt_corrected_unif,4.268889811686648,4.268889811686648,4.0
alt_uncorrected,5.140367492000072,5.140367492000072,4.0
