,Rseq_targets,Rseq_hits,Rfrequency
true_Rseq,3.532673309109997,3.532673309109997,4.0
alt_corrected,3.4735460332534025,3.4735460332534025,4.0
alt_corrected_unif,3.5659313680255615,3.5659313680255615,4.0
alt_uncorrected,4.437409048338986,4.437409048338986,4.0
