,Rseq_targets,Rseq_hits,Rfrequency
true_Rseq,4.258673533307449,4.258673533307449,4.0
alt_corrected,4.202906701130124,4.202906701130124,4.0
alt_corrected_unif,4.254008381423326,4.254008381423326,4.0
alt_uncorrected,5.1254860617367495,5.1254860617367495,4.0
