,Rseq_targets,Rseq_hits,Rfrequency
true_Rseq,3.736815140271376,3.736815140271376,4.0
alt_corrected,3.7701459982924526,3.7701459982924526,4.0
alt_corrected_unif,3.78199944482876,3.78199944482876,4.0
alt_uncorrected,4.653477125142184,4.653477125142184,4.0
