,Rseq_targets,Rseq_hits,Rfrequency
true_Rseq,4.447124956720858,4.447124956720858,4.0
alt_corrected,4.4831538036715415,4.4831538036715415,4.0
alt_corrected_unif,4.498077161738719,4.498077161738719,4.0
alt_uncorrected,5.369554842052143,5.369554842052143,4.0
