,Rseq_targets,Rseq_hits,Rfrequency
true_Rseq,4.153388299633958,4.153388299633958,4.0
alt_corrected,3.9267882463211383,3.9267882463211383,4.0
alt_corrected_unif,4.057776913002412,4.057776913002412,4.0
alt_uncorrected,4.929254593315837,4.929254593315837,4.0
