,Rseq_targets,Rseq_hits,Rfrequency
true_Rseq,4.120810058764285,4.120810058764285,4.0
alt_corrected,4.127991560396039,4.127991560396039,4.0
alt_corrected_unif,4.145036628438971,4.145036628438971,4.0
alt_uncorrected,5.016514308752395,5.016514308752395,4.0
