,Rseq_targets,Rseq_hits,Rfrequency
true_Rseq,4.520825038254669,4.520825038254669,4.0
alt_corrected,4.446529047095545,4.446529047095545,4.0
alt_corrected_unif,4.464504877155795,4.464504877155795,4.0
alt_uncorrected,5.33598255746922,5.33598255746922,4.0
