,Rseq_targets,Rseq_hits,Rfrequency
true_Rseq,4.172947827958738,4.172947827958738,4.0
alt_corrected,4.205824429818314,4.205824429818314,4.0
alt_corrected_unif,4.242857162121991,4.242857162121991,4.0
alt_uncorrected,5.114334842435416,5.114334842435416,4.0
