,Rseq_targets,Rseq_hits,Rfrequency
true_Rseq,3.9352869581423846,3.9352869581423846,4.0
alt_corrected,3.9554586538683583,3.9554586538683583,4.0
alt_corrected_unif,3.9819596284222256,3.9819596284222256,4.0
alt_uncorrected,4.85343730873565,4.85343730873565,4.0
