,Rseq_targets,Rseq_hits,Rfrequency
true_Rseq,3.589541810994108,3.589541810994108,4.0
alt_corrected,3.5914317336245025,3.5914317336245025,4.0
alt_corrected_unif,3.6207598917002284,3.6207598917002284,4.0
alt_uncorrected,4.492237572013653,4.492237572013653,4.0
