,Rseq_targets,Rseq_hits,Rfrequency
true_Rseq,4.597910513314652,4.597910513314652,4.0
alt_corrected,4.451226097007733,4.451226097007733,4.0
alt_corrected_unif,4.479427921582499,4.479427921582499,4.0
alt_uncorrected,5.3509056018959225,5.3509056018959225,4.0
