,Rseq_targets,Rseq_hits,Rfrequency
true_Rseq,4.283038673031083,4.283038673031083,4.0
alt_corrected,4.2819065298589685,4.2819065298589685,4.0
alt_corrected_unif,4.291834558452063,4.291834558452063,4.0
alt_uncorrected,5.163312238765487,5.163312238765487,4.0
