,Rseq_targets,Rseq_hits,Rfrequency
true_Rseq,4.196099529771155,4.196099529771155,4.0
alt_corrected,4.131141030016824,4.131141030016824,4.0
alt_corrected_unif,4.161197788055963,4.161197788055963,4.0
alt_uncorrected,5.032675468369388,5.032675468369388,4.0
