,Rseq_targets,Rseq_hits,Rfrequency
true_Rseq,4.5367899775802965,4.5367899775802965,4.0
alt_corrected,4.564023078069906,4.564023078069906,4.0
alt_corrected_unif,4.642658541539989,4.642658541539989,4.0
alt_uncorrected,5.514136221853413,5.514136221853413,4.0
