,Rseq_targets,Rseq_hits,Rfrequency
true_Rseq,4.341178136641391,4.341178136641391,4.0
alt_corrected,4.209020267473165,4.209020267473165,4.0
alt_corrected_unif,4.2367120999016095,4.2367120999016095,4.0
alt_uncorrected,5.108189780215033,5.108189780215033,4.0
