,Rseq_targets,Rseq_hits,Rfrequency
true_Rseq,4.079117056386625,4.079117056386625,4.0
alt_corrected,4.067446347610032,4.067446347610032,4.0
alt_corrected_unif,4.0696196211030315,4.0696196211030315,4.0
alt_uncorrected,4.941097301416455,4.941097301416455,4.0
