,Rseq_targets,Rseq_hits,Rfrequency
true_Rseq,3.831631362493926,3.831631362493926,4.0
alt_corrected,3.9669433993302383,3.9669433993302383,4.0
alt_corrected_unif,4.000123783014228,4.000123783014228,4.0
alt_uncorrected,4.871601463327653,4.871601463327653,4.0
