,Rseq_targets,Rseq_hits,Rfrequency
true_Rseq,1.9124811831792758,3.394757184471393,4.0
alt_corrected,1.914011349084765,3.3842470330054835,4.0
alt_corrected_unif,1.959088378043658,3.4293240619643766,4.0
alt_uncorrected,2.8305660583570824,4.300801742277801,4.0
