,Rseq_targets,Rseq_hits,Rfrequency
true_Rseq,4.03852096264586,4.03852096264586,4.0
alt_corrected,4.028305780678615,4.028305780678615,4.0
alt_corrected_unif,4.029392281843787,4.029392281843787,4.0
alt_uncorrected,4.900869962157212,4.900869962157212,4.0
