,Rseq_targets,Rseq_hits,Rfrequency
true_Rseq,4.5342132390735195,4.5342132390735195,4.0
alt_corrected,4.446544330571522,4.446544330571522,4.0
alt_corrected_unif,4.456740767266194,4.456740767266194,4.0
alt_uncorrected,5.3282184475796175,5.3282184475796175,4.0
