,Rseq_targets,Rseq_hits,Rfrequency
true_Rseq,4.445792292128312,4.445792292128312,4.0
alt_corrected,4.480705912427391,4.480705912427391,4.0
alt_corrected_unif,4.576329737361899,4.576329737361899,4.0
alt_uncorrected,5.447807417675324,5.447807417675324,4.0
