,Rseq_targets,Rseq_hits,Rfrequency
true_Rseq,3.579563614962888,3.579563614962888,4.0
alt_corrected,3.6631957472038597,3.6631957472038597,4.0
alt_corrected_unif,3.7630812406911622,3.7630812406911622,4.0
alt_uncorrected,4.6345589210045866,4.6345589210045866,4.0
