,Rseq_targets,Rseq_hits,Rfrequency
true_Rseq,3.801761479458401,3.801761479458401,4.0
alt_corrected,3.7296904816481398,3.7296904816481398,4.0
alt_corrected_unif,3.7858957790616707,3.7858957790616707,4.0
alt_uncorrected,4.657373459375095,4.657373459375095,4.0
