,Rseq_targets,Rseq_hits,Rfrequency
true_Rseq,4.101611448762173,4.101611448762173,4.0
alt_corrected,4.150325021141585,4.150325021141585,4.0
alt_corrected_unif,4.1616540588746656,4.1616540588746656,4.0
alt_uncorrected,5.03313173918809,5.03313173918809,4.0
