,Rseq_targets,Rseq_hits,Rfrequency
true_Rseq,4.275425529658008,4.275425529658008,4.0
alt_corrected,4.121057166736866,4.121057166736866,4.0
alt_corrected_unif,4.244073690790357,4.244073690790357,4.0
alt_uncorrected,5.1155513711037806,5.1155513711037806,4.0
