,Rseq_targets,Rseq_hits,Rfrequency
true_Rseq,3.639078576875173,3.639078576875173,4.0
alt_corrected,3.703306430631305,3.703306430631305,4.0
alt_corrected_unif,3.7199784769373987,3.7199784769373987,4.0
alt_uncorrected,4.591456157250823,4.591456157250823,4.0
