,Rseq_targets,Rseq_hits,Rfrequency
true_Rseq,3.692761536269293,3.692761536269293,4.0
alt_corrected,3.550374409693137,3.550374409693137,4.0
alt_corrected_unif,3.610101984807098,3.610101984807098,4.0
alt_uncorrected,4.481579665120522,4.481579665120522,4.0
