,Rseq_targets,Rseq_hits,Rfrequency
true_Rseq,4.0988841530654065,4.0988841530654065,4.0
alt_corrected,3.958157061400999,3.958157061400999,4.0
alt_corrected_unif,3.9791539717914897,3.9791539717914897,4.0
alt_uncorrected,4.850631652104914,4.850631652104914,4.0
