,Rseq_targets,Rseq_hits,Rfrequency
true_Rseq,4.597825177426625,4.597825177426625,4.0
alt_corrected,4.596684972531901,4.596684972531901,4.0
alt_corrected_unif,4.598306003450732,4.598306003450732,4.0
alt_uncorrected,5.469783683764157,5.469783683764157,4.0
