,Rseq_targets,Rseq_hits,Rfrequency
true_Rseq,3.929597977506967,3.929597977506967,4.0
alt_corrected,3.991818077790928,3.991818077790928,4.0
alt_corrected_unif,4.067572476179809,4.067572476179809,4.0
alt_uncorrected,4.9390501564932325,4.9390501564932325,4.0
