,Rseq_targets,Rseq_hits,Rfrequency
true_Rseq,4.275846044130567,4.275846044130567,4.0
alt_corrected,4.284815028000708,4.284815028000708,4.0
alt_corrected_unif,4.32516088123813,4.32516088123813,4.0
alt_uncorrected,5.196638561551554,5.196638561551554,4.0
