,Rseq_targets,Rseq_hits,Rfrequency
true_Rseq,4.465088512622331,4.465088512622331,4.0
alt_corrected,4.40341462245464,4.40341462245464,4.0
alt_corrected_unif,4.4497382624955115,4.4497382624955115,4.0
alt_uncorrected,5.321215942808935,5.321215942808935,4.0
