,Rseq_targets,Rseq_hits,Rfrequency
true_Rseq,3.7375879433117527,3.7375879433117527,4.0
alt_corrected,3.8445245863769033,3.8445245863769033,4.0
alt_corrected_unif,3.8586626758270337,3.8586626758270337,4.0
alt_uncorrected,4.730140356140458,4.730140356140458,4.0
