,Rseq_targets,Rseq_hits,Rfrequency
true_Rseq,4.139846346503182,4.139846346503182,4.0
alt_corrected,3.809233124710763,3.809233124710763,4.0
alt_corrected_unif,3.9436477937422896,3.9436477937422896,4.0
alt_uncorrected,4.815125474055714,4.815125474055714,4.0
