,Rseq_targets,Rseq_hits,Rfrequency
true_Rseq,3.8170572004937533,3.8170572004937533,4.0
alt_corrected,4.051563145713751,4.051563145713751,4.0
alt_corrected_unif,4.09190382491216,4.09190382491216,4.0
alt_uncorrected,4.963381505225584,4.963381505225584,4.0
