,Rseq_targets,Rseq_hits,Rfrequency
true_Rseq,4.613118859130887,4.613118859130887,4.0
alt_corrected,4.464357648810623,4.464357648810623,4.0
alt_corrected_unif,4.510615755994968,4.510615755994968,4.0
alt_uncorrected,5.382093436308391,5.382093436308391,4.0
