,Rseq_targets,Rseq_hits,Rfrequency
true_Rseq,4.40610061158608,4.40610061158608,4.0
alt_corrected,4.417726073516523,4.417726073516523,4.0
alt_corrected_unif,4.4344546685412976,4.4344546685412976,4.0
alt_uncorrected,5.305932348854721,5.305932348854721,4.0
