,Rseq_targets,Rseq_hits,Rfrequency
true_Rseq,3.641650702101023,3.641650702101023,4.0
alt_corrected,3.5215514151287417,3.5215514151287417,4.0
alt_corrected_unif,3.6626632075327694,3.6626632075327694,4.0
alt_uncorrected,4.534140887846194,4.534140887846194,4.0
