,Rseq_targets,Rseq_hits,Rfrequency
true_Rseq,3.618082615579074,3.618082615579074,4.0
alt_corrected,3.5688827671919023,3.5688827671919023,4.0
alt_corrected_unif,3.5785269613124284,3.5785269613124284,4.0
alt_uncorrected,4.450004641625853,4.450004641625853,4.0
