,Rseq_targets,Rseq_hits,Rfrequency
true_Rseq,4.9202445690026835,4.9202445690026835,4.0
alt_corrected,4.836800951748195,4.836800951748195,4.0
alt_corrected_unif,4.875461961373038,4.875461961373038,4.0
alt_uncorrected,5.7469396416864615,5.7469396416864615,4.0
