,Rseq_targets,Rseq_hits,Rfrequency
true_Rseq,3.984907599962498,3.984907599962498,4.0
alt_corrected,3.873816290222966,3.873816290222966,4.0
alt_corrected_unif,3.888556651048384,3.888556651048384,4.0
alt_uncorrected,4.760034331361808,4.760034331361808,4.0
