,Rseq_targets,Rseq_hits,Rfrequency
true_Rseq,3.6517109744509977,3.6517109744509977,4.0
alt_corrected,3.6981929314238084,3.6981929314238084,4.0
alt_corrected_unif,3.7322682649595262,3.7322682649595262,4.0
alt_uncorrected,4.603745945272951,4.603745945272951,4.0
