,Rseq_targets,Rseq_hits,Rfrequency
true_Rseq,4.050747744787706,4.050747744787706,4.0
alt_corrected,4.0156674239749215,4.0156674239749215,4.0
alt_corrected_unif,4.080163305123083,4.080163305123083,4.0
alt_uncorrected,4.951640985436507,4.951640985436507,4.0
