,Rseq_targets,Rseq_hits,Rfrequency
true_Rseq,3.8025217588025733,3.4630483231956095,4.0
alt_corrected,3.6550679156506427,3.3023994385031137,4.0
alt_corrected_unif,3.7050565343767645,3.3523880572292355,4.0
alt_uncorrected,4.576534214690189,4.22386573754266,4.0
