,Rseq_targets,Rseq_hits,Rfrequency
true_Rseq,4.541608308480358,4.541608308480358,4.0
alt_corrected,4.5794727682106755,4.5794727682106755,4.0
alt_corrected_unif,4.634780709534185,4.634780709534185,4.0
alt_uncorrected,5.506258389847609,5.506258389847609,4.0
