,Rseq_targets,Rseq_hits,Rfrequency
true_Rseq,3.8991660183267856,3.8991660183267856,4.0
alt_corrected,4.082320572762031,4.082320572762031,4.0
alt_corrected_unif,4.11068739921631,4.11068739921631,4.0
alt_uncorrected,4.982165079529734,4.982165079529734,4.0
