,Rseq_targets,Rseq_hits,Rfrequency
true_Rseq,4.565625718639833,4.565625718639833,4.0
alt_corrected,4.1558732358212165,4.1558732358212165,4.0
alt_corrected_unif,4.298247926525848,4.298247926525848,4.0
alt_uncorrected,5.169725606839272,5.169725606839272,4.0
