,Rseq_targets,Rseq_hits,Rfrequency
true_Rseq,4.213416861471098,4.213416861471098,4.0
alt_corrected,4.3170186899687994,4.3170186899687994,4.0
alt_corrected_unif,4.380469320672523,4.380469320672523,4.0
alt_uncorrected,5.251947000985947,5.251947000985947,4.0
