,Rseq_targets,Rseq_hits,Rfrequency
true_Rseq,2.2456442602866673,3.111873627116754,4.0
alt_corrected,2.0749596632298872,3.0179183235556692,4.0
alt_corrected_unif,2.158075774281257,3.101034434607039,4.0
alt_uncorrected,3.0295534545946814,3.9725121149204634,4.0
