,Rseq_targets,Rseq_hits,Rfrequency
true_Rseq,-0.3587721803028092,2.6461912118721695,4.0
alt_corrected,-0.2509198196341149,2.7458636256233317,4.0
alt_corrected_unif,-0.1690487974752073,2.8277346477822394,4.0
alt_uncorrected,0.702428882838217,3.6992123280956637,4.0
