,Rseq_targets,Rseq_hits,Rfrequency
true_Rseq,4.012883838795073,4.012883838795073,4.0
alt_corrected,3.9950119950597913,3.9950119950597913,4.0
alt_corrected_unif,4.043517841675552,4.043517841675552,4.0
alt_uncorrected,4.914995521988976,4.914995521988976,4.0
