,Rseq_targets,Rseq_hits,Rfrequency
true_Rseq,4.159109240361548,4.159109240361548,4.0
alt_corrected,4.140191570793278,4.140191570793278,4.0
alt_corrected_unif,4.16485676709466,4.16485676709466,4.0
alt_uncorrected,5.036334447408084,5.036334447408084,4.0
