,Rseq_targets,Rseq_hits,Rfrequency
true_Rseq,4.006168001266808,4.006168001266808,4.0
alt_corrected,3.9626729160393115,3.9626729160393115,4.0
alt_corrected_unif,4.008996556080181,4.008996556080181,4.0
alt_uncorrected,4.880474236393606,4.880474236393606,4.0
