,Rseq_targets,Rseq_hits,Rfrequency
true_Rseq,3.735019660430531,3.735019660430531,4.0
alt_corrected,3.644255657296979,3.644255657296979,4.0
alt_corrected_unif,3.6639746778898314,3.6639746778898314,4.0
alt_uncorrected,4.535452358203256,4.535452358203256,4.0
