,Rseq_targets,Rseq_hits,Rfrequency
true_Rseq,4.260901315755659,4.260901315755659,4.0
alt_corrected,4.173447231638347,4.173447231638347,4.0
alt_corrected_unif,4.19792365913564,4.19792365913564,4.0
alt_uncorrected,5.069401339449064,5.069401339449064,4.0
