,Rseq_targets,Rseq_hits,Rfrequency
true_Rseq,4.087078516343196,4.087078516343196,4.0
alt_corrected,4.186990505023267,4.186990505023267,4.0
alt_corrected_unif,4.266706415700362,4.266706415700362,4.0
alt_uncorrected,5.138184096013786,5.138184096013786,4.0
