,Rseq_targets,Rseq_hits,Rfrequency
true_Rseq,4.242429499196339,4.242429499196339,4.0
alt_corrected,4.238402823486941,4.238402823486941,4.0
alt_corrected_unif,4.259312058071275,4.259312058071275,4.0
alt_uncorrected,5.130789738384699,5.130789738384699,4.0
