,Rseq_targets,Rseq_hits,Rfrequency
true_Rseq,4.153033255677839,4.153033255677839,4.0
alt_corrected,4.148736815806304,4.148736815806304,4.0
alt_corrected_unif,4.174065684181082,4.174065684181082,4.0
alt_uncorrected,5.045543364494506,5.045543364494506,4.0
