,Rseq_targets,Rseq_hits,Rfrequency
true_Rseq,4.430064016258715,4.430064016258715,4.0
alt_corrected,3.951964728759892,3.951964728759892,4.0
alt_corrected_unif,4.131481961183292,4.131481961183292,4.0
alt_uncorrected,5.002959641496716,5.002959641496716,4.0
