,Rseq_targets,Rseq_hits,Rfrequency
true_Rseq,4.163281035078585,4.163281035078585,4.0
alt_corrected,4.145769003606961,4.145769003606961,4.0
alt_corrected_unif,4.162764042848764,4.162764042848764,4.0
alt_uncorrected,5.0342417231621885,5.0342417231621885,4.0
