,Rseq_targets,Rseq_hits,Rfrequency
true_Rseq,4.226432732621765,4.226432732621765,4.0
alt_corrected,4.240038617264762,4.240038617264762,4.0
alt_corrected_unif,4.257033656506534,4.257033656506534,4.0
alt_uncorrected,5.128511336819958,5.128511336819958,4.0
