,Rseq_targets,Rseq_hits,Rfrequency
true_Rseq,4.377874117951405,4.377874117951405,4.0
alt_corrected,4.482351647038267,4.482351647038267,4.0
alt_corrected_unif,4.5142863751600455,4.5142863751600455,4.0
alt_uncorrected,5.385764055473469,5.385764055473469,4.0
