,Rseq_targets,Rseq_hits,Rfrequency
true_Rseq,4.461207310844587,4.461207310844587,4.0
alt_corrected,4.31768654668668,4.31768654668668,4.0
alt_corrected_unif,4.354341227153661,4.354341227153661,4.0
alt_uncorrected,5.225818907467085,5.225818907467085,4.0
