,Rseq_targets,Rseq_hits,Rfrequency
true_Rseq,4.226509402209079,4.226509402209079,4.0
alt_corrected,4.3440600173708255,4.3440600173708255,4.0
alt_corrected_unif,4.390626989765478,4.390626989765478,4.0
alt_uncorrected,5.262104670078902,5.262104670078902,4.0
