,Rseq_targets,Rseq_hits,Rfrequency
true_Rseq,4.263247593421517,4.263247593421517,4.0
alt_corrected,4.370505777229393,4.370505777229393,4.0
alt_corrected_unif,4.444411795611899,4.444411795611899,4.0
alt_uncorrected,5.315889475925323,5.315889475925323,4.0
