,Rseq_targets,Rseq_hits,Rfrequency
true_Rseq,4.81273206029609,4.81273206029609,4.0
alt_corrected,4.747478326487989,4.747478326487989,4.0
alt_corrected_unif,4.7589848144742355,4.7589848144742355,4.0
alt_uncorrected,5.630462494787659,5.630462494787659,4.0
