,Rseq_targets,Rseq_hits,Rfrequency
true_Rseq,3.714941346179354,3.714941346179354,4.0
alt_corrected,3.95788458554222,3.95788458554222,4.0
alt_corrected_unif,4.084971987003264,4.084971987003264,4.0
alt_uncorrected,4.956449667316688,4.956449667316688,4.0
