,Rseq_targets,Rseq_hits,Rfrequency
true_Rseq,3.7438284379030424,3.7438284379030424,4.0
alt_corrected,3.777485219067936,3.777485219067936,4.0
alt_corrected_unif,3.79210128955306,3.79210128955306,4.0
alt_uncorrected,4.663578969866484,4.663578969866484,4.0
