,Rseq_targets,Rseq_hits,Rfrequency
true_Rseq,4.871146398690541,4.871146398690541,4.0
alt_corrected,4.896839378837875,4.896839378837875,4.0
alt_corrected_unif,4.907035815532556,4.907035815532556,4.0
alt_uncorrected,5.77851349584598,5.77851349584598,4.0
