,Rseq_targets,Rseq_hits,Rfrequency
true_Rseq,4.361048456583059,4.361048456583059,4.0
alt_corrected,4.243813136218151,4.243813136218151,4.0
alt_corrected_unif,4.267400552183277,4.267400552183277,4.0
alt_uncorrected,5.138878232496701,5.138878232496701,4.0
