,Rseq_targets,Rseq_hits,Rfrequency
true_Rseq,3.8502604580178783,3.8502604580178783,4.0
alt_corrected,3.848998168415827,3.848998168415827,4.0
alt_corrected_unif,3.8659932076575996,3.8659932076575996,4.0
alt_uncorrected,4.737470887971024,4.737470887971024,4.0
