,Rseq_targets,Rseq_hits,Rfrequency
true_Rseq,4.602226443658649,4.602226443658649,4.0
alt_corrected,4.587240406239546,4.587240406239546,4.0
alt_corrected_unif,4.61256927461433,4.61256927461433,4.0
alt_uncorrected,5.484046954927755,5.484046954927755,4.0
