,Rseq_targets,Rseq_hits,Rfrequency
true_Rseq,4.739532159971887,4.739532159971887,4.0
alt_corrected,4.785448492178357,4.785448492178357,4.0
alt_corrected_unif,4.821973634665872,4.821973634665872,4.0
alt_uncorrected,5.693451314979296,5.693451314979296,4.0
