,Rseq_targets,Rseq_hits,Rfrequency
true_Rseq,3.630614871061553,3.630614871061553,4.0
alt_corrected,3.648978692561403,3.648978692561403,4.0
alt_corrected_unif,3.7101246160476093,3.7101246160476093,4.0
alt_uncorrected,4.581602296361034,4.581602296361034,4.0
