,Rseq_targets,Rseq_hits,Rfrequency
true_Rseq,3.926923868025966,3.926923868025966,4.0
alt_corrected,4.071302821811781,4.071302821811781,4.0
alt_corrected_unif,4.241648516370363,4.241648516370363,4.0
alt_uncorrected,5.113126196683788,5.113126196683788,4.0
