,Rseq_targets,Rseq_hits,Rfrequency
true_Rseq,4.427588291034208,4.427588291034208,4.0
alt_corrected,4.092253150588652,4.092253150588652,4.0
alt_corrected_unif,4.1534346253212515,4.1534346253212515,4.0
alt_uncorrected,5.024912305634676,5.024912305634676,4.0
