,Rseq_targets,Rseq_hits,Rfrequency
true_Rseq,4.085924998071048,4.085924998071048,4.0
alt_corrected,3.9151070245272566,3.9151070245272566,4.0
alt_corrected_unif,3.958663919607113,3.958663919607113,4.0
alt_uncorrected,4.8301415999205375,4.8301415999205375,4.0
