,Rseq_targets,Rseq_hits,Rfrequency
true_Rseq,4.820598351269406,4.820598351269406,4.0
alt_corrected,4.38379903826293,4.38379903826293,4.0
alt_corrected_unif,4.537471803453508,4.537471803453508,4.0
alt_uncorrected,5.408949483766933,5.408949483766933,4.0
