,Rseq_targets,Rseq_hits,Rfrequency
true_Rseq,3.1711122347694705,3.1711122347694705,4.0
alt_corrected,3.263268426904325,3.263268426904325,4.0
alt_corrected_unif,3.3003280991454838,3.3003280991454838,4.0
alt_uncorrected,4.171805779458908,4.171805779458908,4.0
