,Rseq_targets,Rseq_hits,Rfrequency
true_Rseq,3.9263183140341917,3.9263183140341917,4.0
alt_corrected,4.1307268943588245,4.1307268943588245,4.0
alt_corrected_unif,4.177678919846899,4.177678919846899,4.0
alt_uncorrected,5.049156600160323,5.049156600160323,4.0
