,Rseq_targets,Rseq_hits,Rfrequency
true_Rseq,4.050868454785108,4.050868454785108,4.0
alt_corrected,3.9525469064083123,3.9525469064083123,4.0
alt_corrected_unif,4.024606643584953,4.024606643584953,4.0
alt_uncorrected,4.896084323898377,4.896084323898377,4.0
