,Rseq_targets,Rseq_hits,Rfrequency
true_Rseq,4.344707578271148,4.344707578271148,4.0
alt_corrected,4.1911569982342805,4.1911569982342805,4.0
alt_corrected_unif,4.233141961527792,4.233141961527792,4.0
alt_uncorrected,5.104619641841217,5.104619641841217,4.0
