,Rseq_targets,Rseq_hits,Rfrequency
true_Rseq,3.6284238887993077,3.6284238887993077,4.0
alt_corrected,3.453184905811845,3.453184905811845,4.0
alt_corrected_unif,3.5496355108966395,3.5496355108966395,4.0
alt_uncorrected,4.421113191210064,4.421113191210064,4.0
