,Rseq_targets,Rseq_hits,Rfrequency
true_Rseq,3.54802911665295,3.54802911665295,4.0
alt_corrected,3.5983563910136,3.5983563910136,4.0
alt_corrected_unif,3.6054753678896145,3.6054753678896145,4.0
alt_uncorrected,4.476953048203039,4.476953048203039,4.0
