,Rseq_targets,Rseq_hits,Rfrequency
true_Rseq,3.8350075771828376,3.8350075771828376,4.0
alt_corrected,3.8586558302601945,3.8586558302601945,4.0
alt_corrected_unif,3.897316839885041,3.897316839885041,4.0
alt_uncorrected,4.768794520198465,4.768794520198465,4.0
