,Rseq_targets,Rseq_hits,Rfrequency
true_Rseq,4.912177718362056,4.912177718362056,4.0
alt_corrected,4.6196431103834765,4.6196431103834765,4.0
alt_corrected_unif,4.719803348864376,4.719803348864376,4.0
alt_uncorrected,5.5912810291778,5.5912810291778,4.0
