,Rseq_targets,Rseq_hits,Rfrequency
true_Rseq,3.5822152886028444,3.5822152886028444,4.0
alt_corrected,3.582065747103875,3.582065747103875,4.0
alt_corrected_unif,3.618720427570865,3.618720427570865,4.0
alt_uncorrected,4.490198107884289,4.490198107884289,4.0
