,Rseq_targets,Rseq_hits,Rfrequency
true_Rseq,3.5733623635535814,3.5733623635535814,4.0
alt_corrected,3.642810206797467,3.642810206797467,4.0
alt_corrected_unif,3.6659454968704357,3.6659454968704357,4.0
alt_uncorrected,4.53742317718386,4.53742317718386,4.0
