,Rseq_targets,Rseq_hits,Rfrequency
true_Rseq,4.273684244725041,4.273684244725041,4.0
alt_corrected,4.184387922615077,4.184387922615077,4.0
alt_corrected_unif,4.285986736507903,4.285986736507903,4.0
alt_uncorrected,5.157464416821327,5.157464416821327,4.0
