,Rseq_targets,Rseq_hits,Rfrequency
true_Rseq,2.9693163160175597,2.9693163160175597,4.0
alt_corrected,2.8837905650897686,2.8837905650897686,4.0
alt_corrected_unif,2.996031684272656,2.996031684272656,4.0
alt_uncorrected,3.8675093645860805,3.8675093645860805,4.0
