,Rseq_targets,Rseq_hits,Rfrequency
true_Rseq,3.7850754018353205,3.7850754018353205,4.0
alt_corrected,3.99524705481572,3.99524705481572,4.0
alt_corrected_unif,4.110596171011206,4.110596171011206,4.0
alt_uncorrected,4.982073851324631,4.982073851324631,4.0
