,Rseq_targets,Rseq_hits,Rfrequency
true_Rseq,3.7084425276043387,3.7084425276043387,4.0
alt_corrected,3.755535483734107,3.755535483734107,4.0
alt_corrected_unif,3.8117443698616786,3.8117443698616786,4.0
alt_uncorrected,4.683222050175103,4.683222050175103,4.0
