,Rseq_targets,Rseq_hits,Rfrequency
true_Rseq,4.023385282889992,4.023385282889992,4.0
alt_corrected,3.9556943301103984,3.9556943301103984,4.0
alt_corrected_unif,3.977986605247142,3.977986605247142,4.0
alt_uncorrected,4.8494642855605665,4.8494642855605665,4.0
