,Rseq_targets,Rseq_hits,Rfrequency
true_Rseq,3.5921966428378145,3.5921966428378145,4.0
alt_corrected,3.5786425104645,3.5786425104645,4.0
alt_corrected_unif,3.5857066666383246,3.5857066666383246,4.0
alt_uncorrected,4.457184346951749,4.457184346951749,4.0
