,Rseq_targets,Rseq_hits,Rfrequency
true_Rseq,4.058053809791977,4.058053809791977,4.0
alt_corrected,4.026819595789397,4.026819595789397,4.0
alt_corrected_unif,4.0519376930080515,4.0519376930080515,4.0
alt_uncorrected,4.923415373321476,4.923415373321476,4.0
