,Rseq_targets,Rseq_hits,Rfrequency
true_Rseq,5.077482655214577,5.077482655214577,4.0
alt_corrected,4.9432066486611514,4.9432066486611514,4.0
alt_corrected_unif,4.980266320902313,4.980266320902313,4.0
alt_uncorrected,5.851744001215737,5.851744001215737,4.0
