,Rseq_targets,Rseq_hits,Rfrequency
true_Rseq,3.954586528302583,3.954586528302583,4.0
alt_corrected,4.05167816316656,4.05167816316656,4.0
alt_corrected_unif,4.096760998609382,4.096760998609382,4.0
alt_uncorrected,4.9682386789228055,4.9682386789228055,4.0
