,Rseq_targets,Rseq_hits,Rfrequency
true_Rseq,4.025065319301645,4.025065319301645,4.0
alt_corrected,3.861285827142924,3.861285827142924,4.0
alt_corrected_unif,3.9016684161440263,3.9016684161440263,4.0
alt_uncorrected,4.773146096457451,4.773146096457451,4.0
