,Rseq_targets,Rseq_hits,Rfrequency
true_Rseq,3.6896395291086552,3.6896395291086552,4.0
alt_corrected,3.7968757522396452,3.7968757522396452,4.0
alt_corrected_unif,3.85909255008565,3.85909255008565,4.0
alt_uncorrected,4.730570230399074,4.730570230399074,4.0
