,Rseq_targets,Rseq_hits,Rfrequency
true_Rseq,4.487685363781251,4.487685363781251,4.0
alt_corrected,4.227504745755395,4.227504745755395,4.0
alt_corrected_unif,4.2628890333488325,4.2628890333488325,4.0
alt_uncorrected,5.134366713662256,5.134366713662256,4.0
