,Rseq_targets,Rseq_hits,Rfrequency
true_Rseq,3.739998320197941,3.739998320197941,4.0
alt_corrected,3.673074027543608,3.673074027543608,4.0
alt_corrected_unif,3.6878143883690515,3.6878143883690515,4.0
alt_uncorrected,4.559292068682476,4.559292068682476,4.0
