,Rseq_targets,Rseq_hits,Rfrequency
true_Rseq,4.424036294860117,4.424036294860117,4.0
alt_corrected,4.244921481203797,4.244921481203797,4.0
alt_corrected_unif,4.35660951914827,4.35660951914827,4.0
alt_uncorrected,5.228087199461695,5.228087199461695,4.0
