,Rseq_targets,Rseq_hits,Rfrequency
true_Rseq,4.621061698030277,4.621061698030277,4.0
alt_corrected,4.54363507930442,4.54363507930442,4.0
alt_corrected_unif,4.551743165117758,4.551743165117758,4.0
alt_uncorrected,5.423220845431182,5.423220845431182,4.0
