,Rseq_targets,Rseq_hits,Rfrequency
true_Rseq,4.723561624297428,4.723561624297428,4.0
alt_corrected,4.631335243384356,4.631335243384356,4.0
alt_corrected_unif,4.674341296487967,4.674341296487967,4.0
alt_uncorrected,5.545818976801391,5.545818976801391,4.0
