,Rseq_targets,Rseq_hits,Rfrequency
true_Rseq,3.5795084231760095,3.5795084231760095,4.0
alt_corrected,3.6270196152186545,3.6270196152186545,4.0
alt_corrected_unif,3.6302444960662856,3.6302444960662856,4.0
alt_uncorrected,4.50172217637971,4.50172217637971,4.0
