,Rseq_targets,Rseq_hits,Rfrequency
true_Rseq,3.468832259793645,3.468832259793645,4.0
alt_corrected,3.3840002977616104,3.3840002977616104,4.0
alt_corrected_unif,3.4269335034118478,3.4269335034118478,4.0
alt_uncorrected,4.298411183725272,4.298411183725272,4.0
