,Rseq_targets,Rseq_hits,Rfrequency
true_Rseq,4.672320666779169,4.672320666779169,4.0
alt_corrected,4.509520924512433,4.509520924512433,4.0
alt_corrected_unif,4.529649719911452,4.529649719911452,4.0
alt_uncorrected,5.401127400224877,5.401127400224877,4.0
