,Rseq_targets,Rseq_hits,Rfrequency
true_Rseq,3.9302990296877045,3.9302990296877045,4.0
alt_corrected,3.974803161570413,3.974803161570413,4.0
alt_corrected_unif,3.9797112252413096,3.9797112252413096,4.0
alt_uncorrected,4.851188905554734,4.851188905554734,4.0
