,Rseq_targets,Rseq_hits,Rfrequency
true_Rseq,4.0385293835028975,4.0385293835028975,4.0
alt_corrected,3.816257214434046,3.816257214434046,4.0
alt_corrected_unif,3.8769989473911353,3.8769989473911353,4.0
alt_uncorrected,4.74847662770456,4.74847662770456,4.0
