,Rseq_targets,Rseq_hits,Rfrequency
true_Rseq,3.6517747256063195,3.6517747256063195,4.0
alt_corrected,3.6590891722965173,3.6590891722965173,4.0
alt_corrected_unif,3.6607102032153462,3.6607102032153462,4.0
alt_uncorrected,4.5321878835287706,4.5321878835287706,4.0
