,Rseq_targets,Rseq_hits,Rfrequency
true_Rseq,3.925491244348615,3.925491244348615,4.0
alt_corrected,3.930922959584864,3.930922959584864,4.0
alt_corrected_unif,4.018468657157978,4.018468657157978,4.0
alt_uncorrected,4.889946337471402,4.889946337471402,4.0
