,Rseq_targets,Rseq_hits,Rfrequency
true_Rseq,3.816919594434654,3.816919594434654,4.0
alt_corrected,3.9457980643956794,3.9457980643956794,4.0
alt_corrected_unif,3.994303911011405,3.994303911011405,4.0
alt_uncorrected,4.865781591324829,4.865781591324829,4.0
