,Rseq_targets,Rseq_hits,Rfrequency
true_Rseq,4.705773163179164,4.705773163179164,4.0
alt_corrected,4.5379128349477424,4.5379128349477424,4.0
alt_corrected_unif,4.63124035485728,4.63124035485728,4.0
alt_uncorrected,5.502718035170704,5.502718035170704,4.0
