,Rseq_targets,Rseq_hits,Rfrequency
true_Rseq,3.6463722385984756,3.6463722385984756,4.0
alt_corrected,3.645800559252714,3.645800559252714,4.0
alt_corrected_unif,3.685550900744247,3.685550900744247,4.0
alt_uncorrected,4.557028581057671,4.557028581057671,4.0
