,Rseq_targets,Rseq_hits,Rfrequency
true_Rseq,3.5351527080320206,3.5351527080320206,4.0
alt_corrected,3.5507306295366914,3.5507306295366914,4.0
alt_corrected_unif,3.5810708337938855,3.5810708337938855,4.0
alt_uncorrected,4.45254851410731,4.45254851410731,4.0
