,Rseq_targets,Rseq_hits,Rfrequency
true_Rseq,4.036310335952985,4.036310335952985,4.0
alt_corrected,3.9714739902736147,3.9714739902736147,4.0
alt_corrected_unif,4.0286353761050435,4.0286353761050435,4.0
alt_uncorrected,4.900113056418467,4.900113056418467,4.0
