,Rseq_targets,Rseq_hits,Rfrequency
true_Rseq,4.137633848689973,4.137633848689973,4.0
alt_corrected,4.086452319996235,4.086452319996235,4.0
alt_corrected_unif,4.201987478212159,4.201987478212159,4.0
alt_uncorrected,5.0734651585255826,5.0734651585255826,4.0
