,Rseq_targets,Rseq_hits,Rfrequency
true_Rseq,4.248776279840079,4.248776279840079,4.0
alt_corrected,4.168627648908776,4.168627648908776,4.0
alt_corrected_unif,4.209965123628626,4.209965123628626,4.0
alt_uncorrected,5.08144280394205,5.08144280394205,4.0
