,Rseq_targets,Rseq_hits,Rfrequency
true_Rseq,4.423887523649315,4.423887523649315,4.0
alt_corrected,4.179541682969645,4.179541682969645,4.0
alt_corrected_unif,4.300330940409346,4.300330940409346,4.0
alt_uncorrected,5.1718086207227705,5.1718086207227705,4.0
