,Rseq_targets,Rseq_hits,Rfrequency
true_Rseq,4.321160445667379,4.321160445667379,4.0
alt_corrected,4.305796332836964,4.305796332836964,4.0
alt_corrected_unif,4.344649015609649,4.344649015609649,4.0
alt_uncorrected,5.216126695923073,5.216126695923073,4.0
