,Rseq_targets,Rseq_hits,Rfrequency
true_Rseq,3.640299899134181,3.640299899134181,4.0
alt_corrected,3.7453528779222265,3.7453528779222265,4.0
alt_corrected_unif,3.768488167995194,3.768488167995194,4.0
alt_uncorrected,4.639965848308618,4.639965848308618,4.0
