,Rseq_targets,Rseq_hits,Rfrequency
true_Rseq,3.311540644665053,3.311540644665053,4.0
alt_corrected,3.5456935619283385,3.5456935619283385,4.0
alt_corrected_unif,3.6636020257134763,3.6636020257134763,4.0
alt_uncorrected,4.535079706026901,4.535079706026901,4.0
