,Rseq_targets,Rseq_hits,Rfrequency
true_Rseq,4.3264001644441,4.3264001644441,4.0
alt_corrected,4.192299719791053,4.192299719791053,4.0
alt_corrected_unif,4.209294759032842,4.209294759032842,4.0
alt_uncorrected,5.080772439346266,5.080772439346266,4.0
