,Rseq_targets,Rseq_hits,Rfrequency
true_Rseq,4.136472992710858,4.136472992710858,4.0
alt_corrected,4.042874645001553,4.042874645001553,4.0
alt_corrected_unif,4.054728091537861,4.054728091537861,4.0
alt_uncorrected,4.926205771851285,4.926205771851285,4.0
