,Rseq_targets,Rseq_hits,Rfrequency
true_Rseq,2.9011092359043786,3.7696770568002123,4.0
alt_corrected,2.9696979181059904,3.8852382387204805,4.0
alt_corrected_unif,3.0353694140773184,3.9509097346918085,4.0
alt_uncorrected,3.9068470943907427,4.822387415005233,4.0
