,Rseq_targets,Rseq_hits,Rfrequency
true_Rseq,3.9577306462979873,3.9577306462979873,4.0
alt_corrected,3.8830345137021602,3.8830345137021602,4.0
alt_corrected_unif,3.906248455503976,3.906248455503976,4.0
alt_uncorrected,4.7777261358174,4.7777261358174,4.0
