,Rseq_targets,Rseq_hits,Rfrequency
true_Rseq,4.02270124116992,4.02270124116992,4.0
alt_corrected,3.985794331880912,3.985794331880912,4.0
alt_corrected_unif,3.9912284651443577,3.9912284651443577,4.0
alt_uncorrected,4.862706145457782,4.862706145457782,4.0
