,Rseq_targets,Rseq_hits,Rfrequency
true_Rseq,3.8199685083859984,3.8199685083859984,4.0
alt_corrected,3.8780380472724163,3.8780380472724163,4.0
alt_corrected_unif,3.912012573110783,3.912012573110783,4.0
alt_uncorrected,4.783490253424207,4.783490253424207,4.0
