,Rseq_targets,Rseq_hits,Rfrequency
true_Rseq,4.6860264621570655,4.6860264621570655,4.0
alt_corrected,4.572450916047578,4.572450916047578,4.0
alt_corrected_unif,4.605465072854695,4.605465072854695,4.0
alt_uncorrected,5.47694275316812,5.47694275316812,4.0
