,Rseq_targets,Rseq_hits,Rfrequency
true_Rseq,3.3128893655482248,3.3128893655482248,4.0
alt_corrected,3.423500062059541,3.423500062059541,4.0
alt_corrected_unif,3.431696819271815,3.431696819271815,4.0
alt_uncorrected,4.303174499585239,4.303174499585239,4.0
