,Rseq_targets,Rseq_hits,Rfrequency
true_Rseq,4.506050641701554,4.506050641701554,4.0
alt_corrected,4.267234121867688,4.267234121867688,4.0
alt_corrected_unif,4.347336315032436,4.347336315032436,4.0
alt_uncorrected,5.218813995345861,5.218813995345861,4.0
