,Rseq_targets,Rseq_hits,Rfrequency
true_Rseq,3.6127461968392547,3.6127461968392547,4.0
alt_corrected,3.9413542006274884,3.9413542006274884,4.0
alt_corrected_unif,4.021067783414766,4.021067783414766,4.0
alt_uncorrected,4.89254546372819,4.89254546372819,4.0
