,Rseq_targets,Rseq_hits,Rfrequency
true_Rseq,4.4258401991918905,4.4258401991918905,4.0
alt_corrected,4.381475734706225,4.381475734706225,4.0
alt_corrected_unif,4.403768009842965,4.403768009842965,4.0
alt_uncorrected,5.275245690156389,5.275245690156389,4.0
