,Rseq_targets,Rseq_hits,Rfrequency
true_Rseq,3.8927902503071277,3.8927902503071277,4.0
alt_corrected,3.756313175402556,3.756313175402556,4.0
alt_corrected_unif,3.798298138696078,3.798298138696078,4.0
alt_uncorrected,4.6697758190095024,4.6697758190095024,4.0
