,Rseq_targets,Rseq_hits,Rfrequency
true_Rseq,4.01369493325695,4.01369493325695,4.0
alt_corrected,4.0923547501528645,4.0923547501528645,4.0
alt_corrected_unif,4.107795968266998,4.107795968266998,4.0
alt_uncorrected,4.979273648580422,4.979273648580422,4.0
