,Rseq_targets,Rseq_hits,Rfrequency
true_Rseq,4.019971029661152,4.019971029661152,4.0
alt_corrected,3.945434724639015,3.945434724639015,4.0
alt_corrected_unif,3.982798751716085,3.982798751716085,4.0
alt_uncorrected,4.8542764320295095,4.8542764320295095,4.0
