,Rseq_targets,Rseq_hits,Rfrequency
true_Rseq,4.566940296790766,4.566940296790766,4.0
alt_corrected,4.51074109965774,4.51074109965774,4.0
alt_corrected_unif,4.561056300126625,4.561056300126625,4.0
alt_uncorrected,5.4325339804400485,5.4325339804400485,4.0
