,Rseq_targets,Rseq_hits,Rfrequency
true_Rseq,3.7486402423323675,3.7486402423323675,4.0
alt_corrected,3.764703611662447,3.764703611662447,4.0
alt_corrected_unif,3.8116556371505026,3.8116556371505026,4.0
alt_uncorrected,4.683133317463927,4.683133317463927,4.0
