,Rseq_targets,Rseq_hits,Rfrequency
true_Rseq,4.887426112835072,4.887426112835072,4.0
alt_corrected,4.226691117268496,4.226691117268496,4.0
alt_corrected_unif,4.4820902466446615,4.4820902466446615,4.0
alt_uncorrected,5.353567926958085,5.353567926958085,4.0
