,Rseq_targets,Rseq_hits,Rfrequency
true_Rseq,4.392597091551145,4.392597091551145,4.0
alt_corrected,4.280969659384057,4.280969659384057,4.0
alt_corrected_unif,4.3169061895516965,4.3169061895516965,4.0
alt_uncorrected,5.18838386986512,5.18838386986512,4.0
