,Rseq_targets,Rseq_hits,Rfrequency
true_Rseq,4.297015848788025,4.297015848788025,4.0
alt_corrected,4.1658962091887695,4.1658962091887695,4.0
alt_corrected_unif,4.203053044349096,4.203053044349096,4.0
alt_uncorrected,5.0745307246625195,5.0745307246625195,4.0
