,Rseq_targets,Rseq_hits,Rfrequency
true_Rseq,3.9210125315207662,3.9210125315207662,4.0
alt_corrected,3.844825279732097,3.844825279732097,4.0
alt_corrected_unif,3.916681940343444,3.916681940343444,4.0
alt_uncorrected,4.788159620656868,4.788159620656868,4.0
