,Rseq_targets,Rseq_hits,Rfrequency
true_Rseq,3.0851461265910363,3.0851461265910363,4.0
alt_corrected,3.203591615721095,3.203591615721095,4.0
alt_corrected_unif,3.351145160681169,3.351145160681169,4.0
alt_uncorrected,4.222622840994593,4.222622840994593,4.0
