,Rseq_targets,Rseq_hits,Rfrequency
true_Rseq,3.3650480471094735,3.3650480471094735,4.0
alt_corrected,3.4216188107731424,3.4216188107731424,4.0
alt_corrected_unif,3.4331252987593834,3.4331252987593834,4.0
alt_uncorrected,4.304602979072808,4.304602979072808,4.0
