,Rseq_targets,Rseq_hits,Rfrequency
true_Rseq,3.2099910866971983,3.2099910866971983,4.0
alt_corrected,3.294705375193137,3.294705375193137,4.0
alt_corrected_unif,3.437354960217412,3.437354960217412,4.0
alt_uncorrected,4.308832640530836,4.308832640530836,4.0
