,Rseq_targets,Rseq_hits,Rfrequency
true_Rseq,3.719560232467643,3.719560232467643,4.0
alt_corrected,3.858909395682852,3.858909395682852,4.0
alt_corrected_unif,3.8913873052843813,3.8913873052843813,4.0
alt_uncorrected,4.762864985597806,4.762864985597806,4.0
