,Rseq_targets,Rseq_hits,Rfrequency
true_Rseq,3.4854659310242546,3.4089142821680163,4.0
alt_corrected,3.5135444275877465,3.4516623975612775,4.0
alt_corrected_unif,3.525050915573986,3.463168885547517,4.0
alt_uncorrected,4.3965285958874105,4.334646565860941,4.0
