,Rseq_targets,Rseq_hits,Rfrequency
true_Rseq,3.881192842098727,3.881192842098727,4.0
alt_corrected,3.6784599806460427,3.6784599806460427,4.0
alt_corrected_unif,3.7429558617942127,3.7429558617942127,4.0
alt_uncorrected,4.614433542107637,4.614433542107637,4.0
