,Rseq_targets,Rseq_hits,Rfrequency
true_Rseq,4.42034024569912,4.42034024569912,4.0
alt_corrected,4.426360657498841,4.426360657498841,4.0
alt_corrected_unif,4.434468743312195,4.434468743312195,4.0
alt_uncorrected,5.305946423625619,5.305946423625619,4.0
