,Rseq_targets,Rseq_hits,Rfrequency
true_Rseq,3.942870380644087,3.942870380644087,4.0
alt_corrected,4.0915752555772436,4.0915752555772436,4.0
alt_corrected_unif,4.118791068527752,4.118791068527752,4.0
alt_uncorrected,4.990268748841176,4.990268748841176,4.0
