,Rseq_targets,Rseq_hits,Rfrequency
true_Rseq,4.06771950345077,4.06771950345077,4.0
alt_corrected,3.9713361044305806,3.9713361044305806,4.0
alt_corrected_unif,4.005513283636043,4.005513283636043,4.0
alt_uncorrected,4.876990963949467,4.876990963949467,4.0
