,Rseq_targets,Rseq_hits,Rfrequency
true_Rseq,4.328499817979819,4.328499817979819,4.0
alt_corrected,4.11299821188101,4.11299821188101,4.0
alt_corrected_unif,4.167228320228594,4.167228320228594,4.0
alt_uncorrected,5.038706000542018,5.038706000542018,4.0
