,Rseq_targets,Rseq_hits,Rfrequency
true_Rseq,3.4131433708896157,3.541502608702759,4.0
alt_corrected,3.4741847961042964,3.5475698341218864,4.0
alt_corrected_unif,3.514081408516456,3.587466446534046,4.0
alt_uncorrected,4.38555908882988,4.45894412684747,4.0
