,Rseq_targets,Rseq_hits,Rfrequency
true_Rseq,3.880988014517177,3.880988014517177,4.0
alt_corrected,3.8239871388117788,3.8239871388117788,4.0
alt_corrected_unif,3.8384499327020847,3.8384499327020847,4.0
alt_uncorrected,4.709927613015509,4.709927613015509,4.0
