,Rseq_targets,Rseq_hits,Rfrequency
true_Rseq,4.331329559243931,4.331329559243931,4.0
alt_corrected,4.398148146094404,4.398148146094404,4.0
alt_corrected_unif,4.469953961283839,4.469953961283839,4.0
alt_uncorrected,5.3414316415972625,5.3414316415972625,4.0
