,Rseq_targets,Rseq_hits,Rfrequency
true_Rseq,3.8823776542302824,3.8823776542302824,4.0
alt_corrected,3.830359816114663,3.830359816114663,4.0
alt_corrected_unif,3.8604165741538083,3.8604165741538083,4.0
alt_uncorrected,4.731894254467233,4.731894254467233,4.0
