,Rseq_targets,Rseq_hits,Rfrequency
true_Rseq,4.35205627472032,4.35205627472032,4.0
alt_corrected,4.33501724416318,4.33501724416318,4.0
alt_corrected_unif,4.336655987902532,4.336655987902532,4.0
alt_uncorrected,5.208133668215956,5.208133668215956,4.0
