,Rseq_targets,Rseq_hits,Rfrequency
true_Rseq,4.047769197617365,4.047769197617365,4.0
alt_corrected,4.300435359173477,4.300435359173477,4.0
alt_corrected_unif,4.335838068566744,4.335838068566744,4.0
alt_uncorrected,5.207315748880168,5.207315748880168,4.0
