,Rseq_targets,Rseq_hits,Rfrequency
true_Rseq,4.794671109270553,4.794671109270553,4.0
alt_corrected,4.333873054881964,4.333873054881964,4.0
alt_corrected_unif,4.5019906552453826,4.5019906552453826,4.0
alt_uncorrected,5.373468335558806,5.373468335558806,4.0
