,Rseq_targets,Rseq_hits,Rfrequency
true_Rseq,3.8592083479974173,3.8592083479974173,4.0
alt_corrected,3.8319944195590487,3.8319944195590487,4.0
alt_corrected_unif,3.8644390391689813,3.8644390391689813,4.0
alt_uncorrected,4.735916719482406,4.735916719482406,4.0
