,Rseq_targets,Rseq_hits,Rfrequency
true_Rseq,4.085384539868553,4.085384539868553,4.0
alt_corrected,4.169303346733519,4.169303346733519,4.0
alt_corrected_unif,4.216543436176382,4.216543436176382,4.0
alt_uncorrected,5.088021116489806,5.088021116489806,4.0
