,Rseq_targets,Rseq_hits,Rfrequency
true_Rseq,4.093025150447291,4.093025150447291,4.0
alt_corrected,3.82358930624826,3.82358930624826,4.0
alt_corrected_unif,3.9394800518768416,3.9394800518768416,4.0
alt_uncorrected,4.810957732190266,4.810957732190266,4.0
