,Rseq_targets,Rseq_hits,Rfrequency
true_Rseq,3.8012616524832996,3.8012616524832996,4.0
alt_corrected,3.6858089764118196,3.6858089764118196,4.0
alt_corrected_unif,3.725705588823979,3.725705588823979,4.0
alt_uncorrected,4.597183269137403,4.597183269137403,4.0
