,Rseq_targets,Rseq_hits,Rfrequency
true_Rseq,4.976523940514281,4.976523940514281,4.0
alt_corrected,4.619618991097752,4.619618991097752,4.0
alt_corrected_unif,4.705861509488139,4.705861509488139,4.0
alt_uncorrected,5.577339189801564,5.577339189801564,4.0
