,Rseq_targets,Rseq_hits,Rfrequency
true_Rseq,4.7152521021410045,4.7152521021410045,4.0
alt_corrected,4.61830873058699,4.61830873058699,4.0
alt_corrected_unif,4.653168189397684,4.653168189397684,4.0
alt_uncorrected,5.524645869711108,5.524645869711108,4.0
