,Rseq_targets,Rseq_hits,Rfrequency
true_Rseq,3.836960391151539,3.836960391151539,4.0
alt_corrected,3.5168979561785196,3.5168979561785196,4.0
alt_corrected_unif,3.6309870799624586,3.6309870799624586,4.0
alt_uncorrected,4.502464760275883,4.502464760275883,4.0
