,Rseq_targets,Rseq_hits,Rfrequency
true_Rseq,3.75160993901218,3.75160993901218,4.0
alt_corrected,3.7065448263063163,3.7065448263063163,4.0
alt_corrected_unif,3.710321949728104,3.710321949728104,4.0
alt_uncorrected,4.5817996300415285,4.5817996300415285,4.0
