,Rseq_targets,Rseq_hits,Rfrequency
true_Rseq,4.21972328017779,4.21972328017779,4.0
alt_corrected,4.129670131888663,4.129670131888663,4.0
alt_corrected_unif,4.151201572032804,4.151201572032804,4.0
alt_uncorrected,5.022679252346228,5.022679252346228,4.0
