,Rseq_targets,Rseq_hits,Rfrequency
true_Rseq,4.263997284983223,4.263997284983223,4.0
alt_corrected,4.249790441010321,4.249790441010321,4.0
alt_corrected_unif,4.263928530460463,4.263928530460463,4.0
alt_uncorrected,5.135406210773887,5.135406210773887,4.0
