,Rseq_targets,Rseq_hits,Rfrequency
true_Rseq,3.9677066441085653,3.9677066441085653,4.0
alt_corrected,3.801897249476486,3.801897249476486,4.0
alt_corrected_unif,3.831686917571719,3.831686917571719,4.0
alt_uncorrected,4.703164597885143,4.703164597885143,4.0
