,Rseq_targets,Rseq_hits,Rfrequency
true_Rseq,3.4415423987359883,3.4415423987359883,4.0
alt_corrected,3.4353054356381403,3.4353054356381403,4.0
alt_corrected_unif,3.4503204721026015,3.4503204721026015,4.0
alt_uncorrected,4.321798152416026,4.321798152416026,4.0
