,Rseq_targets,Rseq_hits,Rfrequency
true_Rseq,4.774637094173643,4.774637094173643,4.0
alt_corrected,4.761422901626004,4.761422901626004,4.0
alt_corrected_unif,4.779495721204059,4.779495721204059,4.0
alt_uncorrected,5.650973401517483,5.650973401517483,4.0
