,Rseq_targets,Rseq_hits,Rfrequency
true_Rseq,5.349055073318136,5.349055073318136,4.0
alt_corrected,5.268755602816768,5.268755602816768,4.0
alt_corrected_unif,5.3051119052241145,5.3051119052241145,4.0
alt_uncorrected,6.176589585537538,6.176589585537538,4.0
