,Rseq_targets,Rseq_hits,Rfrequency
true_Rseq,4.070346795245989,4.070346795245989,4.0
alt_corrected,3.9666358790585297,3.9666358790585297,4.0
alt_corrected_unif,4.018785396016339,4.018785396016339,4.0
alt_uncorrected,4.890263076329763,4.890263076329763,4.0
