,Rseq_targets,Rseq_hits,Rfrequency
true_Rseq,3.9225629523202237,3.9225629523202237,4.0
alt_corrected,3.936115710681563,3.936115710681563,4.0
alt_corrected_unif,3.9955084408472072,3.9955084408472072,4.0
alt_uncorrected,4.866986121160632,4.866986121160632,4.0
