,Rseq_targets,Rseq_hits,Rfrequency
true_Rseq,3.9583535054975574,3.9583535054975574,4.0
alt_corrected,3.5086994466680514,3.5086994466680514,4.0
alt_corrected_unif,3.649811239072083,3.649811239072083,4.0
alt_uncorrected,4.5212889193855075,4.5212889193855075,4.0
