,Rseq_targets,Rseq_hits,Rfrequency
true_Rseq,3.0419145513766317,3.0419145513766317,4.0
alt_corrected,2.9428898827105026,2.9428898827105026,4.0
alt_corrected_unif,3.1328354061650816,3.1328354061650816,4.0
alt_uncorrected,4.004313086478506,4.004313086478506,4.0
