,Rseq_targets,Rseq_hits,Rfrequency
true_Rseq,3.699598395854406,3.699598395854406,4.0
alt_corrected,4.046153368938423,4.046153368938423,4.0
alt_corrected_unif,4.175658339754387,4.175658339754387,4.0
alt_uncorrected,5.0471360200678115,5.0471360200678115,4.0
