,Rseq_targets,Rseq_hits,Rfrequency
true_Rseq,3.9586127425508906,3.9586127425508906,4.0
alt_corrected,4.034147994377596,4.034147994377596,4.0
alt_corrected_unif,4.069183119562181,4.069183119562181,4.0
alt_uncorrected,4.940660799875605,4.940660799875605,4.0
