,Rseq_targets,Rseq_hits,Rfrequency
true_Rseq,3.7244864233342003,3.7244864233342003,4.0
alt_corrected,3.5239166659020715,3.5239166659020715,4.0
alt_corrected_unif,3.592492551846705,3.592492551846705,4.0
alt_uncorrected,4.463970232160129,4.463970232160129,4.0
