,Rseq_targets,Rseq_hits,Rfrequency
true_Rseq,4.2653396120573,4.2653396120573,4.0
alt_corrected,4.202133848181666,4.202133848181666,4.0
alt_corrected_unif,4.27594062969604,4.27594062969604,4.0
alt_uncorrected,5.147418310009464,5.147418310009464,4.0
