,Rseq_targets,Rseq_hits,Rfrequency
true_Rseq,3.9156769091813928,3.9156769091813928,4.0
alt_corrected,3.869827662235159,3.869827662235159,4.0
alt_corrected_unif,3.8790683490869298,3.8790683490869298,4.0
alt_uncorrected,4.750546029400354,4.750546029400354,4.0
