,Rseq_targets,Rseq_hits,Rfrequency
true_Rseq,4.259519072327415,4.259519072327415,4.0
alt_corrected,4.251411989114471,4.251411989114471,4.0
alt_corrected_unif,4.2568461223779135,4.2568461223779135,4.0
alt_uncorrected,5.128323802691337,5.128323802691337,4.0
