,Rseq_targets,Rseq_hits,Rfrequency
true_Rseq,2.889424151073616,2.9586436294311085,4.0
alt_corrected,2.972020550245217,3.057978250233689,4.0
alt_corrected_unif,3.0108732330179064,3.0968309330063786,4.0
alt_uncorrected,3.8823509133313308,3.968308613319803,4.0
