,Rseq_targets,Rseq_hits,Rfrequency
true_Rseq,3.8338151270972913,3.8338151270972913,4.0
alt_corrected,4.015842992565402,4.015842992565402,4.0
alt_corrected_unif,4.054695675338074,4.054695675338074,4.0
alt_uncorrected,4.926173355651499,4.926173355651499,4.0
