,Rseq_targets,Rseq_hits,Rfrequency
true_Rseq,3.714493087114997,3.714493087114997,4.0
alt_corrected,3.7144812531554288,3.7144812531554288,4.0
alt_corrected_unif,3.737616543228396,3.737616543228396,4.0
alt_uncorrected,4.60909422354182,4.60909422354182,4.0
