,Rseq_targets,Rseq_hits,Rfrequency
true_Rseq,4.4762962955772005,4.4762962955772005,4.0
alt_corrected,4.316960326027995,4.316960326027995,4.0
alt_corrected_unif,4.336545870844411,4.336545870844411,4.0
alt_uncorrected,5.208023551157835,5.208023551157835,4.0
