,Rseq_targets,Rseq_hits,Rfrequency
true_Rseq,3.779652275870845,3.779652275870845,4.0
alt_corrected,3.8051063657782764,3.8051063657782764,4.0
alt_corrected_unif,3.8382867494622785,3.8382867494622785,4.0
alt_uncorrected,4.709764429775703,4.709764429775703,4.0
