,Rseq_targets,Rseq_hits,Rfrequency
true_Rseq,4.064727281431791,4.064727281431791,4.0
alt_corrected,4.194630976176828,4.194630976176828,4.0
alt_corrected_unif,4.219749073395484,4.219749073395484,4.0
alt_uncorrected,5.091226753708908,5.091226753708908,4.0
