,Rseq_targets,Rseq_hits,Rfrequency
true_Rseq,0.7604233926982307,2.585189072078121,4.0
alt_corrected,0.7360476264283482,2.6270019660137836,4.0
alt_corrected_unif,0.998433503013022,2.8893878425984574,4.0
alt_uncorrected,1.8699111833264463,3.7608655229118817,4.0
