,Rseq_targets,Rseq_hits,Rfrequency
true_Rseq,2.638823499338967,3.219100065116119,4.0
alt_corrected,2.6763199428169955,3.1920840821948886,4.0
alt_corrected_unif,2.8000911881934623,3.3158553275713554,4.0
alt_uncorrected,3.6715688685068866,4.18733300788478,4.0
