,Rseq_targets,Rseq_hits,Rfrequency
true_Rseq,3.698365052524184,3.698365052524184,4.0
alt_corrected,3.835066883718795,3.835066883718795,4.0
alt_corrected_unif,3.881572577202163,3.881572577202163,4.0
alt_uncorrected,4.7530502575155875,4.7530502575155875,4.0
