,Rseq_targets,Rseq_hits,Rfrequency
true_Rseq,3.576233644428849,3.576233644428849,4.0
alt_corrected,3.488610904814727,3.488610904814727,4.0
alt_corrected_unif,3.5350450702558436,3.5350450702558436,4.0
alt_uncorrected,4.406522750569268,4.406522750569268,4.0
