,Rseq_targets,Rseq_hits,Rfrequency
true_Rseq,4.543397989299926,4.543397989299926,4.0
alt_corrected,4.490695724387656,4.490695724387656,4.0
alt_corrected_unif,4.510130394642578,4.510130394642578,4.0
alt_uncorrected,5.381608074956002,5.381608074956002,4.0
