,Rseq_targets,Rseq_hits,Rfrequency
true_Rseq,3.4200367320642124,3.4200367320642124,4.0
alt_corrected,3.4735807303640223,3.4735807303640223,4.0
alt_corrected_unif,3.5665809402215394,3.5665809402215394,4.0
alt_uncorrected,4.438058620534964,4.438058620534964,4.0
