,Rseq_targets,Rseq_hits,Rfrequency
true_Rseq,3.65825302713691,3.65825302713691,4.0
alt_corrected,3.6186389094934026,3.6186389094934026,4.0
alt_corrected_unif,3.6310634403832274,3.6310634403832274,4.0
alt_uncorrected,4.502541120696652,4.502541120696652,4.0
