,Rseq_targets,Rseq_hits,Rfrequency
true_Rseq,3.2285126319690436,3.2285126319690436,4.0
alt_corrected,3.362308973042524,3.362308973042524,4.0
alt_corrected_unif,3.4373299627922633,3.4373299627922633,4.0
alt_uncorrected,4.308807643105688,4.308807643105688,4.0
