,Rseq_targets,Rseq_hits,Rfrequency
true_Rseq,0.9427770686107486,2.9389792278106146,4.0
alt_corrected,0.9413866025176882,2.9332461373938106,4.0
alt_corrected_unif,1.0954404935044963,3.0873000283806187,4.0
alt_uncorrected,1.9669181738179207,3.958777708694043,4.0
