,Rseq_targets,Rseq_hits,Rfrequency
true_Rseq,3.8089928084313573,3.8089928084313573,4.0
alt_corrected,3.5923720436767805,3.5923720436767805,4.0
alt_corrected_unif,3.6979970165048024,3.6979970165048024,4.0
alt_uncorrected,4.569474696818227,4.569474696818227,4.0
