,Rseq_targets,Rseq_hits,Rfrequency
true_Rseq,4.135219132387492,4.135219132387492,4.0
alt_corrected,4.307586925174934,4.307586925174934,4.0
alt_corrected_unif,4.460371102236639,4.460371102236639,4.0
alt_uncorrected,5.331848782550063,5.331848782550063,4.0
