,Rseq_targets,Rseq_hits,Rfrequency
true_Rseq,4.173057529811757,4.173057529811757,4.0
alt_corrected,4.240255303864554,4.240255303864554,4.0
alt_corrected_unif,4.264329471443709,4.264329471443709,4.0
alt_uncorrected,5.135807151757133,5.135807151757133,4.0
