,Rseq_targets,Rseq_hits,Rfrequency
true_Rseq,3.9258209894590124,3.9258209894590124,4.0
alt_corrected,3.8953200207310585,3.8953200207310585,4.0
alt_corrected_unif,3.90401745700022,3.90401745700022,4.0
alt_uncorrected,4.775495137313644,4.775495137313644,4.0
