,Rseq_targets,Rseq_hits,Rfrequency
true_Rseq,4.963733222747486,4.963733222747486,4.0
alt_corrected,4.490067943801398,4.490067943801398,4.0
alt_corrected_unif,4.719331677454383,4.719331677454383,4.0
alt_uncorrected,5.590809357767807,5.590809357767807,4.0
