,Rseq_targets,Rseq_hits,Rfrequency
true_Rseq,4.1350451419199565,4.1350451419199565,4.0
alt_corrected,4.128876166527888,4.128876166527888,4.0
alt_corrected_unif,4.133784230198787,4.133784230198787,4.0
alt_uncorrected,5.005261910512211,5.005261910512211,4.0
