,Rseq_targets,Rseq_hits,Rfrequency
true_Rseq,4.137711015122902,4.137711015122902,4.0
alt_corrected,3.9424127159704225,3.9424127159704225,4.0
alt_corrected_unif,4.007547502707691,4.007547502707691,4.0
alt_uncorrected,4.879025183021115,4.879025183021115,4.0
