,Rseq_targets,Rseq_hits,Rfrequency
true_Rseq,3.370499964389083,3.4744270453164052,4.0
alt_corrected,3.429226564795098,3.556631399533592,4.0
alt_corrected_unif,3.4675693560795984,3.594974190818092,4.0
alt_uncorrected,4.339047036393023,4.466451871131516,4.0
