,Rseq_targets,Rseq_hits,Rfrequency
true_Rseq,2.397511963565952,3.051622761445193,4.0
alt_corrected,2.1992287676893763,2.937967494905472,4.0
alt_corrected_unif,2.277259397061257,3.015998124277353,4.0
alt_uncorrected,3.1487370773746814,3.8874758045907774,4.0
