,Rseq_targets,Rseq_hits,Rfrequency
true_Rseq,3.91474012925067,3.91474012925067,4.0
alt_corrected,4.038568269595537,4.038568269595537,4.0
alt_corrected_unif,4.072542795433902,4.072542795433902,4.0
alt_uncorrected,4.944020475747327,4.944020475747327,4.0
