,Rseq_targets,Rseq_hits,Rfrequency
true_Rseq,4.151281404951906,4.151281404951906,4.0
alt_corrected,4.022374111776746,4.022374111776746,4.0
alt_corrected_unif,4.04818335439961,4.04818335439961,4.0
alt_uncorrected,4.919661034713035,4.919661034713035,4.0
