,Rseq_targets,Rseq_hits,Rfrequency
true_Rseq,3.927756275892195,3.927756275892195,4.0
alt_corrected,3.999156660849415,3.999156660849415,4.0
alt_corrected_unif,4.064828156820756,4.064828156820756,4.0
alt_uncorrected,4.936305837134181,4.936305837134181,4.0
