,Rseq_targets,Rseq_hits,Rfrequency
true_Rseq,3.8721664691211917,3.8721664691211917,4.0
alt_corrected,3.8701952333948535,3.8701952333948535,4.0
alt_corrected_unif,3.888680954943291,3.888680954943291,4.0
alt_uncorrected,4.760158635256715,4.760158635256715,4.0
