,Rseq_targets,Rseq_hits,Rfrequency
true_Rseq,4.25288082835138,4.25288082835138,4.0
alt_corrected,4.1549815417209235,4.1549815417209235,4.0
alt_corrected_unif,4.185038299760066,4.185038299760066,4.0
alt_uncorrected,5.05651598007349,5.05651598007349,4.0
