,Rseq_targets,Rseq_hits,Rfrequency
true_Rseq,4.436424230696761,4.436424230696761,4.0
alt_corrected,4.32262256181521,4.32262256181521,4.0
alt_corrected_unif,4.331705239250834,4.331705239250834,4.0
alt_uncorrected,5.203182919564258,5.203182919564258,4.0
