,Rseq_targets,Rseq_hits,Rfrequency
true_Rseq,4.612600701930708,4.612600701930708,4.0
alt_corrected,4.7071465228532485,4.7071465228532485,4.0
alt_corrected_unif,4.7910638234409895,4.7910638234409895,4.0
alt_uncorrected,5.662541503754413,5.662541503754413,4.0
