,Rseq_targets,Rseq_hits,Rfrequency
true_Rseq,4.633708844380399,4.633708844380399,4.0
alt_corrected,4.734729331118819,4.734729331118819,4.0
alt_corrected_unif,4.778286226198661,4.778286226198661,4.0
alt_uncorrected,5.649763906512085,5.649763906512085,4.0
