,Rseq_targets,Rseq_hits,Rfrequency
true_Rseq,4.093847301459123,4.093847301459123,4.0
alt_corrected,4.125731787559539,4.125731787559539,4.0
alt_corrected_unif,4.184008766147718,4.184008766147718,4.0
alt_uncorrected,5.055486446461142,5.055486446461142,4.0
