,Rseq_targets,Rseq_hits,Rfrequency
true_Rseq,3.3917857024844764,3.3917857024844764,4.0
alt_corrected,3.343297322449284,3.343297322449284,4.0
alt_corrected_unif,3.432726907604738,3.432726907604738,4.0
alt_uncorrected,4.3042045879181625,4.3042045879181625,4.0
