,Rseq_targets,Rseq_hits,Rfrequency
true_Rseq,4.107118248538586,4.107118248538586,4.0
alt_corrected,4.082036554001238,4.082036554001238,4.0
alt_corrected_unif,4.126785797637474,4.126785797637474,4.0
alt_uncorrected,4.998263477950898,4.998263477950898,4.0
