,Rseq_targets,Rseq_hits,Rfrequency
true_Rseq,4.178605921513878,4.178605921513878,4.0
alt_corrected,4.346307978774584,4.346307978774584,4.0
alt_corrected_unif,4.390533793795981,4.390533793795981,4.0
alt_uncorrected,5.262011474109405,5.262011474109405,4.0
