,Rseq_targets,Rseq_hits,Rfrequency
true_Rseq,4.750007934240625,4.750007934240625,4.0
alt_corrected,4.73397166957863,4.73397166957863,4.0
alt_corrected_unif,4.812260506512258,4.812260506512258,4.0
alt_uncorrected,5.683738186825682,5.683738186825682,4.0
