,Rseq_targets,Rseq_hits,Rfrequency
true_Rseq,4.211952017994174,4.211952017994174,4.0
alt_corrected,4.226079481275971,4.226079481275971,4.0
alt_corrected_unif,4.239409674127847,4.239409674127847,4.0
alt_uncorrected,5.110887354441271,5.110887354441271,4.0
