,Rseq_targets,Rseq_hits,Rfrequency
true_Rseq,4.509971017383791,4.509971017383791,4.0
alt_corrected,4.55310048873088,4.55310048873088,4.0
alt_corrected_unif,4.595220118921858,4.595220118921858,4.0
alt_uncorrected,5.466697799235283,5.466697799235283,4.0
