,Rseq_targets,Rseq_hits,Rfrequency
true_Rseq,4.42514915449426,4.42514915449426,4.0
alt_corrected,4.353526270512058,4.353526270512058,4.0
alt_corrected_unif,4.409321704117602,4.409321704117602,4.0
alt_uncorrected,5.280799384431027,5.280799384431027,4.0
