,Rseq_targets,Rseq_hits,Rfrequency
true_Rseq,3.703387157956601,3.703387157956601,4.0
alt_corrected,3.6256709373388345,3.6256709373388345,4.0
alt_corrected_unif,3.738043796992272,3.738043796992272,4.0
alt_uncorrected,4.609521477305696,4.609521477305696,4.0
