,Rseq_targets,Rseq_hits,Rfrequency
true_Rseq,4.2928816638767735,4.2928816638767735,4.0
alt_corrected,4.462730893492191,4.462730893492191,4.0
alt_corrected_unif,4.485297137918167,4.485297137918167,4.0
alt_uncorrected,5.356774818231591,5.356774818231591,4.0
