,Rseq_targets,Rseq_hits,Rfrequency
true_Rseq,3.377943762399596,3.377943762399596,4.0
alt_corrected,3.5014999927529966,3.5014999927529966,4.0
alt_corrected_unif,3.6251107654491155,3.6251107654491155,4.0
alt_uncorrected,4.49658844576254,4.49658844576254,4.0
