,Rseq_targets,Rseq_hits,Rfrequency
true_Rseq,4.438658637621701,4.438658637621701,4.0
alt_corrected,4.469260120879293,4.469260120879293,4.0
alt_corrected_unif,4.483704072990241,4.483704072990241,4.0
alt_uncorrected,5.355181753303665,5.355181753303665,4.0
