,Rseq_targets,Rseq_hits,Rfrequency
true_Rseq,4.261343512961949,4.261343512961949,4.0
alt_corrected,4.278428999501316,4.278428999501316,4.0
alt_corrected_unif,4.302905426998613,4.302905426998613,4.0
alt_uncorrected,5.174383107312038,5.174383107312038,4.0
