,Rseq_targets,Rseq_hits,Rfrequency
true_Rseq,4.517442646287963,4.517442646287963,4.0
alt_corrected,4.3780222294282005,4.3780222294282005,4.0
alt_corrected_unif,4.45605285880009,4.45605285880009,4.0
alt_uncorrected,5.327530539113514,5.327530539113514,4.0
