,Rseq_targets,Rseq_hits,Rfrequency
true_Rseq,2.1749950981333477,3.577278516769077,4.0
alt_corrected,1.9592318960950847,3.5245655029498235,4.0
alt_corrected_unif,2.041590727733023,3.6069243345877617,4.0
alt_uncorrected,2.9130684080464473,4.478402014901186,4.0
