,Rseq_targets,Rseq_hits,Rfrequency
true_Rseq,4.665992991398074,4.665992991398074,4.0
alt_corrected,4.590867740677684,4.590867740677684,4.0
alt_corrected_unif,4.601330299024431,4.601330299024431,4.0
alt_uncorrected,5.472807979337855,5.472807979337855,4.0
