,Rseq_targets,Rseq_hits,Rfrequency
true_Rseq,4.442176905334112,4.442176905334112,4.0
alt_corrected,4.3283303950371605,4.3283303950371605,4.0
alt_corrected_unif,4.495467633064338,4.495467633064338,4.0
alt_uncorrected,5.366945313377762,5.366945313377762,4.0
