,Rseq_targets,Rseq_hits,Rfrequency
true_Rseq,2.5895026062612967,3.467560052215493,4.0
alt_corrected,2.6667363946273173,3.482416901517648,4.0
alt_corrected_unif,2.7261291247929575,3.541809631683288,4.0
alt_uncorrected,3.597606805106382,4.413287311996712,4.0
