,Rseq_targets,Rseq_hits,Rfrequency
true_Rseq,4.391276002688377,4.391276002688377,4.0
alt_corrected,4.233142685498651,4.233142685498651,4.0
alt_corrected_unif,4.378602110000928,4.378602110000928,4.0
alt_uncorrected,5.250079790314352,5.250079790314352,4.0
