,Rseq_targets,Rseq_hits,Rfrequency
true_Rseq,4.856520494698026,4.856520494698026,4.0
alt_corrected,4.826495423972149,4.826495423972149,4.0
alt_corrected_unif,4.833614400848154,4.833614400848154,4.0
alt_uncorrected,5.7050920811615775,5.7050920811615775,4.0
