,Rseq_targets,Rseq_hits,Rfrequency
true_Rseq,4.6168399691728155,4.6168399691728155,4.0
alt_corrected,4.554796577498614,4.554796577498614,4.0
alt_corrected_unif,4.5661256152316945,4.5661256152316945,4.0
alt_uncorrected,5.437603295545119,5.437603295545119,4.0
