,Rseq_targets,Rseq_hits,Rfrequency
true_Rseq,4.178774192290165,4.178774192290165,4.0
alt_corrected,4.231497690307293,4.231497690307293,4.0
alt_corrected_unif,4.286026546992353,4.286026546992353,4.0
alt_uncorrected,5.157504227305777,5.157504227305777,4.0
