,Rseq_targets,Rseq_hits,Rfrequency
true_Rseq,2.2572367114586065,3.0585616106955937,4.0
alt_corrected,2.0831659574037946,3.0172445839909203,4.0
alt_corrected_unif,2.1546896172832244,3.08876824387035,4.0
alt_uncorrected,3.0261672975966487,3.9602459241837744,4.0
