,Rseq_targets,Rseq_hits,Rfrequency
true_Rseq,4.349426377599843,4.349426377599843,4.0
alt_corrected,3.919479769151979,3.919479769151979,4.0
alt_corrected_unif,4.0451323843261875,4.0451323843261875,4.0
alt_uncorrected,4.916610064639612,4.916610064639612,4.0
