,Rseq_targets,Rseq_hits,Rfrequency
true_Rseq,3.7496281879860547,3.7496281879860547,4.0
alt_corrected,3.588733617651708,3.588733617651708,4.0
alt_corrected_unif,3.626097644728786,3.626097644728786,4.0
alt_uncorrected,4.49757532504221,4.49757532504221,4.0
