,Rseq_targets,Rseq_hits,Rfrequency
true_Rseq,4.2021834905981414,4.2021834905981414,4.0
alt_corrected,4.255060911861619,4.255060911861619,4.0
alt_corrected_unif,4.28120676061538,4.28120676061538,4.0
alt_uncorrected,5.1526844409288035,5.1526844409288035,4.0
