,Rseq_targets,Rseq_hits,Rfrequency
true_Rseq,4.284906770218918,4.284906770218918,4.0
alt_corrected,4.282616393809348,4.282616393809348,4.0
alt_corrected_unif,4.288674771339167,4.288674771339167,4.0
alt_uncorrected,5.160152451652591,5.160152451652591,4.0
