,Rseq_targets,Rseq_hits,Rfrequency
true_Rseq,5.031131146137879,5.031131146137879,4.0
alt_corrected,5.066322671632324,5.066322671632324,4.0
alt_corrected_unif,5.067943702551151,5.067943702551151,4.0
alt_uncorrected,5.939421382864575,5.939421382864575,4.0
