,Rseq_targets,Rseq_hits,Rfrequency
true_Rseq,4.356380735072088,4.356380735072088,4.0
alt_corrected,4.424842221682477,4.424842221682477,4.0
alt_corrected_unif,4.510654160916095,4.510654160916095,4.0
alt_uncorrected,5.38213184122952,5.38213184122952,4.0
