,Rseq_targets,Rseq_hits,Rfrequency
true_Rseq,3.985773769770976,3.985773769770976,4.0
alt_corrected,3.904380863622171,3.904380863622171,4.0
alt_corrected_unif,3.919287551982666,3.919287551982666,4.0
alt_uncorrected,4.79076523229609,4.79076523229609,4.0
