,Rseq_targets,Rseq_hits,Rfrequency
true_Rseq,1.8478123240436055,3.1904631823492,4.0
alt_corrected,1.804670466687059,3.1440569525693682,4.0
alt_corrected_unif,1.8779778978764847,3.217364383758794,4.0
alt_uncorrected,2.749455578189909,4.088842064072218,4.0
