,Rseq_targets,Rseq_hits,Rfrequency
true_Rseq,4.183783293769785,4.183783293769785,4.0
alt_corrected,4.3332354694530455,4.3332354694530455,4.0
alt_corrected_unif,4.459402481169382,4.459402481169382,4.0
alt_uncorrected,5.330880161482806,5.330880161482806,4.0
