,Rseq_targets,Rseq_hits,Rfrequency
true_Rseq,4.462194540392103,4.462194540392103,4.0
alt_corrected,4.462405834329716,4.462405834329716,4.0
alt_corrected_unif,4.501066843954552,4.501066843954552,4.0
alt_uncorrected,5.372544524267976,5.372544524267976,4.0
