,Rseq_targets,Rseq_hits,Rfrequency
true_Rseq,4.2023778748421545,4.2023778748421545,4.0
alt_corrected,4.490135847946655,4.490135847946655,4.0
alt_corrected_unif,4.586050779879136,4.586050779879136,4.0
alt_uncorrected,5.4575284601925595,5.4575284601925595,4.0
