,Rseq_targets,Rseq_hits,Rfrequency
true_Rseq,4.274054210192919,4.274054210192919,4.0
alt_corrected,3.8964012054174857,3.8964012054174857,4.0
alt_corrected_unif,4.130508801309919,4.130508801309919,4.0
alt_uncorrected,5.001986481623343,5.001986481623343,4.0
