,Rseq_targets,Rseq_hits,Rfrequency
true_Rseq,5.338181066779905,5.338181066779905,4.0
alt_corrected,5.052243268353733,5.052243268353733,4.0
alt_corrected_unif,5.112237149964505,5.112237149964505,4.0
alt_uncorrected,5.983714830277929,5.983714830277929,4.0
