,Rseq_targets,Rseq_hits,Rfrequency
true_Rseq,-0.29123616856324297,3.4736090702952165,4.0
alt_corrected,-0.11910802129213294,3.5655439639303874,4.0
alt_corrected_unif,0.09559245171191333,3.7802444369344337,4.0
alt_uncorrected,0.9670701320253376,4.651722117247858,4.0
