,Rseq_targets,Rseq_hits,Rfrequency
true_Rseq,4.191835489780846,4.191835489780846,4.0
alt_corrected,4.359970168520965,4.359970168520965,4.0
alt_corrected_unif,4.428546054465603,4.428546054465603,4.0
alt_uncorrected,5.300023734779026,5.300023734779026,4.0
