,Rseq_targets,Rseq_hits,Rfrequency
true_Rseq,5.315949000004426,5.315949000004426,4.0
alt_corrected,5.007428409242822,5.007428409242822,4.0
alt_corrected_unif,5.105875089163419,5.105875089163419,4.0
alt_uncorrected,5.977352769476843,5.977352769476843,4.0
