,Rseq_targets,Rseq_hits,Rfrequency
true_Rseq,4.100603344478126,4.100603344478126,4.0
alt_corrected,3.8888793691580275,3.8888793691580275,4.0
alt_corrected_unif,3.9252356715653884,3.9252356715653884,4.0
alt_uncorrected,4.796713351878813,4.796713351878813,4.0
