,Rseq_targets,Rseq_hits,Rfrequency
true_Rseq,3.3798401847094546,3.3798401847094546,4.0
alt_corrected,3.468863607758817,3.468863607758817,4.0
alt_corrected_unif,3.477060364971091,3.477060364971091,4.0
alt_uncorrected,4.348538045284515,4.348538045284515,4.0
