,Rseq_targets,Rseq_hits,Rfrequency
true_Rseq,4.530671185875124,4.530671185875124,4.0
alt_corrected,4.625728461518181,4.625728461518181,4.0
alt_corrected_unif,4.653930286092935,4.653930286092935,4.0
alt_uncorrected,5.525407966406359,5.525407966406359,4.0
