,Rseq_targets,Rseq_hits,Rfrequency
true_Rseq,4.671027036305951,4.671027036305951,4.0
alt_corrected,4.251129405538897,4.251129405538897,4.0
alt_corrected_unif,4.526725668767382,4.526725668767382,4.0
alt_uncorrected,5.398203349080807,5.398203349080807,4.0
