,Rseq_targets,Rseq_hits,Rfrequency
true_Rseq,4.375015361214839,4.375015361214839,4.0
alt_corrected,4.330381664158341,4.330381664158341,4.0
alt_corrected_unif,4.349816334413267,4.349816334413267,4.0
alt_uncorrected,5.221294014726691,5.221294014726691,4.0
