,Rseq_targets,Rseq_hits,Rfrequency
true_Rseq,-0.3146746058036207,3.030255229146583,4.0
alt_corrected,-0.129506898721239,3.2161205404378634,4.0
alt_corrected_unif,-0.04293851036612095,3.3026889287929815,4.0
alt_uncorrected,0.8285391699473034,4.174166609106406,4.0
