,Rseq_targets,Rseq_hits,Rfrequency
true_Rseq,0.9209862408860978,2.862784651937293,4.0
alt_corrected,0.9114044489275244,2.872060775964024,4.0
alt_corrected_unif,1.105405046104816,3.0660613731413155,4.0
alt_uncorrected,1.9768827264182403,3.93753905345474,4.0
