,Rseq_targets,Rseq_hits,Rfrequency
true_Rseq,3.873147007993243,3.873147007993243,4.0
alt_corrected,4.01271086601659,4.01271086601659,4.0
alt_corrected_unif,4.059145031457707,4.059145031457707,4.0
alt_uncorrected,4.9306227117711305,4.9306227117711305,4.0
