,Rseq_targets,Rseq_hits,Rfrequency
true_Rseq,4.361752008494538,4.361752008494538,4.0
alt_corrected,4.440679694183114,4.440679694183114,4.0
alt_corrected_unif,4.481062283184222,4.481062283184222,4.0
alt_uncorrected,5.352539963497646,5.352539963497646,4.0
