,Rseq_targets,Rseq_hits,Rfrequency
true_Rseq,4.024065058235882,4.024065058235882,4.0
alt_corrected,4.061631591819935,4.061631591819935,4.0
alt_corrected_unif,4.070329028089102,4.070329028089102,4.0
alt_uncorrected,4.941806708402526,4.941806708402526,4.0
