,Rseq_targets,Rseq_hits,Rfrequency
true_Rseq,2.928911896460047,2.928911896460047,4.0
alt_corrected,3.0932454735093162,3.0932454735093162,4.0
alt_corrected_unif,3.1529730486233,3.1529730486233,4.0
alt_uncorrected,4.024450728936724,4.024450728936724,4.0
