,Rseq_targets,Rseq_hits,Rfrequency
true_Rseq,4.5334690575093965,4.5334690575093965,4.0
alt_corrected,4.6437455825943985,4.6437455825943985,4.0
alt_corrected_unif,4.7220344195280255,4.7220344195280255,4.0
alt_uncorrected,5.59351209984145,5.59351209984145,4.0
