,Rseq_targets,Rseq_hits,Rfrequency
true_Rseq,3.77525923193393,3.77525923193393,4.0
alt_corrected,3.932894961202436,3.932894961202436,4.0
alt_corrected_unif,3.97487992449595,3.97487992449595,4.0
alt_uncorrected,4.846357604809374,4.846357604809374,4.0
