,Rseq_targets,Rseq_hits,Rfrequency
true_Rseq,4.483071457731802,4.483071457731802,4.0
alt_corrected,4.36894798354173,4.36894798354173,4.0
alt_corrected_unif,4.378876012134821,4.378876012134821,4.0
alt_uncorrected,5.250353692448245,5.250353692448245,4.0
