,Rseq_targets,Rseq_hits,Rfrequency
true_Rseq,3.552756462861028,3.552756462861028,4.0
alt_corrected,3.6428285275792067,3.6428285275792067,4.0
alt_corrected_unif,3.665120802715936,3.665120802715936,4.0
alt_uncorrected,4.53659848302936,4.53659848302936,4.0
