,Rseq_targets,Rseq_hits,Rfrequency
true_Rseq,4.07906888048813,4.07906888048813,4.0
alt_corrected,4.250023131184669,4.250023131184669,4.0
alt_corrected_unif,4.301124811477875,4.301124811477875,4.0
alt_uncorrected,5.172602491791299,5.172602491791299,4.0
