,Rseq_targets,Rseq_hits,Rfrequency
true_Rseq,3.736065080841853,3.736065080841853,4.0
alt_corrected,3.855170525175909,3.855170525175909,4.0
alt_corrected_unif,3.8718425714820017,3.8718425714820017,4.0
alt_uncorrected,4.743320251795426,4.743320251795426,4.0
