,Rseq_targets,Rseq_hits,Rfrequency
true_Rseq,5.4241822001641395,5.4241822001641395,4.0
alt_corrected,5.254960763916868,5.254960763916868,4.0
alt_corrected_unif,5.290780526972631,5.290780526972631,4.0
alt_uncorrected,6.1622582072860554,6.1622582072860554,4.0
