,Rseq_targets,Rseq_hits,Rfrequency
true_Rseq,3.0665669860782465,3.0665669860782465,4.0
alt_corrected,3.278241276582789,3.278241276582789,4.0
alt_corrected_unif,3.36480966493791,3.36480966493791,4.0
alt_uncorrected,4.236287345251334,4.236287345251334,4.0
