,Rseq_targets,Rseq_hits,Rfrequency
true_Rseq,3.824335312865837,3.824335312865837,4.0
alt_corrected,3.753010426917568,3.753010426917568,4.0
alt_corrected_unif,3.767917115278062,3.767917115278062,4.0
alt_uncorrected,4.639394795591486,4.639394795591486,4.0
