,Rseq_targets,Rseq_hits,Rfrequency
true_Rseq,4.089824714271589,4.089824714271589,4.0
alt_corrected,4.063373430222454,4.063373430222454,4.0
alt_corrected_unif,4.103729594180546,4.103729594180546,4.0
alt_uncorrected,4.975207274493971,4.975207274493971,4.0
