,Rseq_targets,Rseq_hits,Rfrequency
true_Rseq,4.37538984130151,4.37538984130151,4.0
alt_corrected,4.256062833920209,4.256062833920209,4.0
alt_corrected_unif,4.362059777924797,4.362059777924797,4.0
alt_uncorrected,5.233537458238221,5.233537458238221,4.0
