,Rseq_targets,Rseq_hits,Rfrequency
true_Rseq,4.117950757793535,4.117950757793535,4.0
alt_corrected,3.8803763954294013,3.8803763954294013,4.0
alt_corrected_unif,3.9709632237542674,3.9709632237542674,4.0
alt_uncorrected,4.842440904067692,4.842440904067692,4.0
