,Rseq_targets,Rseq_hits,Rfrequency
true_Rseq,4.113199347298995,4.113199347298995,4.0
alt_corrected,4.027281502119622,4.027281502119622,4.0
alt_corrected_unif,4.079433607696902,4.079433607696902,4.0
alt_uncorrected,4.950911288010327,4.950911288010327,4.0
