,Rseq_targets,Rseq_hits,Rfrequency
true_Rseq,3.6012421498124727,3.6012421498124727,4.0
alt_corrected,3.6058208038022705,3.6058208038022705,4.0
alt_corrected_unif,3.6224928501083764,3.6224928501083764,4.0
alt_uncorrected,4.493970530421801,4.493970530421801,4.0
