,Rseq_targets,Rseq_hits,Rfrequency
true_Rseq,3.942619183987147,3.942619183987147,4.0
alt_corrected,3.8953660223284343,3.8953660223284343,4.0
alt_corrected_unif,3.9040634585975877,3.9040634585975877,4.0
alt_uncorrected,4.775541138911012,4.775541138911012,4.0
