,Rseq_targets,Rseq_hits,Rfrequency
true_Rseq,2.223888520536722,3.212416431159051,4.0
alt_corrected,2.0227517915122015,3.0822908350272438,4.0
alt_corrected_unif,2.1007824208840824,3.1603214643991246,4.0
alt_uncorrected,2.9722601011975067,4.031799144712549,4.0
