,Rseq_targets,Rseq_hits,Rfrequency
true_Rseq,4.0932554982225735,4.0932554982225735,4.0
alt_corrected,3.9416502744775395,3.9416502744775395,4.0
alt_corrected_unif,3.978304954944519,3.978304954944519,4.0
alt_uncorrected,4.849782635257943,4.849782635257943,4.0
