,Rseq_targets,Rseq_hits,Rfrequency
true_Rseq,3.5004363741781717,3.5004363741781717,4.0
alt_corrected,3.4877752088697918,3.4877752088697918,4.0
alt_corrected_unif,3.5269462985026565,3.5269462985026565,4.0
alt_uncorrected,4.398423978816081,4.398423978816081,4.0
