,Rseq_targets,Rseq_hits,Rfrequency
true_Rseq,3.7949065572520135,3.7949065572520135,4.0
alt_corrected,3.749014656747064,3.749014656747064,4.0
alt_corrected_unif,3.7560272494036515,3.7560272494036515,4.0
alt_uncorrected,4.627504929717076,4.627504929717076,4.0
