,Rseq_targets,Rseq_hits,Rfrequency
true_Rseq,3.9153690551767646,3.9153690551767646,4.0
alt_corrected,3.8735376775501136,3.8735376775501136,4.0
alt_corrected_unif,3.897002058865915,3.897002058865915,4.0
alt_uncorrected,4.768479739179339,4.768479739179339,4.0
