,Rseq_targets,Rseq_hits,Rfrequency
true_Rseq,4.327676618572845,4.327676618572845,4.0
alt_corrected,4.187173970391802,4.187173970391802,4.0
alt_corrected_unif,4.233608135832938,4.233608135832938,4.0
alt_uncorrected,5.105085816146363,5.105085816146363,4.0
