,Rseq_targets,Rseq_hits,Rfrequency
true_Rseq,4.210579418130349,4.210579418130349,4.0
alt_corrected,4.246157855514548,4.246157855514548,4.0
alt_corrected_unif,4.252750762798012,4.252750762798012,4.0
alt_uncorrected,5.124228443111437,5.124228443111437,4.0
