,Rseq_targets,Rseq_hits,Rfrequency
true_Rseq,4.6479584157617335,4.6479584157617335,4.0
alt_corrected,4.750925275566666,4.750925275566666,4.0
alt_corrected_unif,4.848848700198548,4.848848700198548,4.0
alt_uncorrected,5.720326380511973,5.720326380511973,4.0
