,Rseq_targets,Rseq_hits,Rfrequency
true_Rseq,3.820817139301993,3.820817139301993,4.0
alt_corrected,3.973454324832397,3.973454324832397,4.0
alt_corrected_unif,4.029675327599575,4.029675327599575,4.0
alt_uncorrected,4.901153007912999,4.901153007912999,4.0
