,Rseq_targets,Rseq_hits,Rfrequency
true_Rseq,4.253208543922262,4.253208543922262,4.0
alt_corrected,4.283064798962588,4.283064798962588,4.0
alt_corrected_unif,4.388169621463897,4.388169621463897,4.0
alt_uncorrected,5.2596473017773215,5.2596473017773215,4.0
