,Rseq_targets,Rseq_hits,Rfrequency
true_Rseq,4.082077048703895,4.082077048703895,4.0
alt_corrected,3.978371395792754,3.978371395792754,4.0
alt_corrected_unif,4.010849305394297,4.010849305394297,4.0
alt_uncorrected,4.882326985707721,4.882326985707721,4.0
