,Rseq_targets,Rseq_hits,Rfrequency
true_Rseq,4.475843709197964,4.475843709197964,4.0
alt_corrected,4.230476779111405,4.230476779111405,4.0
alt_corrected_unif,4.304283560625782,4.304283560625782,4.0
alt_uncorrected,5.175761240939206,5.175761240939206,4.0
