,Rseq_targets,Rseq_hits,Rfrequency
true_Rseq,3.843933575929711,3.843933575929711,4.0
alt_corrected,3.907193397973443,3.907193397973443,4.0
alt_corrected_unif,3.924188437215205,3.924188437215205,4.0
alt_uncorrected,4.795666117528629,4.795666117528629,4.0
