,Rseq_targets,Rseq_hits,Rfrequency
true_Rseq,4.38658235924683,4.38658235924683,4.0
alt_corrected,4.505644481454288,4.505644481454288,4.0
alt_corrected_unif,4.639341432948774,4.639341432948774,4.0
alt_uncorrected,5.5108191132621975,5.5108191132621975,4.0
