,Rseq_targets,Rseq_hits,Rfrequency
true_Rseq,4.02779561367952,4.02779561367952,4.0
alt_corrected,4.20041058039363,4.20041058039363,4.0
alt_corrected_unif,4.268701937246423,4.268701937246423,4.0
alt_uncorrected,5.1401796175598475,5.1401796175598475,4.0
