,Rseq_targets,Rseq_hits,Rfrequency
true_Rseq,4.23121877662715,4.23121877662715,4.0
alt_corrected,4.115818878240305,4.115818878240305,4.0
alt_corrected_unif,4.242169478971487,4.242169478971487,4.0
alt_uncorrected,5.113647159284911,5.113647159284911,4.0
