,Rseq_targets,Rseq_hits,Rfrequency
true_Rseq,4.230178708015001,4.230178708015001,4.0
alt_corrected,4.2390594205107295,4.2390594205107295,4.0
alt_corrected_unif,4.252922179231728,4.252922179231728,4.0
alt_uncorrected,5.124399859545152,5.124399859545152,4.0
