,Rseq_targets,Rseq_hits,Rfrequency
true_Rseq,4.423904503838488,4.423904503838488,4.0
alt_corrected,4.373194871812296,4.373194871812296,4.0
alt_corrected_unif,4.384065581574459,4.384065581574459,4.0
alt_uncorrected,5.255543261887883,5.255543261887883,4.0
