,Rseq_targets,Rseq_hits,Rfrequency
true_Rseq,4.9884442127131505,4.9884442127131505,4.0
alt_corrected,4.404443862783273,4.404443862783273,4.0
alt_corrected_unif,4.60137824109489,4.60137824109489,4.0
alt_uncorrected,5.472855921408314,5.472855921408314,4.0
