,Rseq_targets,Rseq_hits,Rfrequency
true_Rseq,3.592213599594909,3.592213599594909,4.0
alt_corrected,3.91990142416506,3.91990142416506,4.0
alt_corrected_unif,4.0469888256261175,4.0469888256261175,4.0
alt_uncorrected,4.918466505939541,4.918466505939541,4.0
