,Rseq_targets,Rseq_hits,Rfrequency
true_Rseq,4.567374323391709,4.567374323391709,4.0
alt_corrected,4.468209091906555,4.468209091906555,4.0
alt_corrected_unif,4.520715831970744,4.520715831970744,4.0
alt_uncorrected,5.392193512284168,5.392193512284168,4.0
