,Rseq_targets,Rseq_hits,Rfrequency
true_Rseq,5.438874294508292,5.438874294508292,4.0
alt_corrected,5.539608948392376,5.539608948392376,4.0
alt_corrected_unif,5.556280994698469,5.556280994698469,4.0
alt_uncorrected,6.4277586750118925,6.4277586750118925,4.0
