,Rseq_targets,Rseq_hits,Rfrequency
true_Rseq,4.3107517186091915,4.3107517186091915,4.0
alt_corrected,4.327931947317366,4.327931947317366,4.0
alt_corrected_unif,4.329570691056729,4.329570691056729,4.0
alt_uncorrected,5.2010483713701525,5.2010483713701525,4.0
