,Rseq_targets,Rseq_hits,Rfrequency
true_Rseq,3.9216021172595408,3.9216021172595408,4.0
alt_corrected,3.901755030358532,3.901755030358532,4.0
alt_corrected_unif,3.9163711008436572,3.9163711008436572,4.0
alt_uncorrected,4.787848781157082,4.787848781157082,4.0
