,Rseq_targets,Rseq_hits,Rfrequency
true_Rseq,3.943870311236017,3.943870311236017,4.0
alt_corrected,3.9654059588050172,3.9654059588050172,4.0
alt_corrected_unif,3.9692362421396807,3.9692362421396807,4.0
alt_uncorrected,4.840713922453105,4.840713922453105,4.0
