,Rseq_targets,Rseq_hits,Rfrequency
true_Rseq,3.780604869618843,3.780604869618843,4.0
alt_corrected,3.627407591492857,3.627407591492857,4.0
alt_corrected_unif,3.6940722844585596,3.6940722844585596,4.0
alt_uncorrected,4.565549964771984,4.565549964771984,4.0
