,Rseq_targets,Rseq_hits,Rfrequency
true_Rseq,4.5283294653320985,4.5283294653320985,4.0
alt_corrected,4.5994003847776685,4.5994003847776685,4.0
alt_corrected_unif,4.608097821046826,4.608097821046826,4.0
alt_uncorrected,5.47957550136025,5.47957550136025,4.0
