,Rseq_targets,Rseq_hits,Rfrequency
true_Rseq,3.1491033046609385,3.1491033046609385,4.0
alt_corrected,3.3208636804088787,3.3208636804088787,4.0
alt_corrected_unif,3.4623789339450393,3.4623789339450393,4.0
alt_uncorrected,4.333856614258464,4.333856614258464,4.0
