,Rseq_targets,Rseq_hits,Rfrequency
true_Rseq,0.8537452866169986,2.7002895933773825,4.0
alt_corrected,0.7989678831584845,2.699897576880984,4.0
alt_corrected_unif,1.0430543330767617,2.943984026799261,4.0
alt_uncorrected,1.914532013390186,3.8154617071126853,4.0
