,Rseq_targets,Rseq_hits,Rfrequency
true_Rseq,3.8264480841615285,3.8264480841615285,4.0
alt_corrected,3.8302502181843714,3.8302502181843714,4.0
alt_corrected_unif,3.8528164626103503,3.8528164626103503,4.0
alt_uncorrected,4.724294142923775,4.724294142923775,4.0
