,Rseq_targets,Rseq_hits,Rfrequency
true_Rseq,5.039413282225512,5.039413282225512,4.0
alt_corrected,4.90049976873348,4.90049976873348,4.0
alt_corrected_unif,4.923964150049283,4.923964150049283,4.0
alt_uncorrected,5.795441830362708,5.795441830362708,4.0
