,Rseq_targets,Rseq_hits,Rfrequency
true_Rseq,4.314172604625059,4.314172604625059,4.0
alt_corrected,4.204726174018131,4.204726174018131,4.0
alt_corrected_unif,4.269828650252675,4.269828650252675,4.0
alt_uncorrected,5.1413063305661,5.1413063305661,4.0
