,Rseq_targets,Rseq_hits,Rfrequency
true_Rseq,4.0921079928888915,4.0921079928888915,4.0
alt_corrected,3.9249375854981996,3.9249375854981996,4.0
alt_corrected_unif,3.9443806747610286,3.9443806747610286,4.0
alt_uncorrected,4.815858355074453,4.815858355074453,4.0
