,Rseq_targets,Rseq_hits,Rfrequency
true_Rseq,3.84156882197618,3.84156882197618,4.0
alt_corrected,3.7910796285125876,3.7910796285125876,4.0
alt_corrected_unif,3.8108368212214816,3.8108368212214816,4.0
alt_uncorrected,4.682314501534906,4.682314501534906,4.0
