,Rseq_targets,Rseq_hits,Rfrequency
true_Rseq,3.808458714952545,3.808458714952545,4.0
alt_corrected,3.8934385281997383,3.8934385281997383,4.0
alt_corrected_unif,3.9195843769534924,3.9195843769534924,4.0
alt_uncorrected,4.791062057266917,4.791062057266917,4.0
