,Rseq_targets,Rseq_hits,Rfrequency
true_Rseq,3.9582412063354493,3.9582412063354493,4.0
alt_corrected,3.9723378401089358,3.9723378401089358,4.0
alt_corrected_unif,3.9902426041354357,3.9902426041354357,4.0
alt_uncorrected,4.86172028444886,4.86172028444886,4.0
