,Rseq_targets,Rseq_hits,Rfrequency
true_Rseq,4.341742511023423,4.341742511023423,4.0
alt_corrected,4.231927252667109,4.231927252667109,4.0
alt_corrected_unif,4.295300266995005,4.295300266995005,4.0
alt_uncorrected,5.166777947308429,5.166777947308429,4.0
