,Rseq_targets,Rseq_hits,Rfrequency
true_Rseq,3.654830655545263,3.654830655545263,4.0
alt_corrected,3.6576173798341416,3.6576173798341416,4.0
alt_corrected_unif,3.709344159489326,3.709344159489326,4.0
alt_uncorrected,4.58082183980275,4.58082183980275,4.0
