,Rseq_targets,Rseq_hits,Rfrequency
true_Rseq,5.1545584304929015,5.1545584304929015,4.0
alt_corrected,5.034674333370319,5.034674333370319,4.0
alt_corrected_unif,5.056205773514467,5.056205773514467,4.0
alt_uncorrected,5.927683453827891,5.927683453827891,4.0
