,Rseq_targets,Rseq_hits,Rfrequency
true_Rseq,3.7798140599628987,3.7798140599628987,4.0
alt_corrected,3.6874569064596048,3.6874569064596048,4.0
alt_corrected_unif,3.701051745327178,3.701051745327178,4.0
alt_uncorrected,4.572529425640602,4.572529425640602,4.0
