,Rseq_targets,Rseq_hits,Rfrequency
true_Rseq,4.110612007230364,4.110612007230364,4.0
alt_corrected,4.201930872899219,4.201930872899219,4.0
alt_corrected_unif,4.267408736305905,4.267408736305905,4.0
alt_uncorrected,5.138886416619329,5.138886416619329,4.0
