,Rseq_targets,Rseq_hits,Rfrequency
true_Rseq,4.235957252383837,4.235957252383837,4.0
alt_corrected,4.222285153492717,4.222285153492717,4.0
alt_corrected_unif,4.258221683660377,4.258221683660377,4.0
alt_uncorrected,5.129699363973801,5.129699363973801,4.0
