,Rseq_targets,Rseq_hits,Rfrequency
true_Rseq,3.7285077739490404,3.7285077739490404,4.0
alt_corrected,3.728145697520898,3.728145697520898,4.0
alt_corrected_unif,3.73303658020174,3.73303658020174,4.0
alt_uncorrected,4.604514260515164,4.604514260515164,4.0
