,Rseq_targets,Rseq_hits,Rfrequency
true_Rseq,4.209909770764382,4.209909770764382,4.0
alt_corrected,4.247781931374974,4.247781931374974,4.0
alt_corrected_unif,4.254900908250992,4.254900908250992,4.0
alt_uncorrected,5.126378588564416,5.126378588564416,4.0
