,Rseq_targets,Rseq_hits,Rfrequency
true_Rseq,4.079748406111864,4.079748406111864,4.0
alt_corrected,4.166290997518045,4.166290997518045,4.0
alt_corrected_unif,4.190883025144146,4.190883025144146,4.0
alt_uncorrected,5.0623607054575706,5.0623607054575706,4.0
