,Rseq_targets,Rseq_hits,Rfrequency
true_Rseq,2.855977047232507,2.855977047232507,4.0
alt_corrected,2.940473382032299,2.940473382032299,4.0
alt_corrected_unif,3.0197137456067384,3.0197137456067384,4.0
alt_uncorrected,3.8911914259201628,3.8911914259201628,4.0
