,Rseq_targets,Rseq_hits,Rfrequency
true_Rseq,4.1707687442644685,4.1707687442644685,4.0
alt_corrected,4.221221649135188,4.221221649135188,4.0
alt_corrected_unif,4.2294184063474525,4.2294184063474525,4.0
alt_uncorrected,5.100896086660877,5.100896086660877,4.0
