,Rseq_targets,Rseq_hits,Rfrequency
true_Rseq,4.172703991510392,4.172703991510392,4.0
alt_corrected,4.202160086697637,4.202160086697637,4.0
alt_corrected_unif,4.223691526841781,4.223691526841781,4.0
alt_uncorrected,5.095169207155205,5.095169207155205,4.0
