,Rseq_targets,Rseq_hits,Rfrequency
true_Rseq,4.250248133540687,4.250248133540687,4.0
alt_corrected,4.260366491248637,4.260366491248637,4.0
alt_corrected_unif,4.30544352020755,4.30544352020755,4.0
alt_uncorrected,5.176921200520974,5.176921200520974,4.0
