,Rseq_targets,Rseq_hits,Rfrequency
true_Rseq,4.378005028730054,4.378005028730054,4.0
alt_corrected,3.9692652717306904,3.9692652717306904,4.0
alt_corrected_unif,4.164961614509036,4.164961614509036,4.0
alt_uncorrected,5.03643929482246,5.03643929482246,4.0
