,Rseq_targets,Rseq_hits,Rfrequency
true_Rseq,3.2164224441882308,3.2164224441882308,4.0
alt_corrected,3.126596844156702,3.126596844156702,4.0
alt_corrected_unif,3.2058519579952063,3.2058519579952063,4.0
alt_uncorrected,4.077329638308631,4.077329638308631,4.0
