,Rseq_targets,Rseq_hits,Rfrequency
true_Rseq,4.210607179508647,4.210607179508647,4.0
alt_corrected,4.386800351653797,4.386800351653797,4.0
alt_corrected_unif,4.42891998184475,4.42891998184475,4.0
alt_uncorrected,5.300397662158175,5.300397662158175,4.0
