,Rseq_targets,Rseq_hits,Rfrequency
true_Rseq,3.6438919688048745,3.6438919688048745,4.0
alt_corrected,3.772691202806853,3.772691202806853,4.0
alt_corrected_unif,3.8430412352283105,3.8430412352283105,4.0
alt_uncorrected,4.714518915541735,4.714518915541735,4.0
