,Rseq_targets,Rseq_hits,Rfrequency
true_Rseq,2.803503352902313,3.1943457744791885,4.0
alt_corrected,2.854954171558172,3.2642177262336847,4.0
alt_corrected_unif,2.9346126247412117,3.3438761794167244,4.0
alt_uncorrected,3.806090305054636,4.215353859730149,4.0
