,Rseq_targets,Rseq_hits,Rfrequency
true_Rseq,3.9835154357570275,3.9835154357570275,4.0
alt_corrected,3.885801604676029,3.885801604676029,4.0
alt_corrected_unif,3.926977015332912,3.926977015332912,4.0
alt_uncorrected,4.7984546956463365,4.7984546956463365,4.0
