,Rseq_targets,Rseq_hits,Rfrequency
true_Rseq,4.809364278822823,4.809364278822823,4.0
alt_corrected,4.6272722395148325,4.6272722395148325,4.0
alt_corrected_unif,4.692750102921531,4.692750102921531,4.0
alt_uncorrected,5.564227783234955,5.564227783234955,4.0
