,Rseq_targets,Rseq_hits,Rfrequency
true_Rseq,4.675742003394516,4.675742003394516,4.0
alt_corrected,4.604758496860043,4.604758496860043,4.0
alt_corrected_unif,4.642247400305793,4.642247400305793,4.0
alt_uncorrected,5.513725080619218,5.513725080619218,4.0
