,Rseq_targets,Rseq_hits,Rfrequency
true_Rseq,3.059014764340885,3.059014764340885,4.0
alt_corrected,3.1312601965297686,3.1312601965297686,4.0
alt_corrected_unif,3.148305264572707,3.148305264572707,4.0
alt_uncorrected,4.019782944886131,4.019782944886131,4.0
