,Rseq_targets,Rseq_hits,Rfrequency
true_Rseq,3.7254596171103627,3.7254596171103627,4.0
alt_corrected,3.537299381485661,3.537299381485661,4.0
alt_corrected_unif,3.5837335469267972,3.5837335469267972,4.0
alt_uncorrected,4.455211227240222,4.455211227240222,4.0
