,Rseq_targets,Rseq_hits,Rfrequency
true_Rseq,4.620313851966024,4.620313851966024,4.0
alt_corrected,4.1602937244979135,4.1602937244979135,4.0
alt_corrected_unif,4.364294938912753,4.364294938912753,4.0
alt_uncorrected,5.235772619226178,5.235772619226178,4.0
