,Rseq_targets,Rseq_hits,Rfrequency
true_Rseq,3.399180529620553,3.399180529620553,4.0
alt_corrected,3.403028330889031,3.403028330889031,4.0
alt_corrected_unif,3.4132247675837095,3.4132247675837095,4.0
alt_uncorrected,4.284702447897134,4.284702447897134,4.0
