,Rseq_targets,Rseq_hits,Rfrequency
true_Rseq,4.691573803238084,4.691573803238084,4.0
alt_corrected,4.72269647946627,4.72269647946627,4.0
alt_corrected_unif,4.760452792517807,4.760452792517807,4.0
alt_uncorrected,5.631930472831232,5.631930472831232,4.0
