,Rseq_targets,Rseq_hits,Rfrequency
true_Rseq,4.768661400402268,4.768661400402268,4.0
alt_corrected,4.4107918796983006,4.4107918796983006,4.0
alt_corrected_unif,4.496751301935458,4.496751301935458,4.0
alt_uncorrected,5.368228982248882,5.368228982248882,4.0
