,Rseq_targets,Rseq_hits,Rfrequency
true_Rseq,3.673150808424376,3.673150808424376,4.0
alt_corrected,3.8012693313469645,3.8012693313469645,4.0
alt_corrected_unif,3.85636257206818,3.85636257206818,4.0
alt_uncorrected,4.727840252381604,4.727840252381604,4.0
