,Rseq_targets,Rseq_hits,Rfrequency
true_Rseq,4.767188116557399,4.767188116557399,4.0
alt_corrected,4.427797095736594,4.427797095736594,4.0
alt_corrected_unif,4.629080700963609,4.629080700963609,4.0
alt_uncorrected,5.500558381277033,5.500558381277033,4.0
