,Rseq_targets,Rseq_hits,Rfrequency
true_Rseq,3.998205758669803,3.998205758669803,4.0
alt_corrected,4.143764954102121,4.143764954102121,4.0
alt_corrected_unif,4.17993616174755,4.17993616174755,4.0
alt_uncorrected,5.051413842060974,5.051413842060974,4.0
