,Rseq_targets,Rseq_hits,Rfrequency
true_Rseq,4.422616041838627,4.422616041838627,4.0
alt_corrected,4.2547074351233345,4.2547074351233345,4.0
alt_corrected_unif,4.367815726089296,4.367815726089296,4.0
alt_uncorrected,5.23929340640272,5.23929340640272,4.0
