,Rseq_targets,Rseq_hits,Rfrequency
true_Rseq,4.314141534428434,4.314141534428434,4.0
alt_corrected,4.345270710329984,4.345270710329984,4.0
alt_corrected_unif,4.469610216866981,4.469610216866981,4.0
alt_uncorrected,5.3410878971804046,5.3410878971804046,4.0
