,Rseq_targets,Rseq_hits,Rfrequency
true_Rseq,4.574882048008485,4.574882048008485,4.0
alt_corrected,4.35138731617221,4.35138731617221,4.0
alt_corrected_unif,4.404413892977837,4.404413892977837,4.0
alt_uncorrected,5.275891573291262,5.275891573291262,4.0
