,Rseq_targets,Rseq_hits,Rfrequency
true_Rseq,4.824371566192459,4.824371566192459,4.0
alt_corrected,4.637940493599812,4.637940493599812,4.0
alt_corrected_unif,4.675765424837369,4.675765424837369,4.0
alt_uncorrected,5.547243105150793,5.547243105150793,4.0
