,Rseq_targets,Rseq_hits,Rfrequency
true_Rseq,4.47611831891539,4.47611831891539,4.0
alt_corrected,4.231004829693875,4.231004829693875,4.0
alt_corrected_unif,4.299296186546677,4.299296186546677,4.0
alt_uncorrected,5.1707738668601015,5.1707738668601015,4.0
