,Rseq_targets,Rseq_hits,Rfrequency
true_Rseq,5.19398277560491,5.19398277560491,4.0
alt_corrected,4.841615350591328,4.841615350591328,4.0
alt_corrected_unif,4.9010180835449475,4.9010180835449475,4.0
alt_uncorrected,5.772495763858372,5.772495763858372,4.0
