,Rseq_targets,Rseq_hits,Rfrequency
true_Rseq,3.9471383354065637,3.9471383354065637,4.0
alt_corrected,3.4910217599951388,3.4910217599951388,4.0
alt_corrected_unif,3.6433487224901646,3.6433487224901646,4.0
alt_uncorrected,4.514826402803589,4.514826402803589,4.0
