,Rseq_targets,Rseq_hits,Rfrequency
true_Rseq,4.301611556928577,4.301611556928577,4.0
alt_corrected,4.0053231401640215,4.0053231401640215,4.0
alt_corrected_unif,4.113088549550676,4.113088549550676,4.0
alt_uncorrected,4.9845662298641,4.9845662298641,4.0
