,Rseq_targets,Rseq_hits,Rfrequency
true_Rseq,4.39175232026584,4.39175232026584,4.0
alt_corrected,4.3489440534173065,4.3489440534173065,4.0
alt_corrected_unif,4.378482986050663,4.378482986050663,4.0
alt_uncorrected,5.249960666364088,5.249960666364088,4.0
