,Rseq_targets,Rseq_hits,Rfrequency
true_Rseq,3.9995822675471757,3.9995822675471757,4.0
alt_corrected,3.6321298405858777,3.6321298405858777,4.0
alt_corrected_unif,3.7926685284191737,3.7926685284191737,4.0
alt_uncorrected,4.664146208732598,4.664146208732598,4.0
