,Rseq_targets,Rseq_hits,Rfrequency
true_Rseq,4.91176643188637,4.91176643188637,4.0
alt_corrected,4.75919697779298,4.75919697779298,4.0
alt_corrected_unif,4.780193888183478,4.780193888183478,4.0
alt_uncorrected,5.651671568496901,5.651671568496901,4.0
