,Rseq_targets,Rseq_hits,Rfrequency
true_Rseq,3.7912814950717078,3.7912814950717078,4.0
alt_corrected,3.6511808576990807,3.6511808576990807,4.0
alt_corrected_unif,3.686215982883675,3.686215982883675,4.0
alt_uncorrected,4.5576936631970995,4.5576936631970995,4.0
