,Rseq_targets,Rseq_hits,Rfrequency
true_Rseq,4.2344106875096035,4.2344106875096035,4.0
alt_corrected,4.282561179395895,4.282561179395895,4.0
alt_corrected_unif,4.305775121197707,4.305775121197707,4.0
alt_uncorrected,5.177252801511131,5.177252801511131,4.0
