,Rseq_targets,Rseq_hits,Rfrequency
true_Rseq,4.05580817694647,4.05580817694647,4.0
alt_corrected,4.102145284939397,4.102145284939397,4.0
alt_corrected_unif,4.110342042151661,4.110342042151661,4.0
alt_uncorrected,4.981819722465085,4.981819722465085,4.0
