,Rseq_targets,Rseq_hits,Rfrequency
true_Rseq,4.396285034222377,4.396285034222377,4.0
alt_corrected,3.993564648778636,3.993564648778636,4.0
alt_corrected_unif,4.163899797462895,4.163899797462895,4.0
alt_uncorrected,5.0353774777763185,5.0353774777763185,4.0
