,Rseq_targets,Rseq_hits,Rfrequency
true_Rseq,3.2646744842124242,3.2646744842124242,4.0
alt_corrected,3.5355763250424608,3.5355763250424608,4.0
alt_corrected_unif,3.607432985653809,3.607432985653809,4.0
alt_uncorrected,4.478910665967233,4.478910665967233,4.0
