,Rseq_targets,Rseq_hits,Rfrequency
true_Rseq,3.9457883146078228,3.9457883146078228,4.0
alt_corrected,4.195800954919601,4.195800954919601,4.0
alt_corrected_unif,4.274089791853228,4.274089791853228,4.0
alt_uncorrected,5.145567472166652,5.145567472166652,4.0
