,Rseq_targets,Rseq_hits,Rfrequency
true_Rseq,5.094877295867885,5.094877295867885,4.0
alt_corrected,4.942935845639967,4.942935845639967,4.0
alt_corrected_unif,4.983318434641074,4.983318434641074,4.0
alt_uncorrected,5.854796114954498,5.854796114954498,4.0
