,Rseq_targets,Rseq_hits,Rfrequency
true_Rseq,4.313580078530855,4.313580078530855,4.0
alt_corrected,4.419090788790718,4.419090788790718,4.0
alt_corrected_unif,4.448111949299335,4.448111949299335,4.0
alt_uncorrected,5.319589629612759,5.319589629612759,4.0
