,Rseq_targets,Rseq_hits,Rfrequency
true_Rseq,3.2794462785872014,3.2794462785872014,4.0
alt_corrected,3.348791956989209,3.348791956989209,4.0
alt_corrected_unif,3.3781201150649376,3.3781201150649376,4.0
alt_uncorrected,4.249597795378362,4.249597795378362,4.0
