,Rseq_targets,Rseq_hits,Rfrequency
true_Rseq,4.765700085404971,4.765700085404971,4.0
alt_corrected,4.396912937089066,4.396912937089066,4.0
alt_corrected_unif,4.627698069501829,4.627698069501829,4.0
alt_uncorrected,5.499175749815254,5.499175749815254,4.0
