,Rseq_targets,Rseq_hits,Rfrequency
true_Rseq,4.514454494347646,4.514454494347646,4.0
alt_corrected,4.526302463681693,4.526302463681693,4.0
alt_corrected_unif,4.538368871957228,4.538368871957228,4.0
alt_uncorrected,5.409846552270653,5.409846552270653,4.0
