,Rseq_targets,Rseq_hits,Rfrequency
true_Rseq,3.991725484333225,3.991725484333225,4.0
alt_corrected,4.11072386648873,4.11072386648873,4.0
alt_corrected_unif,4.14027846983454,4.14027846983454,4.0
alt_uncorrected,5.011756150147964,5.011756150147964,4.0
