,Rseq_targets,Rseq_hits,Rfrequency
true_Rseq,3.5030646486573307,3.5030646486573307,4.0
alt_corrected,3.5682329311505616,3.5682329311505616,4.0
alt_corrected_unif,3.5818212501005795,3.5818212501005795,4.0
alt_uncorrected,4.453298930414004,4.453298930414004,4.0
