,Rseq_targets,Rseq_hits,Rfrequency
true_Rseq,4.7066534146753085,4.7066534146753085,4.0
alt_corrected,4.436292428741085,4.436292428741085,4.0
alt_corrected_unif,4.6450543541908775,4.6450543541908775,4.0
alt_uncorrected,5.516532034504301,5.516532034504301,4.0
