,Rseq_targets,Rseq_hits,Rfrequency
true_Rseq,4.0706959239912965,4.0706959239912965,4.0
alt_corrected,3.9592345336765993,3.9592345336765993,4.0
alt_corrected_unif,4.055771639692583,4.055771639692583,4.0
alt_uncorrected,4.927249320006008,4.927249320006008,4.0
