,Rseq_targets,Rseq_hits,Rfrequency
true_Rseq,3.250879324221284,3.2842292428534083,4.0
alt_corrected,3.3262334571232555,3.4030737886829185,4.0
alt_corrected_unif,3.360207982961621,3.437048314521284,4.0
alt_uncorrected,4.231685663275045,4.308525994834708,4.0
