,Rseq_targets,Rseq_hits,Rfrequency
true_Rseq,4.94637685740088,4.94637685740088,4.0
alt_corrected,4.700769989607673,4.700769989607673,4.0
alt_corrected_unif,4.81796978082688,4.81796978082688,4.0
alt_uncorrected,5.689447461140305,5.689447461140305,4.0
