,Rseq_targets,Rseq_hits,Rfrequency
true_Rseq,3.972924299892245,3.972924299892245,4.0
alt_corrected,3.56386105540592,3.56386105540592,4.0
alt_corrected_unif,3.6904020534152635,3.6904020534152635,4.0
alt_uncorrected,4.561879733728688,4.561879733728688,4.0
