,Rseq_targets,Rseq_hits,Rfrequency
true_Rseq,4.717563812978591,4.717563812978591,4.0
alt_corrected,4.477016921852106,4.477016921852106,4.0
alt_corrected_unif,4.555305758785719,4.555305758785719,4.0
alt_uncorrected,5.426783439099144,5.426783439099144,4.0
