,Rseq_targets,Rseq_hits,Rfrequency
true_Rseq,4.142485845585109,4.142485845585109,4.0
alt_corrected,4.0570409274542065,4.0570409274542065,4.0
alt_corrected_unif,4.114041645916128,4.114041645916128,4.0
alt_uncorrected,4.985519326229552,4.985519326229552,4.0
