,Rseq_targets,Rseq_hits,Rfrequency
true_Rseq,3.8215012685443064,3.8215012685443064,4.0
alt_corrected,3.930367193233912,3.930367193233912,4.0
alt_corrected_unif,3.984454369385722,3.984454369385722,4.0
alt_uncorrected,4.855932049699146,4.855932049699146,4.0
