,Rseq_targets,Rseq_hits,Rfrequency
true_Rseq,-0.0558525897523765,2.369515619279813,4.0
alt_corrected,0.14273734160750529,2.412730981280131,4.0
alt_corrected_unif,0.3787380248888481,2.648731664561474,4.0
alt_uncorrected,1.2502157052022724,3.5202093448748983,4.0
