,Rseq_targets,Rseq_hits,Rfrequency
true_Rseq,4.523046364591599,4.523046364591599,4.0
alt_corrected,4.41246474066876,4.41246474066876,4.0
alt_corrected_unif,4.436538908247911,4.436538908247911,4.0
alt_uncorrected,5.308016588561335,5.308016588561335,4.0
