,Rseq_targets,Rseq_hits,Rfrequency
true_Rseq,4.224350551506099,4.224350551506099,4.0
alt_corrected,4.176633958119633,4.176633958119633,4.0
alt_corrected_unif,4.207368677188557,4.207368677188557,4.0
alt_uncorrected,5.078846357501981,5.078846357501981,4.0
