,Rseq_targets,Rseq_hits,Rfrequency
true_Rseq,4.429306916013889,4.429306916013889,4.0
alt_corrected,4.418160774477677,4.418160774477677,4.0
alt_corrected_unif,4.4339288868382205,4.4339288868382205,4.0
alt_uncorrected,5.305406567151645,5.305406567151645,4.0
