,Rseq_targets,Rseq_hits,Rfrequency
true_Rseq,4.080682080545298,4.080682080545298,4.0
alt_corrected,4.012876599219699,4.012876599219699,4.0
alt_corrected_unif,4.050365502665461,4.050365502665461,4.0
alt_uncorrected,4.9218431829788845,4.9218431829788845,4.0
