,Rseq_targets,Rseq_hits,Rfrequency
true_Rseq,4.061116694141529,4.061116694141529,4.0
alt_corrected,4.076101342452457,4.076101342452457,4.0
alt_corrected_unif,4.116483931453558,4.116483931453558,4.0
alt_uncorrected,4.987961611766982,4.987961611766982,4.0
