,Rseq_targets,Rseq_hits,Rfrequency
true_Rseq,3.920923356942591,3.920923356942591,4.0
alt_corrected,4.09147577645618,4.09147577645618,4.0
alt_corrected_unif,4.173107731547024,4.173107731547024,4.0
alt_uncorrected,5.044585411860448,5.044585411860448,4.0
