,Rseq_targets,Rseq_hits,Rfrequency
true_Rseq,4.1336704268850095,4.1336704268850095,4.0
alt_corrected,4.01819357611704,4.01819357611704,4.0
alt_corrected_unif,4.077586306282681,4.077586306282681,4.0
alt_uncorrected,4.949063986596105,4.949063986596105,4.0
