,Rseq_targets,Rseq_hits,Rfrequency
true_Rseq,4.774037985777886,4.774037985777886,4.0
alt_corrected,4.759679265273535,4.759679265273535,4.0
alt_corrected_unif,4.763509548608191,4.763509548608191,4.0
alt_uncorrected,5.634987228921615,5.634987228921615,4.0
