,Rseq_targets,Rseq_hits,Rfrequency
true_Rseq,4.049739047160899,4.049739047160899,4.0
alt_corrected,4.094471742990823,4.094471742990823,4.0
alt_corrected_unif,4.148675730054288,4.148675730054288,4.0
alt_uncorrected,5.020153410367713,5.020153410367713,4.0
