,Rseq_targets,Rseq_hits,Rfrequency
true_Rseq,4.090087705010884,4.090087705010884,4.0
alt_corrected,4.102305142338612,4.102305142338612,4.0
alt_corrected_unif,4.136328221341708,4.136328221341708,4.0
alt_uncorrected,5.007805901655132,5.007805901655132,4.0
