,Rseq_targets,Rseq_hits,Rfrequency
true_Rseq,4.550136811199585,4.550136811199585,4.0
alt_corrected,4.264641373869758,4.264641373869758,4.0
alt_corrected_unif,4.321364637501384,4.321364637501384,4.0
alt_uncorrected,5.192842317814809,5.192842317814809,4.0
