,Rseq_targets,Rseq_hits,Rfrequency
true_Rseq,3.255561401186281,3.255561401186281,4.0
alt_corrected,3.2584197022248937,3.2584197022248937,4.0
alt_corrected_unif,3.260040733143732,3.260040733143732,4.0
alt_uncorrected,4.131518413457156,4.131518413457156,4.0
