,Rseq_targets,Rseq_hits,Rfrequency
true_Rseq,4.780979066578405,4.780979066578405,4.0
alt_corrected,4.56448943158335,4.56448943158335,4.0
alt_corrected_unif,4.611441457071429,4.611441457071429,4.0
alt_uncorrected,5.482919137384853,5.482919137384853,4.0
