,Rseq_targets,Rseq_hits,Rfrequency
true_Rseq,4.387164027824291,4.387164027824291,4.0
alt_corrected,4.4812482896431645,4.4812482896431645,4.0
alt_corrected_unif,4.510446809081213,4.510446809081213,4.0
alt_uncorrected,5.3819244893946365,5.3819244893946365,4.0
