,Rseq_targets,Rseq_hits,Rfrequency
true_Rseq,3.991659370081697,3.991659370081697,4.0
alt_corrected,4.011977578229976,4.011977578229976,4.0
alt_corrected_unif,4.059668884086834,4.059668884086834,4.0
alt_uncorrected,4.931146564400258,4.931146564400258,4.0
