,Rseq_targets,Rseq_hits,Rfrequency
true_Rseq,4.351541138557029,4.351541138557029,4.0
alt_corrected,4.336274271938873,4.336274271938873,4.0
alt_corrected_unif,4.354347091516917,4.354347091516917,4.0
alt_uncorrected,5.225824771830341,5.225824771830341,4.0
