,Rseq_targets,Rseq_hits,Rfrequency
true_Rseq,3.7073636896333593,3.7073636896333593,4.0
alt_corrected,3.9454195319054,3.9454195319054,4.0
alt_corrected_unif,4.0145767448952245,4.0145767448952245,4.0
alt_uncorrected,4.886054425208648,4.886054425208648,4.0
