,Rseq_targets,Rseq_hits,Rfrequency
true_Rseq,3.9876848769995323,3.9876848769995323,4.0
alt_corrected,4.174065207705079,4.174065207705079,4.0
alt_corrected_unif,4.211890138942666,4.211890138942666,4.0
alt_uncorrected,5.08336781925609,5.08336781925609,4.0
