,Rseq_targets,Rseq_hits,Rfrequency
true_Rseq,3.9352347678160697,3.9352347678160697,4.0
alt_corrected,3.780006950378464,3.780006950378464,4.0
alt_corrected_unif,3.836500192409438,3.836500192409438,4.0
alt_uncorrected,4.7079778727228625,4.7079778727228625,4.0
