,Rseq_targets,Rseq_hits,Rfrequency
true_Rseq,4.154323909945203,4.154323909945203,4.0
alt_corrected,4.049870476199796,4.049870476199796,4.0
alt_corrected_unif,4.0896208176913085,4.0896208176913085,4.0
alt_uncorrected,4.961098498004732,4.961098498004732,4.0
