,Rseq_targets,Rseq_hits,Rfrequency
true_Rseq,4.039520606500089,3.8937391618380097,4.0
alt_corrected,4.138204922635012,3.9636608180757578,4.0
alt_corrected_unif,4.177057605407702,4.002513500848448,4.0
alt_uncorrected,5.048535285721126,4.8739911811618715,4.0
