,Rseq_targets,Rseq_hits,Rfrequency
true_Rseq,4.671253874517303,4.671253874517303,4.0
alt_corrected,4.470020069258773,4.470020069258773,4.0
alt_corrected_unif,4.563084302502379,4.563084302502379,4.0
alt_uncorrected,5.4345619828158025,5.4345619828158025,4.0
