,Rseq_targets,Rseq_hits,Rfrequency
true_Rseq,3.7078770180561396,3.7078770180561396,4.0
alt_corrected,3.599050958404213,3.599050958404213,4.0
alt_corrected_unif,3.630985686525991,3.630985686525991,4.0
alt_uncorrected,4.502463366839415,4.502463366839415,4.0
