,Rseq_targets,Rseq_hits,Rfrequency
true_Rseq,4.838410421442294,4.838410421442294,4.0
alt_corrected,4.514798650771563,4.514798650771563,4.0
alt_corrected_unif,4.624187397686894,4.624187397686894,4.0
alt_uncorrected,5.495665078000319,5.495665078000319,4.0
