,Rseq_targets,Rseq_hits,Rfrequency
true_Rseq,4.3229537221957735,4.3229537221957735,4.0
alt_corrected,4.465398369062134,4.465398369062134,4.0
alt_corrected_unif,4.529038614644076,4.529038614644076,4.0
alt_uncorrected,5.4005162949575,5.4005162949575,4.0
