,Rseq_targets,Rseq_hits,Rfrequency
true_Rseq,4.648404688737182,4.648404688737182,4.0
alt_corrected,4.26327833419046,4.26327833419046,4.0
alt_corrected_unif,4.380459635472729,4.380459635472729,4.0
alt_uncorrected,5.2519373157861535,5.2519373157861535,4.0
