,Rseq_targets,Rseq_hits,Rfrequency
true_Rseq,4.272814780584385,4.272814780584385,4.0
alt_corrected,3.9225341767693513,3.9225341767693513,4.0
alt_corrected_unif,4.0921791758115,4.0921791758115,4.0
alt_uncorrected,4.963656856124924,4.963656856124924,4.0
