,Rseq_targets,Rseq_hits,Rfrequency
true_Rseq,4.447654626314842,4.447654626314842,4.0
alt_corrected,4.410793407926678,4.410793407926678,4.0
alt_corrected_unif,4.468525844045805,4.468525844045805,4.0
alt_uncorrected,5.34000352435923,5.34000352435923,4.0
