,Rseq_targets,Rseq_hits,Rfrequency
true_Rseq,4.287708915809853,4.287708915809853,4.0
alt_corrected,4.117788528204121,4.117788528204121,4.0
alt_corrected_unif,4.369083698781186,4.369083698781186,4.0
alt_uncorrected,5.2405613790946095,5.2405613790946095,4.0
