,Rseq_targets,Rseq_hits,Rfrequency
true_Rseq,4.459540348630421,4.459540348630421,4.0
alt_corrected,4.100107908512851,4.100107908512851,4.0
alt_corrected_unif,4.211190082479147,4.211190082479147,4.0
alt_uncorrected,5.082667762792572,5.082667762792572,4.0
