,Rseq_targets,Rseq_hits,Rfrequency
true_Rseq,3.177517769056135,3.177517769056135,4.0
alt_corrected,3.233724752285253,3.233724752285253,4.0
alt_corrected_unif,3.277056255445087,3.277056255445087,4.0
alt_uncorrected,4.148533935758511,4.148533935758511,4.0
