,Rseq_targets,Rseq_hits,Rfrequency
true_Rseq,4.054825815574965,4.054825815574965,4.0
alt_corrected,4.026419326713404,4.026419326713404,4.0
alt_corrected_unif,4.030196450135204,4.030196450135204,4.0
alt_uncorrected,4.901674130448628,4.901674130448628,4.0
