,Rseq_targets,Rseq_hits,Rfrequency
true_Rseq,4.224925245085002,4.224925245085002,4.0
alt_corrected,4.057254778718219,4.057254778718219,4.0
alt_corrected_unif,4.101779565102982,4.101779565102982,4.0
alt_uncorrected,4.973257245416406,4.973257245416406,4.0
