,Rseq_targets,Rseq_hits,Rfrequency
true_Rseq,4.2287764042363385,4.2287764042363385,4.0
alt_corrected,4.40647098352122,4.40647098352122,4.0
alt_corrected_unif,4.500384856407216,4.500384856407216,4.0
alt_uncorrected,5.37186253672064,5.37186253672064,4.0
