,Rseq_targets,Rseq_hits,Rfrequency
true_Rseq,4.386652002726296,4.386652002726296,4.0
alt_corrected,4.390848135384238,4.390848135384238,4.0
alt_corrected_unif,4.447571399015883,4.447571399015883,4.0
alt_uncorrected,5.319049079329307,5.319049079329307,4.0
