,Rseq_targets,Rseq_hits,Rfrequency
true_Rseq,4.199710902539323,4.199710902539323,4.0
alt_corrected,4.222968186679402,4.222968186679402,4.0
alt_corrected_unif,4.2334307450261495,4.2334307450261495,4.0
alt_uncorrected,5.104908425339573,5.104908425339573,4.0
