,Rseq_targets,Rseq_hits,Rfrequency
true_Rseq,4.474634876630874,4.474634876630874,4.0
alt_corrected,4.405577880103847,4.405577880103847,4.0
alt_corrected_unif,4.415774316798524,4.415774316798524,4.0
alt_uncorrected,5.287251997111948,5.287251997111948,4.0
