,Rseq_targets,Rseq_hits,Rfrequency
true_Rseq,3.4300878422196046,3.4300878422196046,4.0
alt_corrected,3.34947615231026,3.34947615231026,4.0
alt_corrected_unif,3.3811865602352538,3.3811865602352538,4.0
alt_uncorrected,4.252664240548678,4.252664240548678,4.0
