,Rseq_targets,Rseq_hits,Rfrequency
true_Rseq,4.61707647912992,4.61707647912992,4.0
alt_corrected,4.501022969628149,4.501022969628149,4.0
alt_corrected_unif,4.538082641869314,4.538082641869314,4.0
alt_uncorrected,5.409560322182738,5.409560322182738,4.0
