,Rseq_targets,Rseq_hits,Rfrequency
true_Rseq,4.159448833563044,4.159448833563044,4.0
alt_corrected,3.9354260911382393,3.9354260911382393,4.0
alt_corrected_unif,4.008581321471647,4.008581321471647,4.0
alt_uncorrected,4.880059001785071,4.880059001785071,4.0
