,Rseq_targets,Rseq_hits,Rfrequency
true_Rseq,4.043686099648249,4.043686099648249,4.0
alt_corrected,4.00920164420601,4.00920164420601,4.0
alt_corrected_unif,4.011374917699008,4.011374917699008,4.0
alt_uncorrected,4.882852598012432,4.882852598012432,4.0
