,Rseq_targets,Rseq_hits,Rfrequency
true_Rseq,3.6627345718808577,3.6627345718808577,4.0
alt_corrected,3.35630395124259,3.35630395124259,4.0
alt_corrected_unif,3.5328113805880634,3.5328113805880634,4.0
alt_uncorrected,4.404289060901488,4.404289060901488,4.0
