,Rseq_targets,Rseq_hits,Rfrequency
true_Rseq,4.259112584335133,4.259112584335133,4.0
alt_corrected,4.313129252672725,4.313129252672725,4.0
alt_corrected_unif,4.370208565705582,4.370208565705582,4.0
alt_uncorrected,5.241686246019006,5.241686246019006,4.0
