,Rseq_targets,Rseq_hits,Rfrequency
true_Rseq,4.487950886425256,4.487950886425256,4.0
alt_corrected,4.461162005400034,4.461162005400034,4.0
alt_corrected_unif,4.464939128821822,4.464939128821822,4.0
alt_uncorrected,5.336416809135246,5.336416809135246,4.0
