,Rseq_targets,Rseq_hits,Rfrequency
true_Rseq,3.9499630137703114,3.9499630137703114,4.0
alt_corrected,3.951019804185197,3.951019804185197,4.0
alt_corrected_unif,3.952106305350364,3.952106305350364,4.0
alt_uncorrected,4.823583985663788,4.823583985663788,4.0
