,Rseq_targets,Rseq_hits,Rfrequency
true_Rseq,4.214876067599517,4.214876067599517,4.0
alt_corrected,3.7698203903104375,3.7698203903104375,4.0
alt_corrected_unif,3.974353998479113,3.974353998479113,4.0
alt_uncorrected,4.845831678792537,4.845831678792537,4.0
