,Rseq_targets,Rseq_hits,Rfrequency
true_Rseq,4.593605282219423,4.593605282219423,4.0
alt_corrected,4.768562279694546,4.768562279694546,4.0
alt_corrected_unif,4.822766266758027,4.822766266758027,4.0
alt_uncorrected,5.694243947071452,5.694243947071452,4.0
