,Rseq_targets,Rseq_hits,Rfrequency
true_Rseq,3.870942937541985,3.870942937541985,4.0
alt_corrected,3.7846487429446696,3.7846487429446696,4.0
alt_corrected_unif,3.797417419111674,3.797417419111674,4.0
alt_uncorrected,4.668895099425098,4.668895099425098,4.0
