,Rseq_targets,Rseq_hits,Rfrequency
true_Rseq,3.642216191353972,3.642216191353972,4.0
alt_corrected,3.5919678481709583,3.5919678481709583,4.0
alt_corrected_unif,3.6098726121974596,3.6098726121974596,4.0
alt_uncorrected,4.481350292510884,4.481350292510884,4.0
