,Rseq_targets,Rseq_hits,Rfrequency
true_Rseq,4.116846295864498,4.116846295864498,4.0
alt_corrected,3.895863723738065,3.895863723738065,4.0
alt_corrected_unif,4.0821191698343995,4.0821191698343995,4.0
alt_uncorrected,4.953596850147824,4.953596850147824,4.0
