,Rseq_targets,Rseq_hits,Rfrequency
true_Rseq,4.177863273852392,4.177863273852392,4.0
alt_corrected,4.160578094333679,4.160578094333679,4.0
alt_corrected_unif,4.196514624501324,4.196514624501324,4.0
alt_uncorrected,5.067992304814748,5.067992304814748,4.0
