,Rseq_targets,Rseq_hits,Rfrequency
true_Rseq,4.390734532686401,4.390734532686401,4.0
alt_corrected,4.300158922976494,4.300158922976494,4.0
alt_corrected_unif,4.324031854101127,4.324031854101127,4.0
alt_uncorrected,5.195509534414551,5.195509534414551,4.0
