,Rseq_targets,Rseq_hits,Rfrequency
true_Rseq,5.191197578207058,5.191197578207058,4.0
alt_corrected,4.863038836551439,4.863038836551439,4.0
alt_corrected_unif,4.949277647698972,4.949277647698972,4.0
alt_uncorrected,5.820755328012397,5.820755328012397,4.0
