,Rseq_targets,Rseq_hits,Rfrequency
true_Rseq,4.312901843518308,4.312901843518308,4.0
alt_corrected,4.219648871769538,4.219648871769538,4.0
alt_corrected_unif,4.307000048615871,4.307000048615871,4.0
alt_uncorrected,5.178477728929295,5.178477728929295,4.0
