,Rseq_targets,Rseq_hits,Rfrequency
true_Rseq,3.967900616595257,3.967900616595257,4.0
alt_corrected,3.7958542443541243,3.7958542443541243,4.0
alt_corrected_unif,3.8620634887532765,3.8620634887532765,4.0
alt_uncorrected,4.733541169066701,4.733541169066701,4.0
