,Rseq_targets,Rseq_hits,Rfrequency
true_Rseq,4.628193570449919,4.628193570449919,4.0
alt_corrected,4.483151913668115,4.483151913668115,4.0
alt_corrected_unif,4.627389302543632,4.627389302543632,4.0
alt_uncorrected,5.498866982857056,5.498866982857056,4.0
