,Rseq_targets,Rseq_hits,Rfrequency
true_Rseq,4.570586035791823,4.570586035791823,4.0
alt_corrected,4.392187879416355,4.392187879416355,4.0
alt_corrected_unif,4.482259975778943,4.482259975778943,4.0
alt_uncorrected,5.353737656092367,5.353737656092367,4.0
