,Rseq_targets,Rseq_hits,Rfrequency
true_Rseq,1.9065469469161727,3.5841744149498247,4.0
alt_corrected,1.8876129803289579,3.5221485329547617,4.0
alt_corrected_unif,1.935268601957116,3.5698041545829198,4.0
alt_uncorrected,2.8067462822705402,4.441281834896344,4.0
