,Rseq_targets,Rseq_hits,Rfrequency
true_Rseq,4.131335024260336,4.131335024260336,4.0
alt_corrected,4.02933007752959,4.02933007752959,4.0
alt_corrected_unif,4.040659115262667,4.040659115262667,4.0
alt_uncorrected,4.9121367955760915,4.9121367955760915,4.0
