,Rseq_targets,Rseq_hits,Rfrequency
true_Rseq,3.6947981708264397,3.6947981708264397,4.0
alt_corrected,3.65048823095745,3.65048823095745,4.0
alt_corrected_unif,3.6902609913647786,3.6902609913647786,4.0
alt_uncorrected,4.561738671678203,4.561738671678203,4.0
