,Rseq_targets,Rseq_hits,Rfrequency
true_Rseq,4.268705696946835,4.268705696946835,4.0
alt_corrected,4.204256280812981,4.204256280812981,4.0
alt_corrected_unif,4.220928327119097,4.220928327119097,4.0
alt_uncorrected,5.092406007432521,5.092406007432521,4.0
