,Rseq_targets,Rseq_hits,Rfrequency
true_Rseq,3.881327791148756,3.881327791148756,4.0
alt_corrected,3.9438983245405885,3.9438983245405885,4.0
alt_corrected_unif,3.9628235537564716,3.9628235537564716,4.0
alt_uncorrected,4.834301234069896,4.834301234069896,4.0
