,Rseq_targets,Rseq_hits,Rfrequency
true_Rseq,3.314554400719164,3.314554400719164,4.0
alt_corrected,3.4702632637583686,3.4702632637583686,4.0
alt_corrected_unif,3.539420476748194,3.539420476748194,4.0
alt_uncorrected,4.410898157061618,4.410898157061618,4.0
