,Rseq_targets,Rseq_hits,Rfrequency
true_Rseq,4.280469725354566,4.280469725354566,4.0
alt_corrected,4.049162659241889,4.049162659241889,4.0
alt_corrected_unif,4.1770588058164915,4.1770588058164915,4.0
alt_uncorrected,5.048536486129915,5.048536486129915,4.0
