,Rseq_targets,Rseq_hits,Rfrequency
true_Rseq,3.580346165306426,3.580346165306426,4.0
alt_corrected,3.8501826147724945,3.8501826147724945,4.0
alt_corrected_unif,3.9189032835591724,3.9189032835591724,4.0
alt_uncorrected,4.790380963872597,4.790380963872597,4.0
