,Rseq_targets,Rseq_hits,Rfrequency
true_Rseq,3.589261377200936,3.589261377200936,4.0
alt_corrected,3.641056077175335,3.641056077175335,4.0
alt_corrected_unif,3.653122485450863,3.653122485450863,4.0
alt_uncorrected,4.524600165764287,4.524600165764287,4.0
