,Rseq_targets,Rseq_hits,Rfrequency
true_Rseq,4.813090596428195,4.813090596428195,4.0
alt_corrected,4.832105394635201,4.832105394635201,4.0
alt_corrected_unif,4.881309869423969,4.881309869423969,4.0
alt_uncorrected,5.752787549737393,5.752787549737393,4.0
