,Rseq_targets,Rseq_hits,Rfrequency
true_Rseq,4.27633732667185,4.27633732667185,4.0
alt_corrected,4.290675837855229,4.290675837855229,4.0
alt_corrected_unif,4.30874818695157,4.30874818695157,4.0
alt_uncorrected,5.180225867264995,5.180225867264995,4.0
