,Rseq_targets,Rseq_hits,Rfrequency
true_Rseq,3.5297543899527355,3.5297543899527355,4.0
alt_corrected,3.658732893522755,3.658732893522755,4.0
alt_corrected_unif,3.7261751422753453,3.7261751422753453,4.0
alt_uncorrected,4.59765282258877,4.59765282258877,4.0
