,Rseq_targets,Rseq_hits,Rfrequency
true_Rseq,3.4014728800807514,3.4014728800807514,4.0
alt_corrected,3.3320394401372666,3.3320394401372666,4.0
alt_corrected_unif,3.364340996719448,3.364340996719448,4.0
alt_uncorrected,4.2358186770328725,4.2358186770328725,4.0
