,Rseq_targets,Rseq_hits,Rfrequency
true_Rseq,4.438703373602058,4.438703373602058,4.0
alt_corrected,4.000649664081095,4.000649664081095,4.0
alt_corrected_unif,4.145483876597439,4.145483876597439,4.0
alt_uncorrected,5.0169615569108625,5.0169615569108625,4.0
