,Rseq_targets,Rseq_hits,Rfrequency
true_Rseq,3.2055012655968156,3.2055012655968156,4.0
alt_corrected,3.231916237669697,3.231916237669697,4.0
alt_corrected_unif,3.30049212361433,3.30049212361433,4.0
alt_uncorrected,4.171969803927754,4.171969803927754,4.0
