,Rseq_targets,Rseq_hits,Rfrequency
true_Rseq,3.9965878430351935,3.9965878430351935,4.0
alt_corrected,4.0061854478468675,4.0061854478468675,4.0
alt_corrected_unif,4.012636523818566,4.012636523818566,4.0
alt_uncorrected,4.88411420413199,4.88411420413199,4.0
