,Rseq_targets,Rseq_hits,Rfrequency
true_Rseq,4.845609129257259,4.845609129257259,4.0
alt_corrected,4.61971528856264,4.61971528856264,4.0
alt_corrected_unif,4.696141401269818,4.696141401269818,4.0
alt_uncorrected,5.567619081583242,5.567619081583242,4.0
