,Rseq_targets,Rseq_hits,Rfrequency
true_Rseq,3.9891370726967867,3.9891370726967867,4.0
alt_corrected,3.9676330046864163,3.9676330046864163,4.0
alt_corrected_unif,3.9714101281082095,3.9714101281082095,4.0
alt_uncorrected,4.842887808421634,4.842887808421634,4.0
