,Rseq_targets,Rseq_hits,Rfrequency
true_Rseq,4.090767164535766,4.090767164535766,4.0
alt_corrected,3.97922780986842,3.97922780986842,4.0
alt_corrected_unif,4.040584925379955,4.040584925379955,4.0
alt_uncorrected,4.912062605693379,4.912062605693379,4.0
