,Rseq_targets,Rseq_hits,Rfrequency
true_Rseq,4.0051733059641546,4.0051733059641546,4.0
alt_corrected,3.9113614455965964,3.9113614455965964,4.0
alt_corrected_unif,3.935670880555166,3.935670880555166,4.0
alt_uncorrected,4.80714856086859,4.80714856086859,4.0
