,Rseq_targets,Rseq_hits,Rfrequency
true_Rseq,4.506443058504441,4.506443058504441,4.0
alt_corrected,4.378213787680347,4.378213787680347,4.0
alt_corrected_unif,4.401349077753286,4.401349077753286,4.0
alt_uncorrected,5.272826758066711,5.272826758066711,4.0
