,Rseq_targets,Rseq_hits,Rfrequency
true_Rseq,3.936998282401267,3.936998282401267,4.0
alt_corrected,4.148783965240984,4.148783965240984,4.0
alt_corrected_unif,4.237295491076836,4.237295491076836,4.0
alt_uncorrected,5.1087731713902595,5.1087731713902595,4.0
