,Rseq_targets,Rseq_hits,Rfrequency
true_Rseq,3.7406980748299183,3.7406980748299183,4.0
alt_corrected,3.8945888274779614,3.8945888274779614,4.0
alt_corrected_unif,3.945685179668334,3.945685179668334,4.0
alt_uncorrected,4.817162859981758,4.817162859981758,4.0
