,Rseq_targets,Rseq_hits,Rfrequency
true_Rseq,4.751381143270406,4.751381143270406,4.0
alt_corrected,4.747311154384324,4.747311154384324,4.0
alt_corrected_unif,4.762326190848791,4.762326190848791,4.0
alt_uncorrected,5.633803871162215,5.633803871162215,4.0
