,Rseq_targets,Rseq_hits,Rfrequency
true_Rseq,4.14879443660125,4.14879443660125,4.0
alt_corrected,4.063489097158369,4.063489097158369,4.0
alt_corrected_unif,4.095853848472149,4.095853848472149,4.0
alt_uncorrected,4.967331528785574,4.967331528785574,4.0
