,Rseq_targets,Rseq_hits,Rfrequency
true_Rseq,4.056663692269962,4.056663692269962,4.0
alt_corrected,4.273228555884977,4.273228555884977,4.0
alt_corrected_unif,4.354988887602001,4.354988887602001,4.0
alt_uncorrected,5.226466567915425,5.226466567915425,4.0
