,Rseq_targets,Rseq_hits,Rfrequency
true_Rseq,4.13355051597283,4.13355051597283,4.0
alt_corrected,4.109381320416725,4.109381320416725,4.0
alt_corrected_unif,4.113158443838504,4.113158443838504,4.0
alt_uncorrected,4.984636124151928,4.984636124151928,4.0
