,Rseq_targets,Rseq_hits,Rfrequency
true_Rseq,4.561506171823714,4.561506171823714,4.0
alt_corrected,4.5602607058266145,4.5602607058266145,4.0
alt_corrected_unif,4.585285678826674,4.585285678826674,4.0
alt_uncorrected,5.456763359140098,5.456763359140098,4.0
