,Rseq_targets,Rseq_hits,Rfrequency
true_Rseq,3.917884125240274,3.917884125240274,4.0
alt_corrected,3.9663164131182675,3.9663164131182675,4.0
alt_corrected_unif,4.0562284148555765,4.0562284148555765,4.0
alt_uncorrected,4.927706095169001,4.927706095169001,4.0
