,Rseq_targets,Rseq_hits,Rfrequency
true_Rseq,4.127281693285688,4.127281693285688,4.0
alt_corrected,4.195684073145731,4.195684073145731,4.0
alt_corrected_unif,4.223885897720486,4.223885897720486,4.0
alt_uncorrected,5.0953635780339095,5.0953635780339095,4.0
