,Rseq_targets,Rseq_hits,Rfrequency
true_Rseq,3.8053655892801608,3.8053655892801608,4.0
alt_corrected,3.7786809662781153,3.7786809662781153,4.0
alt_corrected_unif,3.8230286906642355,3.8230286906642355,4.0
alt_uncorrected,4.69450637097766,4.69450637097766,4.0
