,Rseq_targets,Rseq_hits,Rfrequency
true_Rseq,0.685536269002025,2.6250874238144455,4.0
alt_corrected,0.7033522440785442,2.814205459414434,4.0
alt_corrected_unif,0.8876014308777589,2.9984546462136485,4.0
alt_uncorrected,1.7590791111911832,3.869932326527073,4.0
