,Rseq_targets,Rseq_hits,Rfrequency
true_Rseq,3.999774203068574,3.999774203068574,4.0
alt_corrected,4.052014084170206,4.052014084170206,4.0
alt_corrected_unif,4.085605753030798,4.085605753030798,4.0
alt_uncorrected,4.957083433344223,4.957083433344223,4.0
