,Rseq_targets,Rseq_hits,Rfrequency
true_Rseq,3.6407320554534106,3.6407320554534106,4.0
alt_corrected,3.753545029777001,3.753545029777001,4.0
alt_corrected_unif,3.7800460043308726,3.7800460043308726,4.0
alt_uncorrected,4.651523684644297,4.651523684644297,4.0
