,Rseq_targets,Rseq_hits,Rfrequency
true_Rseq,3.9432963092083444,3.9432963092083444,4.0
alt_corrected,3.8282323207546107,3.8282323207546107,4.0
alt_corrected_unif,3.852708748251907,3.852708748251907,4.0
alt_uncorrected,4.724186428565331,4.724186428565331,4.0
