,Rseq_targets,Rseq_hits,Rfrequency
true_Rseq,3.7787412834845675,3.7787412834845675,4.0
alt_corrected,3.5480729059377554,3.5480729059377554,4.0
alt_corrected_unif,3.7476712792534355,3.7476712792534355,4.0
alt_uncorrected,4.61914895956686,4.61914895956686,4.0
