,Rseq_targets,Rseq_hits,Rfrequency
true_Rseq,3.7834133729820305,3.7834133729820305,4.0
alt_corrected,3.6146225656356896,3.6146225656356896,4.0
alt_corrected_unif,3.701875448648185,3.701875448648185,4.0
alt_uncorrected,4.573353128961609,4.573353128961609,4.0
