,Rseq_targets,Rseq_hits,Rfrequency
true_Rseq,3.342554329073943,3.342554329073943,4.0
alt_corrected,3.2402649608926586,3.2402649608926586,4.0
alt_corrected_unif,3.3367155659774492,3.3367155659774492,4.0
alt_uncorrected,4.2081932462908735,4.2081932462908735,4.0
