,Rseq_targets,Rseq_hits,Rfrequency
true_Rseq,3.8184011196893373,3.8184011196893373,4.0
alt_corrected,3.8788521077130946,3.8788521077130946,4.0
alt_corrected_unif,3.909640408496737,3.909640408496737,4.0
alt_uncorrected,4.781118088810161,4.781118088810161,4.0
