,Rseq_targets,Rseq_hits,Rfrequency
true_Rseq,3.844682709866598,3.844682709866598,4.0
alt_corrected,3.8751220014888377,3.8751220014888377,4.0
alt_corrected_unif,3.891850596513627,3.891850596513627,4.0
alt_uncorrected,4.7633282768270515,4.7633282768270515,4.0
