,Rseq_targets,Rseq_hits,Rfrequency
true_Rseq,4.301446229914753,4.301446229914753,4.0
alt_corrected,4.442882527043034,4.442882527043034,4.0
alt_corrected_unif,4.5175486350177,4.5175486350177,4.0
alt_uncorrected,5.389026315331124,5.389026315331124,4.0
