,Rseq_targets,Rseq_hits,Rfrequency
true_Rseq,4.419645650445137,4.419645650445137,4.0
alt_corrected,4.307176027537972,4.307176027537972,4.0
alt_corrected_unif,4.394249209034173,4.394249209034173,4.0
alt_uncorrected,5.265726889347597,5.265726889347597,4.0
