,Rseq_targets,Rseq_hits,Rfrequency
true_Rseq,3.3459913136929487,3.3459913136929487,4.0
alt_corrected,3.4032866210686072,3.4032866210686072,4.0
alt_corrected_unif,3.4340213401375403,3.4340213401375403,4.0
alt_uncorrected,4.305499020450965,4.305499020450965,4.0
