,Rseq_targets,Rseq_hits,Rfrequency
true_Rseq,1.8460987654832994,3.188749623788894,4.0
alt_corrected,1.8251919525845288,3.169052107567238,4.0
alt_corrected_unif,1.9002129423342602,3.2440730973169694,4.0
alt_uncorrected,2.7716906226476845,4.115550777630394,4.0
