,Rseq_targets,Rseq_hits,Rfrequency
true_Rseq,4.011593732789107,4.011593732789107,4.0
alt_corrected,3.9383802886257464,3.9383802886257464,4.0
alt_corrected_unif,4.064556392437545,4.064556392437545,4.0
alt_uncorrected,4.93603407275097,4.93603407275097,4.0
