,Rseq_targets,Rseq_hits,Rfrequency
true_Rseq,4.139357277176018,4.139357277176018,4.0
alt_corrected,4.023335663512649,4.023335663512649,4.0
alt_corrected_unif,4.107077228192729,4.107077228192729,4.0
alt_uncorrected,4.978554908506154,4.978554908506154,4.0
