,Rseq_targets,Rseq_hits,Rfrequency
true_Rseq,3.3007384709559933,3.251577851152824,4.0
alt_corrected,3.3209861736785635,3.27912846937736,4.0
alt_corrected_unif,3.3717696696406363,3.329911965339433,4.0
alt_uncorrected,4.243247349954061,4.201389645652857,4.0
