,Rseq_targets,Rseq_hits,Rfrequency
true_Rseq,3.0565586729256156,3.0565586729256156,4.0
alt_corrected,3.088578619873514,3.088578619873514,4.0
alt_corrected_unif,3.1885145591944055,3.1885145591944055,4.0
alt_uncorrected,4.05999223950783,4.05999223950783,4.0
