,Rseq_targets,Rseq_hits,Rfrequency
true_Rseq,4.448437681386727,4.448437681386727,4.0
alt_corrected,4.425902037737242,4.425902037737242,4.0
alt_corrected_unif,4.433021014613246,4.433021014613246,4.0
alt_uncorrected,5.30449869492667,5.30449869492667,4.0
