,Rseq_targets,Rseq_hits,Rfrequency
true_Rseq,3.9071179512299885,3.9071179512299885,4.0
alt_corrected,3.723088560101535,3.723088560101535,4.0
alt_corrected_unif,3.8630058508359846,3.8630058508359846,4.0
alt_uncorrected,4.734483531149409,4.734483531149409,4.0
