,Rseq_targets,Rseq_hits,Rfrequency
true_Rseq,4.256170292254556,4.256170292254556,4.0
alt_corrected,4.18710507917024,4.18710507917024,4.0
alt_corrected_unif,4.220285462854239,4.220285462854239,4.0
alt_uncorrected,5.091763143167664,5.091763143167664,4.0
