,Rseq_targets,Rseq_hits,Rfrequency
true_Rseq,3.9775894821095132,3.9775894821095132,4.0
alt_corrected,4.0993896352371255,4.0993896352371255,4.0
alt_corrected_unif,4.158792368190747,4.158792368190747,4.0
alt_uncorrected,5.030270048504171,5.030270048504171,4.0
