,Rseq_targets,Rseq_hits,Rfrequency
true_Rseq,4.393661603368248,4.393661603368248,4.0
alt_corrected,4.302459129507396,4.302459129507396,4.0
alt_corrected_unif,4.325763450825603,4.325763450825603,4.0
alt_uncorrected,5.197241131139028,5.197241131139028,4.0
