,Rseq_targets,Rseq_hits,Rfrequency
true_Rseq,3.9599914765007984,3.9599914765007984,4.0
alt_corrected,3.954051313609898,3.954051313609898,4.0
alt_corrected_unif,4.002198959419017,4.002198959419017,4.0
alt_uncorrected,4.873676639732441,4.873676639732441,4.0
