,Rseq_targets,Rseq_hits,Rfrequency
true_Rseq,3.969041555457835,3.969041555457835,4.0
alt_corrected,4.016611208844384,4.016611208844384,4.0
alt_corrected_unif,4.0398251506462,4.0398251506462,4.0
alt_uncorrected,4.911302830959624,4.911302830959624,4.0
