,Rseq_targets,Rseq_hits,Rfrequency
true_Rseq,4.053255192054134,3.9074737473920553,4.0
alt_corrected,4.1172003462648545,3.948507864214827,4.0
alt_corrected_unif,4.142318443483498,3.9736259614334712,4.0
alt_uncorrected,5.013796123796923,4.845103641746896,4.0
