,Rseq_targets,Rseq_hits,Rfrequency
true_Rseq,3.769087451036654,3.769087451036654,4.0
alt_corrected,3.8170038342934416,3.8170038342934416,4.0
alt_corrected_unif,3.8349085983199216,3.8349085983199216,4.0
alt_uncorrected,4.706386278633346,4.706386278633346,4.0
