,Rseq_targets,Rseq_hits,Rfrequency
true_Rseq,3.339720474725027,3.499060852846526,4.0
alt_corrected,3.463414249912565,3.6188050138786143,4.0
alt_corrected_unif,3.5113783215821317,3.666769085548181,4.0
alt_uncorrected,4.382856001895556,4.538246765861605,4.0
