,Rseq_targets,Rseq_hits,Rfrequency
true_Rseq,4.014745253473201,4.014745253473201,4.0
alt_corrected,3.9964196600155097,3.9964196600155097,4.0
alt_corrected_unif,4.092431524047614,4.092431524047614,4.0
alt_uncorrected,4.9639092043610376,4.9639092043610376,4.0
