,Rseq_targets,Rseq_hits,Rfrequency
true_Rseq,4.385748098929157,4.385748098929157,4.0
alt_corrected,4.301657129066191,4.301657129066191,4.0
alt_corrected_unif,4.320582358282056,4.320582358282056,4.0
alt_uncorrected,5.19206003859548,5.19206003859548,4.0
