,Rseq_targets,Rseq_hits,Rfrequency
true_Rseq,4.588230735573826,4.588230735573826,4.0
alt_corrected,4.4194840299006515,4.4194840299006515,4.0
alt_corrected_unif,4.473714138248242,4.473714138248242,4.0
alt_uncorrected,5.345191818561666,5.345191818561666,4.0
