,Rseq_targets,Rseq_hits,Rfrequency
true_Rseq,3.808403396952638,3.808403396952638,4.0
alt_corrected,3.735659981216279,3.735659981216279,4.0
alt_corrected_unif,3.7475134277525863,3.7475134277525863,4.0
alt_uncorrected,4.618991108066011,4.618991108066011,4.0
