,Rseq_targets,Rseq_hits,Rfrequency
true_Rseq,4.884721257421848,4.884721257421848,4.0
alt_corrected,4.751218621437136,4.751218621437136,4.0
alt_corrected_unif,4.829728270855554,4.829728270855554,4.0
alt_uncorrected,5.701205951168978,5.701205951168978,4.0
