,Rseq_targets,Rseq_hits,Rfrequency
true_Rseq,4.711966454492489,4.711966454492489,4.0
alt_corrected,4.645187408536056,4.645187408536056,4.0
alt_corrected_unif,4.674208569044673,4.674208569044673,4.0
alt_uncorrected,5.545686249358097,5.545686249358097,4.0
