,Rseq_targets,Rseq_hits,Rfrequency
true_Rseq,3.5043311154377097,3.5043311154377097,4.0
alt_corrected,3.412275975330819,3.412275975330819,4.0
alt_corrected_unif,3.5076581735593915,3.5076581735593915,4.0
alt_uncorrected,4.379135853872816,4.379135853872816,4.0
