,Rseq_targets,Rseq_hits,Rfrequency
true_Rseq,4.3019283542137465,4.3019283542137465,4.0
alt_corrected,4.117957111827457,4.117957111827457,4.0
alt_corrected_unif,4.1869105980073265,4.1869105980073265,4.0
alt_uncorrected,5.05838827832075,5.05838827832075,4.0
