,Rseq_targets,Rseq_hits,Rfrequency
true_Rseq,4.613864050978595,4.613864050978595,4.0
alt_corrected,4.638507015036535,4.638507015036535,4.0
alt_corrected_unif,4.65236977375754,4.65236977375754,4.0
alt_uncorrected,5.523847454070965,5.523847454070965,4.0
