,Rseq_targets,Rseq_hits,Rfrequency
true_Rseq,3.899604333588072,3.899604333588072,4.0
alt_corrected,4.004498690963594,4.004498690963594,4.0
alt_corrected_unif,4.0464836542571145,4.0464836542571145,4.0
alt_uncorrected,4.917961334570538,4.917961334570538,4.0
