,Rseq_targets,Rseq_hits,Rfrequency
true_Rseq,2.7398710745628474,3.5111258087500383,4.0
alt_corrected,2.803796622272249,3.586079110688712,4.0
alt_corrected_unif,2.899906884909535,3.6821893733259983,4.0
alt_uncorrected,3.7713845652229594,4.553667053639423,4.0
