,Rseq_targets,Rseq_hits,Rfrequency
true_Rseq,3.972027496160667,3.972027496160667,4.0
alt_corrected,3.934117335495025,3.934117335495025,4.0
alt_corrected_unif,3.965827743420023,3.965827743420023,4.0
alt_uncorrected,4.837305423733447,4.837305423733447,4.0
