,Rseq_targets,Rseq_hits,Rfrequency
true_Rseq,4.045016937816699,4.045016937816699,4.0
alt_corrected,4.1563791711796085,4.1563791711796085,4.0
alt_corrected_unif,4.183051733547526,4.183051733547526,4.0
alt_uncorrected,5.05452941386095,5.05452941386095,4.0
