,Rseq_targets,Rseq_hits,Rfrequency
true_Rseq,3.9789531532908313,3.9789531532908313,4.0
alt_corrected,4.087384550589761,4.087384550589761,4.0
alt_corrected_unif,4.133951522984393,4.133951522984393,4.0
alt_uncorrected,5.005429203297817,5.005429203297817,4.0
