,Rseq_targets,Rseq_hits,Rfrequency
true_Rseq,4.004824264244322,4.004824264244322,4.0
alt_corrected,3.928650363497391,3.928650363497391,4.0
alt_corrected_unif,3.9430943156083216,3.9430943156083216,4.0
alt_uncorrected,4.814571995921746,4.814571995921746,4.0
