,Rseq_targets,Rseq_hits,Rfrequency
true_Rseq,3.967624712696268,3.967624712696268,4.0
alt_corrected,4.030016249949822,4.030016249949822,4.0
alt_corrected_unif,4.043346442801701,4.043346442801701,4.0
alt_uncorrected,4.9148241231151255,4.9148241231151255,4.0
