,Rseq_targets,Rseq_hits,Rfrequency
true_Rseq,4.58719790881016,4.58719790881016,4.0
alt_corrected,4.152587152829345,4.152587152829345,4.0
alt_corrected_unif,4.2967098286751035,4.2967098286751035,4.0
alt_uncorrected,5.168187508988527,5.168187508988527,4.0
