,Rseq_targets,Rseq_hits,Rfrequency
true_Rseq,4.004969313460452,4.004969313460452,4.0
alt_corrected,3.591217355341891,3.591217355341891,4.0
alt_corrected_unif,3.769151995799429,3.769151995799429,4.0
alt_uncorrected,4.640629676112853,4.640629676112853,4.0
