,Rseq_targets,Rseq_hits,Rfrequency
true_Rseq,3.8310287583469727,3.8310287583469727,4.0
alt_corrected,3.571513196397238,3.571513196397238,4.0
alt_corrected_unif,3.600249550725638,3.600249550725638,4.0
alt_uncorrected,4.471727231039062,4.471727231039062,4.0
