,Rseq_targets,Rseq_hits,Rfrequency
true_Rseq,5.0851622011477176,5.0851622011477176,4.0
alt_corrected,4.698486243129514,4.698486243129514,4.0
alt_corrected_unif,4.835898990644591,4.835898990644591,4.0
alt_uncorrected,5.707376670958015,5.707376670958015,4.0
