,Rseq_targets,Rseq_hits,Rfrequency
true_Rseq,4.0611754277618015,4.0611754277618015,4.0
alt_corrected,4.033538710962871,4.033538710962871,4.0
alt_corrected_unif,4.0373689942975215,4.0373689942975215,4.0
alt_uncorrected,4.908846674610945,4.908846674610945,4.0
