,Rseq_targets,Rseq_hits,Rfrequency
true_Rseq,4.056823645868514,4.056823645868514,4.0
alt_corrected,3.9505211107981975,3.9505211107981975,4.0
alt_corrected_unif,3.9970268042815857,3.9970268042815857,4.0
alt_uncorrected,4.86850448459501,4.86850448459501,4.0
