,Rseq_targets,Rseq_hits,Rfrequency
true_Rseq,4.5720273391423465,4.5720273391423465,4.0
alt_corrected,4.527164242656122,4.527164242656122,4.0
alt_corrected_unif,4.540752561606141,4.540752561606141,4.0
alt_uncorrected,5.4122302419195645,5.4122302419195645,4.0
