,Rseq_targets,Rseq_hits,Rfrequency
true_Rseq,3.679016676940786,3.679016676940786,4.0
alt_corrected,3.6554959331915566,3.6554959331915566,4.0
alt_corrected_unif,3.6721679794976665,3.6721679794976665,4.0
alt_uncorrected,4.543645659811091,4.543645659811091,4.0
