,Rseq_targets,Rseq_hits,Rfrequency
true_Rseq,4.449737691145076,4.449737691145076,4.0
alt_corrected,4.287816758968389,4.287816758968389,4.0
alt_corrected_unif,4.328367697745646,4.328367697745646,4.0
alt_uncorrected,5.199845378059071,5.199845378059071,4.0
