,Rseq_targets,Rseq_hits,Rfrequency
true_Rseq,5.324276146287342,5.324276146287342,4.0
alt_corrected,5.01505655350661,5.01505655350661,4.0
alt_corrected_unif,5.10517608714429,5.10517608714429,4.0
alt_uncorrected,5.976653767457715,5.976653767457715,4.0
