,Rseq_targets,Rseq_hits,Rfrequency
true_Rseq,4.262535726072285,4.262535726072285,4.0
alt_corrected,4.243907355220925,4.243907355220925,4.0
alt_corrected_unif,4.279277353858021,4.279277353858021,4.0
alt_uncorrected,5.1507550341714445,5.1507550341714445,4.0
