,Rseq_targets,Rseq_hits,Rfrequency
true_Rseq,4.66829963175838,4.66829963175838,4.0
alt_corrected,4.764253429397442,4.764253429397442,4.0
alt_corrected_unif,4.788845457023545,4.788845457023545,4.0
alt_uncorrected,5.6603231373369685,5.6603231373369685,4.0
