,Rseq_targets,Rseq_hits,Rfrequency
true_Rseq,3.7341573500251792,3.7341573500251792,4.0
alt_corrected,3.603054795182303,3.603054795182303,4.0
alt_corrected_unif,3.679114855964069,3.679114855964069,4.0
alt_uncorrected,4.5505925362774935,4.5505925362774935,4.0
