,Rseq_targets,Rseq_hits,Rfrequency
true_Rseq,4.3938330285674105,4.3938330285674105,4.0
alt_corrected,4.372341207636402,4.372341207636402,4.0
alt_corrected_unif,4.379460184512405,4.379460184512405,4.0
alt_uncorrected,5.25093786482583,5.25093786482583,4.0
