,Rseq_targets,Rseq_hits,Rfrequency
true_Rseq,4.127671309083247,4.127671309083247,4.0
alt_corrected,4.000728883730075,4.000728883730075,4.0
alt_corrected_unif,4.08421040951313,4.08421040951313,4.0
alt_uncorrected,4.955688089826554,4.955688089826554,4.0
