,Rseq_targets,Rseq_hits,Rfrequency
true_Rseq,5.116992084437953,5.116992084437953,4.0
alt_corrected,4.743732765686392,4.743732765686392,4.0
alt_corrected_unif,4.8457813002126215,4.8457813002126215,4.0
alt_uncorrected,5.717258980526046,5.717258980526046,4.0
