,Rseq_targets,Rseq_hits,Rfrequency
true_Rseq,4.094088846567651,4.094088846567651,4.0
alt_corrected,4.064102059876472,4.064102059876472,4.0
alt_corrected_unif,4.093123220385083,4.093123220385083,4.0
alt_uncorrected,4.964600900698507,4.964600900698507,4.0
