,Rseq_targets,Rseq_hits,Rfrequency
true_Rseq,3.9765126707149703,3.9765126707149703,4.0
alt_corrected,3.84885881499962,3.84885881499962,4.0
alt_corrected_unif,3.871994105072566,3.871994105072566,4.0
alt_uncorrected,4.7434717853859905,4.7434717853859905,4.0
