,Rseq_targets,Rseq_hits,Rfrequency
true_Rseq,2.894668412342911,2.894668412342911,4.0
alt_corrected,2.7767016824650206,2.7767016824650206,4.0
alt_corrected_unif,2.835975456574658,2.835975456574658,4.0
alt_uncorrected,3.7074531368880823,3.7074531368880823,4.0
