,Rseq_targets,Rseq_hits,Rfrequency
true_Rseq,3.8476637577910475,3.8476637577910475,4.0
alt_corrected,3.872221745314707,3.872221745314707,4.0
alt_corrected_unif,3.9214414526268118,3.9214414526268118,4.0
alt_uncorrected,4.792919132940236,4.792919132940236,4.0
