,Rseq_targets,Rseq_hits,Rfrequency
true_Rseq,3.6971840872468444,3.6971840872468444,4.0
alt_corrected,3.4676289589560203,3.4676289589560203,4.0
alt_corrected_unif,3.5635071809880094,3.5635071809880094,4.0
alt_uncorrected,4.434984861301434,4.434984861301434,4.0
