,Rseq_targets,Rseq_hits,Rfrequency
true_Rseq,4.288056570851319,4.288056570851319,4.0
alt_corrected,4.19960674271741,4.19960674271741,4.0
alt_corrected_unif,4.275361141106286,4.275361141106286,4.0
alt_uncorrected,5.146838821419711,5.146838821419711,4.0
