,Rseq_targets,Rseq_hits,Rfrequency
true_Rseq,4.940719546610303,4.940719546610303,4.0
alt_corrected,4.868134740586563,4.868134740586563,4.0
alt_corrected_unif,4.8817230595365775,4.8817230595365775,4.0
alt_uncorrected,5.753200739850001,5.753200739850001,4.0
