,Rseq_targets,Rseq_hits,Rfrequency
true_Rseq,3.774088868227336,3.774088868227336,4.0
alt_corrected,3.825781496154618,3.825781496154618,4.0
alt_corrected_unif,3.8318398736844315,3.8318398736844315,4.0
alt_uncorrected,4.703317553997856,4.703317553997856,4.0
