,Rseq_targets,Rseq_hits,Rfrequency
true_Rseq,4.20818016372394,4.20818016372394,4.0
alt_corrected,4.189309219091733,4.189309219091733,4.0
alt_corrected_unif,4.223384552627445,4.223384552627445,4.0
alt_uncorrected,5.094862232940869,5.094862232940869,4.0
