,Rseq_targets,Rseq_hits,Rfrequency
true_Rseq,4.044700555293359,4.044700555293359,4.0
alt_corrected,4.279074274786952,4.279074274786952,4.0
alt_corrected_unif,4.313048800625317,4.313048800625317,4.0
alt_uncorrected,5.184526480938741,5.184526480938741,4.0
