,Rseq_targets,Rseq_hits,Rfrequency
true_Rseq,3.820865351766207,3.820865351766207,4.0
alt_corrected,3.6135168134982822,3.6135168134982822,4.0
alt_corrected_unif,3.676363075441064,3.676363075441064,4.0
alt_uncorrected,4.547840755754488,4.547840755754488,4.0
