,Rseq_targets,Rseq_hits,Rfrequency
true_Rseq,4.654283841226039,4.654283841226039,4.0
alt_corrected,4.666049625825233,4.666049625825233,4.0
alt_corrected_unif,4.730774683157545,4.730774683157545,4.0
alt_uncorrected,5.602252363470969,5.602252363470969,4.0
