,Rseq_targets,Rseq_hits,Rfrequency
true_Rseq,4.336485795379641,4.336485795379641,4.0
alt_corrected,4.420569992505389,4.420569992505389,4.0
alt_corrected_unif,4.4372420388114815,4.4372420388114815,4.0
alt_uncorrected,5.308719719124906,5.308719719124906,4.0
