,Rseq_targets,Rseq_hits,Rfrequency
true_Rseq,4.521339788872331,4.521339788872331,4.0
alt_corrected,4.229248175167674,4.229248175167674,4.0
alt_corrected_unif,4.435065451043359,4.435065451043359,4.0
alt_uncorrected,5.306543131356783,5.306543131356783,4.0
