,Rseq_targets,Rseq_hits,Rfrequency
true_Rseq,4.034634400217484,4.034634400217484,4.0
alt_corrected,3.928992615120895,3.928992615120895,4.0
alt_corrected_unif,3.9528655462455187,3.9528655462455187,4.0
alt_uncorrected,4.824343226558943,4.824343226558943,4.0
