,Rseq_targets,Rseq_hits,Rfrequency
true_Rseq,4.637078438687723,4.637078438687723,4.0
alt_corrected,4.537934514318097,4.537934514318097,4.0
alt_corrected_unif,4.596211492906267,4.596211492906267,4.0
alt_uncorrected,5.467689173219691,5.467689173219691,4.0
