,Rseq_targets,Rseq_hits,Rfrequency
true_Rseq,4.1666252098514756,4.1666252098514756,4.0
alt_corrected,4.085332586892995,4.085332586892995,4.0
alt_corrected_unif,4.144154362324695,4.144154362324695,4.0
alt_uncorrected,5.01563204263812,5.01563204263812,4.0
