,Rseq_targets,Rseq_hits,Rfrequency
true_Rseq,3.8199271933474996,3.8199271933474996,4.0
alt_corrected,3.8357611049300755,3.8357611049300755,4.0
alt_corrected_unif,3.8659343073141126,3.8659343073141126,4.0
alt_uncorrected,4.737411987627537,4.737411987627537,4.0
