,Rseq_targets,Rseq_hits,Rfrequency
true_Rseq,4.271124431801448,4.271124431801448,4.0
alt_corrected,4.201608410456797,4.201608410456797,4.0
alt_corrected_unif,4.220533639672679,4.220533639672679,4.0
alt_uncorrected,5.092011319986103,5.092011319986103,4.0
