,Rseq_targets,Rseq_hits,Rfrequency
true_Rseq,4.226487384899095,4.226487384899095,4.0
alt_corrected,4.273629870361527,4.273629870361527,4.0
alt_corrected_unif,4.2893979827220825,4.2893979827220825,4.0
alt_uncorrected,5.160875663035506,5.160875663035506,4.0
