,Rseq_targets,Rseq_hits,Rfrequency
true_Rseq,3.739273244486208,3.739273244486208,4.0
alt_corrected,3.799401498124992,3.799401498124992,4.0
alt_corrected_unif,3.827093330553424,3.827093330553424,4.0
alt_uncorrected,4.698571010866848,4.698571010866848,4.0
