,Rseq_targets,Rseq_hits,Rfrequency
true_Rseq,4.622495869778907,4.622495869778907,4.0
alt_corrected,4.312295778786196,4.312295778786196,4.0
alt_corrected_unif,4.405227468418142,4.405227468418142,4.0
alt_uncorrected,5.2767051487315655,5.2767051487315655,4.0
