,Rseq_targets,Rseq_hits,Rfrequency
true_Rseq,4.294125934995504,4.294125934995504,4.0
alt_corrected,4.1678119786739956,4.1678119786739956,4.0
alt_corrected_unif,4.267697472161265,4.267697472161265,4.0
alt_uncorrected,5.139175152474689,5.139175152474689,4.0
