,Rseq_targets,Rseq_hits,Rfrequency
true_Rseq,3.952236275730363,3.952236275730363,4.0
alt_corrected,4.181255471411392,4.181255471411392,4.0
alt_corrected_unif,4.250470781026232,4.250470781026232,4.0
alt_uncorrected,5.121948461339656,5.121948461339656,4.0
