,Rseq_targets,Rseq_hits,Rfrequency
true_Rseq,3.7318960619282224,3.7318960619282224,4.0
alt_corrected,3.9046123110752453,3.9046123110752453,4.0
alt_corrected_unif,3.951852400518107,3.951852400518107,4.0
alt_uncorrected,4.823330080831531,4.823330080831531,4.0
