,Rseq_targets,Rseq_hits,Rfrequency
true_Rseq,3.4719442908189873,3.4719442908189873,4.0
alt_corrected,3.232782597483753,3.232782597483753,4.0
alt_corrected_unif,3.4052883381345294,3.4052883381345294,4.0
alt_uncorrected,4.276766018447954,4.276766018447954,4.0
