,Rseq_targets,Rseq_hits,Rfrequency
true_Rseq,3.7877924839556405,3.7877924839556405,4.0
alt_corrected,3.7593742328597357,3.7593742328597357,4.0
alt_corrected_unif,3.7741145936851592,3.7741145936851592,4.0
alt_uncorrected,4.6455922739985835,4.6455922739985835,4.0
