,Rseq_targets,Rseq_hits,Rfrequency
true_Rseq,4.957439626850924,4.957439626850924,4.0
alt_corrected,4.91416399767181,4.91416399767181,4.0
alt_corrected_unif,4.960195169585727,4.960195169585727,4.0
alt_uncorrected,5.831672849899151,5.831672849899151,4.0
