,Rseq_targets,Rseq_hits,Rfrequency
true_Rseq,3.048266855897473,3.048266855897473,4.0
alt_corrected,3.1563533196111537,3.1563533196111537,4.0
alt_corrected_unif,3.2487386543833128,3.2487386543833128,4.0
alt_uncorrected,4.120216334696737,4.120216334696737,4.0
