,Rseq_targets,Rseq_hits,Rfrequency
true_Rseq,3.0141696028065077,3.081507504032995,4.0
alt_corrected,3.0650282129527713,3.1086368959741066,4.0
alt_corrected_unif,3.112992284622338,3.1566009676436733,4.0
alt_uncorrected,3.984469964935762,4.028078647957098,4.0
