,Rseq_targets,Rseq_hits,Rfrequency
true_Rseq,4.433174863187963,4.433174863187963,4.0
alt_corrected,4.456327640254825,4.456327640254825,4.0
alt_corrected_unif,4.471768858368948,4.471768858368948,4.0
alt_uncorrected,5.343246538682373,5.343246538682373,4.0
