,Rseq_targets,Rseq_hits,Rfrequency
true_Rseq,4.632635029241417,4.632635029241417,4.0
alt_corrected,4.608533996800239,4.608533996800239,4.0
alt_corrected_unif,4.612311120222026,4.612311120222026,4.0
alt_uncorrected,5.48378880053545,5.48378880053545,4.0
