,Rseq_targets,Rseq_hits,Rfrequency
true_Rseq,4.612551343694978,4.612551343694978,4.0
alt_corrected,4.455803494676933,4.455803494676933,4.0
alt_corrected_unif,4.489878828212628,4.489878828212628,4.0
alt_uncorrected,5.361356508526052,5.361356508526052,4.0
