,Rseq_targets,Rseq_hits,Rfrequency
true_Rseq,3.590470022784631,3.590470022784631,4.0
alt_corrected,3.4632852846277875,3.4632852846277875,4.0
alt_corrected_unif,3.516651598440458,3.516651598440458,4.0
alt_uncorrected,4.388129278753882,4.388129278753882,4.0
