,Rseq_targets,Rseq_hits,Rfrequency
true_Rseq,3.674289175295238,3.674289175295238,4.0
alt_corrected,3.7737472918514454,3.7737472918514454,4.0
alt_corrected_unif,3.827702165701797,3.827702165701797,4.0
alt_uncorrected,4.699179846015221,4.699179846015221,4.0
