,Rseq_targets,Rseq_hits,Rfrequency
true_Rseq,3.9453167720104236,3.9453167720104236,4.0
alt_corrected,3.9705396500976287,3.9705396500976287,4.0
alt_corrected_unif,3.989464879313537,3.989464879313537,4.0
alt_uncorrected,4.860942559626961,4.860942559626961,4.0
