,Rseq_targets,Rseq_hits,Rfrequency
true_Rseq,5.212202322731567,5.212202322731567,4.0
alt_corrected,4.970039840061995,4.970039840061995,4.0
alt_corrected_unif,5.012112598190031,5.012112598190031,4.0
alt_uncorrected,5.883590278503455,5.883590278503455,4.0
