,Rseq_targets,Rseq_hits,Rfrequency
true_Rseq,4.0729182166795965,4.0729182166795965,4.0
alt_corrected,4.107787220710177,4.107787220710177,4.0
alt_corrected_unif,4.1116175040448315,4.1116175040448315,4.0
alt_uncorrected,4.983095184358255,4.983095184358255,4.0
