,Rseq_targets,Rseq_hits,Rfrequency
true_Rseq,3.4154815281115365,3.4154815281115365,4.0
alt_corrected,3.3799278297283464,3.3799278297283464,4.0
alt_corrected_unif,3.4358350640080695,3.4358350640080695,4.0
alt_uncorrected,4.307312744321494,4.307312744321494,4.0
