,Rseq_targets,Rseq_hits,Rfrequency
true_Rseq,4.487067589447145,4.487067589447145,4.0
alt_corrected,4.335333731957116,4.335333731957116,4.0
alt_corrected_unif,4.401542976356277,4.401542976356277,4.0
alt_uncorrected,5.273020656669701,5.273020656669701,4.0
