,Rseq_targets,Rseq_hits,Rfrequency
true_Rseq,3.743899707347417,3.743899707347417,4.0
alt_corrected,3.67544772907975,3.67544772907975,4.0
alt_corrected_unif,3.7888693833259723,3.7888693833259723,4.0
alt_uncorrected,4.660347063639397,4.660347063639397,4.0
