,Rseq_targets,Rseq_hits,Rfrequency
true_Rseq,1.8046392144934238,3.239940931104613,4.0
alt_corrected,1.801641224813265,3.2203922155967684,4.0
alt_corrected_unif,1.8403022344380875,3.259053225221591,4.0
alt_uncorrected,2.711779914751512,4.130530905535015,4.0
