,Rseq_targets,Rseq_hits,Rfrequency
true_Rseq,4.416612596027987,4.416612596027987,4.0
alt_corrected,4.3862402765124155,4.3862402765124155,4.0
alt_corrected_unif,4.438099402268843,4.438099402268843,4.0
alt_uncorrected,5.309577082582268,5.309577082582268,4.0
