,Rseq_targets,Rseq_hits,Rfrequency
true_Rseq,4.037912645433096,4.037912645433096,4.0
alt_corrected,4.2163992976403595,4.2163992976403595,4.0
alt_corrected_unif,4.2509201414571205,4.2509201414571205,4.0
alt_uncorrected,5.122397821770544,5.122397821770544,4.0
