,Rseq_targets,Rseq_hits,Rfrequency
true_Rseq,3.9946689365977814,3.9946689365977814,4.0
alt_corrected,3.705225505838766,3.705225505838766,4.0
alt_corrected_unif,3.7882308734349883,3.7882308734349883,4.0
alt_uncorrected,4.659708553748413,4.659708553748413,4.0
