,Rseq_targets,Rseq_hits,Rfrequency
true_Rseq,3.7872486491443595,3.7872486491443595,4.0
alt_corrected,3.8554793092779054,3.8554793092779054,4.0
alt_corrected_unif,3.8741227427277507,3.8741227427277507,4.0
alt_uncorrected,4.745600423041175,4.745600423041175,4.0
