,Rseq_targets,Rseq_hits,Rfrequency
true_Rseq,4.2206868006279805,4.2206868006279805,4.0
alt_corrected,3.994035135069284,3.994035135069284,4.0
alt_corrected_unif,4.091140791951826,4.091140791951826,4.0
alt_uncorrected,4.96261847226525,4.96261847226525,4.0
