,Rseq_targets,Rseq_hits,Rfrequency
true_Rseq,4.745762831972845,4.745762831972845,4.0
alt_corrected,4.752882879244442,4.752882879244442,4.0
alt_corrected_unif,4.7637535890066225,4.7637535890066225,4.0
alt_uncorrected,5.635231269320046,5.635231269320046,4.0
