,Rseq_targets,Rseq_hits,Rfrequency
true_Rseq,3.710973729778562,3.710973729778562,4.0
alt_corrected,3.6262634524473043,3.6262634524473043,4.0
alt_corrected_unif,3.6410038132727425,3.6410038132727425,4.0
alt_uncorrected,4.512481493586167,4.512481493586167,4.0
