,Rseq_targets,Rseq_hits,Rfrequency
true_Rseq,3.847730461207572,3.847730461207572,4.0
alt_corrected,3.825000258979969,3.825000258979969,4.0
alt_corrected_unif,3.8277167830555734,3.8277167830555734,4.0
alt_uncorrected,4.699194463368998,4.699194463368998,4.0
