,Rseq_targets,Rseq_hits,Rfrequency
true_Rseq,4.432402290672301,4.432402290672301,4.0
alt_corrected,4.463094239627058,4.463094239627058,4.0
alt_corrected_unif,4.489595214180927,4.489595214180927,4.0
alt_uncorrected,5.3610728944943515,5.3610728944943515,4.0
