,Rseq_targets,Rseq_hits,Rfrequency
true_Rseq,3.5679369474069844,3.810996370446345,4.0
alt_corrected,3.494900310214877,3.712481110197158,4.0
alt_corrected_unif,3.5303030196081386,3.74788381959042,4.0
alt_uncorrected,4.401780699921563,4.619361499903844,4.0
