,Rseq_targets,Rseq_hits,Rfrequency
true_Rseq,4.37858839906797,4.37858839906797,4.0
alt_corrected,4.359620294885418,4.359620294885418,4.0
alt_corrected_unif,4.501743086316715,4.501743086316715,4.0
alt_uncorrected,5.373220766630139,5.373220766630139,4.0
