,Rseq_targets,Rseq_hits,Rfrequency
true_Rseq,4.295572291187279,4.295572291187279,4.0
alt_corrected,4.263388733023678,4.263388733023678,4.0
alt_corrected_unif,4.3058758510105,4.3058758510105,4.0
alt_uncorrected,5.177353531323924,5.177353531323924,4.0
