,Rseq_targets,Rseq_hits,Rfrequency
true_Rseq,3.416830272719481,3.416830272719481,4.0
alt_corrected,3.295369156280491,3.295369156280491,4.0
alt_corrected_unif,3.521806322978543,3.521806322978543,4.0
alt_uncorrected,4.393284003291967,4.393284003291967,4.0
