,Rseq_targets,Rseq_hits,Rfrequency
true_Rseq,3.926917234356453,3.926917234356453,4.0
alt_corrected,3.9209981470669137,3.9209981470669137,4.0
alt_corrected_unif,3.9740247238725455,3.9740247238725455,4.0
alt_uncorrected,4.84550240418597,4.84550240418597,4.0
