,Rseq_targets,Rseq_hits,Rfrequency
true_Rseq,4.058063466764234,4.058063466764234,4.0
alt_corrected,4.147325791773326,4.147325791773326,4.0
alt_corrected_unif,4.171198722897946,4.171198722897946,4.0
alt_uncorrected,5.04267640321137,5.04267640321137,4.0
