,Rseq_targets,Rseq_hits,Rfrequency
true_Rseq,4.251154927572706,4.251154927572706,4.0
alt_corrected,4.052204601776973,4.052204601776973,4.0
alt_corrected_unif,4.118413846176143,4.118413846176143,4.0
alt_uncorrected,4.989891526489567,4.989891526489567,4.0
