,Rseq_targets,Rseq_hits,Rfrequency
true_Rseq,4.72051595895519,4.72051595895519,4.0
alt_corrected,4.476413040339562,4.476413040339562,4.0
alt_corrected_unif,4.5677289640015015,4.5677289640015015,4.0
alt_uncorrected,5.439206644314926,5.439206644314926,4.0
