,Rseq_targets,Rseq_hits,Rfrequency
true_Rseq,3.803798266829574,3.803798266829574,4.0
alt_corrected,3.9760686403375582,3.9760686403375582,4.0
alt_corrected_unif,4.061781381892544,4.061781381892544,4.0
alt_uncorrected,4.933259062205969,4.933259062205969,4.0
