,Rseq_targets,Rseq_hits,Rfrequency
true_Rseq,5.292935717866152,5.292935717866152,4.0
alt_corrected,4.97943106565498,4.97943106565498,4.0
alt_corrected_unif,5.0908029968260795,5.0908029968260795,4.0
alt_uncorrected,5.962280677139503,5.962280677139503,4.0
