,Rseq_targets,Rseq_hits,Rfrequency
true_Rseq,4.338446429748615,4.338446429748615,4.0
alt_corrected,4.283999573247215,4.283999573247215,4.0
alt_corrected_unif,4.494202857273219,4.494202857273219,4.0
alt_uncorrected,5.365680537586643,5.365680537586643,4.0
