,Rseq_targets,Rseq_hits,Rfrequency
true_Rseq,4.344952187959739,4.344952187959739,4.0
alt_corrected,4.010756150210389,4.010756150210389,4.0
alt_corrected_unif,4.127602212395248,4.127602212395248,4.0
alt_uncorrected,4.999079892708672,4.999079892708672,4.0
