,Rseq_targets,Rseq_hits,Rfrequency
true_Rseq,2.8878942448452047,2.9571137232026974,4.0
alt_corrected,2.983689164375977,3.071002806308157,4.0
alt_corrected_unif,3.024071753377078,3.111385395309258,4.0
alt_uncorrected,3.895549433690502,3.9828630756226824,4.0
