,Rseq_targets,Rseq_hits,Rfrequency
true_Rseq,4.543323505742601,4.543323505742601,4.0
alt_corrected,4.4108814948145145,4.4108814948145145,4.0
alt_corrected_unif,4.498276044075531,4.498276044075531,4.0
alt_uncorrected,5.369753724388956,5.369753724388956,4.0
