,Rseq_targets,Rseq_hits,Rfrequency
true_Rseq,4.357272618686936,4.357272618686936,4.0
alt_corrected,4.491791742633459,4.491791742633459,4.0
alt_corrected_unif,4.604605317541118,4.604605317541118,4.0
alt_uncorrected,5.476082997854542,5.476082997854542,4.0
