,Rseq_targets,Rseq_hits,Rfrequency
true_Rseq,4.718290941245843,4.718290941245843,4.0
alt_corrected,4.465622976230287,4.465622976230287,4.0
alt_corrected_unif,4.540384026814934,4.540384026814934,4.0
alt_uncorrected,5.411861707128358,5.411861707128358,4.0
