,Rseq_targets,Rseq_hits,Rfrequency
true_Rseq,-0.13532199496266983,2.780616882040679,4.0
alt_corrected,0.050913159434743616,2.9906653434351727,4.0
alt_corrected_unif,0.14540783834576443,3.0851600223461935,4.0
alt_uncorrected,1.0168855186591887,3.956637702659618,4.0
