,Rseq_targets,Rseq_hits,Rfrequency
true_Rseq,4.539698345615714,4.539698345615714,4.0
alt_corrected,4.4913014945521255,4.4913014945521255,4.0
alt_corrected_unif,4.497894401835607,4.497894401835607,4.0
alt_uncorrected,5.369372082149032,5.369372082149032,4.0
