,Rseq_targets,Rseq_hits,Rfrequency
true_Rseq,4.249941733350016,4.249941733350016,4.0
alt_corrected,4.408710281527506,4.408710281527506,4.0
alt_corrected_unif,4.448376011988525,4.448376011988525,4.0
alt_uncorrected,5.319853692301949,5.319853692301949,4.0
