,Rseq_targets,Rseq_hits,Rfrequency
true_Rseq,4.005001808297987,4.005001808297987,4.0
alt_corrected,3.8869411079531533,3.8869411079531533,4.0
alt_corrected_unif,3.911250542911723,3.911250542911723,4.0
alt_uncorrected,4.782728223225147,4.782728223225147,4.0
