,Rseq_targets,Rseq_hits,Rfrequency
true_Rseq,3.930923163528111,3.930923163528111,4.0
alt_corrected,4.097649737822213,4.097649737822213,4.0
alt_corrected_unif,4.19223638253122,4.19223638253122,4.0
alt_uncorrected,5.063714062844644,5.063714062844644,4.0
