,Rseq_targets,Rseq_hits,Rfrequency
true_Rseq,4.0127923684041455,4.0127923684041455,4.0
alt_corrected,3.8700368294465726,3.8700368294465726,4.0
alt_corrected_unif,3.9353573682234226,3.9353573682234226,4.0
alt_uncorrected,4.806835048536847,4.806835048536847,4.0
