,Rseq_targets,Rseq_hits,Rfrequency
true_Rseq,4.19501832023048,4.19501832023048,4.0
alt_corrected,4.093084055082804,4.093084055082804,4.0
alt_corrected_unif,4.148177295804025,4.148177295804025,4.0
alt_uncorrected,5.019654976117449,5.019654976117449,4.0
