,Rseq_targets,Rseq_hits,Rfrequency
true_Rseq,4.619542836943909,4.619542836943909,4.0
alt_corrected,4.813764899339359,4.813764899339359,4.0
alt_corrected_unif,4.871487801855691,4.871487801855691,4.0
alt_uncorrected,5.742965482169115,5.742965482169115,4.0
