,Rseq_targets,Rseq_hits,Rfrequency
true_Rseq,4.066655362198907,4.066655362198907,4.0
alt_corrected,3.939035309553299,3.939035309553299,4.0
alt_corrected_unif,3.9626227255184436,3.9626227255184436,4.0
alt_uncorrected,4.834100405831868,4.834100405831868,4.0
