,Rseq_targets,Rseq_hits,Rfrequency
true_Rseq,3.980289790163413,3.980289790163413,4.0
alt_corrected,4.005473799643211,4.005473799643211,4.0
alt_corrected_unif,4.05956097579503,4.05956097579503,4.0
alt_uncorrected,4.931038656108455,4.931038656108455,4.0
