,Rseq_targets,Rseq_hits,Rfrequency
true_Rseq,4.461993226136849,4.461993226136849,4.0
alt_corrected,4.265155614047961,4.265155614047961,4.0
alt_corrected_unif,4.3448715247250895,4.3448715247250895,4.0
alt_uncorrected,5.216349205038513,5.216349205038513,4.0
