,Rseq_targets,Rseq_hits,Rfrequency
true_Rseq,5.100461964282264,5.100461964282264,4.0
alt_corrected,4.824186236359699,4.824186236359699,4.0
alt_corrected_unif,4.876335753317498,4.876335753317498,4.0
alt_uncorrected,5.747813433630922,5.747813433630922,4.0
