,Rseq_targets,Rseq_hits,Rfrequency
true_Rseq,0.688253908810708,2.9345413582168884,4.0
alt_corrected,0.7099513170845331,3.0664030647357343,4.0
alt_corrected_unif,0.8914828640750643,3.2479346117262655,4.0
alt_uncorrected,1.7629605443884886,4.11941229203969,4.0
