,Rseq_targets,Rseq_hits,Rfrequency
true_Rseq,4.615700373468872,4.615700373468872,4.0
alt_corrected,4.616747983403908,4.616747983403908,4.0
alt_corrected_unif,4.663482022204464,4.663482022204464,4.0
alt_uncorrected,5.534959702517888,5.534959702517888,4.0
