,Rseq_targets,Rseq_hits,Rfrequency
true_Rseq,4.907792454663243,4.907792454663243,4.0
alt_corrected,4.700970089746605,4.700970089746605,4.0
alt_corrected_unif,4.763308832664425,4.763308832664425,4.0
alt_uncorrected,5.634786512977849,5.634786512977849,4.0
