,Rseq_targets,Rseq_hits,Rfrequency
true_Rseq,3.708147128050257,3.708147128050257,4.0
alt_corrected,3.5604286600777577,3.5604286600777577,4.0
alt_corrected_unif,3.59445173908084,3.59445173908084,4.0
alt_uncorrected,4.465929419394264,4.465929419394264,4.0
