,Rseq_targets,Rseq_hits,Rfrequency
true_Rseq,4.2114507004810005,4.2114507004810005,4.0
alt_corrected,4.357439811040162,4.357439811040162,4.0
alt_corrected_unif,4.394499483281315,4.394499483281315,4.0
alt_uncorrected,5.265977163594739,5.265977163594739,4.0
