,Rseq_targets,Rseq_hits,Rfrequency
true_Rseq,4.371953025834074,4.371953025834074,4.0
alt_corrected,4.350214712564784,4.350214712564784,4.0
alt_corrected_unif,4.3873715477251185,4.3873715477251185,4.0
alt_uncorrected,5.258849228038543,5.258849228038543,4.0
