,Rseq_targets,Rseq_hits,Rfrequency
true_Rseq,4.605122023807833,4.605122023807833,4.0
alt_corrected,4.539708508021016,4.539708508021016,4.0
alt_corrected_unif,4.546772664194853,4.546772664194853,4.0
alt_uncorrected,5.4182503445082775,5.4182503445082775,4.0
