,Rseq_targets,Rseq_hits,Rfrequency
true_Rseq,4.350170921827918,4.350170921827918,4.0
alt_corrected,4.013021100848369,4.013021100848369,4.0
alt_corrected_unif,4.112165245401313,4.112165245401313,4.0
alt_uncorrected,4.983642925714737,4.983642925714737,4.0
