,Rseq_targets,Rseq_hits,Rfrequency
true_Rseq,4.323076683588786,4.323076683588786,4.0
alt_corrected,4.421413717428274,4.421413717428274,4.0
alt_corrected_unif,4.495220498942642,4.495220498942642,4.0
alt_uncorrected,5.366698179256066,5.366698179256066,4.0
