,Rseq_targets,Rseq_hits,Rfrequency
true_Rseq,3.941821272195879,3.941821272195879,4.0
alt_corrected,3.6400572580259465,3.6400572580259465,4.0
alt_corrected_unif,3.7359721899584417,3.7359721899584417,4.0
alt_uncorrected,4.607449870271866,4.607449870271866,4.0
