,Rseq_targets,Rseq_hits,Rfrequency
true_Rseq,4.178506610009319,4.178506610009319,4.0
alt_corrected,4.186554235078429,4.186554235078429,4.0
alt_corrected_unif,4.193566827735001,4.193566827735001,4.0
alt_uncorrected,5.065044508048425,5.065044508048425,4.0
