,Rseq_targets,Rseq_hits,Rfrequency
true_Rseq,3.8693062645297953,3.8693062645297953,4.0
alt_corrected,4.087007743571001,4.087007743571001,4.0
alt_corrected_unif,4.1577071901376605,4.1577071901376605,4.0
alt_uncorrected,5.029184870451084,5.029184870451084,4.0
