,Rseq_targets,Rseq_hits,Rfrequency
true_Rseq,4.200795309236643,4.200795309236643,4.0
alt_corrected,4.10769450707366,4.10769450707366,4.0
alt_corrected_unif,4.173552165444367,4.173552165444367,4.0
alt_uncorrected,5.0450298457577905,5.0450298457577905,4.0
