,Rseq_targets,Rseq_hits,Rfrequency
true_Rseq,3.9671347699040194,3.9671347699040194,4.0
alt_corrected,3.947233008746058,3.947233008746058,4.0
alt_corrected_unif,3.9488717524853985,3.9488717524853985,4.0
alt_uncorrected,4.820349432798823,4.820349432798823,4.0
