,Rseq_targets,Rseq_hits,Rfrequency
true_Rseq,3.938055319844123,3.938055319844123,4.0
alt_corrected,4.0874625957570005,4.0874625957570005,4.0
alt_corrected_unif,4.157118112684149,4.157118112684149,4.0
alt_uncorrected,5.028595792997573,5.028595792997573,4.0
