,Rseq_targets,Rseq_hits,Rfrequency
true_Rseq,2.937391765134416,2.937391765134416,4.0
alt_corrected,2.873569426910496,2.873569426910496,4.0
alt_corrected_unif,3.0076103740882165,3.0076103740882165,4.0
alt_uncorrected,3.879088054401641,3.879088054401641,4.0
