,Rseq_targets,Rseq_hits,Rfrequency
true_Rseq,4.11468946190645,4.11468946190645,4.0
alt_corrected,4.235485077906601,4.235485077906601,4.0
alt_corrected_unif,4.306184524473265,4.306184524473265,4.0
alt_uncorrected,5.177662204786689,5.177662204786689,4.0
