,Rseq_targets,Rseq_hits,Rfrequency
true_Rseq,3.6662925287666557,3.6662925287666557,4.0
alt_corrected,3.7320322849488856,3.7320322849488856,4.0
alt_corrected_unif,3.7756564291958212,3.7756564291958212,4.0
alt_uncorrected,4.6471341095092455,4.6471341095092455,4.0
