,Rseq_targets,Rseq_hits,Rfrequency
true_Rseq,4.605726374128027,4.605726374128027,4.0
alt_corrected,4.102842620213087,4.102842620213087,4.0
alt_corrected_unif,4.322593269621464,4.322593269621464,4.0
alt_uncorrected,5.194070949934889,5.194070949934889,4.0
