,Rseq_targets,Rseq_hits,Rfrequency
true_Rseq,4.409739908435615,4.409739908435615,4.0
alt_corrected,4.210324444512137,4.210324444512137,4.0
alt_corrected_unif,4.282972098320339,4.282972098320339,4.0
alt_uncorrected,5.154449778633764,5.154449778633764,4.0
