,Rseq_targets,Rseq_hits,Rfrequency
true_Rseq,3.6333305172946426,3.6333305172946426,4.0
alt_corrected,3.703613594679664,3.703613594679664,4.0
alt_corrected_unif,3.735548322801441,3.735548322801441,4.0
alt_uncorrected,4.607026003114865,4.607026003114865,4.0
