,Rseq_targets,Rseq_hits,Rfrequency
true_Rseq,3.8683333330872856,3.8683333330872856,4.0
alt_corrected,3.9985302147726376,3.9985302147726376,4.0
alt_corrected_unif,4.012993008662933,4.012993008662933,4.0
alt_uncorrected,4.884470688976357,4.884470688976357,4.0
