,Rseq_targets,Rseq_hits,Rfrequency
true_Rseq,4.40062827747561,4.40062827747561,4.0
alt_corrected,4.0953742869496335,4.0953742869496335,4.0
alt_corrected_unif,4.1684585462025865,4.1684585462025865,4.0
alt_uncorrected,5.03993622651601,5.03993622651601,4.0
