,Rseq_targets,Rseq_hits,Rfrequency
true_Rseq,4.00021284476542,4.00021284476542,4.0
alt_corrected,3.963885328898511,3.963885328898511,4.0
alt_corrected_unif,3.978625689723948,3.978625689723948,4.0
alt_uncorrected,4.850103370037372,4.850103370037372,4.0
