,Rseq_targets,Rseq_hits,Rfrequency
true_Rseq,3.8616161222968577,3.8616161222968577,4.0
alt_corrected,3.5987376112418294,3.5987376112418294,4.0
alt_corrected_unif,3.6663990997289946,3.6663990997289946,4.0
alt_uncorrected,4.537876780042419,4.537876780042419,4.0
