,Rseq_targets,Rseq_hits,Rfrequency
true_Rseq,4.60896629960501,4.60896629960501,4.0
alt_corrected,4.526476758781613,4.526476758781613,4.0
alt_corrected_unif,4.558896321463129,4.558896321463129,4.0
alt_uncorrected,5.430374001776553,5.430374001776553,4.0
