,Rseq_targets,Rseq_hits,Rfrequency
true_Rseq,3.909795258277626,3.909795258277626,4.0
alt_corrected,3.9927316727464706,3.9927316727464706,4.0
alt_corrected_unif,4.040841216158652,4.040841216158652,4.0
alt_uncorrected,4.912318896472076,4.912318896472076,4.0
