,Rseq_targets,Rseq_hits,Rfrequency
true_Rseq,3.9922232887917612,3.9922232887917612,4.0
alt_corrected,3.933993772395992,3.933993772395992,4.0
alt_corrected_unif,3.9478565311169747,3.9478565311169747,4.0
alt_uncorrected,4.819334211430399,4.819334211430399,4.0
