,Rseq_targets,Rseq_hits,Rfrequency
true_Rseq,3.7790417033243866,3.7790417033243866,4.0
alt_corrected,3.7066630353425283,3.7066630353425283,4.0
alt_corrected_unif,3.7699104617503223,3.7699104617503223,4.0
alt_uncorrected,4.641388142063747,4.641388142063747,4.0
