,Rseq_targets,Rseq_hits,Rfrequency
true_Rseq,4.523081638887512,4.523081638887512,4.0
alt_corrected,4.376600577093697,4.376600577093697,4.0
alt_corrected_unif,4.4162663075547215,4.4162663075547215,4.0
alt_uncorrected,5.287743987868145,5.287743987868145,4.0
