,Rseq_targets,Rseq_hits,Rfrequency
true_Rseq,4.534420507161398,4.534420507161398,4.0
alt_corrected,4.258138116582403,4.258138116582403,4.0
alt_corrected_unif,4.3814483835202225,4.3814483835202225,4.0
alt_uncorrected,5.252926063833647,5.252926063833647,4.0
