,Rseq_targets,Rseq_hits,Rfrequency
true_Rseq,3.9926481387295434,3.9926481387295434,4.0
alt_corrected,3.956064845898604,3.956064845898604,4.0
alt_corrected_unif,4.032490958605775,4.032490958605775,4.0
alt_uncorrected,4.903968638919199,4.903968638919199,4.0
