,Rseq_targets,Rseq_hits,Rfrequency
true_Rseq,4.371663972376191,4.371663972376191,4.0
alt_corrected,4.258601405177673,4.258601405177673,4.0
alt_corrected_unif,4.287447241038601,4.287447241038601,4.0
alt_uncorrected,5.158924921352026,5.158924921352026,4.0
