,Rseq_targets,Rseq_hits,Rfrequency
true_Rseq,4.138389810111453,4.138389810111453,4.0
alt_corrected,4.309704580191703,4.309704580191703,4.0
alt_corrected_unif,4.340991551169266,4.340991551169266,4.0
alt_uncorrected,5.2124692314826895,5.2124692314826895,4.0
