,Rseq_targets,Rseq_hits,Rfrequency
true_Rseq,3.195828317324329,3.195828317324329,4.0
alt_corrected,3.3077827281682164,3.3077827281682164,4.0
alt_corrected_unif,3.5021644043072224,3.5021644043072224,4.0
alt_uncorrected,4.373642084620647,4.373642084620647,4.0
