,Rseq_targets,Rseq_hits,Rfrequency
true_Rseq,4.1519251134058095,4.1519251134058095,4.0
alt_corrected,4.13627621005709,4.13627621005709,4.0
alt_corrected_unif,4.1427272860287925,4.1427272860287925,4.0
alt_uncorrected,5.014204966342217,5.014204966342217,4.0
