,Rseq_targets,Rseq_hits,Rfrequency
true_Rseq,4.7972777643780145,4.7972777643780145,4.0
alt_corrected,4.840159655496579,4.840159655496579,4.0
alt_corrected_unif,4.8588030889464235,4.8588030889464235,4.0
alt_uncorrected,5.730280769259848,5.730280769259848,4.0
