,Rseq_targets,Rseq_hits,Rfrequency
true_Rseq,4.172178293609043,4.172178293609043,4.0
alt_corrected,4.183731712435671,4.183731712435671,4.0
alt_corrected_unif,4.195060750168736,4.195060750168736,4.0
alt_uncorrected,5.06653843048216,5.06653843048216,4.0
