,Rseq_targets,Rseq_hits,Rfrequency
true_Rseq,4.622959253767805,4.622959253767805,4.0
alt_corrected,4.399303686510073,4.399303686510073,4.0
alt_corrected_unif,4.50665392301212,4.50665392301212,4.0
alt_uncorrected,5.378131603325545,5.378131603325545,4.0
