,Rseq_targets,Rseq_hits,Rfrequency
true_Rseq,4.0967372316741475,4.0967372316741475,4.0
alt_corrected,3.9746385643661406,3.9746385643661406,4.0
alt_corrected_unif,4.011698236607295,4.011698236607295,4.0
alt_uncorrected,4.8831759169207185,4.8831759169207185,4.0
