,Rseq_targets,Rseq_hits,Rfrequency
true_Rseq,3.459050578371004,3.459050578371004,4.0
alt_corrected,3.395483073175141,3.395483073175141,4.0
alt_corrected_unif,3.453085462411486,3.453085462411486,4.0
alt_uncorrected,4.3245631427249105,4.3245631427249105,4.0
