,Rseq_targets,Rseq_hits,Rfrequency
true_Rseq,3.916416269830549,3.916416269830549,4.0
alt_corrected,3.817631583389241,3.817631583389241,4.0
alt_corrected_unif,3.8396168702933102,3.8396168702933102,4.0
alt_uncorrected,4.7110945506067345,4.7110945506067345,4.0
