,Rseq_targets,Rseq_hits,Rfrequency
true_Rseq,2.085588314475503,3.4427790255613093,4.0
alt_corrected,2.071292714193191,3.411216441424873,4.0
alt_corrected_unif,2.1154430807410725,3.4553668079727546,4.0
alt_uncorrected,2.9869207610544968,4.326844488286179,4.0
