,Rseq_targets,Rseq_hits,Rfrequency
true_Rseq,3.9921707518646397,3.9921707518646397,4.0
alt_corrected,4.074060405314041,4.074060405314041,4.0
alt_corrected_unif,4.181602967115683,4.181602967115683,4.0
alt_uncorrected,5.053080647429107,5.053080647429107,4.0
