,Rseq_targets,Rseq_hits,Rfrequency
true_Rseq,4.028068380504813,4.028068380504813,4.0
alt_corrected,4.00878975300561,4.00878975300561,4.0
alt_corrected_unif,4.049795623937513,4.049795623937513,4.0
alt_uncorrected,4.921273304250938,4.921273304250938,4.0
