,Rseq_targets,Rseq_hits,Rfrequency
true_Rseq,3.2930119565226557,3.2930119565226557,4.0
alt_corrected,3.260784344841034,3.260784344841034,4.0
alt_corrected_unif,3.35056851529596,3.35056851529596,4.0
alt_uncorrected,4.222046195609384,4.222046195609384,4.0
