,Rseq_targets,Rseq_hits,Rfrequency
true_Rseq,4.203486363768013,4.203486363768013,4.0
alt_corrected,4.145136325900632,4.145136325900632,4.0
alt_corrected_unif,4.152255302776636,4.152255302776636,4.0
alt_uncorrected,5.023732983090061,5.023732983090061,4.0
