,Rseq_targets,Rseq_hits,Rfrequency
true_Rseq,3.2381711946001364,3.5012768453441208,4.0
alt_corrected,3.3081875472628095,3.573669941831189,4.0
alt_corrected_unif,3.377351409400895,3.6428338039692743,4.0
alt_uncorrected,4.248829089714319,4.514311484282699,4.0
