,Rseq_targets,Rseq_hits,Rfrequency
true_Rseq,4.166171461692149,4.166171461692149,4.0
alt_corrected,4.154803192668611,4.154803192668611,4.0
alt_corrected_unif,4.1872478122785495,4.1872478122785495,4.0
alt_uncorrected,5.058725492591974,5.058725492591974,4.0
