,Rseq_targets,Rseq_hits,Rfrequency
true_Rseq,4.910018398554885,4.910018398554885,4.0
alt_corrected,4.673261984362105,4.673261984362105,4.0
alt_corrected_unif,4.76148388707626,4.76148388707626,4.0
alt_uncorrected,5.632961567389684,5.632961567389684,4.0
