,Rseq_targets,Rseq_hits,Rfrequency
true_Rseq,3.9854107951840394,3.9854107951840394,4.0
alt_corrected,3.8836153338800834,3.8836153338800834,4.0
alt_corrected_unif,4.023973881253131,4.023973881253131,4.0
alt_uncorrected,4.895451561566555,4.895451561566555,4.0
