,Rseq_targets,Rseq_hits,Rfrequency
true_Rseq,2.735579750446199,3.851370514289295,4.0
alt_corrected,2.745911946804327,3.8346000206006154,4.0
alt_corrected_unif,2.8225511610405127,3.9112392348368012,4.0
alt_uncorrected,3.694028841353937,4.782716915150226,4.0
