,Rseq_targets,Rseq_hits,Rfrequency
true_Rseq,4.2698945292399815,4.2698945292399815,4.0
alt_corrected,3.9656932607637714,3.9656932607637714,4.0
alt_corrected_unif,4.111849169478839,4.111849169478839,4.0
alt_uncorrected,4.983326849792263,4.983326849792263,4.0
