,Rseq_targets,Rseq_hits,Rfrequency
true_Rseq,3.5021938407782454,3.5021938407782454,4.0
alt_corrected,3.641659257722098,3.641659257722098,4.0
alt_corrected_unif,3.67881609288241,3.67881609288241,4.0
alt_uncorrected,4.550293773195834,4.550293773195834,4.0
