,Rseq_targets,Rseq_hits,Rfrequency
true_Rseq,4.097398743634139,4.097398743634139,4.0
alt_corrected,4.370072185256431,4.370072185256431,4.0
alt_corrected_unif,4.439025671436287,4.439025671436287,4.0
alt_uncorrected,5.310503351749711,5.310503351749711,4.0
