,Rseq_targets,Rseq_hits,Rfrequency
true_Rseq,3.4034781329176926,3.4034781329176926,4.0
alt_corrected,3.391375789523047,3.391375789523047,4.0
alt_corrected_unif,3.397274622920587,3.397274622920587,4.0
alt_uncorrected,4.268752303234011,4.268752303234011,4.0
