,Rseq_targets,Rseq_hits,Rfrequency
true_Rseq,3.3400265218529164,3.3400265218529164,4.0
alt_corrected,3.3561619067986346,3.3561619067986346,4.0
alt_corrected_unif,3.5031603847095663,3.5031603847095663,4.0
alt_uncorrected,4.374638065022991,4.374638065022991,4.0
