,Rseq_targets,Rseq_hits,Rfrequency
true_Rseq,3.3031811527187127,3.3031811527187127,4.0
alt_corrected,3.3888257043071564,3.3888257043071564,4.0
alt_corrected_unif,3.4271684955916712,3.4271684955916712,4.0
alt_uncorrected,4.298646175905096,4.298646175905096,4.0
