,Rseq_targets,Rseq_hits,Rfrequency
true_Rseq,4.079019904393332,4.079019904393332,4.0
alt_corrected,3.9415313141617547,3.9415313141617547,4.0
alt_corrected_unif,3.9658407491203245,3.9658407491203245,4.0
alt_uncorrected,4.837318429433749,4.837318429433749,4.0
