,Rseq_targets,Rseq_hits,Rfrequency
true_Rseq,4.029725765083336,4.029725765083336,4.0
alt_corrected,3.983483671259648,3.983483671259648,4.0
alt_corrected_unif,3.9949901592458743,3.9949901592458743,4.0
alt_uncorrected,4.866467839559299,4.866467839559299,4.0
