,Rseq_targets,Rseq_hits,Rfrequency
true_Rseq,2.898635902869527,3.767203723765361,4.0
alt_corrected,2.970052955581955,3.8761187362177285,4.0
alt_corrected_unif,3.038197784588134,3.9442635652239075,4.0
alt_uncorrected,3.909675464901558,4.815741245537332,4.0
