,Rseq_targets,Rseq_hits,Rfrequency
true_Rseq,3.7741024865507447,3.7741024865507447,4.0
alt_corrected,3.993468583411662,3.993468583411662,4.0
alt_corrected_unif,4.07126277951715,4.07126277951715,4.0
alt_uncorrected,4.942740459830574,4.942740459830574,4.0
