,Rseq_targets,Rseq_hits,Rfrequency
true_Rseq,4.780294279909782,4.780294279909782,4.0
alt_corrected,4.6339138956415,4.6339138956415,4.0
alt_corrected_unif,4.662759731502421,4.662759731502421,4.0
alt_uncorrected,5.534237411815845,5.534237411815845,4.0
