,Rseq_targets,Rseq_hits,Rfrequency
true_Rseq,4.342542647257457,4.342542647257457,4.0
alt_corrected,4.222598779971598,4.222598779971598,4.0
alt_corrected_unif,4.270708323383772,4.270708323383772,4.0
alt_uncorrected,5.142186003697196,5.142186003697196,4.0
