,Rseq_targets,Rseq_hits,Rfrequency
true_Rseq,4.586268084641633,4.586268084641633,4.0
alt_corrected,4.600606595825011,4.600606595825011,4.0
alt_corrected_unif,4.618678944921346,4.618678944921346,4.0
alt_uncorrected,5.4901566252347695,5.4901566252347695,4.0
