,Rseq_targets,Rseq_hits,Rfrequency
true_Rseq,4.071708571726186,4.071708571726186,4.0
alt_corrected,4.059884721852347,4.059884721852347,4.0
alt_corrected_unif,4.070347280199073,4.070347280199073,4.0
alt_uncorrected,4.941824960512497,4.941824960512497,4.0
