,Rseq_targets,Rseq_hits,Rfrequency
true_Rseq,3.4405667847028054,3.4405667847028054,4.0
alt_corrected,3.503425322392058,3.503425322392058,4.0
alt_corrected_unif,3.5715701513982423,3.5715701513982423,4.0
alt_uncorrected,4.443047831711667,4.443047831711667,4.0
