,Rseq_targets,Rseq_hits,Rfrequency
true_Rseq,4.428591762838511,4.428591762838511,4.0
alt_corrected,4.233524763612512,4.233524763612512,4.0
alt_corrected_unif,4.290247921073011,4.290247921073011,4.0
alt_uncorrected,5.1617256013864345,5.1617256013864345,4.0
