,Rseq_targets,Rseq_hits,Rfrequency
true_Rseq,4.646837511210255,4.646837511210255,4.0
alt_corrected,4.677667077103324,4.677667077103324,4.0
alt_corrected_unif,4.680383601178935,4.680383601178935,4.0
alt_uncorrected,5.551861281492359,5.551861281492359,4.0
