,Rseq_targets,Rseq_hits,Rfrequency
true_Rseq,3.718046246678928,3.718046246678928,4.0
alt_corrected,3.5835033258933673,3.5835033258933673,4.0
alt_corrected_unif,3.6495669402088473,3.6495669402088473,4.0
alt_uncorrected,4.521044620522272,4.521044620522272,4.0
