,Rseq_targets,Rseq_hits,Rfrequency
true_Rseq,3.9132444478120547,3.9132444478120547,4.0
alt_corrected,3.8625256749330883,3.8625256749330883,4.0
alt_corrected_unif,3.914955885043035,3.914955885043035,4.0
alt_uncorrected,4.786433565356459,4.786433565356459,4.0
