,Rseq_targets,Rseq_hits,Rfrequency
true_Rseq,4.34179884154762,4.34179884154762,4.0
alt_corrected,4.362008195300138,4.362008195300138,4.0
alt_corrected_unif,4.439886134841533,4.439886134841533,4.0
alt_uncorrected,5.311363815154957,5.311363815154957,4.0
