,Rseq_targets,Rseq_hits,Rfrequency
true_Rseq,4.404746858955059,4.404746858955059,4.0
alt_corrected,4.249815545953998,4.249815545953998,4.0
alt_corrected_unif,4.330911094710556,4.330911094710556,4.0
alt_uncorrected,5.202388775023981,5.202388775023981,4.0
