,Rseq_targets,Rseq_hits,Rfrequency
true_Rseq,4.298113034032486,4.298113034032486,4.0
alt_corrected,4.371897877732243,4.371897877732243,4.0
alt_corrected_unif,4.437961492047725,4.437961492047725,4.0
alt_uncorrected,5.309439172361149,5.309439172361149,4.0
