,Rseq_targets,Rseq_hits,Rfrequency
true_Rseq,4.572090703647358,4.572090703647358,4.0
alt_corrected,4.5856768987683605,4.5856768987683605,4.0
alt_corrected_unif,4.601118116882494,4.601118116882494,4.0
alt_uncorrected,5.472595797195918,5.472595797195918,4.0
