,Rseq_targets,Rseq_hits,Rfrequency
true_Rseq,4.562085395778096,4.562085395778096,4.0
alt_corrected,4.475476898151843,4.475476898151843,4.0
alt_corrected_unif,4.601395659594761,4.601395659594761,4.0
alt_uncorrected,5.472873339908186,5.472873339908186,4.0
