,Rseq_targets,Rseq_hits,Rfrequency
true_Rseq,4.139308628129413,4.139308628129413,4.0
alt_corrected,4.0507436266197745,4.0507436266197745,4.0
alt_corrected_unif,4.0661848447339075,4.0661848447339075,4.0
alt_uncorrected,4.937662525047332,4.937662525047332,4.0
