,Rseq_targets,Rseq_hits,Rfrequency
true_Rseq,-0.1551871020774982,3.063649942499632,4.0
alt_corrected,0.056058268601450356,3.190653499797076,4.0
alt_corrected_unif,0.1704180546272991,3.3050132858229246,4.0
alt_uncorrected,1.0418957349407234,4.176490966136349,4.0
