,Rseq_targets,Rseq_hits,Rfrequency
true_Rseq,4.285088418417167,4.285088418417167,4.0
alt_corrected,4.277404718338337,4.277404718338337,4.0
alt_corrected_unif,4.342029613587451,4.342029613587451,4.0
alt_uncorrected,5.213507293900875,5.213507293900875,4.0
