,Rseq_targets,Rseq_hits,Rfrequency
true_Rseq,3.989222177891623,3.989222177891623,4.0
alt_corrected,3.985527567494536,3.985527567494536,4.0
alt_corrected_unif,4.025873420731948,4.025873420731948,4.0
alt_uncorrected,4.897351101045372,4.897351101045372,4.0
