,Rseq_targets,Rseq_hits,Rfrequency
true_Rseq,5.004979838226188,5.004979838226188,4.0
alt_corrected,5.025188903810081,5.025188903810081,4.0
alt_corrected_unif,5.048776319775207,5.048776319775207,4.0
alt_uncorrected,5.920254000088632,5.920254000088632,4.0
