,Rseq_targets,Rseq_hits,Rfrequency
true_Rseq,4.106994247279329,4.106994247279329,4.0
alt_corrected,3.9809947488007498,3.9809947488007498,4.0
alt_corrected_unif,4.016397458194012,4.016397458194012,4.0
alt_uncorrected,4.887875138507436,4.887875138507436,4.0
