,Rseq_targets,Rseq_hits,Rfrequency
true_Rseq,3.7186170991767167,3.7186170991767167,4.0
alt_corrected,3.6339973899327616,3.6339973899327616,4.0
alt_corrected_unif,3.6421054757461095,3.6421054757461095,4.0
alt_uncorrected,4.513583156059534,4.513583156059534,4.0
