,Rseq_targets,Rseq_hits,Rfrequency
true_Rseq,3.1492567401910634,3.1492567401910634,4.0
alt_corrected,3.2288973909776346,3.2288973909776346,4.0
alt_corrected_unif,3.3105955563347194,3.3105955563347194,4.0
alt_uncorrected,4.182073236648144,4.182073236648144,4.0
