,Rseq_targets,Rseq_hits,Rfrequency
true_Rseq,3.793865044494364,3.793865044494364,4.0
alt_corrected,3.6396232845482768,3.6396232845482768,4.0
alt_corrected_unif,3.682556490198509,3.682556490198509,4.0
alt_uncorrected,4.554034170511933,4.554034170511933,4.0
