,Rseq_targets,Rseq_hits,Rfrequency
true_Rseq,4.482763848526425,4.482763848526425,4.0
alt_corrected,4.392557037798001,4.392557037798001,4.0
alt_corrected_unif,4.438672552770182,4.438672552770182,4.0
alt_uncorrected,5.310150233083606,5.310150233083606,4.0
