,Rseq_targets,Rseq_hits,Rfrequency
true_Rseq,4.2980409754222695,4.2980409754222695,4.0
alt_corrected,4.223744984263146,4.223744984263146,4.0
alt_corrected_unif,4.241720814323395,4.241720814323395,4.0
alt_uncorrected,5.11319849463682,5.11319849463682,4.0
