,Rseq_targets,Rseq_hits,Rfrequency
true_Rseq,3.7408368347132797,3.7408368347132797,4.0
alt_corrected,3.7487941546168186,3.7487941546168186,4.0
alt_corrected_unif,3.752571278038612,3.752571278038612,4.0
alt_uncorrected,4.624048958352036,4.624048958352036,4.0
