,Rseq_targets,Rseq_hits,Rfrequency
true_Rseq,4.061384802401838,4.061384802401838,4.0
alt_corrected,3.751071785793885,3.751071785793885,4.0
alt_corrected_unif,3.910525938159671,3.910525938159671,4.0
alt_uncorrected,4.782003618473095,4.782003618473095,4.0
