,Rseq_targets,Rseq_hits,Rfrequency
true_Rseq,3.7076364082880318,3.7076364082880318,4.0
alt_corrected,3.8418667770251487,3.8418667770251487,4.0
alt_corrected_unif,3.873785327042556,3.873785327042556,4.0
alt_uncorrected,4.74526300735598,4.74526300735598,4.0
