,Rseq_targets,Rseq_hits,Rfrequency
true_Rseq,4.177700961929865,4.177700961929865,4.0
alt_corrected,4.170466130685463,4.170466130685463,4.0
alt_corrected_unif,4.175357013366298,4.175357013366298,4.0
alt_uncorrected,5.046834693679722,5.046834693679722,4.0
