,Rseq_targets,Rseq_hits,Rfrequency
true_Rseq,4.47177133903992,4.47177133903992,4.0
alt_corrected,4.345993804792328,4.345993804792328,4.0
alt_corrected_unif,4.3932338942351805,4.3932338942351805,4.0
alt_uncorrected,5.264711574548604,5.264711574548604,4.0
