,Rseq_targets,Rseq_hits,Rfrequency
true_Rseq,3.8904495894732403,3.8904495894732403,4.0
alt_corrected,3.8449477770013156,3.8449477770013156,4.0
alt_corrected_unif,3.8852151782368094,3.8852151782368094,4.0
alt_uncorrected,4.756692858550234,4.756692858550234,4.0
