,Rseq_targets,Rseq_hits,Rfrequency
true_Rseq,4.469703404709919,4.469703404709919,4.0
alt_corrected,4.32902738027874,4.32902738027874,4.0
alt_corrected_unif,4.388374836733595,4.388374836733595,4.0
alt_uncorrected,5.259852517047019,5.259852517047019,4.0
