,Rseq_targets,Rseq_hits,Rfrequency
true_Rseq,4.13088337006495,4.13088337006495,4.0
alt_corrected,4.237881541859381,4.237881541859381,4.0
alt_corrected_unif,4.305871040968997,4.305871040968997,4.0
alt_uncorrected,5.177348721282421,5.177348721282421,4.0
