,Rseq_targets,Rseq_hits,Rfrequency
true_Rseq,3.4467475603927564,3.4467475603927564,4.0
alt_corrected,3.558624732172344,3.558624732172344,4.0
alt_corrected_unif,3.6063160380291888,3.6063160380291888,4.0
alt_uncorrected,4.477793718342613,4.477793718342613,4.0
