,Rseq_targets,Rseq_hits,Rfrequency
true_Rseq,3.7272585902788347,3.7272585902788347,4.0
alt_corrected,3.392556729660642,3.392556729660642,4.0
alt_corrected_unif,3.55027763534934,3.55027763534934,4.0
alt_uncorrected,4.4217553156627645,4.4217553156627645,4.0
