,Rseq_targets,Rseq_hits,Rfrequency
true_Rseq,3.6986014604283275,3.6986014604283275,4.0
alt_corrected,3.5975891607620185,3.5975891607620185,4.0
alt_corrected_unif,3.652897102085524,3.652897102085524,4.0
alt_uncorrected,4.524374782398948,4.524374782398948,4.0
