,Rseq_targets,Rseq_hits,Rfrequency
true_Rseq,3.451184950381448,3.5119391816472785,4.0
alt_corrected,3.433204055700855,3.538841254658957,4.0
alt_corrected_unif,3.4709603687523827,3.576597567710485,4.0
alt_uncorrected,4.342438049065807,4.448075248023909,4.0
