,Rseq_targets,Rseq_hits,Rfrequency
true_Rseq,3.955552840657676,3.955552840657676,4.0
alt_corrected,3.7158531360647578,3.7158531360647578,4.0
alt_corrected_unif,3.7981003867842804,3.7981003867842804,4.0
alt_uncorrected,4.669578067097705,4.669578067097705,4.0
