,Rseq_targets,Rseq_hits,Rfrequency
true_Rseq,4.841961753711884,4.841961753711884,4.0
alt_corrected,4.618678066913844,4.618678066913844,4.0
alt_corrected_unif,4.65968393784571,4.65968393784571,4.0
alt_uncorrected,5.5311616181591345,5.5311616181591345,4.0
