,Rseq_targets,Rseq_hits,Rfrequency
true_Rseq,4.20874431946328,4.20874431946328,4.0
alt_corrected,4.24082511061704,4.24082511061704,4.0
alt_corrected_unif,4.2970339967446165,4.2970339967446165,4.0
alt_uncorrected,5.168511677058041,5.168511677058041,4.0
