,Rseq_targets,Rseq_hits,Rfrequency
true_Rseq,4.220054802912557,4.220054802912557,4.0
alt_corrected,4.274363244221671,4.274363244221671,4.0
alt_corrected_unif,4.304420002260812,4.304420002260812,4.0
alt_uncorrected,5.175897682574236,5.175897682574236,4.0
