,Rseq_targets,Rseq_hits,Rfrequency
true_Rseq,4.460459537178626,4.460459537178626,4.0
alt_corrected,4.393647869526352,4.393647869526352,4.0
alt_corrected_unif,4.499570816938013,4.499570816938013,4.0
alt_uncorrected,5.371048497251437,5.371048497251437,4.0
