,Rseq_targets,Rseq_hits,Rfrequency
true_Rseq,4.002880178792543,4.002880178792543,4.0
alt_corrected,3.9179269941381043,3.9179269941381043,4.0
alt_corrected_unif,3.929256031871178,3.929256031871178,4.0
alt_uncorrected,4.800733712184602,4.800733712184602,4.0
