,Rseq_targets,Rseq_hits,Rfrequency
true_Rseq,4.670572939281972,4.670572939281972,4.0
alt_corrected,4.651072947119149,4.651072947119149,4.0
alt_corrected_unif,4.6705160363819775,4.6705160363819775,4.0
alt_uncorrected,5.541993716695401,5.541993716695401,4.0
