,Rseq_targets,Rseq_hits,Rfrequency
true_Rseq,4.5161798220211224,4.5161798220211224,4.0
alt_corrected,4.523612992960819,4.523612992960819,4.0
alt_corrected_unif,4.559784200606249,4.559784200606249,4.0
alt_uncorrected,5.431261880919672,5.431261880919672,4.0
