,Rseq_targets,Rseq_hits,Rfrequency
true_Rseq,4.204170126009814,4.204170126009814,4.0
alt_corrected,4.177753757728369,4.177753757728369,4.0
alt_corrected_unif,4.181584041063019,4.181584041063019,4.0
alt_uncorrected,5.0530617213764435,5.0530617213764435,4.0
