,Rseq_targets,Rseq_hits,Rfrequency
true_Rseq,4.88416901484768,4.88416901484768,4.0
alt_corrected,4.754006251268294,4.754006251268294,4.0
alt_corrected_unif,4.8330681432608795,4.8330681432608795,4.0
alt_uncorrected,5.704545823574304,5.704545823574304,4.0
