,Rseq_targets,Rseq_hits,Rfrequency
true_Rseq,3.88288959132975,3.88288959132975,4.0
alt_corrected,3.888548675521055,3.888548675521055,4.0
alt_corrected_unif,3.91739451138196,3.91739451138196,4.0
alt_uncorrected,4.7888721916953845,4.7888721916953845,4.0
