,Rseq_targets,Rseq_hits,Rfrequency
true_Rseq,3.936935675429405,3.936935675429405,4.0
alt_corrected,4.03073358434526,4.03073358434526,4.0
alt_corrected_unif,4.1129808350647945,4.1129808350647945,4.0
alt_uncorrected,4.984458515378219,4.984458515378219,4.0
