,Rseq_targets,Rseq_hits,Rfrequency
true_Rseq,4.2315805641343305,4.2315805641343305,4.0
alt_corrected,4.205250423215538,4.205250423215538,4.0
alt_corrected_unif,4.259394191885798,4.259394191885798,4.0
alt_uncorrected,5.130871872199222,5.130871872199222,4.0
