,Rseq_targets,Rseq_hits,Rfrequency
true_Rseq,4.096440586467299,4.096440586467299,4.0
alt_corrected,3.889819430293613,3.889819430293613,4.0
alt_corrected_unif,3.971041982800157,3.971041982800157,4.0
alt_uncorrected,4.842519663113581,4.842519663113581,4.0
