,Rseq_targets,Rseq_hits,Rfrequency
true_Rseq,4.734088203708161,4.734088203708161,4.0
alt_corrected,4.760527601258044,4.760527601258044,4.0
alt_corrected_unif,4.770309366619717,4.770309366619717,4.0
alt_uncorrected,5.641787046933141,5.641787046933141,4.0
