,Rseq_targets,Rseq_hits,Rfrequency
true_Rseq,1.9181027665176646,3.400378767809782,4.0
alt_corrected,1.9148138217077735,3.3850495056284906,4.0
alt_corrected_unif,1.9542692673282773,3.4245049512489945,4.0
alt_uncorrected,2.8257469476417016,4.295982631562419,4.0
