,Rseq_targets,Rseq_hits,Rfrequency
true_Rseq,3.6645867994321755,3.6645867994321755,4.0
alt_corrected,3.562294977593807,3.562294977593807,4.0
alt_corrected_unif,3.6026511415518994,3.6026511415518994,4.0
alt_uncorrected,4.474128821865324,4.474128821865324,4.0
