,Rseq_targets,Rseq_hits,Rfrequency
true_Rseq,4.069054663532692,4.069054663532692,4.0
alt_corrected,4.069843234261205,4.069843234261205,4.0
alt_corrected_unif,4.102287853871143,4.102287853871143,4.0
alt_uncorrected,4.973765534184567,4.973765534184567,4.0
