,Rseq_targets,Rseq_hits,Rfrequency
true_Rseq,4.648996840113016,4.648996840113016,4.0
alt_corrected,4.591892855882724,4.591892855882724,4.0
alt_corrected_unif,4.600089613094989,4.600089613094989,4.0
alt_uncorrected,5.471567293408413,5.471567293408413,4.0
