,Rseq_targets,Rseq_hits,Rfrequency
true_Rseq,4.032219243922466,4.032219243922466,4.0
alt_corrected,4.042555573796836,4.042555573796836,4.0
alt_corrected_unif,4.04309882437942,4.04309882437942,4.0
alt_uncorrected,4.914576504692844,4.914576504692844,4.0
