,Rseq_targets,Rseq_hits,Rfrequency
true_Rseq,3.712941676433264,3.712941676433264,4.0
alt_corrected,3.692962772055584,3.692962772055584,4.0
alt_corrected_unif,3.696793055390241,3.696793055390241,4.0
alt_uncorrected,4.568270735703665,4.568270735703665,4.0
