,Rseq_targets,Rseq_hits,Rfrequency
true_Rseq,4.204079177256013,4.204079177256013,4.0
alt_corrected,4.138020634588082,4.138020634588082,4.0
alt_corrected_unif,4.169955362709851,4.169955362709851,4.0
alt_uncorrected,5.041433043023276,5.041433043023276,4.0
