,Rseq_targets,Rseq_hits,Rfrequency
true_Rseq,3.786722920065624,3.786722920065624,4.0
alt_corrected,3.858245524478264,3.858245524478264,4.0
alt_corrected_unif,3.952875757246208,3.952875757246208,4.0
alt_uncorrected,4.824353437559632,4.824353437559632,4.0
