,Rseq_targets,Rseq_hits,Rfrequency
true_Rseq,3.4711453359423405,3.4711453359423405,4.0
alt_corrected,3.4400217095734447,3.4400217095734447,4.0
alt_corrected_unif,3.5330219194309618,3.5330219194309618,4.0
alt_uncorrected,4.404499599744386,4.404499599744386,4.0
