,Rseq_targets,Rseq_hits,Rfrequency
true_Rseq,4.007767865728257,4.007767865728257,4.0
alt_corrected,3.7542275239621175,3.7542275239621175,4.0
alt_corrected_unif,3.8622721813494976,3.8622721813494976,4.0
alt_uncorrected,4.733749861662922,4.733749861662922,4.0
