,Rseq_targets,Rseq_hits,Rfrequency
true_Rseq,4.51962647277449,4.51962647277449,4.0
alt_corrected,4.54260288795451,4.54260288795451,4.0
alt_corrected_unif,4.577123731771266,4.577123731771266,4.0
alt_uncorrected,5.448601412084691,5.448601412084691,4.0
