,Rseq_targets,Rseq_hits,Rfrequency
true_Rseq,4.711306134752517,4.711306134752517,4.0
alt_corrected,4.354848547808386,4.354848547808386,4.0
alt_corrected_unif,4.426908284985037,4.426908284985037,4.0
alt_uncorrected,5.298385965298461,5.298385965298461,4.0
