,Rseq_targets,Rseq_hits,Rfrequency
true_Rseq,4.295906070836775,4.295906070836775,4.0
alt_corrected,4.280240067582718,4.280240067582718,4.0
alt_corrected_unif,4.310393829129765,4.310393829129765,4.0
alt_uncorrected,5.18187150944319,5.18187150944319,4.0
