,Rseq_targets,Rseq_hits,Rfrequency
true_Rseq,4.589787886700229,4.589787886700229,4.0
alt_corrected,4.620438650010483,4.620438650010483,4.0
alt_corrected_unif,4.664015787467605,4.664015787467605,4.0
alt_uncorrected,5.535493467781029,5.535493467781029,4.0
