,Rseq_targets,Rseq_hits,Rfrequency
true_Rseq,4.179483759636799,4.179483759636799,4.0
alt_corrected,4.309719941975763,4.309719941975763,4.0
alt_corrected_unif,4.34981757229639,4.34981757229639,4.0
alt_uncorrected,5.2212952526098135,5.2212952526098135,4.0
