,Rseq_targets,Rseq_hits,Rfrequency
true_Rseq,3.8718957748984426,3.8718957748984426,4.0
alt_corrected,3.9340016164916105,3.9340016164916105,4.0
alt_corrected_unif,3.9537588092005165,3.9537588092005165,4.0
alt_uncorrected,4.825236489513941,4.825236489513941,4.0
