,Rseq_targets,Rseq_hits,Rfrequency
true_Rseq,4.160642695454978,4.160642695454978,4.0
alt_corrected,4.01455040646116,4.01455040646116,4.0
alt_corrected_unif,4.0286884959112985,4.0286884959112985,4.0
alt_uncorrected,4.900166176224722,4.900166176224722,4.0
