,Rseq_targets,Rseq_hits,Rfrequency
true_Rseq,4.4459110777997,4.4459110777997,4.0
alt_corrected,4.540968353442755,4.540968353442755,4.0
alt_corrected_unif,4.56917017801751,4.56917017801751,4.0
alt_uncorrected,5.440647858330934,5.440647858330934,4.0
