,Rseq_targets,Rseq_hits,Rfrequency
true_Rseq,3.188754882738717,3.188754882738717,4.0
alt_corrected,3.0734548089823805,3.0734548089823805,4.0
alt_corrected_unif,3.1307532643034475,3.1307532643034475,4.0
alt_uncorrected,4.002230944616872,4.002230944616872,4.0
