,Rseq_targets,Rseq_hits,Rfrequency
true_Rseq,4.690882435038821,4.690882435038821,4.0
alt_corrected,4.929503314626727,4.929503314626727,4.0
alt_corrected_unif,5.018932899782179,5.018932899782179,4.0
alt_uncorrected,5.890410580095604,5.890410580095604,4.0
