,Rseq_targets,Rseq_hits,Rfrequency
true_Rseq,4.526935037826778,4.526935037826778,4.0
alt_corrected,4.423737178706123,4.423737178706123,4.0
alt_corrected_unif,4.4440941707162605,4.4440941707162605,4.0
alt_uncorrected,5.315571851029684,5.315571851029684,4.0
