,Rseq_targets,Rseq_hits,Rfrequency
true_Rseq,4.592719944613023,4.592719944613023,4.0
alt_corrected,4.6950711521524005,4.6950711521524005,4.0
alt_corrected_unif,4.777429983790361,4.777429983790361,4.0
alt_uncorrected,5.648907664103786,5.648907664103786,4.0
