,Rseq_targets,Rseq_hits,Rfrequency
true_Rseq,3.955741463722328,3.955741463722328,4.0
alt_corrected,3.8819833752365236,3.8819833752365236,4.0
alt_corrected_unif,3.9015689200529393,3.9015689200529393,4.0
alt_uncorrected,4.773046600366364,4.773046600366364,4.0
