,Rseq_targets,Rseq_hits,Rfrequency
true_Rseq,4.251969019851245,4.251969019851245,4.0
alt_corrected,4.200418715443922,4.200418715443922,4.0
alt_corrected_unif,4.228199541836224,4.228199541836224,4.0
alt_uncorrected,5.099677222149649,5.099677222149649,4.0
