,Rseq_targets,Rseq_hits,Rfrequency
true_Rseq,3.979804890056352,3.979804890056352,4.0
alt_corrected,3.8643334331449783,3.8643334331449783,4.0
alt_corrected_unif,3.895121733928622,3.895121733928622,4.0
alt_uncorrected,4.766599414242046,4.766599414242046,4.0
