,Rseq_targets,Rseq_hits,Rfrequency
true_Rseq,4.534793741803414,4.534793741803414,4.0
alt_corrected,4.460104994325597,4.460104994325597,4.0
alt_corrected_unif,4.47217140260115,4.47217140260115,4.0
alt_uncorrected,5.343649082914574,5.343649082914574,4.0
