,Rseq_targets,Rseq_hits,Rfrequency
true_Rseq,3.6115911625280432,3.6115911625280432,4.0
alt_corrected,3.5752511059898398,3.5752511059898398,4.0
alt_corrected_unif,3.5833591918031824,3.5833591918031824,4.0
alt_uncorrected,4.454836872116607,4.454836872116607,4.0
