,Rseq_targets,Rseq_hits,Rfrequency
true_Rseq,3.8496987304903687,3.8496987304903687,4.0
alt_corrected,3.6870014525267165,3.6870014525267165,4.0
alt_corrected_unif,3.768633407617545,3.768633407617545,4.0
alt_uncorrected,4.640111087930969,4.640111087930969,4.0
