,Rseq_targets,Rseq_hits,Rfrequency
true_Rseq,3.7092523803073325,3.7092523803073325,4.0
alt_corrected,3.8475671419637485,3.8475671419637485,4.0
alt_corrected_unif,3.8728960103385304,3.8728960103385304,4.0
alt_uncorrected,4.744373690651955,4.744373690651955,4.0
