,Rseq_targets,Rseq_hits,Rfrequency
true_Rseq,4.3238677149327565,4.3238677149327565,4.0
alt_corrected,4.199662469158389,4.199662469158389,4.0
alt_corrected_unif,4.268448498770702,4.268448498770702,4.0
alt_uncorrected,5.139926179084126,5.139926179084126,4.0
