,Rseq_targets,Rseq_hits,Rfrequency
true_Rseq,3.552804611652612,3.552804611652612,4.0
alt_corrected,3.5519694962558797,3.5519694962558797,4.0
alt_corrected_unif,3.6041190132136953,3.6041190132136953,4.0
alt_uncorrected,4.47559669352712,4.47559669352712,4.0
