,Rseq_targets,Rseq_hits,Rfrequency
true_Rseq,4.62614010766106,4.62614010766106,4.0
alt_corrected,4.5227001770027275,4.5227001770027275,4.0
alt_corrected_unif,4.591915486617559,4.591915486617559,4.0
alt_uncorrected,5.463393166930984,5.463393166930984,4.0
