,Rseq_targets,Rseq_hits,Rfrequency
true_Rseq,4.474257161979148,4.474257161979148,4.0
alt_corrected,4.466006585141258,4.466006585141258,4.0
alt_corrected_unif,4.467645328880623,4.467645328880623,4.0
alt_uncorrected,5.339123009194047,5.339123009194047,4.0
