,Rseq_targets,Rseq_hits,Rfrequency
true_Rseq,4.12036211594298,4.12036211594298,4.0
alt_corrected,4.187160486914111,4.187160486914111,4.0
alt_corrected_unif,4.256375796528939,4.256375796528939,4.0
alt_uncorrected,5.127853476842363,5.127853476842363,4.0
