,Rseq_targets,Rseq_hits,Rfrequency
true_Rseq,4.287716960399458,4.287716960399458,4.0
alt_corrected,4.175993272589375,4.175993272589375,4.0
alt_corrected_unif,4.228423482699311,4.228423482699311,4.0
alt_uncorrected,5.099901163012735,5.099901163012735,4.0
