,Rseq_targets,Rseq_hits,Rfrequency
true_Rseq,4.582385925795556,4.582385925795556,4.0
alt_corrected,4.283693209420996,4.283693209420996,4.0
alt_corrected_unif,4.409145884665067,4.409145884665067,4.0
alt_uncorrected,5.280623564978492,5.280623564978492,4.0
