,Rseq_targets,Rseq_hits,Rfrequency
true_Rseq,3.1289728009386018,3.1289728009386018,4.0
alt_corrected,3.0625662284767534,3.0625662284767534,4.0
alt_corrected_unif,3.0764289871977346,3.0764289871977346,4.0
alt_uncorrected,3.947906667511159,3.947906667511159,4.0
