,Rseq_targets,Rseq_hits,Rfrequency
true_Rseq,3.443073035931068,3.443073035931068,4.0
alt_corrected,3.6642690495015193,3.6642690495015193,4.0
alt_corrected_unif,3.7440905730596676,3.7440905730596676,4.0
alt_uncorrected,4.615568253373092,4.615568253373092,4.0
