,Rseq_targets,Rseq_hits,Rfrequency
true_Rseq,4.6987218994708275,4.6987218994708275,4.0
alt_corrected,4.275015289195117,4.275015289195117,4.0
alt_corrected_unif,4.3951005358401805,4.3951005358401805,4.0
alt_uncorrected,5.266578216153605,5.266578216153605,4.0
