,Rseq_targets,Rseq_hits,Rfrequency
true_Rseq,4.52948010563424,4.52948010563424,4.0
alt_corrected,4.468216026376534,4.468216026376534,4.0
alt_corrected_unif,4.534822891274608,4.534822891274608,4.0
alt_uncorrected,5.406300571588033,5.406300571588033,4.0
