,Rseq_targets,Rseq_hits,Rfrequency
true_Rseq,4.009394811396831,4.009394811396831,4.0
alt_corrected,3.9098184175385486,3.9098184175385486,4.0
alt_corrected_unif,3.9422630371484746,3.9422630371484746,4.0
alt_uncorrected,4.813740717461899,4.813740717461899,4.0
