,Rseq_targets,Rseq_hits,Rfrequency
true_Rseq,4.548620181211582,4.548620181211582,4.0
alt_corrected,4.32312756549463,4.32312756549463,4.0
alt_corrected_unif,4.400534431966156,4.400534431966156,4.0
alt_uncorrected,5.27201211227958,5.27201211227958,4.0
