,Rseq_targets,Rseq_hits,Rfrequency
true_Rseq,4.5106931140461946,4.5106931140461946,4.0
alt_corrected,4.321439090260789,4.321439090260789,4.0
alt_corrected_unif,4.355959934077548,4.355959934077548,4.0
alt_uncorrected,5.227437614390972,5.227437614390972,4.0
