,Rseq_targets,Rseq_hits,Rfrequency
true_Rseq,4.130373506666,4.130373506666,4.0
alt_corrected,4.209550660000129,4.209550660000129,4.0
alt_corrected_unif,4.238287014328536,4.238287014328536,4.0
alt_uncorrected,5.10976469464196,5.10976469464196,4.0
