,Rseq_targets,Rseq_hits,Rfrequency
true_Rseq,3.87027220829388,3.87027220829388,4.0
alt_corrected,3.840075291748403,3.840075291748403,4.0
alt_corrected_unif,3.8433001725960394,3.8433001725960394,4.0
alt_uncorrected,4.714777852909464,4.714777852909464,4.0
