,Rseq_targets,Rseq_hits,Rfrequency
true_Rseq,4.215244428126866,4.215244428126866,4.0
alt_corrected,4.28917382184671,4.28917382184671,4.0
alt_corrected_unif,4.329271452167346,4.329271452167346,4.0
alt_uncorrected,5.2007491324807695,5.2007491324807695,4.0
