,Rseq_targets,Rseq_hits,Rfrequency
true_Rseq,3.719695875344213,3.719695875344213,4.0
alt_corrected,3.8407997736366988,3.8407997736366988,4.0
alt_corrected_unif,3.8870578808210605,3.8870578808210605,4.0
alt_uncorrected,4.758535561134485,4.758535561134485,4.0
