,Rseq_targets,Rseq_hits,Rfrequency
true_Rseq,4.158781359315564,4.158781359315564,4.0
alt_corrected,4.046844067219844,4.046844067219844,4.0
alt_corrected_unif,4.057040503914521,4.057040503914521,4.0
alt_uncorrected,4.928518184227945,4.928518184227945,4.0
