,Rseq_targets,Rseq_hits,Rfrequency
true_Rseq,3.8666855101310986,3.8666855101310986,4.0
alt_corrected,3.909292598716651,3.909292598716651,4.0
alt_corrected_unif,3.9302018333009854,3.9302018333009854,4.0
alt_uncorrected,4.80167951361441,4.80167951361441,4.0
