,Rseq_targets,Rseq_hits,Rfrequency
true_Rseq,4.081832118446847,4.081832118446847,4.0
alt_corrected,4.010415837060581,4.010415837060581,4.0
alt_corrected_unif,4.088704673994206,4.088704673994206,4.0
alt_uncorrected,4.96018235430763,4.96018235430763,4.0
