,Rseq_targets,Rseq_hits,Rfrequency
true_Rseq,3.5381771563877145,3.5381771563877145,4.0
alt_corrected,3.5456024015619674,3.5456024015619674,4.0
alt_corrected_unif,3.5602184720471004,3.5602184720471004,4.0
alt_uncorrected,4.431696152360525,4.431696152360525,4.0
