,Rseq_targets,Rseq_hits,Rfrequency
true_Rseq,4.135522069648827,4.135522069648827,4.0
alt_corrected,4.1561271474594,4.1561271474594,4.0
alt_corrected_unif,4.2138500499757345,4.2138500499757345,4.0
alt_uncorrected,5.085327730289159,5.085327730289159,4.0
