,Rseq_targets,Rseq_hits,Rfrequency
true_Rseq,4.211113947884,4.211113947884,4.0
alt_corrected,4.26005328752003,4.26005328752003,4.0
alt_corrected_unif,4.266111665049843,4.266111665049843,4.0
alt_uncorrected,5.137589345363268,5.137589345363268,4.0
