,Rseq_targets,Rseq_hits,Rfrequency
true_Rseq,4.407749022497593,4.407749022497593,4.0
alt_corrected,4.055272637314541,4.055272637314541,4.0
alt_corrected_unif,4.161894011560385,4.161894011560385,4.0
alt_uncorrected,5.03337169187381,5.03337169187381,4.0
