,Rseq_targets,Rseq_hits,Rfrequency
true_Rseq,4.733290643599172,4.733290643599172,4.0
alt_corrected,4.429758209256031,4.429758209256031,4.0
alt_corrected_unif,4.483901977926287,4.483901977926287,4.0
alt_uncorrected,5.355379658239711,5.355379658239711,4.0
