,Rseq_targets,Rseq_hits,Rfrequency
true_Rseq,0.8120642426520277,3.2451987136971097,4.0
alt_corrected,0.8123745319798434,3.3352292994172754,4.0
alt_corrected_unif,1.0106363748469862,3.533491142284418,4.0
alt_uncorrected,1.8821140551604105,4.4049688225978425,4.0
