,Rseq_targets,Rseq_hits,Rfrequency
true_Rseq,4.733383367460181,4.733383367460181,4.0
alt_corrected,4.5995735215380735,4.5995735215380735,4.0
alt_corrected_unif,4.700623220118025,4.700623220118025,4.0
alt_uncorrected,5.57210090043145,5.57210090043145,4.0
