,Rseq_targets,Rseq_hits,Rfrequency
true_Rseq,-0.23121088633940445,2.960870227014606,4.0
alt_corrected,-0.062005671321589295,3.177964721479167,4.0
alt_corrected_unif,0.0007626502182633832,3.2407330430190195,4.0
alt_uncorrected,0.8722403305316877,4.112210723332444,4.0
