,Rseq_targets,Rseq_hits,Rfrequency
true_Rseq,4.821726677613535,4.821726677613535,4.0
alt_corrected,4.745439050512639,4.745439050512639,4.0
alt_corrected_unif,4.755635487207323,4.755635487207323,4.0
alt_uncorrected,5.627113167520747,5.627113167520747,4.0
