,Rseq_targets,Rseq_hits,Rfrequency
true_Rseq,4.352561232055214,4.352561232055214,4.0
alt_corrected,4.347987826707378,4.347987826707378,4.0
alt_corrected_unif,4.375768653099666,4.375768653099666,4.0
alt_uncorrected,5.24724633341309,5.24724633341309,4.0
