,Rseq_targets,Rseq_hits,Rfrequency
true_Rseq,3.5294934795505544,3.5294934795505544,4.0
alt_corrected,3.621329266355795,3.621329266355795,4.0
alt_corrected_unif,3.7897078790420884,3.7897078790420884,4.0
alt_uncorrected,4.661185559355513,4.661185559355513,4.0
