,Rseq_targets,Rseq_hits,Rfrequency
true_Rseq,3.7685209569427975,3.7685209569427975,4.0
alt_corrected,3.621728366372446,3.621728366372446,4.0
alt_corrected_unif,3.6698379097846288,3.6698379097846288,4.0
alt_uncorrected,4.541315590098053,4.541315590098053,4.0
