,Rseq_targets,Rseq_hits,Rfrequency
true_Rseq,4.716535879338158,4.716535879338158,4.0
alt_corrected,4.477922684112645,4.477922684112645,4.0
alt_corrected_unif,4.578372666788892,4.578372666788892,4.0
alt_uncorrected,5.449850347102316,5.449850347102316,4.0
