,Rseq_targets,Rseq_hits,Rfrequency
true_Rseq,4.349536944089905,4.349536944089905,4.0
alt_corrected,4.278406355627391,4.278406355627391,4.0
alt_corrected_unif,4.315895259073152,4.315895259073152,4.0
alt_uncorrected,5.1873729393865755,5.1873729393865755,4.0
