,Rseq_targets,Rseq_hits,Rfrequency
true_Rseq,4.761403347075792,4.761403347075792,4.0
alt_corrected,4.434395010481143,4.434395010481143,4.0
alt_corrected_unif,4.516130079218762,4.516130079218762,4.0
alt_uncorrected,5.387607759532186,5.387607759532186,4.0
