,Rseq_targets,Rseq_hits,Rfrequency
true_Rseq,4.289172458744686,4.289172458744686,4.0
alt_corrected,4.132490595168924,4.132490595168924,4.0
alt_corrected_unif,4.225036968365577,4.225036968365577,4.0
alt_uncorrected,5.096514648679001,5.096514648679001,4.0
