,Rseq_targets,Rseq_hits,Rfrequency
true_Rseq,1.0153222252230059,3.4141825187967685,4.0
alt_corrected,0.9278240339500798,3.271516831986286,4.0
alt_corrected_unif,1.1095569880194605,3.453249786055667,4.0
alt_uncorrected,1.9810346683328848,4.324727466369091,4.0
