,Rseq_targets,Rseq_hits,Rfrequency
true_Rseq,4.2077703664132695,4.2077703664132695,4.0
alt_corrected,4.260735703398282,4.260735703398282,4.0
alt_corrected_unif,4.270137662398824,4.270137662398824,4.0
alt_uncorrected,5.141615342712249,5.141615342712249,4.0
