,Rseq_targets,Rseq_hits,Rfrequency
true_Rseq,3.4612531271691687,3.30325560406418,4.0
alt_corrected,3.5665409704533175,3.3979323351500135,4.0
alt_corrected_unif,3.6005154962916843,3.4319068609883803,4.0
alt_uncorrected,4.471993176605109,4.303384541301805,4.0
