,Rseq_targets,Rseq_hits,Rfrequency
true_Rseq,3.101252039403839,3.101252039403839,4.0
alt_corrected,3.0759122947828987,3.0759122947828987,4.0
alt_corrected_unif,3.1120835024283275,3.1120835024283275,4.0
alt_uncorrected,3.983561182741752,3.983561182741752,4.0
