,Rseq_targets,Rseq_hits,Rfrequency
true_Rseq,3.937213591427769,3.937213591427769,4.0
alt_corrected,3.867996145149259,3.867996145149259,4.0
alt_corrected_unif,3.8847247401740392,3.8847247401740392,4.0
alt_uncorrected,4.7562024204874636,4.7562024204874636,4.0
