,Rseq_targets,Rseq_hits,Rfrequency
true_Rseq,3.7725879158156355,3.7725879158156355,4.0
alt_corrected,3.8997958237803854,3.8997958237803854,4.0
alt_corrected_unif,3.9271255039979134,3.9271255039979134,4.0
alt_uncorrected,4.798603184311338,4.798603184311338,4.0
