,Rseq_targets,Rseq_hits,Rfrequency
true_Rseq,4.182498998454157,4.182498998454157,4.0
alt_corrected,4.155780661605042,4.155780661605042,4.0
alt_corrected_unif,4.191150660242116,4.191150660242116,4.0
alt_uncorrected,5.06262834055554,5.06262834055554,4.0
