,Rseq_targets,Rseq_hits,Rfrequency
true_Rseq,4.804724217872129,4.804724217872129,4.0
alt_corrected,4.444410276694418,4.444410276694418,4.0
alt_corrected_unif,4.676043176055474,4.676043176055474,4.0
alt_uncorrected,5.547520856368898,5.547520856368898,4.0
