,Rseq_targets,Rseq_hits,Rfrequency
true_Rseq,4.638033148054764,4.638033148054764,4.0
alt_corrected,4.324543006140328,4.324543006140328,4.0
alt_corrected_unif,4.491022853784578,4.491022853784578,4.0
alt_uncorrected,5.362500534098003,5.362500534098003,4.0
