,Rseq_targets,Rseq_hits,Rfrequency
true_Rseq,3.79370018893849,3.79370018893849,4.0
alt_corrected,3.742679322628606,3.742679322628606,4.0
alt_corrected_unif,3.7933663422059376,3.7933663422059376,4.0
alt_uncorrected,4.664844022519362,4.664844022519362,4.0
