,Rseq_targets,Rseq_hits,Rfrequency
true_Rseq,3.813239856482891,3.813239856482891,4.0
alt_corrected,3.8852697999951147,3.8852697999951147,4.0
alt_corrected_unif,3.9150594680903423,3.9150594680903423,4.0
alt_uncorrected,4.786537148403767,4.786537148403767,4.0
