,Rseq_targets,Rseq_hits,Rfrequency
true_Rseq,4.237369394333726,4.237369394333726,4.0
alt_corrected,4.216180327949167,4.216180327949167,4.0
alt_corrected_unif,4.222238705478977,4.222238705478977,4.0
alt_uncorrected,5.093716385792402,5.093716385792402,4.0
