,Rseq_targets,Rseq_hits,Rfrequency
true_Rseq,2.661757787784145,3.367034353561297,4.0
alt_corrected,2.7306333985180835,3.377304664660891,4.0
alt_corrected_unif,2.8314703554493716,3.478141621592179,4.0
alt_uncorrected,3.702948035762796,4.349619301905603,4.0
