,Rseq_targets,Rseq_hits,Rfrequency
true_Rseq,4.222911432894248,4.222911432894248,4.0
alt_corrected,4.229626087479165,4.229626087479165,4.0
alt_corrected_unif,4.254954955853956,4.254954955853956,4.0
alt_uncorrected,5.1264326361673795,5.1264326361673795,4.0
