,Rseq_targets,Rseq_hits,Rfrequency
true_Rseq,3.6966806040968283,3.6966806040968283,4.0
alt_corrected,3.7508658336545633,3.7508658336545633,4.0
alt_corrected_unif,3.7824292787033245,3.7824292787033245,4.0
alt_uncorrected,4.653906959016749,4.653906959016749,4.0
