,Rseq_targets,Rseq_hits,Rfrequency
true_Rseq,4.095860176065154,4.095860176065154,4.0
alt_corrected,4.102645511514789,4.102645511514789,4.0
alt_corrected_unif,4.130928492600381,4.130928492600381,4.0
alt_uncorrected,5.002406172913806,5.002406172913806,4.0
