,Rseq_targets,Rseq_hits,Rfrequency
true_Rseq,4.181825865603394,4.181825865603394,4.0
alt_corrected,4.117508973374365,4.117508973374365,4.0
alt_corrected_unif,4.1585148443062465,4.1585148443062465,4.0
alt_uncorrected,5.02999252461967,5.02999252461967,4.0
