,Rseq_targets,Rseq_hits,Rfrequency
true_Rseq,4.189189273058675,4.189189273058675,4.0
alt_corrected,4.219560599908503,4.219560599908503,4.0
alt_corrected_unif,4.268568601217563,4.268568601217563,4.0
alt_uncorrected,5.140046281530988,5.140046281530988,4.0
