,Rseq_targets,Rseq_hits,Rfrequency
true_Rseq,4.6386502576322535,4.6386502576322535,4.0
alt_corrected,4.436316215196786,4.436316215196786,4.0
alt_corrected_unif,4.487412567387151,4.487412567387151,4.0
alt_uncorrected,5.358890247700576,5.358890247700576,4.0
