,Rseq_targets,Rseq_hits,Rfrequency
true_Rseq,3.5407469755377026,3.5407469755377026,4.0
alt_corrected,3.367131053724201,3.367131053724201,4.0
alt_corrected_unif,3.439581352554233,3.439581352554233,4.0
alt_uncorrected,4.311059032867657,4.311059032867657,4.0
