,Rseq_targets,Rseq_hits,Rfrequency
true_Rseq,4.001814258919959,4.001814258919959,4.0
alt_corrected,4.1343117473846895,4.1343117473846895,4.0
alt_corrected_unif,4.168488926590143,4.168488926590143,4.0
alt_uncorrected,5.039966606903568,5.039966606903568,4.0
