,Rseq_targets,Rseq_hits,Rfrequency
true_Rseq,4.629204286079156,4.629204286079156,4.0
alt_corrected,4.372412302178287,4.372412302178287,4.0
alt_corrected_unif,4.423099321755618,4.423099321755618,4.0
alt_uncorrected,5.294577002069042,5.294577002069042,4.0
