,Rseq_targets,Rseq_hits,Rfrequency
true_Rseq,3.06311528838474,3.0720360162633327,4.0
alt_corrected,3.121841888790757,3.1488567802440364,4.0
alt_corrected_unif,3.160184680075257,3.1871995715285366,4.0
alt_uncorrected,4.031662360388681,4.058677251841961,4.0
