,Rseq_targets,Rseq_hits,Rfrequency
true_Rseq,3.5198350208818354,3.5198350208818354,4.0
alt_corrected,3.485037326711695,3.485037326711695,4.0
alt_corrected_unif,3.593940209915526,3.593940209915526,4.0
alt_uncorrected,4.4654178902289505,4.4654178902289505,4.0
