,Rseq_targets,Rseq_hits,Rfrequency
true_Rseq,4.3458367146503285,4.3458367146503285,4.0
alt_corrected,4.286522052788495,4.286522052788495,4.0
alt_corrected_unif,4.306241073381324,4.306241073381324,4.0
alt_uncorrected,5.177718753694748,5.177718753694748,4.0
