,Rseq_targets,Rseq_hits,Rfrequency
true_Rseq,3.8703928079976286,3.8703928079976286,4.0
alt_corrected,3.960942114498528,3.960942114498528,4.0
alt_corrected_unif,3.987443089052397,3.987443089052397,4.0
alt_uncorrected,4.858920769365821,4.858920769365821,4.0
