,Rseq_targets,Rseq_hits,Rfrequency
true_Rseq,5.184045218684715,5.184045218684715,4.0
alt_corrected,5.192070701703182,5.192070701703182,4.0
alt_corrected_unif,5.19584782512497,5.19584782512497,4.0
alt_uncorrected,6.067325505438394,6.067325505438394,4.0
