,Rseq_targets,Rseq_hits,Rfrequency
true_Rseq,5.211109269776413,5.211109269776413,4.0
alt_corrected,4.843380143791283,4.843380143791283,4.0
alt_corrected_unif,4.982029191667618,4.982029191667618,4.0
alt_uncorrected,5.8535068719810415,5.8535068719810415,4.0
