,Rseq_targets,Rseq_hits,Rfrequency
true_Rseq,4.24250835888788,4.24250835888788,4.0
alt_corrected,4.258842717314003,4.258842717314003,4.0
alt_corrected_unif,4.295902389555158,4.295902389555158,4.0
alt_uncorrected,5.167380069868582,5.167380069868582,4.0
