,Rseq_targets,Rseq_hits,Rfrequency
true_Rseq,4.976898354090277,4.976898354090277,4.0
alt_corrected,4.619886909916571,4.619886909916571,4.0
alt_corrected_unif,4.791862489295745,4.791862489295745,4.0
alt_uncorrected,5.663340169609169,5.663340169609169,4.0
