,Rseq_targets,Rseq_hits,Rfrequency
true_Rseq,2.0832329875400113,3.4404236986258177,4.0
alt_corrected,2.1115416657265125,3.4384651437284517,4.0
alt_corrected_unif,2.158047359209886,3.4849708372118253,4.0
alt_uncorrected,3.0295250395233104,4.35644851752525,4.0
