,Rseq_targets,Rseq_hits,Rfrequency
true_Rseq,4.266281927897057,4.266281927897057,4.0
alt_corrected,4.270978262335142,4.270978262335142,4.0
alt_corrected_unif,4.28283170887145,4.28283170887145,4.0
alt_uncorrected,5.154309389184874,5.154309389184874,4.0
