,Rseq_targets,Rseq_hits,Rfrequency
true_Rseq,3.9807054025278044,3.9807054025278044,4.0
alt_corrected,3.8841709279188383,3.8841709279188383,4.0
alt_corrected_unif,3.907635309234649,3.907635309234649,4.0
alt_uncorrected,4.779112989548073,4.779112989548073,4.0
