,Rseq_targets,Rseq_hits,Rfrequency
true_Rseq,4.323250854631553,4.323250854631553,4.0
alt_corrected,4.375081447112897,4.375081447112897,4.0
alt_corrected_unif,4.402287895212867,4.402287895212867,4.0
alt_uncorrected,5.273765575526291,5.273765575526291,4.0
