,Rseq_targets,Rseq_hits,Rfrequency
true_Rseq,2.6702483482907766,3.339998349674894,4.0
alt_corrected,2.7431226559505246,3.3571881278685782,4.0
alt_corrected_unif,2.8467696440866845,3.460835116004738,4.0
alt_uncorrected,3.718247324400109,4.3323127963181625,4.0
