,Rseq_targets,Rseq_hits,Rfrequency
true_Rseq,4.061185745210139,4.061185745210139,4.0
alt_corrected,4.104691237876706,4.104691237876706,4.0
alt_corrected_unif,4.108521521211365,4.108521521211365,4.0
alt_uncorrected,4.979999201524789,4.979999201524789,4.0
