,Rseq_targets,Rseq_hits,Rfrequency
true_Rseq,3.8518249010269052,3.8518249010269052,4.0
alt_corrected,3.8466103252707655,3.8466103252707655,4.0
alt_corrected_unif,3.863655393313692,3.863655393313692,4.0
alt_uncorrected,4.735133073627116,4.735133073627116,4.0
