,Rseq_targets,Rseq_hits,Rfrequency
true_Rseq,4.411529386925228,4.411529386925228,4.0
alt_corrected,4.4153404951699855,4.4153404951699855,4.0
alt_corrected_unif,4.45151170281544,4.45151170281544,4.0
alt_uncorrected,5.3229893831288635,5.3229893831288635,4.0
