,Rseq_targets,Rseq_hits,Rfrequency
true_Rseq,3.7493152824345612,3.7493152824345612,4.0
alt_corrected,3.9315301456184493,3.9315301456184493,4.0
alt_corrected_unif,3.9815187643445884,3.9815187643445884,4.0
alt_uncorrected,4.852996444658013,4.852996444658013,4.0
