,Rseq_targets,Rseq_hits,Rfrequency
true_Rseq,4.157105927387516,4.157105927387516,4.0
alt_corrected,4.215878515753392,4.215878515753392,4.0
alt_corrected_unif,4.24416149683899,4.24416149683899,4.0
alt_uncorrected,5.1156391771524135,5.1156391771524135,4.0
