,Rseq_targets,Rseq_hits,Rfrequency
true_Rseq,4.06891753278191,4.06891753278191,4.0
alt_corrected,4.099918030157046,4.099918030157046,4.0
alt_corrected_unif,4.155111281389116,4.155111281389116,4.0
alt_uncorrected,5.02658896170254,5.02658896170254,4.0
