,Rseq_targets,Rseq_hits,Rfrequency
true_Rseq,4.222608782978755,4.222608782978755,4.0
alt_corrected,3.9423195488369784,3.9423195488369784,4.0
alt_corrected_unif,4.071607448514456,4.071607448514456,4.0
alt_uncorrected,4.94308512882788,4.94308512882788,4.0
