,Rseq_targets,Rseq_hits,Rfrequency
true_Rseq,4.1374899884908345,4.1374899884908345,4.0
alt_corrected,4.103187305105388,4.103187305105388,4.0
alt_corrected_unif,4.1176500989956875,4.1176500989956875,4.0
alt_uncorrected,4.989127779309111,4.989127779309111,4.0
