,Rseq_targets,Rseq_hits,Rfrequency
true_Rseq,4.452880730981679,4.452880730981679,4.0
alt_corrected,4.317415044670169,4.317415044670169,4.0
alt_corrected_unif,4.354174562200239,4.354174562200239,4.0
alt_uncorrected,5.225652242513663,5.225652242513663,4.0
