,Rseq_targets,Rseq_hits,Rfrequency
true_Rseq,3.89537459070257,3.89537459070257,4.0
alt_corrected,3.8799987679180052,3.8799987679180052,4.0
alt_corrected_unif,3.8946148384031303,3.8946148384031303,4.0
alt_uncorrected,4.766092518716555,4.766092518716555,4.0
