,Rseq_targets,Rseq_hits,Rfrequency
true_Rseq,4.620103173580333,4.620103173580333,4.0
alt_corrected,4.5259333585229164,4.5259333585229164,4.0
alt_corrected_unif,4.601185602218477,4.601185602218477,4.0
alt_uncorrected,5.472663282531901,5.472663282531901,4.0
