,Rseq_targets,Rseq_hits,Rfrequency
true_Rseq,3.437194883522178,3.437194883522178,4.0
alt_corrected,3.3593460626324676,3.3593460626324676,4.0
alt_corrected_unif,3.37085255061869,3.37085255061869,4.0
alt_uncorrected,4.242330230932114,4.242330230932114,4.0
