,Rseq_targets,Rseq_hits,Rfrequency
true_Rseq,3.8847550457094533,3.8847550457094533,4.0
alt_corrected,4.086137364738113,4.086137364738113,4.0
alt_corrected_unif,4.165795817921158,4.165795817921158,4.0
alt_uncorrected,5.0372734982345815,5.0372734982345815,4.0
