,Rseq_targets,Rseq_hits,Rfrequency
true_Rseq,4.015794530256386,4.015794530256386,4.0
alt_corrected,4.019983902652337,4.019983902652337,4.0
alt_corrected_unif,4.071080254842714,4.071080254842714,4.0
alt_uncorrected,4.942557935156138,4.942557935156138,4.0
