,Rseq_targets,Rseq_hits,Rfrequency
true_Rseq,3.713181466787164,3.713181466787164,4.0
alt_corrected,3.453816656715302,3.453816656715302,4.0
alt_corrected_unif,3.572192625128587,3.572192625128587,4.0
alt_uncorrected,4.443670305442011,4.443670305442011,4.0
