,Rseq_targets,Rseq_hits,Rfrequency
true_Rseq,3.8759390942047363,3.900336564552436,4.0
alt_corrected,3.91884343417151,3.93925410259913,4.0
alt_corrected_unif,3.9358384734133014,3.9562491418409214,4.0
alt_uncorrected,4.807316153726726,4.827726822154346,4.0
