,Rseq_targets,Rseq_hits,Rfrequency
true_Rseq,4.8741100363758285,4.8741100363758285,4.0
alt_corrected,4.698459717813121,4.698459717813121,4.0
alt_corrected_unif,4.737623062339605,4.737623062339605,4.0
alt_uncorrected,5.6091007426530295,5.6091007426530295,4.0
