,Rseq_targets,Rseq_hits,Rfrequency
true_Rseq,4.423122478820917,4.423122478820917,4.0
alt_corrected,4.343943882256157,4.343943882256157,4.0
alt_corrected_unif,4.366510126682137,4.366510126682137,4.0
alt_uncorrected,5.2379878069955605,5.2379878069955605,4.0
