,Rseq_targets,Rseq_hits,Rfrequency
true_Rseq,4.291499860389891,4.291499860389891,4.0
alt_corrected,4.253501408739579,4.253501408739579,4.0
alt_corrected_unif,4.296434614389822,4.296434614389822,4.0
alt_uncorrected,5.167912294703246,5.167912294703246,4.0
