,Rseq_targets,Rseq_hits,Rfrequency
true_Rseq,3.734231037319282,3.734231037319282,4.0
alt_corrected,3.5734687325983936,3.5734687325983936,4.0
alt_corrected_unif,3.6121322547683294,3.6121322547683294,4.0
alt_uncorrected,4.483609935081754,4.483609935081754,4.0
