,Rseq_targets,Rseq_hits,Rfrequency
true_Rseq,4.469292104968181,4.469292104968181,4.0
alt_corrected,4.349434985031793,4.349434985031793,4.0
alt_corrected_unif,4.380998430080551,4.380998430080551,4.0
alt_uncorrected,5.252476110393975,5.252476110393975,4.0
