,Rseq_targets,Rseq_hits,Rfrequency
true_Rseq,3.8813730854586543,3.8813730854586543,4.0
alt_corrected,3.7704785363814683,3.7704785363814683,4.0
alt_corrected_unif,3.797299825185814,3.797299825185814,4.0
alt_uncorrected,4.668777505499238,4.668777505499238,4.0
