,Rseq_targets,Rseq_hits,Rfrequency
true_Rseq,3.9947002695866374,3.9947002695866374,4.0
alt_corrected,3.895045480690431,3.895045480690431,4.0
alt_corrected_unif,3.918180770763376,3.918180770763376,4.0
alt_uncorrected,4.7896584510768,4.7896584510768,4.0
