,Rseq_targets,Rseq_hits,Rfrequency
true_Rseq,4.479182093638914,4.479182093638914,4.0
alt_corrected,4.430555714019058,4.430555714019058,4.0
alt_corrected_unif,4.450312906727957,4.450312906727957,4.0
alt_uncorrected,5.321790587041382,5.321790587041382,4.0
