,Rseq_targets,Rseq_hits,Rfrequency
true_Rseq,4.280756566640869,4.280756566640869,4.0
alt_corrected,4.111803863139208,4.111803863139208,4.0
alt_corrected_unif,4.151554204630724,4.151554204630724,4.0
alt_uncorrected,5.023031884944148,5.023031884944148,4.0
