,Rseq_targets,Rseq_hits,Rfrequency
true_Rseq,3.8767736071609473,3.8767736071609473,4.0
alt_corrected,3.8965540018503675,3.8965540018503675,4.0
alt_corrected_unif,3.919858323168589,3.919858323168589,4.0
alt_uncorrected,4.791336003482013,4.791336003482013,4.0
