,Rseq_targets,Rseq_hits,Rfrequency
true_Rseq,3.518934370566111,3.518934370566111,4.0
alt_corrected,3.62209899509556,3.62209899509556,4.0
alt_corrected_unif,3.7249619516544734,3.7249619516544734,4.0
alt_uncorrected,4.596439631967898,4.596439631967898,4.0
