,Rseq_targets,Rseq_hits,Rfrequency
true_Rseq,3.741715642430661,3.741715642430661,4.0
alt_corrected,3.610568788871066,3.610568788871066,4.0
alt_corrected_unif,3.7014113585785737,3.7014113585785737,4.0
alt_uncorrected,4.572889038891998,4.572889038891998,4.0
