,Rseq_targets,Rseq_hits,Rfrequency
true_Rseq,4.316715235050132,4.316715235050132,4.0
alt_corrected,4.100720448867957,4.100720448867957,4.0
alt_corrected_unif,4.193286572478399,4.193286572478399,4.0
alt_uncorrected,5.064764252791824,5.064764252791824,4.0
