,Rseq_targets,Rseq_hits,Rfrequency
true_Rseq,4.170761329382371,4.170761329382371,4.0
alt_corrected,3.993622171956974,3.993622171956974,4.0
alt_corrected_unif,4.0733380826340735,4.0733380826340735,4.0
alt_uncorrected,4.944815762947498,4.944815762947498,4.0
