,Rseq_targets,Rseq_hits,Rfrequency
true_Rseq,3.326187787187582,3.326187787187582,4.0
alt_corrected,3.3976583875950124,3.3976583875950124,4.0
alt_corrected_unif,3.4719804086445474,3.4719804086445474,4.0
alt_uncorrected,4.343458088957972,4.343458088957972,4.0
