,Rseq_targets,Rseq_hits,Rfrequency
true_Rseq,4.28839242922429,4.28839242922429,4.0
alt_corrected,4.233718161122091,4.233718161122091,4.0
alt_corrected_unif,4.237548444456738,4.237548444456738,4.0
alt_uncorrected,5.109026124770162,5.109026124770162,4.0
