,Rseq_targets,Rseq_hits,Rfrequency
true_Rseq,3.4379339433685647,3.4379339433685647,4.0
alt_corrected,3.4741981050806925,3.4741981050806925,4.0
alt_corrected_unif,3.488938465906132,3.488938465906132,4.0
alt_uncorrected,4.360416146219556,4.360416146219556,4.0
