,Rseq_targets,Rseq_hits,Rfrequency
true_Rseq,4.371048612209824,4.371048612209824,4.0
alt_corrected,4.346739330808088,4.346739330808088,4.0
alt_corrected_unif,4.353332238091554,4.353332238091554,4.0
alt_uncorrected,5.224809918404977,5.224809918404977,4.0
