,Rseq_targets,Rseq_hits,Rfrequency
true_Rseq,4.029114842378693,4.029114842378693,4.0
alt_corrected,3.8843039779712494,3.8843039779712494,4.0
alt_corrected_unif,3.9844642164521598,3.9844642164521598,4.0
alt_uncorrected,4.855941896765584,4.855941896765584,4.0
