,Rseq_targets,Rseq_hits,Rfrequency
true_Rseq,4.133419750886677,4.133419750886677,4.0
alt_corrected,4.140219834624982,4.140219834624982,4.0
alt_corrected_unif,4.155126522985471,4.155126522985471,4.0
alt_uncorrected,5.026604203298896,5.026604203298896,4.0
