,Rseq_targets,Rseq_hits,Rfrequency
true_Rseq,4.160952829526114,4.160952829526114,4.0
alt_corrected,4.27980794319032,4.27980794319032,4.0
alt_corrected_unif,4.379448304504203,4.379448304504203,4.0
alt_uncorrected,5.250925984817627,5.250925984817627,4.0
