,Rseq_targets,Rseq_hits,Rfrequency
true_Rseq,4.388216696301214,4.388216696301214,4.0
alt_corrected,4.252100663292847,4.252100663292847,4.0
alt_corrected_unif,4.286175996828549,4.286175996828549,4.0
alt_uncorrected,5.157653677141973,5.157653677141973,4.0
