,Rseq_targets,Rseq_hits,Rfrequency
true_Rseq,3.792561889742318,3.792561889742318,4.0
alt_corrected,3.850578329573309,3.850578329573309,4.0
alt_corrected_unif,3.8639085224251963,3.8639085224251963,4.0
alt_uncorrected,4.735386202738621,4.735386202738621,4.0
