,Rseq_targets,Rseq_hits,Rfrequency
true_Rseq,4.630124224965609,4.630124224965609,4.0
alt_corrected,4.447828051258179,4.447828051258179,4.0
alt_corrected_unif,4.467956846657209,4.467956846657209,4.0
alt_uncorrected,5.339434526970633,5.339434526970633,4.0
