,Rseq_targets,Rseq_hits,Rfrequency
true_Rseq,4.9003020637946735,4.9003020637946735,4.0
alt_corrected,4.649150444580168,4.649150444580168,4.0
alt_corrected_unif,4.687249937520111,4.687249937520111,4.0
alt_uncorrected,5.558727617833535,5.558727617833535,4.0
