,Rseq_targets,Rseq_hits,Rfrequency
true_Rseq,4.55956822239779,4.55956822239779,4.0
alt_corrected,4.412704088845521,4.412704088845521,4.0
alt_corrected_unif,4.448523851901273,4.448523851901273,4.0
alt_uncorrected,5.320001532214697,5.320001532214697,4.0
