,Rseq_targets,Rseq_hits,Rfrequency
true_Rseq,4.402024222042509,4.402024222042509,4.0
alt_corrected,4.444676758625674,4.444676758625674,4.0
alt_corrected_unif,4.530325917757597,4.530325917757597,4.0
alt_uncorrected,5.401803598071021,5.401803598071021,4.0
