,Rseq_targets,Rseq_hits,Rfrequency
true_Rseq,4.266157741973403,4.266157741973403,4.0
alt_corrected,4.289884267542284,4.289884267542284,4.0
alt_corrected_unif,4.3629685267952105,4.3629685267952105,4.0
alt_uncorrected,5.234446207108635,5.234446207108635,4.0
