,Rseq_targets,Rseq_hits,Rfrequency
true_Rseq,4.675316816829939,4.675316816829939,4.0
alt_corrected,4.462538389513362,4.462538389513362,4.0
alt_corrected_unif,4.505693294467838,4.505693294467838,4.0
alt_uncorrected,5.3771709747812615,5.3771709747812615,4.0
