,Rseq_targets,Rseq_hits,Rfrequency
true_Rseq,3.7091159888394643,3.7091159888394643,4.0
alt_corrected,3.760368682774118,3.760368682774118,4.0
alt_corrected_unif,3.8529150559707763,3.8529150559707763,4.0
alt_uncorrected,4.724392736284201,4.724392736284201,4.0
