,Rseq_targets,Rseq_hits,Rfrequency
true_Rseq,4.086112402199088,4.086112402199088,4.0
alt_corrected,3.9609984775751585,3.9609984775751585,4.0
alt_corrected_unif,4.017721635035652,4.017721635035652,4.0
alt_uncorrected,4.889199315349077,4.889199315349077,4.0
