,Rseq_targets,Rseq_hits,Rfrequency
true_Rseq,4.049406535939225,4.049406535939225,4.0
alt_corrected,3.940889079485798,3.940889079485798,4.0
alt_corrected_unif,3.9727728734261993,3.9727728734261993,4.0
alt_uncorrected,4.844250553739624,4.844250553739624,4.0
