,Rseq_targets,Rseq_hits,Rfrequency
true_Rseq,2.5882380078160754,3.4703950864293507,4.0
alt_corrected,2.4242807861027442,3.28360758571091,4.0
alt_corrected_unif,2.4922702852123515,3.351597084820517,4.0
alt_uncorrected,3.363747965525776,4.2230747651339415,4.0
