,Rseq_targets,Rseq_hits,Rfrequency
true_Rseq,4.274054210192919,4.274054210192919,4.0
alt_corrected,3.871425739248159,3.871425739248159,4.0
alt_corrected_unif,4.105533335140592,4.105533335140592,4.0
alt_uncorrected,4.977011015454016,4.977011015454016,4.0
