,Rseq_targets,Rseq_hits,Rfrequency
true_Rseq,3.7734261999986334,3.7734261999986334,4.0
alt_corrected,3.6971125158292573,3.6971125158292573,4.0
alt_corrected_unif,3.7063532026810173,3.7063532026810173,4.0
alt_uncorrected,4.577830882994442,4.577830882994442,4.0
