,Rseq_targets,Rseq_hits,Rfrequency
true_Rseq,4.636267560661544,4.636267560661544,4.0
alt_corrected,4.500724220798285,4.500724220798285,4.0
alt_corrected_unif,4.594077482776166,4.594077482776166,4.0
alt_uncorrected,5.465555163089591,5.465555163089591,4.0
