,Rseq_targets,Rseq_hits,Rfrequency
true_Rseq,3.9270849741416214,3.9270849741416214,4.0
alt_corrected,3.9219406879609706,3.9219406879609706,4.0
alt_corrected_unif,3.939845451987472,3.939845451987472,4.0
alt_uncorrected,4.811323132300896,4.811323132300896,4.0
