,Rseq_targets,Rseq_hits,Rfrequency
true_Rseq,3.2497070816376707,3.2497070816376707,4.0
alt_corrected,2.9931650360095046,2.9931650360095046,4.0
alt_corrected_unif,3.083237132372104,3.083237132372104,4.0
alt_uncorrected,3.9547148126855283,3.9547148126855283,4.0
