,Rseq_targets,Rseq_hits,Rfrequency
true_Rseq,3.844293619559382,3.844293619559382,4.0
alt_corrected,3.7828913740032863,3.7828913740032863,4.0
alt_corrected_unif,3.817068553208746,3.817068553208746,4.0
alt_uncorrected,4.68854623352217,4.68854623352217,4.0
