,Rseq_targets,Rseq_hits,Rfrequency
true_Rseq,4.855002259875533,4.855002259875533,4.0
alt_corrected,4.653263934907176,4.653263934907176,4.0
alt_corrected_unif,4.716861161084415,4.716861161084415,4.0
alt_uncorrected,5.588338841397839,5.588338841397839,4.0
