,Rseq_targets,Rseq_hits,Rfrequency
true_Rseq,4.080864067206132,4.080864067206132,4.0
alt_corrected,4.188773966514722,4.188773966514722,4.0
alt_corrected_unif,4.21722404266988,4.21722404266988,4.0
alt_uncorrected,5.088701722983304,5.088701722983304,4.0
