,Rseq_targets,Rseq_hits,Rfrequency
true_Rseq,3.838100267189809,3.838100267189809,4.0
alt_corrected,3.7724607747557783,3.7724607747557783,4.0
alt_corrected_unif,3.789132821061884,3.789132821061884,4.0
alt_uncorrected,4.6606105013753085,4.6606105013753085,4.0
