,Rseq_targets,Rseq_hits,Rfrequency
true_Rseq,3.135502665939275,3.135502665939275,4.0
alt_corrected,3.1933968344732375,3.1933968344732375,4.0
alt_corrected_unif,3.270693195616278,3.270693195616278,4.0
alt_uncorrected,4.142170875929702,4.142170875929702,4.0
