,Rseq_targets,Rseq_hits,Rfrequency
true_Rseq,4.194683651614151,4.194683651614151,4.0
alt_corrected,4.09390512560112,4.09390512560112,4.0
alt_corrected_unif,4.204414571502403,4.204414571502403,4.0
alt_uncorrected,5.0758922518158265,5.0758922518158265,4.0
