,Rseq_targets,Rseq_hits,Rfrequency
true_Rseq,4.480224384247789,4.480224384247789,4.0
alt_corrected,4.450628916647459,4.450628916647459,4.0
alt_corrected_unif,4.45497546363344,4.45497546363344,4.0
alt_uncorrected,5.326453143946864,5.326453143946864,4.0
