,Rseq_targets,Rseq_hits,Rfrequency
true_Rseq,4.121799641503884,4.121799641503884,4.0
alt_corrected,3.923112676465871,3.923112676465871,4.0
alt_corrected_unif,3.9695468419069875,3.9695468419069875,4.0
alt_uncorrected,4.841024522220412,4.841024522220412,4.0
