,Rseq_targets,Rseq_hits,Rfrequency
true_Rseq,4.56609062204028,4.56609062204028,4.0
alt_corrected,4.550440508692965,4.550440508692965,4.0
alt_corrected_unif,4.553157032768576,4.553157032768576,4.0
alt_uncorrected,5.424634713082,5.424634713082,4.0
