,Rseq_targets,Rseq_hits,Rfrequency
true_Rseq,3.7608336548473016,3.7608336548473016,4.0
alt_corrected,3.7523677112026372,3.7523677112026372,4.0
alt_corrected_unif,3.7738991513467837,3.7738991513467837,4.0
alt_uncorrected,4.645376831660208,4.645376831660208,4.0
