,Rseq_targets,Rseq_hits,Rfrequency
true_Rseq,4.200971213456755,4.200971213456755,4.0
alt_corrected,3.922785176796392,3.922785176796392,4.0
alt_corrected_unif,4.0229038339766845,4.0229038339766845,4.0
alt_uncorrected,4.894381514290109,4.894381514290109,4.0
