,Rseq_targets,Rseq_hits,Rfrequency
true_Rseq,4.25381432707575,4.25381432707575,4.0
alt_corrected,3.995565399021602,3.995565399021602,4.0
alt_corrected_unif,4.147435494476939,4.147435494476939,4.0
alt_uncorrected,5.018913174790363,5.018913174790363,4.0
