,Rseq_targets,Rseq_hits,Rfrequency
true_Rseq,3.9510904815608443,3.9510904815608443,4.0
alt_corrected,3.8999006021720732,3.8999006021720732,4.0
alt_corrected_unif,3.905799435569628,3.905799435569628,4.0
alt_uncorrected,4.777277115883052,4.777277115883052,4.0
