,Rseq_targets,Rseq_hits,Rfrequency
true_Rseq,3.329370118199942,3.329370118199942,4.0
alt_corrected,3.4255106576468446,3.4255106576468446,4.0
alt_corrected_unif,3.44415409109669,3.44415409109669,4.0
alt_uncorrected,4.315631771410114,4.315631771410114,4.0
