,Rseq_targets,Rseq_hits,Rfrequency
true_Rseq,4.792147929166106,4.792147929166106,4.0
alt_corrected,4.715712338365804,4.715712338365804,4.0
alt_corrected_unif,4.72601196377445,4.72601196377445,4.0
alt_uncorrected,5.597489644087875,5.597489644087875,4.0
