,Rseq_targets,Rseq_hits,Rfrequency
true_Rseq,4.445569828809141,4.445569828809141,4.0
alt_corrected,4.535617792806008,4.535617792806008,4.0
alt_corrected_unif,4.559691960385168,4.559691960385168,4.0
alt_uncorrected,5.431169640698592,5.431169640698592,4.0
