,Rseq_targets,Rseq_hits,Rfrequency
true_Rseq,4.152086342816148,4.152086342816148,4.0
alt_corrected,4.3544375427438045,4.3544375427438045,4.0
alt_corrected_unif,4.408641529807282,4.408641529807282,4.0
alt_uncorrected,5.280119210120706,5.280119210120706,4.0
