,Rseq_targets,Rseq_hits,Rfrequency
true_Rseq,3.256117495731246,3.2894674143633704,4.0
alt_corrected,3.2989807182659816,3.372571648759027,4.0
alt_corrected_unif,3.327717072594384,3.4013080030874296,4.0
alt_uncorrected,4.199194752907808,4.272785683400854,4.0
