,Rseq_targets,Rseq_hits,Rfrequency
true_Rseq,3.950529661185721,3.950529661185721,4.0
alt_corrected,3.9386815312606616,3.9386815312606616,4.0
alt_corrected_unif,3.976781024200624,3.976781024200624,4.0
alt_uncorrected,4.848258704514048,4.848258704514048,4.0
