,Rseq_targets,Rseq_hits,Rfrequency
true_Rseq,4.753956275854097,4.753956275854097,4.0
alt_corrected,4.54096482711549,4.54096482711549,4.0
alt_corrected_unif,4.6465897999435075,4.6465897999435075,4.0
alt_uncorrected,5.518067480256931,5.518067480256931,4.0
