,Rseq_targets,Rseq_hits,Rfrequency
true_Rseq,4.341485497057818,4.341485497057818,4.0
alt_corrected,4.360253789751811,4.360253789751811,4.0
alt_corrected_unif,4.360797040334393,4.360797040334393,4.0
alt_uncorrected,5.232274720647817,5.232274720647817,4.0
