,Rseq_targets,Rseq_hits,Rfrequency
true_Rseq,3.9615130377223693,3.9615130377223693,4.0
alt_corrected,4.004960009763847,4.004960009763847,4.0
alt_corrected_unif,4.03501676780299,4.03501676780299,4.0
alt_uncorrected,4.9064944481164146,4.9064944481164146,4.0
