,Rseq_targets,Rseq_hits,Rfrequency
true_Rseq,3.91476871741812,3.91476871741812,4.0
alt_corrected,3.904067644404018,3.904067644404018,4.0
alt_corrected_unif,3.908975708074912,3.908975708074912,4.0
alt_uncorrected,4.780453388388336,4.780453388388336,4.0
