,Rseq_targets,Rseq_hits,Rfrequency
true_Rseq,3.645485353693413,3.645485353693413,4.0
alt_corrected,3.6527471262960938,3.6527471262960938,4.0
alt_corrected_unif,3.6618298037317145,3.6618298037317145,4.0
alt_uncorrected,4.533307484045139,4.533307484045139,4.0
