,Rseq_targets,Rseq_hits,Rfrequency
true_Rseq,4.3016094841405,4.3016094841405,4.0
alt_corrected,4.266024049817201,4.266024049817201,4.0
alt_corrected_unif,4.29850195941874,4.29850195941874,4.0
alt_uncorrected,5.169979639732164,5.169979639732164,4.0
