,Rseq_targets,Rseq_hits,Rfrequency
true_Rseq,3.777931434232678,3.777931434232678,4.0
alt_corrected,3.778772945388597,3.778772945388597,4.0
alt_corrected_unif,3.7826032287232514,3.7826032287232514,4.0
alt_uncorrected,4.654080909036676,4.654080909036676,4.0
