,Rseq_targets,Rseq_hits,Rfrequency
true_Rseq,3.9505062643528976,3.9505062643528976,4.0
alt_corrected,3.9327507291398374,3.9327507291398374,4.0
alt_corrected_unif,3.9332939797224173,3.9332939797224173,4.0
alt_uncorrected,4.804771660035842,4.804771660035842,4.0
