,Rseq_targets,Rseq_hits,Rfrequency
true_Rseq,4.451774671455841,4.451774671455841,4.0
alt_corrected,4.425049790653654,4.425049790653654,4.0
alt_corrected_unif,4.448354111971865,4.448354111971865,4.0
alt_uncorrected,5.319831792285289,5.319831792285289,4.0
