,Rseq_targets,Rseq_hits,Rfrequency
true_Rseq,4.176022688813099,4.176022688813099,4.0
alt_corrected,3.8699118274636795,3.8699118274636795,4.0
alt_corrected_unif,3.9720245130839458,3.9720245130839458,4.0
alt_uncorrected,4.84350219339737,4.84350219339737,4.0
