,Rseq_targets,Rseq_hits,Rfrequency
true_Rseq,3.7225725689313425,3.7225725689313425,4.0
alt_corrected,3.7991877117590978,3.7991877117590978,4.0
alt_corrected_unif,3.827470692844695,3.827470692844695,4.0
alt_uncorrected,4.698948373158119,4.698948373158119,4.0
