,Rseq_targets,Rseq_hits,Rfrequency
true_Rseq,4.056340390184074,4.056340390184074,4.0
alt_corrected,4.211623613739531,4.211623613739531,4.0
alt_corrected_unif,4.3313730941925055,4.3313730941925055,4.0
alt_uncorrected,5.202850774505929,5.202850774505929,4.0
