,Rseq_targets,Rseq_hits,Rfrequency
true_Rseq,4.4048397065600895,4.4048397065600895,4.0
alt_corrected,4.314604480163542,4.314604480163542,4.0
alt_corrected_unif,4.328742569613691,4.328742569613691,4.0
alt_uncorrected,5.200220249927116,5.200220249927116,4.0
