,Rseq_targets,Rseq_hits,Rfrequency
true_Rseq,4.606328179833497,4.606328179833497,4.0
alt_corrected,4.643965791950013,4.643965791950013,4.0
alt_corrected_unif,4.668990764950083,4.668990764950083,4.0
alt_uncorrected,5.540468445263507,5.540468445263507,4.0
