,Rseq_targets,Rseq_hits,Rfrequency
true_Rseq,2.870858815554975,2.870858815554975,4.0
alt_corrected,3.0714705906864253,3.0714705906864253,4.0
alt_corrected_unif,3.140627803676248,3.140627803676248,4.0
alt_uncorrected,4.012105483989672,4.012105483989672,4.0
