,Rseq_targets,Rseq_hits,Rfrequency
true_Rseq,4.384792307598404,4.384792307598404,4.0
alt_corrected,4.442804270464874,4.442804270464874,4.0
alt_corrected_unif,4.459532865489654,4.459532865489654,4.0
alt_uncorrected,5.331010545803078,5.331010545803078,4.0
