,Rseq_targets,Rseq_hits,Rfrequency
true_Rseq,4.403448668756444,4.403448668756444,4.0
alt_corrected,4.408729958247465,4.408729958247465,4.0
alt_corrected_unif,4.449086122205557,4.449086122205557,4.0
alt_uncorrected,5.320563802518981,5.320563802518981,4.0
