,Rseq_targets,Rseq_hits,Rfrequency
true_Rseq,4.401133598606533,4.401133598606533,4.0
alt_corrected,4.400737615951387,4.400737615951387,4.0
alt_corrected_unif,4.402910889444387,4.402910889444387,4.0
alt_uncorrected,5.274388569757811,5.274388569757811,4.0
