,Rseq_targets,Rseq_hits,Rfrequency
true_Rseq,3.9139766177415787,3.9139766177415787,4.0
alt_corrected,3.869161408548967,3.869161408548967,4.0
alt_corrected_unif,3.910912946736285,3.910912946736285,4.0
alt_uncorrected,4.782390627049709,4.782390627049709,4.0
