,Rseq_targets,Rseq_hits,Rfrequency
true_Rseq,4.201592619781088,4.201592619781088,4.0
alt_corrected,3.937323157041202,3.937323157041202,4.0
alt_corrected_unif,4.0295368356041905,4.0295368356041905,4.0
alt_uncorrected,4.901014515917614,4.901014515917614,4.0
