,Rseq_targets,Rseq_hits,Rfrequency
true_Rseq,4.269169060168416,4.269169060168416,4.0
alt_corrected,4.327378449850366,4.327378449850366,4.0
alt_corrected_unif,4.3750340714785345,4.3750340714785345,4.0
alt_uncorrected,5.246511751791958,5.246511751791958,4.0
