,Rseq_targets,Rseq_hits,Rfrequency
true_Rseq,4.120187038858936,4.120187038858936,4.0
alt_corrected,4.251764718325286,4.251764718325286,4.0
alt_corrected_unif,4.394916413247024,4.394916413247024,4.0
alt_uncorrected,5.266394093560449,5.266394093560449,4.0
