,Rseq_targets,Rseq_hits,Rfrequency
true_Rseq,4.488654663619688,4.488654663619688,4.0
alt_corrected,4.126522635194106,4.126522635194106,4.0
alt_corrected_unif,4.247449220256531,4.247449220256531,4.0
alt_uncorrected,5.118926900569956,5.118926900569956,4.0
