,Rseq_targets,Rseq_hits,Rfrequency
true_Rseq,3.6703557117539685,3.6578622105418894,4.0
alt_corrected,3.6008734274678056,3.595266358615127,4.0
alt_corrected_unif,3.6179184955107346,3.612311426658056,4.0
alt_uncorrected,4.489396175824159,4.48378910697148,4.0
