,Rseq_targets,Rseq_hits,Rfrequency
true_Rseq,4.240043299098187,4.240043299098187,4.0
alt_corrected,3.975349157270769,3.975349157270769,4.0
alt_corrected_unif,4.0583721318510335,4.0583721318510335,4.0
alt_uncorrected,4.929849812164458,4.929849812164458,4.0
