,Rseq_targets,Rseq_hits,Rfrequency
true_Rseq,3.021751085474964,3.0685532444027093,4.0
alt_corrected,3.0697960001133224,3.1240812104174416,4.0
alt_corrected_unif,3.1101785891144327,3.164463799418552,4.0
alt_uncorrected,3.981656269427857,4.035941479731976,4.0
