,Rseq_targets,Rseq_hits,Rfrequency
true_Rseq,4.797045721303597,4.797045721303597,4.0
alt_corrected,4.658463526359549,4.658463526359549,4.0
alt_corrected_unif,4.7075047755882675,4.7075047755882675,4.0
alt_uncorrected,5.578982455901691,5.578982455901691,4.0
