,Rseq_targets,Rseq_hits,Rfrequency
true_Rseq,4.407814484737179,4.407814484737179,4.0
alt_corrected,4.289928195024579,4.289928195024579,4.0
alt_corrected_unif,4.379342917170375,4.379342917170375,4.0
alt_uncorrected,5.250820597483799,5.250820597483799,4.0
