,Rseq_targets,Rseq_hits,Rfrequency
true_Rseq,4.41712715592427,4.41712715592427,4.0
alt_corrected,4.281303591611721,4.281303591611721,4.0
alt_corrected_unif,4.336640179713601,4.336640179713601,4.0
alt_uncorrected,5.208117860027025,5.208117860027025,4.0
