,Rseq_targets,Rseq_hits,Rfrequency
true_Rseq,3.756907000083192,3.756907000083192,4.0
alt_corrected,3.5697103484090165,3.5697103484090165,4.0
alt_corrected_unif,3.7063828970506463,3.7063828970506463,4.0
alt_uncorrected,4.577860577364071,4.577860577364071,4.0
