,Rseq_targets,Rseq_hits,Rfrequency
true_Rseq,3.766304146737169,3.766304146737169,4.0
alt_corrected,3.695021708322891,3.695021708322891,4.0
alt_corrected_unif,3.7130945279009553,3.7130945279009553,4.0
alt_uncorrected,4.58457220821438,4.58457220821438,4.0
