,Rseq_targets,Rseq_hits,Rfrequency
true_Rseq,5.00556668399189,5.00556668399189,4.0
alt_corrected,4.554641005106296,4.554641005106296,4.0
alt_corrected_unif,4.877552907403173,4.877552907403173,4.0
alt_uncorrected,5.749030587716597,5.749030587716597,4.0
