,Rseq_targets,Rseq_hits,Rfrequency
true_Rseq,5.27179536348415,5.27179536348415,4.0
alt_corrected,5.371804611286545,5.371804611286545,4.0
alt_corrected_unif,5.386819647751015,5.386819647751015,4.0
alt_uncorrected,6.2582973280644385,6.2582973280644385,4.0
