,Rseq_targets,Rseq_hits,Rfrequency
true_Rseq,4.523743953623556,4.523743953623556,4.0
alt_corrected,4.708892827484272,4.708892827484272,4.0
alt_corrected_unif,4.7386824955795,4.7386824955795,4.0
alt_uncorrected,5.610160175892924,5.610160175892924,4.0
