,Rseq_targets,Rseq_hits,Rfrequency
true_Rseq,5.042668418320355,5.042668418320355,4.0
alt_corrected,4.531151919051112,4.531151919051112,4.0
alt_corrected_unif,4.655643606858817,4.655643606858817,4.0
alt_uncorrected,5.527121287172241,5.527121287172241,4.0
