,Rseq_targets,Rseq_hits,Rfrequency
true_Rseq,4.2482008085257075,4.2482008085257075,4.0
alt_corrected,4.211309097178651,4.211309097178651,4.0
alt_corrected_unif,4.252458964591499,4.252458964591499,4.0
alt_uncorrected,5.123936644904923,5.123936644904923,4.0
