,Rseq_targets,Rseq_hits,Rfrequency
true_Rseq,4.346334002231876,4.346334002231876,4.0
alt_corrected,4.06271906826034,4.06271906826034,4.0
alt_corrected_unif,4.153950620262487,4.153950620262487,4.0
alt_uncorrected,5.025428300575911,5.025428300575911,4.0
