,Rseq_targets,Rseq_hits,Rfrequency
true_Rseq,3.634837008405709,3.634837008405709,4.0
alt_corrected,3.6267838155062226,3.6267838155062226,4.0
alt_corrected_unif,3.702130585434929,3.702130585434929,4.0
alt_uncorrected,4.573608265748353,4.573608265748353,4.0
