,Rseq_targets,Rseq_hits,Rfrequency
true_Rseq,4.026462562632404,4.026462562632404,4.0
alt_corrected,3.9955513237545364,3.9955513237545364,4.0
alt_corrected_unif,4.027852880336718,4.027852880336718,4.0
alt_uncorrected,4.899330560650142,4.899330560650142,4.0
