,Rseq_targets,Rseq_hits,Rfrequency
true_Rseq,3.2870661423566094,3.2870661423566094,4.0
alt_corrected,3.377752131775067,3.377752131775067,4.0
alt_corrected_unif,3.410932515459057,3.410932515459057,4.0
alt_uncorrected,4.282410195772481,4.282410195772481,4.0
