,Rseq_targets,Rseq_hits,Rfrequency
true_Rseq,3.1001624137770403,3.1001624137770403,4.0
alt_corrected,3.201782254436518,3.201782254436518,4.0
alt_corrected_unif,3.233716982558287,3.233716982558287,4.0
alt_uncorrected,4.105194662871711,4.105194662871711,4.0
