,Rseq_targets,Rseq_hits,Rfrequency
true_Rseq,3.9194580100946306,3.9194580100946306,4.0
alt_corrected,4.14265538498799,4.14265538498799,4.0
alt_corrected_unif,4.2487071831304775,4.2487071831304775,4.0
alt_uncorrected,5.120184863443902,5.120184863443902,4.0
