,Rseq_targets,Rseq_hits,Rfrequency
true_Rseq,4.271789424302931,4.271789424302931,4.0
alt_corrected,4.201741089264768,4.201741089264768,4.0
alt_corrected_unif,4.215329408214789,4.215329408214789,4.0
alt_uncorrected,5.086807088528213,5.086807088528213,4.0
