,Rseq_targets,Rseq_hits,Rfrequency
true_Rseq,4.728863844327311,4.728863844327311,4.0
alt_corrected,4.746531573694457,4.746531573694457,4.0
alt_corrected_unif,4.752982649666155,4.752982649666155,4.0
alt_uncorrected,5.62446032997958,5.62446032997958,4.0
