,Rseq_targets,Rseq_hits,Rfrequency
true_Rseq,4.218676312019012,4.218676312019012,4.0
alt_corrected,3.994052558038619,3.994052558038619,4.0
alt_corrected_unif,4.061196186478854,4.061196186478854,4.0
alt_uncorrected,4.932673866792278,4.932673866792278,4.0
