,Rseq_targets,Rseq_hits,Rfrequency
true_Rseq,4.1966016844644685,4.1966016844644685,4.0
alt_corrected,4.127220607797055,4.127220607797055,4.0
alt_corrected_unif,4.156775211142882,4.156775211142882,4.0
alt_uncorrected,5.028252891456306,5.028252891456306,4.0
