,Rseq_targets,Rseq_hits,Rfrequency
true_Rseq,2.306033119754943,3.2533550480530984,4.0
alt_corrected,2.1659254020197203,3.128967467128056,4.0
alt_corrected_unif,2.21929171583238,3.182333780940716,4.0
alt_uncorrected,3.0907693961458045,4.05381146125414,4.0
