,Rseq_targets,Rseq_hits,Rfrequency
true_Rseq,4.5266381396646,4.5266381396646,4.0
alt_corrected,4.282509045819811,4.282509045819811,4.0
alt_corrected_unif,4.440646119755863,4.440646119755863,4.0
alt_uncorrected,5.312123800069288,5.312123800069288,4.0
