,Rseq_targets,Rseq_hits,Rfrequency
true_Rseq,4.501256738879954,4.501256738879954,4.0
alt_corrected,4.459021876223405,4.459021876223405,4.0
alt_corrected_unif,4.574557034439319,4.574557034439319,4.0
alt_uncorrected,5.446034714752743,5.446034714752743,4.0
