,Rseq_targets,Rseq_hits,Rfrequency
true_Rseq,4.186634963232872,4.186634963232872,4.0
alt_corrected,4.152985622741699,4.152985622741699,4.0
alt_corrected_unif,4.165052031017227,4.165052031017227,4.0
alt_uncorrected,5.036529711330652,5.036529711330652,4.0
