,Rseq_targets,Rseq_hits,Rfrequency
true_Rseq,4.518277761327042,4.518277761327042,4.0
alt_corrected,4.347789267130204,4.347789267130204,4.0
alt_corrected_unif,4.409057069679827,4.409057069679827,4.0
alt_uncorrected,5.280534749993251,5.280534749993251,4.0
