,Rseq_targets,Rseq_hits,Rfrequency
true_Rseq,3.1175467873676634,3.1175467873676634,4.0
alt_corrected,3.187954071066178,3.187954071066178,4.0
alt_corrected_unif,3.238641090643515,3.238641090643515,4.0
alt_uncorrected,4.110118770956939,4.110118770956939,4.0
