,Rseq_targets,Rseq_hits,Rfrequency
true_Rseq,3.8841383110938983,3.8841383110938983,4.0
alt_corrected,3.8685640228233007,3.8685640228233007,4.0
alt_corrected_unif,3.8702027665626546,3.8702027665626546,4.0
alt_uncorrected,4.741680446876079,4.741680446876079,4.0
