,Rseq_targets,Rseq_hits,Rfrequency
true_Rseq,3.3244883824689566,3.3221299215935343,4.0
alt_corrected,3.348351241122361,3.38363897208701,4.0
alt_corrected_unif,3.3776793991980667,3.412967130162716,4.0
alt_uncorrected,4.249157079511491,4.28444481047614,4.0
