,Rseq_targets,Rseq_hits,Rfrequency
true_Rseq,4.588141694484215,4.588141694484215,4.0
alt_corrected,4.374241107240925,4.374241107240925,4.0
alt_corrected_unif,4.417818244698047,4.417818244698047,4.0
alt_uncorrected,5.289295925011471,5.289295925011471,4.0
