,Rseq_targets,Rseq_hits,Rfrequency
true_Rseq,3.382480596341903,3.382480596341903,4.0
alt_corrected,3.402590823876384,3.402590823876384,4.0
alt_corrected_unif,3.5010651330826295,3.5010651330826295,4.0
alt_uncorrected,4.372542813396054,4.372542813396054,4.0
