,Rseq_targets,Rseq_hits,Rfrequency
true_Rseq,4.209224013631536,4.209224013631536,4.0
alt_corrected,4.170265424356081,4.170265424356081,4.0
alt_corrected_unif,4.189984444948909,4.189984444948909,4.0
alt_uncorrected,5.0614621252623335,5.0614621252623335,4.0
