,Rseq_targets,Rseq_hits,Rfrequency
true_Rseq,3.299994029424772,3.299994029424772,4.0
alt_corrected,3.390418361140984,3.390418361140984,4.0
alt_corrected_unif,3.470605209945893,3.470605209945893,4.0
alt_uncorrected,4.342082890259317,4.342082890259317,4.0
