,Rseq_targets,Rseq_hits,Rfrequency
true_Rseq,4.304203972719227,4.304203972719227,4.0
alt_corrected,3.961349727165348,3.961349727165348,4.0
alt_corrected_unif,4.025402028643493,4.025402028643493,4.0
alt_uncorrected,4.8968797089569165,4.8968797089569165,4.0
