,Rseq_targets,Rseq_hits,Rfrequency
true_Rseq,4.345060025247201,4.345060025247201,4.0
alt_corrected,3.825431624436945,3.825431624436945,4.0
alt_corrected_unif,4.009949947767124,4.009949947767124,4.0
alt_uncorrected,4.881427628080548,4.881427628080548,4.0
