,Rseq_targets,Rseq_hits,Rfrequency
true_Rseq,4.2329494082174906,4.2329494082174906,4.0
alt_corrected,4.0567169676881125,4.0567169676881125,4.0
alt_corrected_unif,4.1109209547515775,4.1109209547515775,4.0
alt_uncorrected,4.982398635065001,4.982398635065001,4.0
