,Rseq_targets,Rseq_hits,Rfrequency
true_Rseq,4.429113597130946,4.429113597130946,4.0
alt_corrected,4.443108509157286,4.443108509157286,4.0
alt_corrected_unif,4.472898177252512,4.472898177252512,4.0
alt_uncorrected,5.344375857565937,5.344375857565937,4.0
