,Rseq_targets,Rseq_hits,Rfrequency
true_Rseq,4.325721979665195,4.325721979665195,4.0
alt_corrected,4.421076481314882,4.421076481314882,4.0
alt_corrected_unif,4.460531926935374,4.460531926935374,4.0
alt_uncorrected,5.332009607248798,5.332009607248798,4.0
