,Rseq_targets,Rseq_hits,Rfrequency
true_Rseq,5.3775563857690685,5.255000136850802,4.0
alt_corrected,5.062383327126739,4.922663179451661,4.0
alt_corrected_unif,5.10947743207001,4.969757284394932,4.0
alt_uncorrected,5.980955112383435,5.841234964708356,4.0
