,Rseq_targets,Rseq_hits,Rfrequency
true_Rseq,5.268163204849918,5.268163204849918,4.0
alt_corrected,4.994067338207732,4.994067338207732,4.0
alt_corrected_unif,5.024855638991379,5.024855638991379,4.0
alt_uncorrected,5.896333319304804,5.896333319304804,4.0
