,Rseq_targets,Rseq_hits,Rfrequency
true_Rseq,3.9788099300374142,3.9788099300374142,4.0
alt_corrected,3.9729626774085944,3.9729626774085944,4.0
alt_corrected_unif,4.015035435536614,4.015035435536614,4.0
alt_uncorrected,4.886513115850038,4.886513115850038,4.0
