,Rseq_targets,Rseq_hits,Rfrequency
true_Rseq,4.763798661584848,4.763798661584848,4.0
alt_corrected,4.413001699914564,4.413001699914564,4.0
alt_corrected_unif,4.665392405773284,4.665392405773284,4.0
alt_uncorrected,5.536870086086708,5.536870086086708,4.0
