,Rseq_targets,Rseq_hits,Rfrequency
true_Rseq,4.169340842269594,4.169340842269594,4.0
alt_corrected,4.09603729751934,4.09603729751934,4.0
alt_corrected_unif,4.116540986128376,4.116540986128376,4.0
alt_uncorrected,4.988018666441801,4.988018666441801,4.0
