,Rseq_targets,Rseq_hits,Rfrequency
true_Rseq,4.292104196938569,4.292104196938569,4.0
alt_corrected,4.517217527673951,4.517217527673951,4.0
alt_corrected_unif,4.591539548723482,4.591539548723482,4.0
alt_uncorrected,5.463017229036906,5.463017229036906,4.0
