,Rseq_targets,Rseq_hits,Rfrequency
true_Rseq,4.394102332652028,4.394102332652028,4.0
alt_corrected,4.277891353711131,4.277891353711131,4.0
alt_corrected_unif,4.316552363335969,4.316552363335969,4.0
alt_uncorrected,5.188030043649394,5.188030043649394,4.0
