,Rseq_targets,Rseq_hits,Rfrequency
true_Rseq,4.046508007010748,4.046508007010748,4.0
alt_corrected,3.943160909173162,3.943160909173162,4.0
alt_corrected_unif,3.9657271535991288,3.9657271535991288,4.0
alt_uncorrected,4.837204833912553,4.837204833912553,4.0
