,Rseq_targets,Rseq_hits,Rfrequency
true_Rseq,3.8267143852719947,3.8267143852719947,4.0
alt_corrected,3.8514545961558833,3.8514545961558833,4.0
alt_corrected_unif,3.868126642461989,3.868126642461989,4.0
alt_uncorrected,4.739604322775413,4.739604322775413,4.0
