,Rseq_targets,Rseq_hits,Rfrequency
true_Rseq,4.172115660260554,4.172115660260554,4.0
alt_corrected,4.15351888867065,4.15351888867065,4.0
alt_corrected_unif,4.191007792116396,4.191007792116396,4.0
alt_uncorrected,5.06248547242982,5.06248547242982,4.0
