,Rseq_targets,Rseq_hits,Rfrequency
true_Rseq,4.254029188860797,4.254029188860797,4.0
alt_corrected,4.253763777773446,4.253763777773446,4.0
alt_corrected_unif,4.296769830877086,4.296769830877086,4.0
alt_uncorrected,5.16824751119051,5.16824751119051,4.0
