,Rseq_targets,Rseq_hits,Rfrequency
true_Rseq,4.068245090835833,4.068245090835833,4.0
alt_corrected,4.114871114547622,4.114871114547622,4.0
alt_corrected_unif,4.1358680249381194,4.1358680249381194,4.0
alt_uncorrected,5.007345705251543,5.007345705251543,4.0
