,Rseq_targets,Rseq_hits,Rfrequency
true_Rseq,4.34874940683106,4.34874940683106,4.0
alt_corrected,4.467104337052774,4.467104337052774,4.0
alt_corrected_unif,4.524849542468221,4.524849542468221,4.0
alt_uncorrected,5.396327222781645,5.396327222781645,4.0
