,Rseq_targets,Rseq_hits,Rfrequency
true_Rseq,3.8838263431654765,3.8838263431654765,4.0
alt_corrected,3.9838914823193416,3.9838914823193416,4.0
alt_corrected_unif,4.014231686576553,4.014231686576553,4.0
alt_uncorrected,4.885709366889977,4.885709366889977,4.0
