,Rseq_targets,Rseq_hits,Rfrequency
true_Rseq,4.511072258748706,4.511072258748706,4.0
alt_corrected,4.542654620017897,4.542654620017897,4.0
alt_corrected_unif,4.5813181421878415,4.5813181421878415,4.0
alt_uncorrected,5.452795822501265,5.452795822501265,4.0
