,Rseq_targets,Rseq_hits,Rfrequency
true_Rseq,3.4503641787441506,3.4503641787441506,4.0
alt_corrected,3.4373595256634695,3.4373595256634695,4.0
alt_corrected_unif,3.449784056553289,3.449784056553289,4.0
alt_uncorrected,4.321261736866713,4.321261736866713,4.0
