,Rseq_targets,Rseq_hits,Rfrequency
true_Rseq,4.487703819008719,4.487703819008719,4.0
alt_corrected,4.062107859776189,4.062107859776189,4.0
alt_corrected_unif,4.203046337198479,4.203046337198479,4.0
alt_uncorrected,5.074524017511904,5.074524017511904,4.0
