,Rseq_targets,Rseq_hits,Rfrequency
true_Rseq,4.746433844507903,4.746433844507903,4.0
alt_corrected,4.223029932222643,4.223029932222643,4.0
alt_corrected_unif,4.412975455677227,4.412975455677227,4.0
alt_uncorrected,5.284453135990651,5.284453135990651,4.0
