,Rseq_targets,Rseq_hits,Rfrequency
true_Rseq,-0.217981819257675,3.7147029632912734,4.0
alt_corrected,-0.04102068367465117,3.7362920046877304,4.0
alt_corrected_unif,0.17824497113860938,3.955557659500991,4.0
alt_uncorrected,1.0497226514520337,4.827035339814415,4.0
