,Rseq_targets,Rseq_hits,Rfrequency
true_Rseq,3.8727470936594592,3.8727470936594592,4.0
alt_corrected,3.8906412725231725,3.8906412725231725,4.0
alt_corrected_unif,3.9121727126673096,3.9121727126673096,4.0
alt_uncorrected,4.783650392980734,4.783650392980734,4.0
