,Rseq_targets,Rseq_hits,Rfrequency
true_Rseq,0.6683656188217437,2.2754804398960378,4.0
alt_corrected,0.8598710592905716,2.500259412319465,4.0
alt_corrected_unif,1.0563068691983997,2.696695222227293,4.0
alt_uncorrected,1.927784549511824,3.5681729025407174,4.0
