,Rseq_targets,Rseq_hits,Rfrequency
true_Rseq,3.7619670953621487,3.7619670953621487,4.0
alt_corrected,3.7551145068385385,3.7551145068385385,4.0
alt_corrected_unif,3.7567532505778884,3.7567532505778884,4.0
alt_uncorrected,4.628230930891313,4.628230930891313,4.0
