,Rseq_targets,Rseq_hits,Rfrequency
true_Rseq,2.0767121042177674,3.4339028153035738,4.0
alt_corrected,2.1080131214798943,3.425686313113948,4.0
alt_corrected_unif,2.1610396982855113,3.478712889919565,4.0
alt_uncorrected,3.0325173785989357,4.350190570232989,4.0
