,Rseq_targets,Rseq_hits,Rfrequency
true_Rseq,4.28519433169693,4.28519433169693,4.0
alt_corrected,4.157315338555142,4.157315338555142,4.0
alt_corrected_unif,4.184521786655109,4.184521786655109,4.0
alt_uncorrected,5.055999466968533,5.055999466968533,4.0
