,Rseq_targets,Rseq_hits,Rfrequency
true_Rseq,4.026657928663752,4.026657928663752,4.0
alt_corrected,4.007121318222804,4.007121318222804,4.0
alt_corrected_unif,4.088992340381711,4.088992340381711,4.0
alt_uncorrected,4.960470020695136,4.960470020695136,4.0
