,Rseq_targets,Rseq_hits,Rfrequency
true_Rseq,4.122963162535906,4.122963162535906,4.0
alt_corrected,4.241970579290549,4.241970579290549,4.0
alt_corrected_unif,4.27737328868381,4.27737328868381,4.0
alt_uncorrected,5.148850968997234,5.148850968997234,4.0
