,Rseq_targets,Rseq_hits,Rfrequency
true_Rseq,3.0374062782145375,3.0374062782145375,4.0
alt_corrected,3.057540274168465,3.057540274168465,4.0
alt_corrected_unif,3.200282089482893,3.200282089482893,4.0
alt_uncorrected,4.0717597697963175,4.0717597697963175,4.0
