,Rseq_targets,Rseq_hits,Rfrequency
true_Rseq,4.367954955001029,4.367954955001029,4.0
alt_corrected,4.134966083458217,4.134966083458217,4.0
alt_corrected_unif,4.166253054435764,4.166253054435764,4.0
alt_uncorrected,5.0377307347491875,5.0377307347491875,4.0
