,Rseq_targets,Rseq_hits,Rfrequency
true_Rseq,3.9339751751455783,3.9339751751455783,4.0
alt_corrected,3.9358355092663686,3.9358355092663686,4.0
alt_corrected_unif,3.9363787598489632,3.9363787598489632,4.0
alt_uncorrected,4.807856440162388,4.807856440162388,4.0
