,Rseq_targets,Rseq_hits,Rfrequency
true_Rseq,3.9456506211913593,3.9456506211913593,4.0
alt_corrected,3.9526082608013033,3.9526082608013033,4.0
alt_corrected_unif,3.991271782971235,3.991271782971235,4.0
alt_uncorrected,4.8627494632846595,4.8627494632846595,4.0
