,Rseq_targets,Rseq_hits,Rfrequency
true_Rseq,4.644771695074643,4.644771695074643,4.0
alt_corrected,4.463755071003668,4.463755071003668,4.0
alt_corrected_unif,4.491446903432109,4.491446903432109,4.0
alt_uncorrected,5.362924583745533,5.362924583745533,4.0
