,Rseq_targets,Rseq_hits,Rfrequency
true_Rseq,4.077457946480256,4.077457946480256,4.0
alt_corrected,4.211497186423936,4.211497186423936,4.0
alt_corrected_unif,4.247668394069365,4.247668394069365,4.0
alt_uncorrected,5.1191460743827895,5.1191460743827895,4.0
