,Rseq_targets,Rseq_hits,Rfrequency
true_Rseq,4.578129962760951,4.578129962760951,4.0
alt_corrected,4.573622715223282,4.573622715223282,4.0
alt_corrected_unif,4.583024674223823,4.583024674223823,4.0
alt_uncorrected,5.454502354537247,5.454502354537247,4.0
