,Rseq_targets,Rseq_hits,Rfrequency
true_Rseq,3.866597478806261,3.866597478806261,4.0
alt_corrected,3.8447232514130842,3.8447232514130842,4.0
alt_corrected_unif,3.8506220848106216,3.8506220848106216,4.0
alt_uncorrected,4.722099765124046,4.722099765124046,4.0
