,Rseq_targets,Rseq_hits,Rfrequency
true_Rseq,3.8770909265977576,3.8770909265977576,4.0
alt_corrected,3.6097845670620976,3.6097845670620976,4.0
alt_corrected_unif,3.6705263000191883,3.6705263000191883,4.0
alt_uncorrected,4.542003980332613,4.542003980332613,4.0
