,Rseq_targets,Rseq_hits,Rfrequency
true_Rseq,4.149552472725691,4.149552472725691,4.0
alt_corrected,4.131055780435611,4.131055780435611,4.0
alt_corrected_unif,4.252761992431468,4.252761992431468,4.0
alt_uncorrected,5.124239672744893,5.124239672744893,4.0
