,Rseq_targets,Rseq_hits,Rfrequency
true_Rseq,4.775230222031103,4.775230222031103,4.0
alt_corrected,4.689243669468746,4.689243669468746,4.0
alt_corrected_unif,4.725768811956247,4.725768811956247,4.0
alt_uncorrected,5.5972464922696705,5.5972464922696705,4.0
