,Rseq_targets,Rseq_hits,Rfrequency
true_Rseq,4.521894241062286,4.521894241062286,4.0
alt_corrected,4.491610781951135,4.491610781951135,4.0
alt_corrected_unif,4.527967084358478,4.527967084358478,4.0
alt_uncorrected,5.399444764671903,5.399444764671903,4.0
