,Rseq_targets,Rseq_hits,Rfrequency
true_Rseq,3.9173606008238195,3.9173606008238195,4.0
alt_corrected,4.1222167151567035,4.1222167151567035,4.0
alt_corrected_unif,4.280171957651467,4.280171957651467,4.0
alt_uncorrected,5.151649637964891,5.151649637964891,4.0
