,Rseq_targets,Rseq_hits,Rfrequency
true_Rseq,4.202054050212899,4.202054050212899,4.0
alt_corrected,4.18697530591605,4.18697530591605,4.0
alt_corrected_unif,4.188596336834875,4.188596336834875,4.0
alt_uncorrected,5.060074017148299,5.060074017148299,4.0
