,Rseq_targets,Rseq_hits,Rfrequency
true_Rseq,4.523581300122714,4.523581300122714,4.0
alt_corrected,4.15461195749206,4.15461195749206,4.0
alt_corrected_unif,4.401923662983124,4.401923662983124,4.0
alt_uncorrected,5.273401343296548,5.273401343296548,4.0
