,Rseq_targets,Rseq_hits,Rfrequency
true_Rseq,4.1315327414831895,4.1315327414831895,4.0
alt_corrected,4.119519963990363,4.119519963990363,4.0
alt_corrected_unif,4.201218129347438,4.201218129347438,4.0
alt_uncorrected,5.072695809660862,5.072695809660862,4.0
