,Rseq_targets,Rseq_hits,Rfrequency
true_Rseq,4.8266729233820636,4.8266729233820636,4.0
alt_corrected,4.862733281636842,4.862733281636842,4.0
alt_corrected_unif,4.882318826453261,4.882318826453261,4.0
alt_uncorrected,5.753796506766685,5.753796506766685,4.0
