,Rseq_targets,Rseq_hits,Rfrequency
true_Rseq,4.49890212740661,4.49890212740661,4.0
alt_corrected,4.194330390755855,4.194330390755855,4.0
alt_corrected_unif,4.25792761693309,4.25792761693309,4.0
alt_uncorrected,5.129405297246514,5.129405297246514,4.0
