,Rseq_targets,Rseq_hits,Rfrequency
true_Rseq,4.558970968621376,4.558970968621376,4.0
alt_corrected,4.459358024257467,4.459358024257467,4.0
alt_corrected_unif,4.515640999020302,4.515640999020302,4.0
alt_uncorrected,5.387118679333726,5.387118679333726,4.0
