,Rseq_targets,Rseq_hits,Rfrequency
true_Rseq,4.313345269868566,4.313345269868566,4.0
alt_corrected,4.362268112180847,4.362268112180847,4.0
alt_corrected_unif,4.3748523805033255,4.3748523805033255,4.0
alt_uncorrected,5.246330060816749,5.246330060816749,4.0
