,Rseq_targets,Rseq_hits,Rfrequency
true_Rseq,4.536261915714146,4.536261915714146,4.0
alt_corrected,4.50168936213099,4.50168936213099,4.0
alt_corrected_unif,4.503862635623992,4.503862635623992,4.0
alt_uncorrected,5.375340315937417,5.375340315937417,4.0
