,Rseq_targets,Rseq_hits,Rfrequency
true_Rseq,3.997131173887409,3.997131173887409,4.0
alt_corrected,3.9459326858830046,3.9459326858830046,4.0
alt_corrected_unif,3.9603954797733105,3.9603954797733105,4.0
alt_uncorrected,4.831873160086735,4.831873160086735,4.0
