,Rseq_targets,Rseq_hits,Rfrequency
true_Rseq,4.381379305953043,4.381379305953043,4.0
alt_corrected,4.071174560574085,4.071174560574085,4.0
alt_corrected_unif,4.212689814110259,4.212689814110259,4.0
alt_uncorrected,5.084167494423683,5.084167494423683,4.0
