,Rseq_targets,Rseq_hits,Rfrequency
true_Rseq,3.861091362243731,3.861091362243731,4.0
alt_corrected,3.8337655201598175,3.8337655201598175,4.0
alt_corrected_unif,3.8473538391098354,3.8473538391098354,4.0
alt_uncorrected,4.71883151942326,4.71883151942326,4.0
