,Rseq_targets,Rseq_hits,Rfrequency
true_Rseq,3.999515953952029,3.999515953952029,4.0
alt_corrected,4.011334806981216,4.011334806981216,4.0
alt_corrected_unif,4.021531243675897,4.021531243675897,4.0
alt_uncorrected,4.893008923989321,4.893008923989321,4.0
