,Rseq_targets,Rseq_hits,Rfrequency
true_Rseq,3.7173153698775643,3.7173153698775643,4.0
alt_corrected,3.7086363880828475,3.7086363880828475,4.0
alt_corrected_unif,3.7694460751903036,3.7694460751903036,4.0
alt_uncorrected,4.640923755503728,4.640923755503728,4.0
