,Rseq_targets,Rseq_hits,Rfrequency
true_Rseq,3.3680082404181135,3.3680082404181135,4.0
alt_corrected,3.4021714229632347,3.4021714229632347,4.0
alt_corrected_unif,3.412633981309963,3.412633981309963,4.0
alt_uncorrected,4.284111661623387,4.284111661623387,4.0
