,Rseq_targets,Rseq_hits,Rfrequency
true_Rseq,3.969114626290919,3.969114626290919,4.0
alt_corrected,3.9536816713779324,3.9536816713779324,4.0
alt_corrected_unif,3.9662659397004023,3.9662659397004023,4.0
alt_uncorrected,4.837743620013827,4.837743620013827,4.0
