,Rseq_targets,Rseq_hits,Rfrequency
true_Rseq,3.432128107473237,3.432128107473237,4.0
alt_corrected,3.265451050478301,3.265451050478301,4.0
alt_corrected_unif,3.4214273561656294,3.4214273561656294,4.0
alt_uncorrected,4.292905036479054,4.292905036479054,4.0
