,Rseq_targets,Rseq_hits,Rfrequency
true_Rseq,5.135788169996244,5.135788169996244,4.0
alt_corrected,5.154943958951085,5.154943958951085,4.0
alt_corrected_unif,5.172768047132621,5.172768047132621,4.0
alt_uncorrected,6.044245727446046,6.044245727446046,4.0
