,Rseq_targets,Rseq_hits,Rfrequency
true_Rseq,4.5279245422731975,4.5279245422731975,4.0
alt_corrected,4.316733080566512,4.316733080566512,4.0
alt_corrected_unif,4.403985963579004,4.403985963579004,4.0
alt_uncorrected,5.275463643892428,5.275463643892428,4.0
