,Rseq_targets,Rseq_hits,Rfrequency
true_Rseq,4.013881000204645,4.013881000204645,4.0
alt_corrected,4.025996960675502,4.025996960675502,4.0
alt_corrected_unif,4.081190211907572,4.081190211907572,4.0
alt_uncorrected,4.952667892220996,4.952667892220996,4.0
