,Rseq_targets,Rseq_hits,Rfrequency
true_Rseq,4.08064432251913,4.08064432251913,4.0
alt_corrected,4.106779529301544,4.106779529301544,4.0
alt_corrected_unif,4.1262141995564665,4.1262141995564665,4.0
alt_uncorrected,4.99769187986989,4.99769187986989,4.0
