,Rseq_targets,Rseq_hits,Rfrequency
true_Rseq,3.768290509898044,3.768290509898044,4.0
alt_corrected,3.9881697532300664,3.9881697532300664,4.0
alt_corrected_unif,4.060026413841415,4.060026413841415,4.0
alt_uncorrected,4.931504094154839,4.931504094154839,4.0
