,Rseq_targets,Rseq_hits,Rfrequency
true_Rseq,1.2864466339404697,2.938856752549672,4.0
alt_corrected,1.3795077297837732,2.974884275971122,4.0
alt_corrected_unif,1.43029122574585,3.0256677719331986,4.0
alt_uncorrected,2.3017689060592743,3.897145452246623,4.0
