,Rseq_targets,Rseq_hits,Rfrequency
true_Rseq,4.11324360869429,4.11324360869429,4.0
alt_corrected,4.173028765146199,4.173028765146199,4.0
alt_corrected_unif,4.235875027088959,4.235875027088959,4.0
alt_uncorrected,5.107352707402383,5.107352707402383,4.0
