,Rseq_targets,Rseq_hits,Rfrequency
true_Rseq,4.546202097249812,4.546202097249812,4.0
alt_corrected,4.446899752676712,4.446899752676712,4.0
alt_corrected_unif,4.470772683801332,4.470772683801332,4.0
alt_uncorrected,5.342250364114757,5.342250364114757,4.0
