,Rseq_targets,Rseq_hits,Rfrequency
true_Rseq,4.049326246825278,4.049326246825278,4.0
alt_corrected,4.200685669883978,4.200685669883978,4.0
alt_corrected_unif,4.249890144672749,4.249890144672749,4.0
alt_uncorrected,5.121367824986173,5.121367824986173,4.0
