,Rseq_targets,Rseq_hits,Rfrequency
true_Rseq,4.289363706900689,4.289363706900689,4.0
alt_corrected,4.117733286600208,4.117733286600208,4.0
alt_corrected_unif,4.1744565502318345,4.1744565502318345,4.0
alt_uncorrected,5.045934230545258,5.045934230545258,4.0
