,Rseq_targets,Rseq_hits,Rfrequency
true_Rseq,4.551798056675011,4.551798056675011,4.0
alt_corrected,4.223945469417597,4.223945469417597,4.0
alt_corrected_unif,4.415016604874699,4.415016604874699,4.0
alt_uncorrected,5.286494285188123,5.286494285188123,4.0
