,Rseq_targets,Rseq_hits,Rfrequency
true_Rseq,1.212076076428188,2.6561240571195146,4.0
alt_corrected,1.2195122541215615,2.655160630278721,4.0
alt_corrected_unif,1.49030734691065,2.9259557230678097,4.0
alt_uncorrected,2.3617850272240744,3.797433403381234,4.0
