,Rseq_targets,Rseq_hits,Rfrequency
true_Rseq,4.512640576984068,4.512640576984068,4.0
alt_corrected,4.533193523714644,4.533193523714644,4.0
alt_corrected_unif,4.60795457429929,4.60795457429929,4.0
alt_uncorrected,5.479432254612715,5.479432254612715,4.0
