,Rseq_targets,Rseq_hits,Rfrequency
true_Rseq,-0.22472553956238883,2.9673555737916217,4.0
alt_corrected,-0.061030136117424805,3.156934775733974,4.0
alt_corrected_unif,-0.004747161354587748,3.213217750496811,4.0
alt_uncorrected,0.8667305189588366,4.0846954308102355,4.0
