,Rseq_targets,Rseq_hits,Rfrequency
true_Rseq,4.156916739777282,4.156916739777282,4.0
alt_corrected,4.223355699375432,4.223355699375432,4.0
alt_corrected_unif,4.2631284597827666,4.2631284597827666,4.0
alt_uncorrected,5.13460614009619,5.13460614009619,4.0
