,Rseq_targets,Rseq_hits,Rfrequency
true_Rseq,3.099090692513248,3.099090692513248,4.0
alt_corrected,3.154527885021404,3.154527885021404,4.0
alt_corrected_unif,3.20695809513134,3.20695809513134,4.0
alt_uncorrected,4.078435775444764,4.078435775444764,4.0
