,Rseq_targets,Rseq_hits,Rfrequency
true_Rseq,4.51083308941136,4.51083308941136,4.0
alt_corrected,4.340261239621541,4.340261239621541,4.0
alt_corrected_unif,4.435643437850114,4.435643437850114,4.0
alt_uncorrected,5.307121118163538,5.307121118163538,4.0
