,Rseq_targets,Rseq_hits,Rfrequency
true_Rseq,3.7682681016669566,3.7682681016669566,4.0
alt_corrected,3.4310728274474123,3.4310728274474123,4.0
alt_corrected_unif,3.5203741031387863,3.5203741031387863,4.0
alt_uncorrected,4.391851783452211,4.391851783452211,4.0
