,Rseq_targets,Rseq_hits,Rfrequency
true_Rseq,4.269298780288576,4.269298780288576,4.0
alt_corrected,4.300097187773544,4.300097187773544,4.0
alt_corrected_unif,4.315003876134034,4.315003876134034,4.0
alt_uncorrected,5.1864815564474585,5.1864815564474585,4.0
