,Rseq_targets,Rseq_hits,Rfrequency
true_Rseq,3.8054589578893,3.8054589578893,4.0
alt_corrected,3.824432030561857,3.824432030561857,4.0
alt_corrected_unif,3.83904810104699,3.83904810104699,4.0
alt_uncorrected,4.710525781360414,4.710525781360414,4.0
