,Rseq_targets,Rseq_hits,Rfrequency
true_Rseq,4.360530017454973,4.360530017454973,4.0
alt_corrected,4.223043366519171,4.223043366519171,4.0
alt_corrected_unif,4.264380841239021,4.264380841239021,4.0
alt_uncorrected,5.135858521552445,5.135858521552445,4.0
