,Rseq_targets,Rseq_hits,Rfrequency
true_Rseq,4.173156711460786,4.173156711460786,4.0
alt_corrected,3.9140359204046864,3.9140359204046864,4.0
alt_corrected_unif,4.021801329791334,4.021801329791334,4.0
alt_uncorrected,4.8932790101047585,4.8932790101047585,4.0
