,Rseq_targets,Rseq_hits,Rfrequency
true_Rseq,4.300017613959591,4.300017613959591,4.0
alt_corrected,4.136231608715304,4.136231608715304,4.0
alt_corrected_unif,4.156460520796312,4.156460520796312,4.0
alt_uncorrected,5.027938201109737,5.027938201109737,4.0
