,Rseq_targets,Rseq_hits,Rfrequency
true_Rseq,4.679752059917094,4.679752059917094,4.0
alt_corrected,4.588161526193195,4.588161526193195,4.0
alt_corrected_unif,4.651408952600994,4.651408952600994,4.0
alt_uncorrected,5.5228866329144175,5.5228866329144175,4.0
