,Rseq_targets,Rseq_hits,Rfrequency
true_Rseq,4.285433940700667,4.285433940700667,4.0
alt_corrected,4.364734780697352,4.364734780697352,4.0
alt_corrected_unif,4.3888089482765125,4.3888089482765125,4.0
alt_uncorrected,5.260286628589936,5.260286628589936,4.0
