,Rseq_targets,Rseq_hits,Rfrequency
true_Rseq,3.918214643915954,3.8295264008476178,4.0
alt_corrected,3.811401977031547,3.7046195703885245,4.0
alt_corrected_unif,3.8497447683160417,3.7429623616730194,4.0
alt_uncorrected,4.721222448629466,4.614440041986444,4.0
