,Rseq_targets,Rseq_hits,Rfrequency
true_Rseq,3.8796677951522476,3.8796677951522476,4.0
alt_corrected,3.9969665407776307,3.9969665407776307,4.0
alt_corrected_unif,4.056313997232463,4.056313997232463,4.0
alt_uncorrected,4.927791677545887,4.927791677545887,4.0
