,Rseq_targets,Rseq_hits,Rfrequency
true_Rseq,4.336338909040393,4.336338909040393,4.0
alt_corrected,4.413088496701262,4.413088496701262,4.0
alt_corrected_unif,4.494716289285046,4.494716289285046,4.0
alt_uncorrected,5.36619396959847,5.36619396959847,4.0
