,Rseq_targets,Rseq_hits,Rfrequency
true_Rseq,4.205171207380577,4.205171207380577,4.0
alt_corrected,4.165504154405591,4.165504154405591,4.0
alt_corrected_unif,4.170938287669033,4.170938287669033,4.0
alt_uncorrected,5.042415967982457,5.042415967982457,4.0
