,Rseq_targets,Rseq_hits,Rfrequency
true_Rseq,4.2401873545946245,4.2401873545946245,4.0
alt_corrected,4.270948085074439,4.270948085074439,4.0
alt_corrected_unif,4.27366460915005,4.27366460915005,4.0
alt_uncorrected,5.1451422894634735,5.1451422894634735,4.0
