,Rseq_targets,Rseq_hits,Rfrequency
true_Rseq,3.4900060914576825,3.4900060914576825,4.0
alt_corrected,3.522801646396452,3.522801646396452,4.0
alt_corrected_unif,3.6117377413913174,3.6117377413913174,4.0
alt_uncorrected,4.483215421704742,4.483215421704742,4.0
