,Rseq_targets,Rseq_hits,Rfrequency
true_Rseq,4.182134881230251,4.182134881230251,4.0
alt_corrected,4.058903065339313,4.058903065339313,4.0
alt_corrected_unif,4.127623734126004,4.127623734126004,4.0
alt_uncorrected,4.999101414439429,4.999101414439429,4.0
