,Rseq_targets,Rseq_hits,Rfrequency
true_Rseq,3.6732636314796503,3.6732636314796503,4.0
alt_corrected,3.6661761905512606,3.6661761905512606,4.0
alt_corrected_unif,3.707326057964108,3.707326057964108,4.0
alt_uncorrected,4.578803738277532,4.578803738277532,4.0
