,Rseq_targets,Rseq_hits,Rfrequency
true_Rseq,3.726603650267683,3.726603650267683,4.0
alt_corrected,3.72344582340037,3.72344582340037,4.0
alt_corrected_unif,3.7558105747141552,3.7558105747141552,4.0
alt_uncorrected,4.62728825502758,4.62728825502758,4.0
