,Rseq_targets,Rseq_hits,Rfrequency
true_Rseq,4.38512190258948,4.3654816402124705,4.0
alt_corrected,4.387000925679466,4.369836017804733,4.0
alt_corrected_unif,4.404045993722399,4.386881085847664,4.0
alt_uncorrected,5.2755236740358225,5.258358766161089,4.0
