,Rseq_targets,Rseq_hits,Rfrequency
true_Rseq,3.98598230918903,3.98598230918903,4.0
alt_corrected,3.9052557790211972,3.9052557790211972,4.0
alt_corrected_unif,3.932471591971718,3.932471591971718,4.0
alt_uncorrected,4.803949272285142,4.803949272285142,4.0
