,Rseq_targets,Rseq_hits,Rfrequency
true_Rseq,4.387948768229855,4.387948768229855,4.0
alt_corrected,4.373799709039588,4.373799709039588,4.0
alt_corrected_unif,4.444754206035906,4.444754206035906,4.0
alt_uncorrected,5.31623188634933,5.31623188634933,4.0
