,Rseq_targets,Rseq_hits,Rfrequency
true_Rseq,4.494834166728795,4.494834166728795,4.0
alt_corrected,4.416619004909258,4.416619004909258,4.0
alt_corrected_unif,4.458691763037285,4.458691763037285,4.0
alt_uncorrected,5.330169443350709,5.330169443350709,4.0
