,Rseq_targets,Rseq_hits,Rfrequency
true_Rseq,4.890461105099446,4.890461105099446,4.0
alt_corrected,4.974305806503024,4.974305806503024,4.0
alt_corrected_unif,5.006750426112957,5.006750426112957,4.0
alt_uncorrected,5.878228106426381,5.878228106426381,4.0
