,Rseq_targets,Rseq_hits,Rfrequency
true_Rseq,3.7259324714771633,3.7259324714771633,4.0
alt_corrected,3.6533668402871387,3.6533668402871387,4.0
alt_corrected_unif,3.71264061439676,3.71264061439676,4.0
alt_uncorrected,4.584118294710184,4.584118294710184,4.0
