,Rseq_targets,Rseq_hits,Rfrequency
true_Rseq,3.979678272695679,3.979678272695679,4.0
alt_corrected,3.930382577761251,3.930382577761251,4.0
alt_corrected_unif,3.9439708967112863,3.9439708967112863,4.0
alt_uncorrected,4.815448577024711,4.815448577024711,4.0
