,Rseq_targets,Rseq_hits,Rfrequency
true_Rseq,4.460958937604765,4.460958937604765,4.0
alt_corrected,4.278945623687951,4.278945623687951,4.0
alt_corrected_unif,4.318842236100124,4.318842236100124,4.0
alt_uncorrected,5.190319916413549,5.190319916413549,4.0
