,Rseq_targets,Rseq_hits,Rfrequency
true_Rseq,4.103319619969092,4.103319619969092,4.0
alt_corrected,4.02721410816477,4.02721410816477,4.0
alt_corrected_unif,4.117333641802444,4.117333641802444,4.0
alt_uncorrected,4.988811322115869,4.988811322115869,4.0
