,Rseq_targets,Rseq_hits,Rfrequency
true_Rseq,4.79447368723411,4.79447368723411,4.0
alt_corrected,4.641258324873181,4.641258324873181,4.0
alt_corrected_unif,4.6684741378236865,4.6684741378236865,4.0
alt_uncorrected,5.539951818137111,5.539951818137111,4.0
