,Rseq_targets,Rseq_hits,Rfrequency
true_Rseq,4.956139549591795,4.956139549591795,4.0
alt_corrected,4.924893051167722,4.924893051167722,4.0
alt_corrected_unif,4.928670174589518,4.928670174589518,4.0
alt_uncorrected,5.800147854902943,5.800147854902943,4.0
