,Rseq_targets,Rseq_hits,Rfrequency
true_Rseq,-0.3341171926120676,2.513859770843986,4.0
alt_corrected,-0.25572493204368474,2.555995121489906,4.0
alt_corrected_unif,-0.17834114778590093,2.6333789057476897,4.0
alt_uncorrected,0.6931365325275234,3.504856586061114,4.0
