,Rseq_targets,Rseq_hits,Rfrequency
true_Rseq,4.344129485749523,4.344129485749523,4.0
alt_corrected,4.472079588962934,4.472079588962934,4.0
alt_corrected_unif,4.50044641541721,4.50044641541721,4.0
alt_uncorrected,5.371924095730634,5.371924095730634,4.0
