,Rseq_targets,Rseq_hits,Rfrequency
true_Rseq,3.707760911673196,3.707760911673196,4.0
alt_corrected,3.869830026498909,3.869830026498909,4.0
alt_corrected_unif,3.8956392691217627,3.8956392691217627,4.0
alt_uncorrected,4.767116949435187,4.767116949435187,4.0
