,Rseq_targets,Rseq_hits,Rfrequency
true_Rseq,4.189923186581122,4.189923186581122,4.0
alt_corrected,4.270636298594884,4.270636298594884,4.0
alt_corrected_unif,4.292167738739009,4.292167738739009,4.0
alt_uncorrected,5.1636454190524335,5.1636454190524335,4.0
