,Rseq_targets,Rseq_hits,Rfrequency
true_Rseq,3.2607158706995802,3.056713747532566,4.0
alt_corrected,3.3588817461589926,3.18159298721974,4.0
alt_corrected_unif,3.4346970202831844,3.2574082613439317,4.0
alt_uncorrected,4.306174700596609,4.128885941657356,4.0
