,Rseq_targets,Rseq_hits,Rfrequency
true_Rseq,4.322802910822013,4.322802910822013,4.0
alt_corrected,4.189796750204355,4.189796750204355,4.0
alt_corrected_unif,4.267246859746983,4.267246859746983,4.0
alt_uncorrected,5.138724540060407,5.138724540060407,4.0
