,Rseq_targets,Rseq_hits,Rfrequency
true_Rseq,3.5903121291593925,3.5903121291593925,4.0
alt_corrected,3.6203377169395674,3.6203377169395674,4.0
alt_corrected_unif,3.725015325948298,3.725015325948298,4.0
alt_uncorrected,4.596493006261722,4.596493006261722,4.0
