,Rseq_targets,Rseq_hits,Rfrequency
true_Rseq,3.821866328404427,3.821866328404427,4.0
alt_corrected,3.8455007759924493,3.8455007759924493,4.0
alt_corrected_unif,3.9008373640943215,3.9008373640943215,4.0
alt_uncorrected,4.772315044407746,4.772315044407746,4.0
