,Rseq_targets,Rseq_hits,Rfrequency
true_Rseq,4.7195758768012315,4.7195758768012315,4.0
alt_corrected,4.827309997005394,4.827309997005394,4.0
alt_corrected_unif,4.837506433700078,4.837506433700078,4.0
alt_uncorrected,5.708984114013503,5.708984114013503,4.0
