,Rseq_targets,Rseq_hits,Rfrequency
true_Rseq,4.259595443370184,4.259595443370184,4.0
alt_corrected,4.394996825063067,4.394996825063067,4.0
alt_corrected_unif,4.47363228853315,4.47363228853315,4.0
alt_uncorrected,5.3451099688465735,5.3451099688465735,4.0
