,Rseq_targets,Rseq_hits,Rfrequency
true_Rseq,4.9029015504325955,4.9029015504325955,4.0
alt_corrected,4.873774750451393,4.873774750451393,4.0
alt_corrected_unif,4.880787343107965,4.880787343107965,4.0
alt_uncorrected,5.75226502342139,5.75226502342139,4.0
