,Rseq_targets,Rseq_hits,Rfrequency
true_Rseq,4.088246042086047,4.088246042086047,4.0
alt_corrected,4.270398862186646,4.270398862186646,4.0
alt_corrected_unif,4.40154002861642,4.40154002861642,4.0
alt_uncorrected,5.273017708929844,5.273017708929844,4.0
