,Rseq_targets,Rseq_hits,Rfrequency
true_Rseq,4.258638025509595,4.258638025509595,4.0
alt_corrected,4.205192475606319,4.205192475606319,4.0
alt_corrected_unif,4.213389232818587,4.213389232818587,4.0
alt_uncorrected,5.084866913132011,5.084866913132011,4.0
