,Rseq_targets,Rseq_hits,Rfrequency
true_Rseq,3.374391883484112,3.374391883484112,4.0
alt_corrected,3.360844642324034,3.360844642324034,4.0
alt_corrected_unif,3.364621765745818,3.364621765745818,4.0
alt_uncorrected,4.236099446059242,4.236099446059242,4.0
