,Rseq_targets,Rseq_hits,Rfrequency
true_Rseq,3.85500319934072,3.85500319934072,4.0
alt_corrected,3.715541089465211,3.715541089465211,4.0
alt_corrected_unif,3.8031691674171904,3.8031691674171904,4.0
alt_uncorrected,4.674646847730615,4.674646847730615,4.0
