,Rseq_targets,Rseq_hits,Rfrequency
true_Rseq,3.974187406624557,3.974187406624557,4.0
alt_corrected,3.9817192969330275,3.9817192969330275,4.0
alt_corrected_unif,4.021474001513262,4.021474001513262,4.0
alt_uncorrected,4.892951681826686,4.892951681826686,4.0
