,Rseq_targets,Rseq_hits,Rfrequency
true_Rseq,4.161504127185085,4.161504127185085,4.0
alt_corrected,4.149446494257887,4.149446494257887,4.0
alt_corrected_unif,4.201173273913069,4.201173273913069,4.0
alt_uncorrected,5.072650954226493,5.072650954226493,4.0
