,Rseq_targets,Rseq_hits,Rfrequency
true_Rseq,4.410691592690549,4.410691592690549,4.0
alt_corrected,4.548938763197903,4.548938763197903,4.0
alt_corrected_unif,4.622183003911173,4.622183003911173,4.0
alt_uncorrected,5.493660684224597,5.493660684224597,4.0
