,Rseq_targets,Rseq_hits,Rfrequency
true_Rseq,4.304937694201537,4.304937694201537,4.0
alt_corrected,4.288247445939721,4.288247445939721,4.0
alt_corrected_unif,4.296444203151976,4.296444203151976,4.0
alt_uncorrected,5.1679218834654,5.1679218834654,4.0
