,Rseq_targets,Rseq_hits,Rfrequency
true_Rseq,3.44474173097848,3.44474173097848,4.0
alt_corrected,3.5723988727538707,3.5723988727538707,4.0
alt_corrected_unif,3.6910586985100067,3.6910586985100067,4.0
alt_uncorrected,4.562536378823431,4.562536378823431,4.0
