,Rseq_targets,Rseq_hits,Rfrequency
true_Rseq,4.05056832643246,4.05056832643246,4.0
alt_corrected,4.0135843627558785,4.0135843627558785,4.0
alt_corrected_unif,4.067788349819335,4.067788349819335,4.0
alt_uncorrected,4.9392660301327584,4.9392660301327584,4.0
