,Rseq_targets,Rseq_hits,Rfrequency
true_Rseq,3.9161615072588303,3.9161615072588303,4.0
alt_corrected,3.979729749196123,3.979729749196123,4.0
alt_corrected_unif,4.003317165161267,4.003317165161267,4.0
alt_uncorrected,4.874794845474691,4.874794845474691,4.0
