,Rseq_targets,Rseq_hits,Rfrequency
true_Rseq,4.147533244072122,4.147533244072122,4.0
alt_corrected,4.174575199094821,4.174575199094821,4.0
alt_corrected_unif,4.228530072945166,4.228530072945166,4.0
alt_uncorrected,5.10000775325859,5.10000775325859,4.0
