,Rseq_targets,Rseq_hits,Rfrequency
true_Rseq,4.349544917417965,4.349544917417965,4.0
alt_corrected,4.254770360536329,4.254770360536329,4.0
alt_corrected_unif,4.29343388270626,4.29343388270626,4.0
alt_uncorrected,5.164911563019684,5.164911563019684,4.0
