,Rseq_targets,Rseq_hits,Rfrequency
true_Rseq,-0.22363310035951756,3.4371738529349747,4.0
alt_corrected,-0.05950457512498253,3.648966316729618,4.0
alt_corrected_unif,0.11705961730101877,3.825530509155619,4.0
alt_uncorrected,0.9885372976144431,4.697008189469043,4.0
