,Rseq_targets,Rseq_hits,Rfrequency
true_Rseq,4.37569720460051,4.37569720460051,4.0
alt_corrected,4.372814091774865,4.372814091774865,4.0
alt_corrected_unif,4.391299813323295,4.391299813323295,4.0
alt_uncorrected,5.262777493636719,5.262777493636719,4.0
