,Rseq_targets,Rseq_hits,Rfrequency
true_Rseq,4.139325954950435,4.139325954950435,4.0
alt_corrected,4.037217951387074,4.037217951387074,4.0
alt_corrected_unif,4.065954305715474,4.065954305715474,4.0
alt_uncorrected,4.937431986028898,4.937431986028898,4.0
