,Rseq_targets,Rseq_hits,Rfrequency
true_Rseq,4.175494497704019,4.175494497704019,4.0
alt_corrected,4.188753013600593,4.188753013600593,4.0
alt_corrected_unif,4.2089819256815915,4.2089819256815915,4.0
alt_uncorrected,5.080459605995015,5.080459605995015,4.0
