,Rseq_targets,Rseq_hits,Rfrequency
true_Rseq,4.8401809616145375,4.8401809616145375,4.0
alt_corrected,4.812648741418818,4.812648741418818,4.0
alt_corrected_unif,4.825978934270694,4.825978934270694,4.0
alt_uncorrected,5.697456614584118,5.697456614584118,4.0
