,Rseq_targets,Rseq_hits,Rfrequency
true_Rseq,3.71227035022884,3.71227035022884,4.0
alt_corrected,3.467569738110409,3.467569738110409,4.0
alt_corrected_unif,3.4963060924388087,3.4963060924388087,4.0
alt_uncorrected,4.367783772752233,4.367783772752233,4.0
