,Rseq_targets,Rseq_hits,Rfrequency
true_Rseq,3.1663666341491616,3.1663666341491616,4.0
alt_corrected,3.360886444960112,3.360886444960112,4.0
alt_corrected_unif,3.4202339014149508,3.4202339014149508,4.0
alt_uncorrected,4.291711581728375,4.291711581728375,4.0
