,Rseq_targets,Rseq_hits,Rfrequency
true_Rseq,4.892029761079062,4.892029761079062,4.0
alt_corrected,4.4283084254530864,4.4283084254530864,4.0
alt_corrected_unif,4.670623062511607,4.670623062511607,4.0
alt_uncorrected,5.542100742825031,5.542100742825031,4.0
