,Rseq_targets,Rseq_hits,Rfrequency
true_Rseq,4.620715811751842,4.620715811751842,4.0
alt_corrected,4.48240494772754,4.48240494772754,4.0
alt_corrected_unif,4.514824510409063,4.514824510409063,4.0
alt_uncorrected,5.386302190722487,5.386302190722487,4.0
