,Rseq_targets,Rseq_hits,Rfrequency
true_Rseq,3.59544733593433,3.59544733593433,4.0
alt_corrected,3.5038292459290847,3.5038292459290847,4.0
alt_corrected_unif,3.565133310113741,3.565133310113741,4.0
alt_uncorrected,4.436610990427165,4.436610990427165,4.0
