,Rseq_targets,Rseq_hits,Rfrequency
true_Rseq,3.765540788662543,3.765540788662543,4.0
alt_corrected,3.8009138543150933,3.8009138543150933,4.0
alt_corrected_unif,3.81349812263757,3.81349812263757,4.0
alt_uncorrected,4.684975802950994,4.684975802950994,4.0
