,Rseq_targets,Rseq_hits,Rfrequency
true_Rseq,3.3518187536206474,3.3518187536206474,4.0
alt_corrected,3.0277971421108507,3.0277971421108507,4.0
alt_corrected_unif,3.136893525040159,3.136893525040159,4.0
alt_uncorrected,4.008371205353583,4.008371205353583,4.0
