,Rseq_targets,Rseq_hits,Rfrequency
true_Rseq,4.59359449500292,4.59359449500292,4.0
alt_corrected,4.379620690355511,4.379620690355511,4.0
alt_corrected_unif,4.4388944644651325,4.4388944644651325,4.0
alt_uncorrected,5.310372144778556,5.310372144778556,4.0
