,Rseq_targets,Rseq_hits,Rfrequency
true_Rseq,4.190926189605561,4.190926189605561,4.0
alt_corrected,4.114616080560024,4.114616080560024,4.0
alt_corrected_unif,4.168570954410361,4.168570954410361,4.0
alt_uncorrected,5.040048634723785,5.040048634723785,4.0
