,Rseq_targets,Rseq_hits,Rfrequency
true_Rseq,4.326347444369566,4.326347444369566,4.0
alt_corrected,4.17515753846552,4.17515753846552,4.0
alt_corrected_unif,4.239462284765583,4.239462284765583,4.0
alt_uncorrected,5.110939965079008,5.110939965079008,4.0
