,Rseq_targets,Rseq_hits,Rfrequency
true_Rseq,3.763227516506637,3.763227516506637,4.0
alt_corrected,3.9180463279987725,3.9180463279987725,4.0
alt_corrected_unif,3.9504110793125604,3.9504110793125604,4.0
alt_uncorrected,4.821888759625985,4.821888759625985,4.0
