,Rseq_targets,Rseq_hits,Rfrequency
true_Rseq,3.4944341403996244,3.56339683088464,4.0
alt_corrected,3.4920518458224556,3.5524205660731,4.0
alt_corrected_unif,3.498644753105937,3.5590134733565812,4.0
alt_uncorrected,4.370122433419361,4.430491153670006,4.0
