,Rseq_targets,Rseq_hits,Rfrequency
true_Rseq,3.923529895553399,3.923529895553399,4.0
alt_corrected,3.7499730436268184,3.7499730436268184,4.0
alt_corrected_unif,3.8144689247749883,3.8144689247749883,4.0
alt_uncorrected,4.685946605088413,4.685946605088413,4.0
