,Rseq_targets,Rseq_hits,Rfrequency
true_Rseq,3.71971259233349,3.71971259233349,4.0
alt_corrected,3.674041820129526,3.674041820129526,4.0
alt_corrected_unif,3.6810544127861013,3.6810544127861013,4.0
alt_uncorrected,4.552532093099526,4.552532093099526,4.0
