,Rseq_targets,Rseq_hits,Rfrequency
true_Rseq,4.400608531988566,4.400608531988566,4.0
alt_corrected,4.286214781169319,4.286214781169319,4.0
alt_corrected_unif,4.322739923656826,4.322739923656826,4.0
alt_uncorrected,5.19421760397025,5.19421760397025,4.0
