,Rseq_targets,Rseq_hits,Rfrequency
true_Rseq,5.519255522097708,5.396699273179442,4.0
alt_corrected,5.190537416153289,5.047860661304563,4.0
alt_corrected_unif,5.2341145536104285,5.091437798761703,4.0
alt_uncorrected,6.105592233923852,5.962915479075127,4.0
