,Rseq_targets,Rseq_hits,Rfrequency
true_Rseq,4.48794525224645,4.48794525224645,4.0
alt_corrected,4.565603282001831,4.565603282001831,4.0
alt_corrected_unif,4.573711367815164,4.573711367815164,4.0
alt_uncorrected,5.445189048128588,5.445189048128588,4.0
