,Rseq_targets,Rseq_hits,Rfrequency
true_Rseq,4.574677876516945,4.574677876516945,4.0
alt_corrected,4.631736071719816,4.631736071719816,4.0
alt_corrected_unif,4.633374815459172,4.633374815459172,4.0
alt_uncorrected,5.504852495772596,5.504852495772596,4.0
