,Rseq_targets,Rseq_hits,Rfrequency
true_Rseq,4.048616109543181,4.048616109543181,4.0
alt_corrected,3.9271869500706815,3.9271869500706815,4.0
alt_corrected_unif,3.951261117649836,3.951261117649836,4.0
alt_uncorrected,4.82273879796326,4.82273879796326,4.0
