,Rseq_targets,Rseq_hits,Rfrequency
true_Rseq,3.393248224302819,3.393248224302819,4.0
alt_corrected,3.5231695000123664,3.5231695000123664,4.0
alt_corrected_unif,3.600576366483913,3.600576366483913,4.0
alt_uncorrected,4.4720540467973375,4.4720540467973375,4.0
