,Rseq_targets,Rseq_hits,Rfrequency
true_Rseq,4.085104821120733,4.085104821120733,4.0
alt_corrected,4.250685063267218,4.250685063267218,4.0
alt_corrected_unif,4.2983763691240675,4.2983763691240675,4.0
alt_uncorrected,5.169854049437491,5.169854049437491,4.0
