,Rseq_targets,Rseq_hits,Rfrequency
true_Rseq,3.738299852955837,3.6169261960898034,4.0
alt_corrected,3.8136466434066,3.7298368565670637,4.0
alt_corrected_unif,3.8539140446420777,3.7701042578025414,4.0
alt_uncorrected,4.725391724955502,4.641581938115966,4.0
