,Rseq_targets,Rseq_hits,Rfrequency
true_Rseq,5.192239585072322,5.192239585072322,4.0
alt_corrected,4.829345755057025,4.829345755057025,4.0
alt_corrected_unif,4.890491678543233,4.890491678543233,4.0
alt_uncorrected,5.761969358856657,5.761969358856657,4.0
