,Rseq_targets,Rseq_hits,Rfrequency
true_Rseq,4.286614773367045,4.286614773367045,4.0
alt_corrected,4.263731595977866,4.263731595977866,4.0
alt_corrected_unif,4.379606781765892,4.379606781765892,4.0
alt_uncorrected,5.251084462079316,5.251084462079316,4.0
