,Rseq_targets,Rseq_hits,Rfrequency
true_Rseq,3.792810287157529,3.792810287157529,4.0
alt_corrected,3.8334212378233854,3.8334212378233854,4.0
alt_corrected_unif,3.8415293236367387,3.8415293236367387,4.0
alt_uncorrected,4.713007003950163,4.713007003950163,4.0
