,Rseq_targets,Rseq_hits,Rfrequency
true_Rseq,4.245573559313442,4.245573559313442,4.0
alt_corrected,4.055529091942465,4.055529091942465,4.0
alt_corrected_unif,4.092893119019546,4.092893119019546,4.0
alt_uncorrected,4.96437079933297,4.96437079933297,4.0
