,Rseq_targets,Rseq_hits,Rfrequency
true_Rseq,2.7732039454202635,2.7732039454202635,4.0
alt_corrected,2.8338141992657753,2.8338141992657753,4.0
alt_corrected_unif,2.991769441760541,2.991769441760541,4.0
alt_uncorrected,3.8632471220739655,3.8632471220739655,4.0
