,Rseq_targets,Rseq_hits,Rfrequency
true_Rseq,4.419883095032427,4.419883095032427,4.0
alt_corrected,4.3492017514866514,4.3492017514866514,4.0
alt_corrected_unif,4.381646371096592,4.381646371096592,4.0
alt_uncorrected,5.2531240514100155,5.2531240514100155,4.0
