,Rseq_targets,Rseq_hits,Rfrequency
true_Rseq,4.659943314110853,4.659943314110853,4.0
alt_corrected,4.379291854780359,4.379291854780359,4.0
alt_corrected_unif,4.520256596192041,4.520256596192041,4.0
alt_uncorrected,5.391734276505466,5.391734276505466,4.0
