,Rseq_targets,Rseq_hits,Rfrequency
true_Rseq,4.457971453440325,4.457971453440325,4.0
alt_corrected,4.4349163318655735,4.4349163318655735,4.0
alt_corrected_unif,4.453841561081482,4.453841561081482,4.0
alt_uncorrected,5.325319241394906,5.325319241394906,4.0
