,Rseq_targets,Rseq_hits,Rfrequency
true_Rseq,3.9773797378782527,3.9773797378782527,4.0
alt_corrected,4.0333645372649745,4.0333645372649745,4.0
alt_corrected_unif,4.050036583571067,4.050036583571067,4.0
alt_uncorrected,4.921514263884491,4.921514263884491,4.0
