,Rseq_targets,Rseq_hits,Rfrequency
true_Rseq,3.031762654060989,3.031762654060989,4.0
alt_corrected,3.1021104173722063,3.1021104173722063,4.0
alt_corrected_unif,3.1253243591740154,3.1253243591740154,4.0
alt_uncorrected,3.9968020394874397,3.9968020394874397,4.0
