,Rseq_targets,Rseq_hits,Rfrequency
true_Rseq,0.6593999573517664,2.923411405465826,4.0
alt_corrected,0.6062629164736602,2.8364420486298236,4.0
alt_corrected_unif,0.8180913890671504,3.048270521223314,4.0
alt_uncorrected,1.6895690693805747,3.919748201536738,4.0
