,Rseq_targets,Rseq_hits,Rfrequency
true_Rseq,3.4761943895475547,3.4761943895475547,4.0
alt_corrected,3.5284378117964126,3.5284378117964126,4.0
alt_corrected_unif,3.5355567886724297,3.5355567886724297,4.0
alt_uncorrected,4.407034468985854,4.407034468985854,4.0
