,Rseq_targets,Rseq_hits,Rfrequency
true_Rseq,4.33589053383765,4.33589053383765,4.0
alt_corrected,4.371437946140975,4.371437946140975,4.0
alt_corrected_unif,4.3816343828356406,4.3816343828356406,4.0
alt_uncorrected,5.253112063149064,5.253112063149064,4.0
