,Rseq_targets,Rseq_hits,Rfrequency
true_Rseq,2.886079625563738,2.886079625563738,4.0
alt_corrected,3.045183721396549,3.045183721396549,4.0
alt_corrected_unif,3.07472265402991,3.07472265402991,4.0
alt_uncorrected,3.9462003343433345,3.9462003343433345,4.0
