,Rseq_targets,Rseq_hits,Rfrequency
true_Rseq,3.8354022753397485,3.8354022753397485,4.0
alt_corrected,3.850828524757777,3.850828524757777,4.0
alt_corrected_unif,3.8728138116618465,3.8728138116618465,4.0
alt_uncorrected,4.744291491975271,4.744291491975271,4.0
