,Rseq_targets,Rseq_hits,Rfrequency
true_Rseq,4.559324617258669,4.559324617258669,4.0
alt_corrected,4.6148383750790405,4.6148383750790405,4.0
alt_corrected_unif,4.70140676343415,4.70140676343415,4.0
alt_uncorrected,5.572884443747574,5.572884443747574,4.0
