,Rseq_targets,Rseq_hits,Rfrequency
true_Rseq,4.335602070296808,4.335602070296808,4.0
alt_corrected,4.147072682643456,4.147072682643456,4.0
alt_corrected_unif,4.195182226055639,4.195182226055639,4.0
alt_uncorrected,5.066659906369063,5.066659906369063,4.0
