,Rseq_targets,Rseq_hits,Rfrequency
true_Rseq,4.142938937738682,4.142938937738682,4.0
alt_corrected,4.1448420437489775,4.1448420437489775,4.0
alt_corrected_unif,4.155038480443659,4.155038480443659,4.0
alt_uncorrected,5.026516160757083,5.026516160757083,4.0
