,Rseq_targets,Rseq_hits,Rfrequency
true_Rseq,5.211839452195815,5.211839452195815,4.0
alt_corrected,4.936807914173759,4.936807914173759,4.0
alt_corrected_unif,5.016762888998233,5.016762888998233,4.0
alt_uncorrected,5.888240569311657,5.888240569311657,4.0
