,Rseq_targets,Rseq_hits,Rfrequency
true_Rseq,3.7614789476313772,3.7614789476313772,4.0
alt_corrected,3.7398561862374455,3.7398561862374455,4.0
alt_corrected_unif,3.813163617426882,3.813163617426882,4.0
alt_uncorrected,4.684641297740306,4.684641297740306,4.0
