,Rseq_targets,Rseq_hits,Rfrequency
true_Rseq,4.497631355418472,4.497631355418472,4.0
alt_corrected,4.249497231674589,4.249497231674589,4.0
alt_corrected_unif,4.3455090957066975,4.3455090957066975,4.0
alt_uncorrected,5.216986776020122,5.216986776020122,4.0
