,Rseq_targets,Rseq_hits,Rfrequency
true_Rseq,4.399839826498619,4.399839826498619,4.0
alt_corrected,4.319555583095744,4.319555583095744,4.0
alt_corrected_unif,4.332139851418209,4.332139851418209,4.0
alt_uncorrected,5.203617531731633,5.203617531731633,4.0
