,Rseq_targets,Rseq_hits,Rfrequency
true_Rseq,2.8598057549115747,2.8598057549115747,4.0
alt_corrected,3.1176354984615693,3.1176354984615693,4.0
alt_corrected_unif,3.167950698930468,3.167950698930468,4.0
alt_uncorrected,4.039428379243892,4.039428379243892,4.0
