,Rseq_targets,Rseq_hits,Rfrequency
true_Rseq,4.023216993314124,4.023216993314124,4.0
alt_corrected,4.067721125196831,4.067721125196831,4.0
alt_corrected_unif,4.072629188867728,4.072629188867728,4.0
alt_uncorrected,4.9441068691811525,4.9441068691811525,4.0
