,Rseq_targets,Rseq_hits,Rfrequency
true_Rseq,3.5505335151495867,3.5505335151495867,4.0
alt_corrected,3.694901463498255,3.694901463498255,4.0
alt_corrected_unif,3.7835771648742837,3.7835771648742837,4.0
alt_uncorrected,4.655054845187708,4.655054845187708,4.0
