,Rseq_targets,Rseq_hits,Rfrequency
true_Rseq,4.128933984748952,4.128933984748952,4.0
alt_corrected,3.9859700701857483,3.9859700701857483,4.0
alt_corrected_unif,4.056522649483828,4.056522649483828,4.0
alt_uncorrected,4.928000329797252,4.928000329797252,4.0
