,Rseq_targets,Rseq_hits,Rfrequency
true_Rseq,4.54400728465051,4.54400728465051,4.0
alt_corrected,4.452416439722849,4.452416439722849,4.0
alt_corrected_unif,4.463922927709074,4.463922927709074,4.0
alt_uncorrected,5.335400608022498,5.335400608022498,4.0
