,Rseq_targets,Rseq_hits,Rfrequency
true_Rseq,4.561891978276214,4.561891978276214,4.0
alt_corrected,4.539349502944753,4.539349502944753,4.0
alt_corrected_unif,4.5519337712672225,4.5519337712672225,4.0
alt_uncorrected,5.423411451580647,5.423411451580647,4.0
