,Rseq_targets,Rseq_hits,Rfrequency
true_Rseq,4.709397190177814,4.709397190177814,4.0
alt_corrected,4.722061305445886,4.722061305445886,4.0
alt_corrected_unif,4.772376505914782,4.772376505914782,4.0
alt_uncorrected,5.6438541862282054,5.6438541862282054,4.0
