,Rseq_targets,Rseq_hits,Rfrequency
true_Rseq,4.4159882982964245,4.4159882982964245,4.0
alt_corrected,4.497147985502538,4.497147985502538,4.0
alt_corrected_unif,4.5290317794429615,4.5290317794429615,4.0
alt_uncorrected,5.400509459756385,5.400509459756385,4.0
