,Rseq_targets,Rseq_hits,Rfrequency
true_Rseq,3.765960714376366,3.765960714376366,4.0
alt_corrected,3.8800340546419934,3.8800340546419934,4.0
alt_corrected_unif,3.961905076800901,3.961905076800901,4.0
alt_uncorrected,4.833382757114325,4.833382757114325,4.0
