,Rseq_targets,Rseq_hits,Rfrequency
true_Rseq,3.405584806354165,3.405584806354165,4.0
alt_corrected,3.333021242948078,3.333021242948078,4.0
alt_corrected_unif,3.419260054095615,3.419260054095615,4.0
alt_uncorrected,4.290737734409039,4.290737734409039,4.0
