,Rseq_targets,Rseq_hits,Rfrequency
true_Rseq,3.466098348945959,3.466098348945959,4.0
alt_corrected,3.3803170886900067,3.3803170886900067,4.0
alt_corrected_unif,3.4361125222955446,3.4361125222955446,4.0
alt_uncorrected,4.307590202608969,4.307590202608969,4.0
