,Rseq_targets,Rseq_hits,Rfrequency
true_Rseq,4.063944255625586,4.063944255625586,4.0
alt_corrected,4.031248542839497,4.031248542839497,4.0
alt_corrected_unif,4.068008060369566,4.068008060369566,4.0
alt_uncorrected,4.93948574068299,4.93948574068299,4.0
