,Rseq_targets,Rseq_hits,Rfrequency
true_Rseq,3.890473172539914,3.890473172539914,4.0
alt_corrected,3.793217657073043,3.793217657073043,4.0
alt_corrected_unif,3.830277329314194,3.830277329314194,4.0
alt_uncorrected,4.701755009627618,4.701755009627618,4.0
