,Rseq_targets,Rseq_hits,Rfrequency
true_Rseq,3.8638089714315855,3.8638089714315855,4.0
alt_corrected,3.815769056061303,3.815769056061303,4.0
alt_corrected_unif,3.8266397658234674,3.8266397658234674,4.0
alt_uncorrected,4.698117446136892,4.698117446136892,4.0
