,Rseq_targets,Rseq_hits,Rfrequency
true_Rseq,4.051027649528472,4.051027649528472,4.0
alt_corrected,3.946490033690683,3.946490033690683,4.0
alt_corrected_unif,3.9957893927009542,3.9957893927009542,4.0
alt_uncorrected,4.8672670730143786,4.8672670730143786,4.0
