,Rseq_targets,Rseq_hits,Rfrequency
true_Rseq,3.8758290592155777,3.8758290592155777,4.0
alt_corrected,3.8262932752192187,3.8262932752192187,4.0
alt_corrected_unif,3.8715839712366713,3.8715839712366713,4.0
alt_uncorrected,4.743061651550096,4.743061651550096,4.0
