,Rseq_targets,Rseq_hits,Rfrequency
true_Rseq,4.690486862693339,4.690486862693339,4.0
alt_corrected,4.575514442936993,4.575514442936993,4.0
alt_corrected_unif,4.595643238336018,4.595643238336018,4.0
alt_uncorrected,5.467120918649442,5.467120918649442,4.0
