,Rseq_targets,Rseq_hits,Rfrequency
true_Rseq,4.4265829100510174,4.4265829100510174,4.0
alt_corrected,4.388047559981512,4.388047559981512,4.0
alt_corrected_unif,4.418387764238714,4.418387764238714,4.0
alt_uncorrected,5.289865444552138,5.289865444552138,4.0
