,Rseq_targets,Rseq_hits,Rfrequency
true_Rseq,4.498787049532433,4.498787049532433,4.0
alt_corrected,4.472842503486731,4.472842503486731,4.0
alt_corrected_unif,4.483195353201934,4.483195353201934,4.0
alt_uncorrected,5.354673033515358,5.354673033515358,4.0
