,Rseq_targets,Rseq_hits,Rfrequency
true_Rseq,3.4389316204609592,3.4389316204609592,4.0
alt_corrected,3.5141524273204054,3.5141524273204054,4.0
alt_corrected_unif,3.5647654477165385,3.5647654477165385,4.0
alt_uncorrected,4.436243128029963,4.436243128029963,4.0
