,Rseq_targets,Rseq_hits,Rfrequency
true_Rseq,4.412528156706241,4.412528156706241,4.0
alt_corrected,4.5511035539617595,4.5511035539617595,4.0
alt_corrected_unif,4.598759175589933,4.598759175589933,4.0
alt_uncorrected,5.470236855903357,5.470236855903357,4.0
