,Rseq_targets,Rseq_hits,Rfrequency
true_Rseq,3.66210077036723,3.66210077036723,4.0
alt_corrected,3.3761876580767747,3.3761876580767747,4.0
alt_corrected_unif,3.553328888935876,3.553328888935876,4.0
alt_uncorrected,4.4248065692493,4.4248065692493,4.0
