,Rseq_targets,Rseq_hits,Rfrequency
true_Rseq,4.361736502863801,4.361736502863801,4.0
alt_corrected,4.052550862100793,4.052550862100793,4.0
alt_corrected_unif,4.156670832273505,4.156670832273505,4.0
alt_uncorrected,5.028148512586929,5.028148512586929,4.0
