,Rseq_targets,Rseq_hits,Rfrequency
true_Rseq,3.603858635794232,3.603858635794232,4.0
alt_corrected,3.56631304121898,3.56631304121898,4.0
alt_corrected_unif,3.6383727783956306,3.6383727783956306,4.0
alt_uncorrected,4.509850458709055,4.509850458709055,4.0
