,Rseq_targets,Rseq_hits,Rfrequency
true_Rseq,4.032922787123176,4.032922787123176,4.0
alt_corrected,3.975270798148331,3.975270798148331,4.0
alt_corrected_unif,3.9930948863298705,3.9930948863298705,4.0
alt_uncorrected,4.864572566643295,4.864572566643295,4.0
