,Rseq_targets,Rseq_hits,Rfrequency
true_Rseq,4.0067878295762975,4.0067878295762975,4.0
alt_corrected,3.9367827458220312,3.9367827458220312,4.0
alt_corrected_unif,3.9738424180631955,3.9738424180631955,4.0
alt_uncorrected,4.84532009837662,4.84532009837662,4.0
