,Rseq_targets,Rseq_hits,Rfrequency
true_Rseq,4.664060596140402,4.664060596140402,4.0
alt_corrected,4.496877002079891,4.496877002079891,4.0
alt_corrected_unif,4.541465196694537,4.541465196694537,4.0
alt_uncorrected,5.412942877007961,5.412942877007961,4.0
