,Rseq_targets,Rseq_hits,Rfrequency
true_Rseq,4.163531838933677,4.163531838933677,4.0
alt_corrected,4.166685524115532,4.166685524115532,4.0
alt_corrected_unif,4.227866998848137,4.227866998848137,4.0
alt_uncorrected,5.099344679161561,5.099344679161561,4.0
