,Rseq_targets,Rseq_hits,Rfrequency
true_Rseq,4.0963077102006515,4.0963077102006515,4.0
alt_corrected,3.9897498915838034,3.9897498915838034,4.0
alt_corrected_unif,4.024785016768373,4.024785016768373,4.0
alt_uncorrected,4.896262697081797,4.896262697081797,4.0
