,Rseq_targets,Rseq_hits,Rfrequency
true_Rseq,4.137934991590996,4.137934991590996,4.0
alt_corrected,4.149438536536159,4.149438536536159,4.0
alt_corrected_unif,4.17593951109003,4.17593951109003,4.0
alt_uncorrected,5.047417191403454,5.047417191403454,4.0
