,Rseq_targets,Rseq_hits,Rfrequency
true_Rseq,3.9553972829556976,3.9553972829556976,4.0
alt_corrected,3.611672910998831,3.611672910998831,4.0
alt_corrected_unif,3.84386027183329,3.84386027183329,4.0
alt_uncorrected,4.715337952146714,4.715337952146714,4.0
