,Rseq_targets,Rseq_hits,Rfrequency
true_Rseq,4.525590585042904,4.525590585042904,4.0
alt_corrected,4.2999510941626,4.2999510941626,4.0
alt_corrected_unif,4.524033467084404,4.524033467084404,4.0
alt_uncorrected,5.395511147397828,5.395511147397828,4.0
