,Rseq_targets,Rseq_hits,Rfrequency
true_Rseq,4.441334949012579,4.441334949012579,4.0
alt_corrected,4.3952908727510644,4.3952908727510644,4.0
alt_corrected_unif,4.406619910484144,4.406619910484144,4.0
alt_uncorrected,5.278097590797569,5.278097590797569,4.0
