,Rseq_targets,Rseq_hits,Rfrequency
true_Rseq,4.373811236158632,4.373811236158632,4.0
alt_corrected,4.352391655129367,4.352391655129367,4.0
alt_corrected_unif,4.356221938464023,4.356221938464023,4.0
alt_uncorrected,5.227699618777447,5.227699618777447,4.0
