,Rseq_targets,Rseq_hits,Rfrequency
true_Rseq,-0.2618972321118065,3.403613359352896,4.0
alt_corrected,-0.12450541855671582,3.490983272658984,4.0
alt_corrected_unif,0.060856117995893966,3.6763448092115936,4.0
alt_uncorrected,0.9323337983093183,4.547822489525018,4.0
