,Rseq_targets,Rseq_hits,Rfrequency
true_Rseq,3.958310791651239,3.958310791651239,4.0
alt_corrected,3.9043259564742674,3.9043259564742674,4.0
alt_corrected_unif,3.9326089375598605,3.9326089375598605,4.0
alt_uncorrected,4.804086617873285,4.804086617873285,4.0
