,Rseq_targets,Rseq_hits,Rfrequency
true_Rseq,0.4395966561804414,2.454341775911397,4.0
alt_corrected,0.7533042419153095,3.2072538931697285,4.0
alt_corrected_unif,0.9581576172046327,3.4121072684590517,4.0
alt_uncorrected,1.829635297518057,4.283584948772476,4.0
