,Rseq_targets,Rseq_hits,Rfrequency
true_Rseq,4.500936746731477,4.500936746731477,4.0
alt_corrected,4.003753752840328,4.003753752840328,4.0
alt_corrected_unif,4.27832681434597,4.27832681434597,4.0
alt_uncorrected,5.149804494659394,5.149804494659394,4.0
