,Rseq_targets,Rseq_hits,Rfrequency
true_Rseq,0.4493314995097215,2.5088133370441597,4.0
alt_corrected,0.7244164459485889,3.291157040512957,4.0
alt_corrected_unif,0.9195349779086319,3.486275572473,4.0
alt_uncorrected,1.7910126582220562,4.3577532527864244,4.0
