,Rseq_targets,Rseq_hits,Rfrequency
true_Rseq,3.866871651037659,3.866871651037659,4.0
alt_corrected,3.9027538329357325,3.9027538329357325,4.0
alt_corrected_unif,3.9119945197874926,3.9119945197874926,4.0
alt_uncorrected,4.783472200100917,4.783472200100917,4.0
