,Rseq_targets,Rseq_hits,Rfrequency
true_Rseq,4.457571519931598,4.457571519931598,4.0
alt_corrected,4.386201429182194,4.386201429182194,4.0
alt_corrected_unif,4.405786973998611,4.405786973998611,4.0
alt_uncorrected,5.2772646543120345,5.2772646543120345,4.0
