,Rseq_targets,Rseq_hits,Rfrequency
true_Rseq,4.661470177211142,4.661470177211142,4.0
alt_corrected,4.463147623030978,4.463147623030978,4.0
alt_corrected_unif,4.532362932645807,4.532362932645807,4.0
alt_uncorrected,5.403840612959231,5.403840612959231,4.0
