,Rseq_targets,Rseq_hits,Rfrequency
true_Rseq,4.00804919030517,4.00804919030517,4.0
alt_corrected,3.79463449225068,3.79463449225068,4.0
alt_corrected_unif,3.8852213205755475,3.8852213205755475,4.0
alt_uncorrected,4.756699000888972,4.756699000888972,4.0
