,Rseq_targets,Rseq_hits,Rfrequency
true_Rseq,4.321145171227062,4.321145171227062,4.0
alt_corrected,4.3245349825101025,4.3245349825101025,4.0
alt_corrected_unif,4.400852491014307,4.400852491014307,4.0
alt_uncorrected,5.272330171327731,5.272330171327731,4.0
