,Rseq_targets,Rseq_hits,Rfrequency
true_Rseq,4.277783975740547,4.277783975740547,4.0
alt_corrected,3.985285280705153,3.985285280705153,4.0
alt_corrected_unif,4.147507016061059,4.147507016061059,4.0
alt_uncorrected,5.018984696374484,5.018984696374484,4.0
