,Rseq_targets,Rseq_hits,Rfrequency
true_Rseq,4.123828649094027,4.123828649094027,4.0
alt_corrected,4.094037256983153,4.094037256983153,4.0
alt_corrected_unif,4.111032296224925,4.111032296224925,4.0
alt_uncorrected,4.98250997653835,4.98250997653835,4.0
