,Rseq_targets,Rseq_hits,Rfrequency
true_Rseq,4.639682764913858,4.639682764913858,4.0
alt_corrected,4.5346403316111195,4.5346403316111195,4.0
alt_corrected_unif,4.552151164022542,4.552151164022542,4.0
alt_uncorrected,5.423628844335966,5.423628844335966,4.0
