,Rseq_targets,Rseq_hits,Rfrequency
true_Rseq,4.063674705196913,4.063674705196913,4.0
alt_corrected,4.148855551491486,4.148855551491486,4.0
alt_corrected_unif,4.208849433102257,4.208849433102257,4.0
alt_uncorrected,5.080327113415682,5.080327113415682,4.0
