,Rseq_targets,Rseq_hits,Rfrequency
true_Rseq,3.929789816651059,3.864066387234754,4.0
alt_corrected,3.7992873383740853,3.711092509789833,4.0
alt_corrected_unif,3.845211612327026,3.7570167837427735,4.0
alt_uncorrected,4.71668929264045,4.628494464056198,4.0
