,Rseq_targets,Rseq_hits,Rfrequency
true_Rseq,4.193384338859332,4.193384338859332,4.0
alt_corrected,4.154175266860582,4.154175266860582,4.0
alt_corrected_unif,4.168791337345713,4.168791337345713,4.0
alt_uncorrected,5.040269017659138,5.040269017659138,4.0
