,Rseq_targets,Rseq_hits,Rfrequency
true_Rseq,5.077326212646242,5.077326212646242,4.0
alt_corrected,4.926020529141932,4.926020529141932,4.0
alt_corrected_unif,4.966929187735575,4.966929187735575,4.0
alt_uncorrected,5.838406868048999,5.838406868048999,4.0
