,Rseq_targets,Rseq_hits,Rfrequency
true_Rseq,4.6051756090409475,4.6051756090409475,4.0
alt_corrected,4.55940643620644,4.55940643620644,4.0
alt_corrected_unif,4.5676031934187,4.5676031934187,4.0
alt_uncorrected,5.439080873732124,5.439080873732124,4.0
