,Rseq_targets,Rseq_hits,Rfrequency
true_Rseq,4.070719826414283,4.070719826414283,4.0
alt_corrected,4.101873530702883,4.101873530702883,4.0
alt_corrected_unif,4.13946707071217,4.13946707071217,4.0
alt_uncorrected,5.010944751025594,5.010944751025594,4.0
