,Rseq_targets,Rseq_hits,Rfrequency
true_Rseq,4.829627996398394,4.829627996398394,4.0
alt_corrected,4.53111522189055,4.53111522189055,4.0
alt_corrected_unif,4.660403121568027,4.660403121568027,4.0
alt_uncorrected,5.531880801881452,5.531880801881452,4.0
