,Rseq_targets,Rseq_hits,Rfrequency
true_Rseq,3.957940567823469,3.957940567823469,4.0
alt_corrected,4.102776011605555,4.102776011605555,4.0
alt_corrected_unif,4.165114754523401,4.165114754523401,4.0
alt_uncorrected,5.036592434836826,5.036592434836826,4.0
