,Rseq_targets,Rseq_hits,Rfrequency
true_Rseq,3.1094120315132727,3.1094120315132727,4.0
alt_corrected,3.181027469608833,3.181027469608833,4.0
alt_corrected_unif,3.2398492450405603,3.2398492450405603,4.0
alt_uncorrected,4.111326925353985,4.111326925353985,4.0
