,Rseq_targets,Rseq_hits,Rfrequency
true_Rseq,4.147209390275913,4.147209390275913,4.0
alt_corrected,4.1325176593034145,4.1325176593034145,4.0
alt_corrected_unif,4.172873823261524,4.172873823261524,4.0
alt_uncorrected,5.044351503574949,5.044351503574949,4.0
