,Rseq_targets,Rseq_hits,Rfrequency
true_Rseq,2.9270126142607715,2.9270126142607715,4.0
alt_corrected,3.108959539752633,3.108959539752633,4.0
alt_corrected_unif,3.1378053756135365,3.1378053756135365,4.0
alt_uncorrected,4.009283055926961,4.009283055926961,4.0
