,Rseq_targets,Rseq_hits,Rfrequency
true_Rseq,4.251773699788281,4.251773699788281,4.0
alt_corrected,4.295055286107613,4.295055286107613,4.0
alt_corrected_unif,4.412463664696455,4.412463664696455,4.0
alt_uncorrected,5.283941345009879,5.283941345009879,4.0
