,Rseq_targets,Rseq_hits,Rfrequency
true_Rseq,3.8479652490442824,3.8479652490442824,4.0
alt_corrected,3.5432022168844512,3.5432022168844512,4.0
alt_corrected_unif,3.621899329876292,3.621899329876292,4.0
alt_uncorrected,4.493377010189716,4.493377010189716,4.0
