,Rseq_targets,Rseq_hits,Rfrequency
true_Rseq,4.11290258348461,4.11290258348461,4.0
alt_corrected,3.9998287102925616,3.9998287102925616,4.0
alt_corrected_unif,4.067818209402159,4.067818209402159,4.0
alt_uncorrected,4.9392958897155825,4.9392958897155825,4.0
