,Rseq_targets,Rseq_hits,Rfrequency
true_Rseq,4.341352831659369,4.341352831659369,4.0
alt_corrected,4.2354576424218,4.2354576424218,4.0
alt_corrected_unif,4.284757001432062,4.284757001432062,4.0
alt_uncorrected,5.156234681745486,5.156234681745486,4.0
