,Rseq_targets,Rseq_hits,Rfrequency
true_Rseq,4.212413591282433,4.212413591282433,4.0
alt_corrected,4.1176871336894925,4.1176871336894925,4.0
alt_corrected_unif,4.171830902359753,4.171830902359753,4.0
alt_uncorrected,5.043308582673177,5.043308582673177,4.0
