,Rseq_targets,Rseq_hits,Rfrequency
true_Rseq,3.452238981957163,3.452238981957163,4.0
alt_corrected,3.6209087436290632,3.6209087436290632,4.0
alt_corrected_unif,3.6671668508134183,3.6671668508134183,4.0
alt_uncorrected,4.538644531126843,4.538644531126843,4.0
