,Rseq_targets,Rseq_hits,Rfrequency
true_Rseq,3.378904247510011,3.378904247510011,4.0
alt_corrected,3.440812181571491,3.440812181571491,4.0
alt_corrected_unif,3.5095982111838153,3.5095982111838153,4.0
alt_uncorrected,4.38107589149724,4.38107589149724,4.0
