,Rseq_targets,Rseq_hits,Rfrequency
true_Rseq,4.1357729123666775,4.1357729123666775,4.0
alt_corrected,4.018897382906518,4.018897382906518,4.0
alt_corrected_unif,4.060475500206392,4.060475500206392,4.0
alt_uncorrected,4.931953180519816,4.931953180519816,4.0
