,Rseq_targets,Rseq_hits,Rfrequency
true_Rseq,4.585092102957751,4.585092102957751,4.0
alt_corrected,4.153501249922318,4.153501249922318,4.0
alt_corrected_unif,4.335062114571917,4.335062114571917,4.0
alt_uncorrected,5.206539794885341,5.206539794885341,4.0
