,Rseq_targets,Rseq_hits,Rfrequency
true_Rseq,4.632651777044175,4.632651777044175,4.0
alt_corrected,4.339954723768084,4.339954723768084,4.0
alt_corrected_unif,4.385836568442693,4.385836568442693,4.0
alt_uncorrected,5.257314248756117,5.257314248756117,4.0
