,Rseq_targets,Rseq_hits,Rfrequency
true_Rseq,3.9511384038479953,3.9511384038479953,4.0
alt_corrected,3.9388084579013443,3.9388084579013443,4.0
alt_corrected_unif,3.9958091763632653,3.9958091763632653,4.0
alt_uncorrected,4.86728685667669,4.86728685667669,4.0
