,Rseq_targets,Rseq_hits,Rfrequency
true_Rseq,4.318149868617525,4.318149868617525,4.0
alt_corrected,4.377880197088,4.377880197088,4.0
alt_corrected_unif,4.4094436421367575,4.4094436421367575,4.0
alt_uncorrected,5.280921322450181,5.280921322450181,4.0
