,Rseq_targets,Rseq_hits,Rfrequency
true_Rseq,4.174188964967604,4.174188964967604,4.0
alt_corrected,4.182811095964654,4.182811095964654,4.0
alt_corrected_unif,4.202254185227471,4.202254185227471,4.0
alt_uncorrected,5.073731865540895,5.073731865540895,4.0
