,Rseq_targets,Rseq_hits,Rfrequency
true_Rseq,4.225168972233218,4.225168972233218,4.0
alt_corrected,4.1522181414284836,4.1522181414284836,4.0
alt_corrected_unif,4.161620100429033,4.161620100429033,4.0
alt_uncorrected,5.033097780742458,5.033097780742458,4.0
