,Rseq_targets,Rseq_hits,Rfrequency
true_Rseq,4.200689088724355,4.200689088724355,4.0
alt_corrected,4.147357165824676,4.147357165824676,4.0
alt_corrected_unif,4.174178454629015,4.174178454629015,4.0
alt_uncorrected,5.04565613494244,5.04565613494244,4.0
