,Rseq_targets,Rseq_hits,Rfrequency
true_Rseq,4.533107086248078,4.533107086248078,4.0
alt_corrected,4.539091093040359,4.539091093040359,4.0
alt_corrected_unif,4.549961802802523,4.549961802802523,4.0
alt_uncorrected,5.421439483115947,5.421439483115947,4.0
