,Rseq_targets,Rseq_hits,Rfrequency
true_Rseq,5.253309396595623,5.253309396595623,4.0
alt_corrected,5.227325034814928,5.227325034814928,4.0
alt_corrected_unif,5.229498308307932,5.229498308307932,4.0
alt_uncorrected,6.1009759886213555,6.1009759886213555,4.0
