,Rseq_targets,Rseq_hits,Rfrequency
true_Rseq,4.180767355837867,4.180767355837867,4.0
alt_corrected,4.142263321047928,4.142263321047928,4.0
alt_corrected_unif,4.18734035000684,4.18734035000684,4.0
alt_uncorrected,5.058818030320264,5.058818030320264,4.0
