,Rseq_targets,Rseq_hits,Rfrequency
true_Rseq,3.7819051488933706,3.7819051488933706,4.0
alt_corrected,3.7055628977423547,3.7055628977423547,4.0
alt_corrected_unif,3.762286055202853,3.762286055202853,4.0
alt_uncorrected,4.633763735516277,4.633763735516277,4.0
