,Rseq_targets,Rseq_hits,Rfrequency
true_Rseq,4.188660267008486,4.188660267008486,4.0
alt_corrected,3.843062483666764,3.843062483666764,4.0
alt_corrected_unif,4.113940579714399,4.113940579714399,4.0
alt_uncorrected,4.985418260027823,4.985418260027823,4.0
