,Rseq_targets,Rseq_hits,Rfrequency
true_Rseq,3.802100198405838,3.802100198405838,4.0
alt_corrected,3.7699372797508914,3.7699372797508914,4.0
alt_corrected_unif,3.830023261326724,3.830023261326724,4.0
alt_uncorrected,4.701500941640148,4.701500941640148,4.0
