,Rseq_targets,Rseq_hits,Rfrequency
true_Rseq,4.250314409799818,4.250314409799818,4.0
alt_corrected,4.189268682214162,4.189268682214162,4.0
alt_corrected_unif,4.206779514625582,4.206779514625582,4.0
alt_uncorrected,5.078257194939006,5.078257194939006,4.0
