,Rseq_targets,Rseq_hits,Rfrequency
true_Rseq,4.066649298506671,4.066649298506671,4.0
alt_corrected,3.9565704653477756,3.9565704653477756,4.0
alt_corrected_unif,4.03563235734037,4.03563235734037,4.0
alt_uncorrected,4.907110037653794,4.907110037653794,4.0
