,Rseq_targets,Rseq_hits,Rfrequency
true_Rseq,-0.23872722100180077,3.06967214360791,4.0
alt_corrected,-0.07089119518850495,3.0896641511516534,4.0
alt_corrected_unif,0.1638893638730794,3.3244447102132377,4.0
alt_uncorrected,1.0353670441865037,4.195922390526662,4.0
