,Rseq_targets,Rseq_hits,Rfrequency
true_Rseq,3.5780174560084035,3.5780174560084035,4.0
alt_corrected,3.7354311156406492,3.7354311156406492,4.0
alt_corrected_unif,3.782525220583946,3.782525220583946,4.0
alt_uncorrected,4.65400290089737,4.65400290089737,4.0
