,Rseq_targets,Rseq_hits,Rfrequency
true_Rseq,3.712515297496058,3.712515297496058,4.0
alt_corrected,3.4924379304204294,3.4924379304204294,4.0
alt_corrected_unif,3.6678294869470975,3.6678294869470975,4.0
alt_uncorrected,4.539307167260522,4.539307167260522,4.0
