,Rseq_targets,Rseq_hits,Rfrequency
true_Rseq,4.841249299877052,4.841249299877052,4.0
alt_corrected,4.79884528391927,4.79884528391927,4.0
alt_corrected_unif,4.8447271285938704,4.8447271285938704,4.0
alt_uncorrected,5.716204808907294,5.716204808907294,4.0
