,Rseq_targets,Rseq_hits,Rfrequency
true_Rseq,4.591419668232473,4.591419668232473,4.0
alt_corrected,4.65416610207401,4.65416610207401,4.0
alt_corrected_unif,4.677301392146974,4.677301392146974,4.0
alt_uncorrected,5.548779072460398,5.548779072460398,4.0
