,Rseq_targets,Rseq_hits,Rfrequency
true_Rseq,4.321455072905632,4.321455072905632,4.0
alt_corrected,3.963586878135899,3.963586878135899,4.0
alt_corrected_unif,4.064423835067185,4.064423835067185,4.0
alt_uncorrected,4.935901515380609,4.935901515380609,4.0
