,Rseq_targets,Rseq_hits,Rfrequency
true_Rseq,4.351683919161779,4.351683919161779,4.0
alt_corrected,4.308982930121603,4.308982930121603,4.0
alt_corrected_unif,4.345154137767041,4.345154137767041,4.0
alt_uncorrected,5.216631818080465,5.216631818080465,4.0
