,Rseq_targets,Rseq_hits,Rfrequency
true_Rseq,3.9821720428863046,3.9821720428863046,4.0
alt_corrected,3.9513053504786613,3.9513053504786613,4.0
alt_corrected_unif,3.9603880279142873,3.9603880279142873,4.0
alt_uncorrected,4.831865708227712,4.831865708227712,4.0
