,Rseq_targets,Rseq_hits,Rfrequency
true_Rseq,4.903247606193034,4.903247606193034,4.0
alt_corrected,4.524659526790492,4.524659526790492,4.0
alt_corrected_unif,4.706392480859874,4.706392480859874,4.0
alt_uncorrected,5.577870161173298,5.577870161173298,4.0
