,Rseq_targets,Rseq_hits,Rfrequency
true_Rseq,4.028932211170394,4.028932211170394,4.0
alt_corrected,4.052929899943024,4.052929899943024,4.0
alt_corrected_unif,4.05676018327768,4.05676018327768,4.0
alt_uncorrected,4.928237863591104,4.928237863591104,4.0
