,Rseq_targets,Rseq_hits,Rfrequency
true_Rseq,3.8310099711547148,3.8310099711547148,4.0
alt_corrected,3.63127654588622,3.63127654588622,4.0
alt_corrected_unif,3.6737636638730238,3.6737636638730238,4.0
alt_uncorrected,4.545241344186448,4.545241344186448,4.0
