,Rseq_targets,Rseq_hits,Rfrequency
true_Rseq,4.641524619838654,4.641524619838654,4.0
alt_corrected,4.46433045334061,4.46433045334061,4.0
alt_corrected_unif,4.537574694053879,4.537574694053879,4.0
alt_uncorrected,5.4090523743673025,5.4090523743673025,4.0
