,Rseq_targets,Rseq_hits,Rfrequency
true_Rseq,4.0472801813629635,4.0472801813629635,4.0
alt_corrected,4.007438018557304,4.007438018557304,4.0
alt_corrected_unif,4.061883022184405,4.061883022184405,4.0
alt_uncorrected,4.933360702497829,4.933360702497829,4.0
