,Rseq_targets,Rseq_hits,Rfrequency
true_Rseq,5.010494434613269,5.010494434613269,4.0
alt_corrected,4.9950417125396,4.9950417125396,4.0
alt_corrected_unif,5.013114532117648,5.013114532117648,4.0
alt_uncorrected,5.8845922124310714,5.8845922124310714,4.0
