,Rseq_targets,Rseq_hits,Rfrequency
true_Rseq,3.979770435358203,3.979770435358203,4.0
alt_corrected,3.862417381709389,3.862417381709389,4.0
alt_corrected_unif,3.918638384476599,3.918638384476599,4.0
alt_uncorrected,4.790116064790023,4.790116064790023,4.0
