,Rseq_targets,Rseq_hits,Rfrequency
true_Rseq,4.815530250319526,4.815530250319526,4.0
alt_corrected,4.816632638016965,4.816632638016965,4.0
alt_corrected_unif,4.840505569141593,4.840505569141593,4.0
alt_uncorrected,5.711983249455017,5.711983249455017,4.0
