,Rseq_targets,Rseq_hits,Rfrequency
true_Rseq,3.218535898759731,3.218535898759731,4.0
alt_corrected,3.314726373722165,3.314726373722165,4.0
alt_corrected_unif,3.360841888694345,3.360841888694345,4.0
alt_uncorrected,4.232319569007769,4.232319569007769,4.0
