,Rseq_targets,Rseq_hits,Rfrequency
true_Rseq,0.4356690694184149,3.766837520897994,4.0
alt_corrected,0.5061693189337881,3.548291612105553,4.0
alt_corrected_unif,0.6536721565260044,3.6957944496977695,4.0
alt_uncorrected,1.5251498368394287,4.567272130011194,4.0
