,Rseq_targets,Rseq_hits,Rfrequency
true_Rseq,3.678512342978385,3.678512342978385,4.0
alt_corrected,3.585892128238697,3.585892128238697,4.0
alt_corrected_unif,3.613107941189208,3.613107941189208,4.0
alt_uncorrected,4.4845856215026325,4.4845856215026325,4.0
