,Rseq_targets,Rseq_hits,Rfrequency
true_Rseq,4.131240308041289,4.131240308041289,4.0
alt_corrected,4.181673540513893,4.181673540513893,4.0
alt_corrected_unif,4.194098071403738,4.194098071403738,4.0
alt_uncorrected,5.065575751717162,5.065575751717162,4.0
