,Rseq_targets,Rseq_hits,Rfrequency
true_Rseq,4.34437253326378,4.34437253326378,4.0
alt_corrected,4.494160762126691,4.494160762126691,4.0
alt_corrected_unif,4.612952935052997,4.612952935052997,4.0
alt_uncorrected,5.484430615366421,5.484430615366421,4.0
