,Rseq_targets,Rseq_hits,Rfrequency
true_Rseq,4.30465574370184,4.30465574370184,4.0
alt_corrected,4.641523697435119,4.641523697435119,4.0
alt_corrected_unif,4.765134470131239,4.765134470131239,4.0
alt_uncorrected,5.6366121504446625,5.6366121504446625,4.0
