,Rseq_targets,Rseq_hits,Rfrequency
true_Rseq,4.190144340646411,4.190144340646411,4.0
alt_corrected,4.034194196110079,4.034194196110079,4.0
alt_corrected_unif,4.0635223541858,4.0635223541858,4.0
alt_uncorrected,4.935000034499224,4.935000034499224,4.0
