,Rseq_targets,Rseq_hits,Rfrequency
true_Rseq,4.748386530534641,4.748386530534641,4.0
alt_corrected,4.730140356246405,4.730140356246405,4.0
alt_corrected_unif,4.754013287371032,4.754013287371032,4.0
alt_uncorrected,5.625490967684457,5.625490967684457,4.0
