,Rseq_targets,Rseq_hits,Rfrequency
true_Rseq,5.1321794839155785,5.1321794839155785,4.0
alt_corrected,5.180833992623988,5.180833992623988,4.0
alt_corrected_unif,5.2047069237486205,5.2047069237486205,4.0
alt_uncorrected,6.076184604062044,6.076184604062044,4.0
