,Rseq_targets,Rseq_hits,Rfrequency
true_Rseq,4.51963037381956,4.51963037381956,4.0
alt_corrected,4.289253992463825,4.289253992463825,4.0
alt_corrected_unif,4.3818201160742785,4.3818201160742785,4.0
alt_uncorrected,5.253297796387703,5.253297796387703,4.0
