,Rseq_targets,Rseq_hits,Rfrequency
true_Rseq,3.602696951548725,3.602696951548725,4.0
alt_corrected,3.539117069389465,3.539117069389465,4.0
alt_corrected_unif,3.553857430214903,3.553857430214903,4.0
alt_uncorrected,4.425335110528327,4.425335110528327,4.0
