,Rseq_targets,Rseq_hits,Rfrequency
true_Rseq,3.9482428097034195,3.9482428097034195,4.0
alt_corrected,3.8858586979792054,3.8858586979792054,4.0
alt_corrected_unif,3.9060876100602004,3.9060876100602004,4.0
alt_uncorrected,4.777565290373625,4.777565290373625,4.0
