,Rseq_targets,Rseq_hits,Rfrequency
true_Rseq,4.935057883355148,4.935057883355148,4.0
alt_corrected,4.86769839291171,4.86769839291171,4.0
alt_corrected_unif,4.893256167648927,4.893256167648927,4.0
alt_uncorrected,5.764733847962351,5.764733847962351,4.0
