,Rseq_targets,Rseq_hits,Rfrequency
true_Rseq,4.267223778804862,4.267223778804862,4.0
alt_corrected,4.212981899837408,4.212981899837408,4.0
alt_corrected_unif,4.245493901951198,4.245493901951198,4.0
alt_uncorrected,5.116971582264622,5.116971582264622,4.0
