,Rseq_targets,Rseq_hits,Rfrequency
true_Rseq,3.613024986413402,3.613024986413402,4.0
alt_corrected,3.4271678374259618,3.4271678374259618,4.0
alt_corrected_unif,3.5107558330986524,3.5107558330986524,4.0
alt_uncorrected,4.382233513412077,4.382233513412077,4.0
