,Rseq_targets,Rseq_hits,Rfrequency
true_Rseq,3.7210715111626707,3.7210715111626707,4.0
alt_corrected,3.4484701742516157,3.4484701742516157,4.0
alt_corrected_unif,3.5151348672173195,3.5151348672173195,4.0
alt_uncorrected,4.386612547530744,4.386612547530744,4.0
