,Rseq_targets,Rseq_hits,Rfrequency
true_Rseq,4.049100293270145,4.049100293270145,4.0
alt_corrected,4.004406930084369,4.004406930084369,4.0
alt_corrected_unif,4.0550199504805065,4.0550199504805065,4.0
alt_uncorrected,4.92649763079393,4.92649763079393,4.0
