,Rseq_targets,Rseq_hits,Rfrequency
true_Rseq,4.1398824247864,4.1398824247864,4.0
alt_corrected,3.969586984409973,3.969586984409973,4.0
alt_corrected_unif,4.036251677375677,4.036251677375677,4.0
alt_uncorrected,4.907729357689101,4.907729357689101,4.0
