,Rseq_targets,Rseq_hits,Rfrequency
true_Rseq,4.885231399475613,4.885231399475613,4.0
alt_corrected,4.635352512276125,4.635352512276125,4.0
alt_corrected_unif,4.677472142467064,4.677472142467064,4.0
alt_uncorrected,5.548949822780488,5.548949822780488,4.0
