,Rseq_targets,Rseq_hits,Rfrequency
true_Rseq,4.014326638815293,4.014326638815293,4.0
alt_corrected,4.041853701295154,4.041853701295154,4.0
alt_corrected_unif,4.123614033012178,4.123614033012178,4.0
alt_uncorrected,4.995091713325602,4.995091713325602,4.0
