,Rseq_targets,Rseq_hits,Rfrequency
true_Rseq,3.7890313569359986,3.7890313569359986,4.0
alt_corrected,3.7235374799033725,3.7235374799033725,4.0
alt_corrected_unif,3.776795252699555,3.776795252699555,4.0
alt_uncorrected,4.648272933012979,4.648272933012979,4.0
