,Rseq_targets,Rseq_hits,Rfrequency
true_Rseq,3.168617168785058,3.168617168785058,4.0
alt_corrected,3.2343797088726234,3.2343797088726234,4.0
alt_corrected_unif,3.277122187245172,3.277122187245172,4.0
alt_uncorrected,4.148599867558596,4.148599867558596,4.0
