,Rseq_targets,Rseq_hits,Rfrequency
true_Rseq,3.9773852684075663,3.9773852684075663,4.0
alt_corrected,3.9558862956484298,3.9558862956484298,4.0
alt_corrected_unif,3.964083052860697,3.964083052860697,4.0
alt_uncorrected,4.8355607331741215,4.8355607331741215,4.0
