,Rseq_targets,Rseq_hits,Rfrequency
true_Rseq,-0.12372035763227451,3.0850772542628544,4.0
alt_corrected,0.01949473514663591,3.085664090455944,4.0
alt_corrected_unif,0.23887018355327605,3.305039538862584,4.0
alt_uncorrected,1.1103478638667004,4.1765172191760085,4.0
