,Rseq_targets,Rseq_hits,Rfrequency
true_Rseq,5.009262048503359,5.009262048503359,4.0
alt_corrected,4.539779807746548,4.539779807746548,4.0
alt_corrected_unif,4.66928477856251,4.66928477856251,4.0
alt_uncorrected,5.540762458875934,5.540762458875934,4.0
