,Rseq_targets,Rseq_hits,Rfrequency
true_Rseq,4.340587846427622,4.340587846427622,4.0
alt_corrected,4.46297498252232,4.46297498252232,4.0
alt_corrected_unif,4.515127088099623,4.515127088099623,4.0
alt_uncorrected,5.386604768413047,5.386604768413047,4.0
