,Rseq_targets,Rseq_hits,Rfrequency
true_Rseq,4.072227448984446,4.072227448984446,4.0
alt_corrected,3.9906698883302774,3.9906698883302774,4.0
alt_corrected_unif,4.026841095975714,4.026841095975714,4.0
alt_uncorrected,4.8983187762891385,4.8983187762891385,4.0
