,Rseq_targets,Rseq_hits,Rfrequency
true_Rseq,3.6929630675770007,3.6929630675770007,4.0
alt_corrected,3.602745516974109,3.602745516974109,4.0
alt_corrected_unif,3.6205696051556404,3.6205696051556404,4.0
alt_uncorrected,4.492047285469065,4.492047285469065,4.0
