,Rseq_targets,Rseq_hits,Rfrequency
true_Rseq,3.528463911059327,3.528463911059327,4.0
alt_corrected,3.4735353380191945,3.4735353380191945,4.0
alt_corrected_unif,3.505419131959592,3.505419131959592,4.0
alt_uncorrected,4.376896812273016,4.376896812273016,4.0
