,Rseq_targets,Rseq_hits,Rfrequency
true_Rseq,3.843231301197318,3.843231301197318,4.0
alt_corrected,3.874599499220694,3.874599499220694,4.0
alt_corrected_unif,3.899624472220746,3.899624472220746,4.0
alt_uncorrected,4.77110215253417,4.77110215253417,4.0
