,Rseq_targets,Rseq_hits,Rfrequency
true_Rseq,3.566261423424555,3.566261423424555,4.0
alt_corrected,3.281103934151003,3.281103934151003,4.0
alt_corrected_unif,3.430698983762962,3.430698983762962,4.0
alt_uncorrected,4.302176664076386,4.302176664076386,4.0
