,Rseq_targets,Rseq_hits,Rfrequency
true_Rseq,4.125785749117503,4.125785749117503,4.0
alt_corrected,3.8823920390460014,3.8823920390460014,4.0
alt_corrected_unif,3.9655221860043706,3.9655221860043706,4.0
alt_uncorrected,4.836999866317795,4.836999866317795,4.0
