,Rseq_targets,Rseq_hits,Rfrequency
true_Rseq,4.596107217017287,4.596107217017287,4.0
alt_corrected,4.650003586167477,4.650003586167477,4.0
alt_corrected_unif,4.6649102745279745,4.6649102745279745,4.0
alt_uncorrected,5.536387954841398,5.536387954841398,4.0
