,Rseq_targets,Rseq_hits,Rfrequency
true_Rseq,3.151949530029029,3.151949530029029,4.0
alt_corrected,3.1479489660685447,3.1479489660685447,4.0
alt_corrected_unif,3.279108520096203,3.279108520096203,4.0
alt_uncorrected,4.150586200409627,4.150586200409627,4.0
