,Rseq_targets,Rseq_hits,Rfrequency
true_Rseq,3.3608205870584946,3.3608205870584946,4.0
alt_corrected,3.3691999389070766,3.3691999389070766,4.0
alt_corrected_unif,3.374634072170513,3.374634072170513,4.0
alt_uncorrected,4.246111752483937,4.246111752483937,4.0
