,Rseq_targets,Rseq_hits,Rfrequency
true_Rseq,3.320547505433904,3.320547505433904,4.0
alt_corrected,3.3834025482745362,3.3834025482745362,4.0
alt_corrected_unif,3.4838791904190054,3.4838791904190054,4.0
alt_uncorrected,4.35535687073243,4.35535687073243,4.0
