,Rseq_targets,Rseq_hits,Rfrequency
true_Rseq,4.030150085875917,4.030150085875917,4.0
alt_corrected,4.01914710811092,4.01914710811092,4.0
alt_corrected_unif,4.038904300819821,4.038904300819821,4.0
alt_uncorrected,4.910381981133245,4.910381981133245,4.0
