,Rseq_targets,Rseq_hits,Rfrequency
true_Rseq,3.6543125926758293,3.6543125926758293,4.0
alt_corrected,3.534045266771198,3.534045266771198,4.0
alt_corrected_unif,3.5685661105879354,3.5685661105879354,4.0
alt_uncorrected,4.44004379090136,4.44004379090136,4.0
