,Rseq_targets,Rseq_hits,Rfrequency
true_Rseq,3.816022166252788,3.816022166252788,4.0
alt_corrected,3.940801299066531,3.940801299066531,4.0
alt_corrected_unif,3.993649101883578,3.993649101883578,4.0
alt_uncorrected,4.865126782197002,4.865126782197002,4.0
