,Rseq_targets,Rseq_hits,Rfrequency
true_Rseq,4.725967959268856,4.725967959268856,4.0
alt_corrected,4.592721848647613,4.592721848647613,4.0
alt_corrected_unif,4.620923673222373,4.620923673222373,4.0
alt_uncorrected,5.492401353535797,5.492401353535797,4.0
