,Rseq_targets,Rseq_hits,Rfrequency
true_Rseq,4.362566647957145,4.362566647957145,4.0
alt_corrected,4.210151239126576,4.210151239126576,4.0
alt_corrected_unif,4.380865172892287,4.380865172892287,4.0
alt_uncorrected,5.252342853205711,5.252342853205711,4.0
