,Rseq_targets,Rseq_hits,Rfrequency
true_Rseq,4.030815498913673,4.030815498913673,4.0
alt_corrected,3.937061340724543,3.937061340724543,4.0
alt_corrected_unif,3.9647531731529777,3.9647531731529777,4.0
alt_uncorrected,4.836230853466402,4.836230853466402,4.0
