,Rseq_targets,Rseq_hits,Rfrequency
true_Rseq,4.178105881477166,4.178105881477166,4.0
alt_corrected,4.058118185649532,4.058118185649532,4.0
alt_corrected_unif,4.121568816353243,4.121568816353243,4.0
alt_uncorrected,4.993046496666667,4.993046496666667,4.0
