,Rseq_targets,Rseq_hits,Rfrequency
true_Rseq,4.333414345301435,4.333414345301435,4.0
alt_corrected,4.390417690210703,4.390417690210703,4.0
alt_corrected_unif,4.498462347598084,4.498462347598084,4.0
alt_uncorrected,5.3699400279115075,5.3699400279115075,4.0
