,Rseq_targets,Rseq_hits,Rfrequency
true_Rseq,4.075406677121423,4.075406677121423,4.0
alt_corrected,3.9875557079470614,3.9875557079470614,4.0
alt_corrected_unif,4.034645343029437,4.034645343029437,4.0
alt_uncorrected,4.906123023342861,4.906123023342861,4.0
