,Rseq_targets,Rseq_hits,Rfrequency
true_Rseq,3.7955754392712056,3.7955754392712056,4.0
alt_corrected,3.638409733160335,3.638409733160335,4.0
alt_corrected_unif,3.6637386015351168,3.6637386015351168,4.0
alt_uncorrected,4.535216281848541,4.535216281848541,4.0
