,Rseq_targets,Rseq_hits,Rfrequency
true_Rseq,3.8942916196456006,3.8942916196456006,4.0
alt_corrected,4.039134053420083,4.039134053420083,4.0
alt_corrected_unif,4.060892871729532,4.060892871729532,4.0
alt_uncorrected,4.932370552042957,4.932370552042957,4.0
