,Rseq_targets,Rseq_hits,Rfrequency
true_Rseq,4.121334437529912,4.121334437529912,4.0
alt_corrected,4.097953881802892,4.097953881802892,4.0
alt_corrected_unif,4.10173100522468,4.10173100522468,4.0
alt_uncorrected,4.973208685538105,4.973208685538105,4.0
