,Rseq_targets,Rseq_hits,Rfrequency
true_Rseq,3.7894979869935774,3.7894979869935774,4.0
alt_corrected,3.862866503180072,3.862866503180072,4.0
alt_corrected_unif,3.8802613757184203,3.8802613757184203,4.0
alt_uncorrected,4.751739056031845,4.751739056031845,4.0
