,Rseq_targets,Rseq_hits,Rfrequency
true_Rseq,4.30579755506508,4.30579755506508,4.0
alt_corrected,4.294821290253539,4.294821290253539,4.0
alt_corrected_unif,4.30141419753701,4.30141419753701,4.0
alt_uncorrected,5.172891877850435,5.172891877850435,4.0
