,Rseq_targets,Rseq_hits,Rfrequency
true_Rseq,4.463826512167335,4.463826512167335,4.0
alt_corrected,4.33755600480476,4.33755600480476,4.0
alt_corrected_unif,4.417328978690197,4.417328978690197,4.0
alt_uncorrected,5.288806659003621,5.288806659003621,4.0
