,Rseq_targets,Rseq_hits,Rfrequency
true_Rseq,3.4229880502498355,3.4229880502498355,4.0
alt_corrected,3.5172058274953457,3.5172058274953457,4.0
alt_corrected_unif,3.632221086694709,3.632221086694709,4.0
alt_uncorrected,4.503698767008133,4.503698767008133,4.0
