,Rseq_targets,Rseq_hits,Rfrequency
true_Rseq,3.8600554971380507,3.8600554971380507,4.0
alt_corrected,3.567795839325331,3.567795839325331,4.0
alt_corrected_unif,3.634402704223404,3.634402704223404,4.0
alt_uncorrected,4.5058803845368285,4.5058803845368285,4.0
