,Rseq_targets,Rseq_hits,Rfrequency
true_Rseq,4.189169222129653,4.189169222129653,4.0
alt_corrected,4.041708328603979,4.041708328603979,4.0
alt_corrected_unif,4.094966101400145,4.094966101400145,4.0
alt_uncorrected,4.966443781713569,4.966443781713569,4.0
