,Rseq_targets,Rseq_hits,Rfrequency
true_Rseq,3.998544253454429,3.998544253454429,4.0
alt_corrected,3.9074651672309497,3.9074651672309497,4.0
alt_corrected_unif,4.007935242364027,4.007935242364027,4.0
alt_uncorrected,4.879412922677451,4.879412922677451,4.0
