,Rseq_targets,Rseq_hits,Rfrequency
true_Rseq,3.6650317265859815,3.6650317265859815,4.0
alt_corrected,3.493542455099078,3.493542455099078,4.0
alt_corrected_unif,3.5666976854324868,3.5666976854324868,4.0
alt_uncorrected,4.438175365745911,4.438175365745911,4.0
