,Rseq_targets,Rseq_hits,Rfrequency
true_Rseq,3.9853558869243937,3.9853558869243937,4.0
alt_corrected,3.9565952271718157,3.9565952271718157,4.0
alt_corrected_unif,3.962494060569353,3.962494060569353,4.0
alt_uncorrected,4.833971740882777,4.833971740882777,4.0
