,Rseq_targets,Rseq_hits,Rfrequency
true_Rseq,4.560611188509355,4.560611188509355,4.0
alt_corrected,4.426304660923383,4.426304660923383,4.0
alt_corrected_unif,4.464968183093319,4.464968183093319,4.0
alt_uncorrected,5.336445863406743,5.336445863406743,4.0
