,Rseq_targets,Rseq_hits,Rfrequency
true_Rseq,4.0558876754009,4.0558876754009,4.0
alt_corrected,3.8965302525210075,3.8965302525210075,4.0
alt_corrected_unif,4.000019543435339,4.000019543435339,4.0
alt_uncorrected,4.871497223748764,4.871497223748764,4.0
