,Rseq_targets,Rseq_hits,Rfrequency
true_Rseq,4.42667432944728,4.42667432944728,4.0
alt_corrected,4.52538651103399,4.52538651103399,4.0
alt_corrected_unif,4.565484141354631,4.565484141354631,4.0
alt_uncorrected,5.4369618216680555,5.4369618216680555,4.0
