,Rseq_targets,Rseq_hits,Rfrequency
true_Rseq,3.93695810859641,3.93695810859641,4.0
alt_corrected,4.091044918206809,4.091044918206809,4.0
alt_corrected_unif,4.179596617847517,4.179596617847517,4.0
alt_uncorrected,5.051074298160941,5.051074298160941,4.0
