,Rseq_targets,Rseq_hits,Rfrequency
true_Rseq,3.824212274290483,3.824212274290483,4.0
alt_corrected,3.9828574796555274,3.9828574796555274,4.0
alt_corrected_unif,4.0270832946769275,4.0270832946769275,4.0
alt_uncorrected,4.898560974990351,4.898560974990351,4.0
