,Rseq_targets,Rseq_hits,Rfrequency
true_Rseq,4.199362890052248,4.199362890052248,4.0
alt_corrected,4.025949109176992,4.025949109176992,4.0
alt_corrected_unif,4.082672266637486,4.082672266637486,4.0
alt_uncorrected,4.95414994695091,4.95414994695091,4.0
