,Rseq_targets,Rseq_hits,Rfrequency
true_Rseq,4.470778482717938,4.470778482717938,4.0
alt_corrected,4.5776103714524075,4.5776103714524075,4.0
alt_corrected_unif,4.58472934832842,4.58472934832842,4.0
alt_uncorrected,5.456207028641844,5.456207028641844,4.0
