,Rseq_targets,Rseq_hits,Rfrequency
true_Rseq,4.693664360437612,4.693664360437612,4.0
alt_corrected,4.497147707895903,4.497147707895903,4.0
alt_corrected_unif,4.545653554511629,4.545653554511629,4.0
alt_uncorrected,5.417131234825054,5.417131234825054,4.0
