,Rseq_targets,Rseq_hits,Rfrequency
true_Rseq,4.101296312980599,4.101296312980599,4.0
alt_corrected,4.008727676304666,4.008727676304666,4.0
alt_corrected_unif,4.060566737757432,4.060566737757432,4.0
alt_uncorrected,4.9320444180708565,4.9320444180708565,4.0
