,Rseq_targets,Rseq_hits,Rfrequency
true_Rseq,3.459231302281319,3.459231302281319,4.0
alt_corrected,3.8347426355305156,3.8347426355305156,4.0
alt_corrected_unif,3.9605132964691,3.9605132964691,4.0
alt_uncorrected,4.831990976782524,4.831990976782524,4.0
