,Rseq_targets,Rseq_hits,Rfrequency
true_Rseq,3.9165493166391556,3.9165493166391556,4.0
alt_corrected,3.862415070111044,3.862415070111044,4.0
alt_corrected_unif,3.9060392143579583,3.9060392143579583,4.0
alt_uncorrected,4.777516894671383,4.777516894671383,4.0
