,Rseq_targets,Rseq_hits,Rfrequency
true_Rseq,4.0591505279224815,4.0591505279224815,4.0
alt_corrected,4.117260846601127,4.117260846601127,4.0
alt_corrected_unif,4.198330629590327,4.198330629590327,4.0
alt_uncorrected,5.069808309903751,5.069808309903751,4.0
