,Rseq_targets,Rseq_hits,Rfrequency
true_Rseq,3.9299736476732576,3.9299736476732576,4.0
alt_corrected,3.843536562315881,3.843536562315881,4.0
alt_corrected_unif,3.867409493440515,3.867409493440515,4.0
alt_uncorrected,4.738887173753939,4.738887173753939,4.0
