,Rseq_targets,Rseq_hits,Rfrequency
true_Rseq,3.4718885808285505,3.4718885808285505,4.0
alt_corrected,3.4856574451008977,3.4856574451008977,4.0
alt_corrected_unif,3.4921085210725944,3.4921085210725944,4.0
alt_uncorrected,4.363586201386019,4.363586201386019,4.0
