,Rseq_targets,Rseq_hits,Rfrequency
true_Rseq,4.096638137895481,4.096638137895481,4.0
alt_corrected,3.9706065364858447,3.9706065364858447,4.0
alt_corrected_unif,3.9839367293377346,3.9839367293377346,4.0
alt_uncorrected,4.855414409651159,4.855414409651159,4.0
