,Rseq_targets,Rseq_hits,Rfrequency
true_Rseq,3.999066458522627,3.999066458522627,4.0
alt_corrected,4.118196805264725,4.118196805264725,4.0
alt_corrected_unif,4.177637678084206,4.177637678084206,4.0
alt_uncorrected,5.049115358397631,5.049115358397631,4.0
