,Rseq_targets,Rseq_hits,Rfrequency
true_Rseq,4.234268258022385,4.234268258022385,4.0
alt_corrected,4.294646115805929,4.294646115805929,4.0
alt_corrected_unif,4.35405386193484,4.35405386193484,4.0
alt_uncorrected,5.225531542248264,5.225531542248264,4.0
