,Rseq_targets,Rseq_hits,Rfrequency
true_Rseq,4.237395251954707,4.237395251954707,4.0
alt_corrected,4.134874547742529,4.134874547742529,4.0
alt_corrected_unif,4.165047750126579,4.165047750126579,4.0
alt_uncorrected,5.036525430440003,5.036525430440003,4.0
