,Rseq_targets,Rseq_hits,Rfrequency
true_Rseq,4.569065772853017,4.569065772853017,4.0
alt_corrected,4.3732700669148485,4.3732700669148485,4.0
alt_corrected_unif,4.415389697105782,4.415389697105782,4.0
alt_uncorrected,5.286867377419206,5.286867377419206,4.0
