,Rseq_targets,Rseq_hits,Rfrequency
true_Rseq,4.022510907334734,4.022510907334734,4.0
alt_corrected,3.9748407479390875,3.9748407479390875,4.0
alt_corrected_unif,4.003861908447698,4.003861908447698,4.0
alt_uncorrected,4.875339588761122,4.875339588761122,4.0
