,Rseq_targets,Rseq_hits,Rfrequency
true_Rseq,4.29009873174762,4.29009873174762,4.0
alt_corrected,4.522798013365821,4.522798013365821,4.0
alt_corrected_unif,4.6104260913178035,4.6104260913178035,4.0
alt_uncorrected,5.481903771631227,5.481903771631227,4.0
