,Rseq_targets,Rseq_hits,Rfrequency
true_Rseq,3.57334179154555,3.57334179154555,4.0
alt_corrected,3.547381497599632,3.547381497599632,4.0
alt_corrected_unif,3.5916073126210235,3.5916073126210235,4.0
alt_uncorrected,4.463084992934448,4.463084992934448,4.0
