,Rseq_targets,Rseq_hits,Rfrequency
true_Rseq,3.735443918249233,3.735443918249233,4.0
alt_corrected,3.7766712110518834,3.7766712110518834,4.0
alt_corrected_unif,3.7975804456362163,3.7975804456362163,4.0
alt_uncorrected,4.669058125949641,4.669058125949641,4.0
