,Rseq_targets,Rseq_hits,Rfrequency
true_Rseq,4.706176485239219,4.706176485239219,4.0
alt_corrected,4.928960377260895,4.928960377260895,4.0
alt_corrected_unif,5.003095912215951,5.003095912215951,4.0
alt_uncorrected,5.874573592529375,5.874573592529375,4.0
