,Rseq_targets,Rseq_hits,Rfrequency
true_Rseq,4.638395013607946,4.638395013607946,4.0
alt_corrected,4.606840536872511,4.606840536872511,4.0
alt_corrected_unif,4.62158089769793,4.62158089769793,4.0
alt_uncorrected,5.493058578011354,5.493058578011354,4.0
