,Rseq_targets,Rseq_hits,Rfrequency
true_Rseq,4.187113688869275,4.187113688869275,4.0
alt_corrected,4.0641024251334095,4.0641024251334095,4.0
alt_corrected_unif,4.1146171134521,4.1146171134521,4.0
alt_uncorrected,4.986094793765524,4.986094793765524,4.0
