,Rseq_targets,Rseq_hits,Rfrequency
true_Rseq,4.496611305825281,4.496611305825281,4.0
alt_corrected,4.093125086107124,4.093125086107124,4.0
alt_corrected_unif,4.226231058347741,4.226231058347741,4.0
alt_uncorrected,5.097708738661165,5.097708738661165,4.0
