,Rseq_targets,Rseq_hits,Rfrequency
true_Rseq,3.6353843640160175,3.6353843640160175,4.0
alt_corrected,3.6424467041517334,3.6424467041517334,4.0
alt_corrected_unif,3.6494592968083075,3.6494592968083075,4.0
alt_uncorrected,4.520936977121732,4.520936977121732,4.0
