,Rseq_targets,Rseq_hits,Rfrequency
true_Rseq,4.858374446952937,4.858374446952937,4.0
alt_corrected,4.614898842373441,4.614898842373441,4.0
alt_corrected_unif,4.66140453585683,4.66140453585683,4.0
alt_uncorrected,5.532882216170254,5.532882216170254,4.0
