,Rseq_targets,Rseq_hits,Rfrequency
true_Rseq,3.8499938757431034,3.8499938757431034,4.0
alt_corrected,4.050844371339874,4.050844371339874,4.0
alt_corrected_unif,4.0848188971782395,4.0848188971782395,4.0
alt_uncorrected,4.956296577491664,4.956296577491664,4.0
