,Rseq_targets,Rseq_hits,Rfrequency
true_Rseq,3.9219691493673636,3.9219691493673636,4.0
alt_corrected,3.8784730961780536,3.8784730961780536,4.0
alt_corrected_unif,3.9082627642732866,3.9082627642732866,4.0
alt_uncorrected,4.779740444586711,4.779740444586711,4.0
