,Rseq_targets,Rseq_hits,Rfrequency
true_Rseq,3.776990884118403,3.776990884118403,4.0
alt_corrected,3.7936920131370084,3.7936920131370084,4.0
alt_corrected_unif,3.8008109900130136,3.8008109900130136,4.0
alt_uncorrected,4.672288670326438,4.672288670326438,4.0
