,Rseq_targets,Rseq_hits,Rfrequency
true_Rseq,3.8296685436249334,3.8296685436249334,4.0
alt_corrected,3.9238965232312233,3.9238965232312233,4.0
alt_corrected_unif,3.966639001603776,3.966639001603776,4.0
alt_uncorrected,4.8381166819172,4.8381166819172,4.0
