,Rseq_targets,Rseq_hits,Rfrequency
true_Rseq,4.128486288071715,4.128486288071715,4.0
alt_corrected,4.039047296680726,4.039047296680726,4.0
alt_corrected_unif,4.122177443639096,4.122177443639096,4.0
alt_uncorrected,4.99365512395252,4.99365512395252,4.0
