,Rseq_targets,Rseq_hits,Rfrequency
true_Rseq,3.7230026135685863,3.7230026135685863,4.0
alt_corrected,3.697123141538599,3.697123141538599,4.0
alt_corrected_unif,3.721788337839978,3.721788337839978,4.0
alt_uncorrected,4.593266018153402,4.593266018153402,4.0
