,Rseq_targets,Rseq_hits,Rfrequency
true_Rseq,3.8492039346360514,3.8492039346360514,4.0
alt_corrected,4.109704923825251,4.109704923825251,4.0
alt_corrected_unif,4.2118176094455,4.2118176094455,4.0
alt_uncorrected,5.083295289758924,5.083295289758924,4.0
