,Rseq_targets,Rseq_hits,Rfrequency
true_Rseq,4.057552942949444,4.057552942949444,4.0
alt_corrected,4.02387944997094,4.02387944997094,4.0
alt_corrected_unif,4.03207620718319,4.03207620718319,4.0
alt_uncorrected,4.903553887496614,4.903553887496614,4.0
