,Rseq_targets,Rseq_hits,Rfrequency
true_Rseq,4.916799192771469,4.916799192771469,4.0
alt_corrected,4.881595203894134,4.881595203894134,4.0
alt_corrected_unif,4.889703289707484,4.889703289707484,4.0
alt_uncorrected,5.7611809700209085,5.7611809700209085,4.0
