,Rseq_targets,Rseq_hits,Rfrequency
true_Rseq,4.4009619564052755,4.4009619564052755,4.0
alt_corrected,4.442524606664618,4.442524606664618,4.0
alt_corrected_unif,4.517448238529511,4.517448238529511,4.0
alt_uncorrected,5.388925918842935,5.388925918842935,4.0
