,Rseq_targets,Rseq_hits,Rfrequency
true_Rseq,2.9429860991339876,2.9429860991339876,4.0
alt_corrected,2.964496981617199,2.964496981617199,4.0
alt_corrected_unif,3.0673599381761125,3.0673599381761125,4.0
alt_uncorrected,3.938837618489537,3.938837618489537,4.0
