,Rseq_targets,Rseq_hits,Rfrequency
true_Rseq,3.248752045810779,3.248752045810779,4.0
alt_corrected,3.318083300054489,3.318083300054489,4.0
alt_corrected_unif,3.344584274608351,3.344584274608351,4.0
alt_uncorrected,4.216061954921775,4.216061954921775,4.0
