,Rseq_targets,Rseq_hits,Rfrequency
true_Rseq,3.9489628209316026,3.9489628209316026,4.0
alt_corrected,3.955088506381555,3.955088506381555,4.0
alt_corrected_unif,4.007238023339372,4.007238023339372,4.0
alt_uncorrected,4.878715703652796,4.878715703652796,4.0
