,Rseq_targets,Rseq_hits,Rfrequency
true_Rseq,4.250135366682777,4.250135366682777,4.0
alt_corrected,4.373893179704713,4.373893179704713,4.0
alt_corrected_unif,4.474215115753459,4.474215115753459,4.0
alt_uncorrected,5.345692796066883,5.345692796066883,4.0
