,Rseq_targets,Rseq_hits,Rfrequency
true_Rseq,3.7241545972565344,3.7241545972565344,4.0
alt_corrected,3.8890703955337877,3.8890703955337877,4.0
alt_corrected_unif,3.9720757631300034,3.9720757631300034,4.0
alt_uncorrected,4.843553443443428,4.843553443443428,4.0
