,Rseq_targets,Rseq_hits,Rfrequency
true_Rseq,4.349224840009329,4.349224840009329,4.0
alt_corrected,4.2941803208505185,4.2941803208505185,4.0
alt_corrected_unif,4.457982105314574,4.457982105314574,4.0
alt_uncorrected,5.329459785627998,5.329459785627998,4.0
