,Rseq_targets,Rseq_hits,Rfrequency
true_Rseq,4.472857442941141,4.472857442941141,4.0
alt_corrected,4.657525445384956,4.657525445384956,4.0
alt_corrected_unif,4.697866124583365,4.697866124583365,4.0
alt_uncorrected,5.569343804896789,5.569343804896789,4.0
