,Rseq_targets,Rseq_hits,Rfrequency
true_Rseq,3.285229508182508,3.285229508182508,4.0
alt_corrected,3.2547636408666674,3.2547636408666674,4.0
alt_corrected_unif,3.376028744930666,3.376028744930666,4.0
alt_uncorrected,4.24750642524409,4.24750642524409,4.0
