,Rseq_targets,Rseq_hits,Rfrequency
true_Rseq,3.7606805539775436,3.7606805539775436,4.0
alt_corrected,3.830130512600104,3.830130512600104,4.0
alt_corrected_unif,3.8822826181774093,3.8822826181774093,4.0
alt_uncorrected,4.753760298490834,4.753760298490834,4.0
