,Rseq_targets,Rseq_hits,Rfrequency
true_Rseq,3.6351412348746157,3.6351412348746157,4.0
alt_corrected,3.600486345888075,3.600486345888075,4.0
alt_corrected_unif,3.6043166292227293,3.6043166292227293,4.0
alt_uncorrected,4.475794309536154,4.475794309536154,4.0
