,Rseq_targets,Rseq_hits,Rfrequency
true_Rseq,4.314357802348475,4.314357802348475,4.0
alt_corrected,4.4479893108956325,4.4479893108956325,4.0
alt_corrected_unif,4.479276281873178,4.479276281873178,4.0
alt_uncorrected,5.350753962186602,5.350753962186602,4.0
