,Rseq_targets,Rseq_hits,Rfrequency
true_Rseq,4.278932515603437,4.278932515603437,4.0
alt_corrected,4.309684998203883,4.309684998203883,4.0
alt_corrected_unif,4.315119131467334,4.315119131467334,4.0
alt_uncorrected,5.186596811780759,5.186596811780759,4.0
