,Rseq_targets,Rseq_hits,Rfrequency
true_Rseq,4.100941813734595,4.100941813734595,4.0
alt_corrected,4.111328743187038,4.111328743187038,4.0
alt_corrected_unif,4.154483648141527,4.154483648141527,4.0
alt_uncorrected,5.025961328454951,5.025961328454951,4.0
