,Rseq_targets,Rseq_hits,Rfrequency
true_Rseq,4.944672909980712,4.944672909980712,4.0
alt_corrected,4.477267027090729,4.477267027090729,4.0
alt_corrected_unif,4.6066611677261875,4.6066611677261875,4.0
alt_uncorrected,5.478138848039611,5.478138848039611,4.0
