,Rseq_targets,Rseq_hits,Rfrequency
true_Rseq,4.551519816810746,4.551519816810746,4.0
alt_corrected,4.479797528038947,4.479797528038947,4.0
alt_corrected_unif,4.535881775124652,4.535881775124652,4.0
alt_uncorrected,5.407359455438076,5.407359455438076,4.0
