,Rseq_targets,Rseq_hits,Rfrequency
true_Rseq,5.041843470450324,5.041843470450324,4.0
alt_corrected,4.802718765643232,4.802718765643232,4.0
alt_corrected_unif,4.840818258583175,4.840818258583175,4.0
alt_uncorrected,5.712295938896599,5.712295938896599,4.0
