,Rseq_targets,Rseq_hits,Rfrequency
true_Rseq,3.3565250172157794,3.3565250172157794,4.0
alt_corrected,3.2873113885578436,3.2873113885578436,4.0
alt_corrected_unif,3.31559436964343,3.31559436964343,4.0
alt_uncorrected,4.187072049956854,4.187072049956854,4.0
