,Rseq_targets,Rseq_hits,Rfrequency
true_Rseq,2.8672405197429054,2.9813908973454843,4.0
alt_corrected,2.8109749504045856,2.9367095561761802,4.0
alt_corrected_unif,2.869385698311738,2.9951203040833327,4.0
alt_uncorrected,3.7408633786251624,3.866597984396757,4.0
