,Rseq_targets,Rseq_hits,Rfrequency
true_Rseq,4.263426769169794,4.263426769169794,4.0
alt_corrected,4.198489687707594,4.198489687707594,4.0
alt_corrected_unif,4.222799122666174,4.222799122666174,4.0
alt_uncorrected,5.094276802979599,5.094276802979599,4.0
