,Rseq_targets,Rseq_hits,Rfrequency
true_Rseq,4.384096141319482,4.384096141319482,4.0
alt_corrected,4.108344422419146,4.108344422419146,4.0
alt_corrected_unif,4.190104754136177,4.190104754136177,4.0
alt_uncorrected,5.061582434449601,5.061582434449601,4.0
