,Rseq_targets,Rseq_hits,Rfrequency
true_Rseq,4.496009483074193,4.496009483074193,4.0
alt_corrected,4.323574426891199,4.323574426891199,4.0
alt_corrected_unif,4.372778901679959,4.372778901679959,4.0
alt_uncorrected,5.244256581993383,5.244256581993383,4.0
