,Rseq_targets,Rseq_hits,Rfrequency
true_Rseq,3.4987724646845813,3.4987724646845813,4.0
alt_corrected,3.174089978886677,3.174089978886677,4.0
alt_corrected_unif,3.2626779382974216,3.2626779382974216,4.0
alt_uncorrected,4.134155618610846,4.134155618610846,4.0
