,Rseq_targets,Rseq_hits,Rfrequency
true_Rseq,4.421995338682224,4.421995338682224,4.0
alt_corrected,4.104637298442487,4.104637298442487,4.0
alt_corrected_unif,4.21014223636368,4.21014223636368,4.0
alt_uncorrected,5.081619916677105,5.081619916677105,4.0
