,Rseq_targets,Rseq_hits,Rfrequency
true_Rseq,4.165667950285929,4.165667950285929,4.0
alt_corrected,4.172770288227019,4.172770288227019,4.0
alt_corrected_unif,4.230372677463356,4.230372677463356,4.0
alt_uncorrected,5.1018503577767795,5.1018503577767795,4.0
