,Rseq_targets,Rseq_hits,Rfrequency
true_Rseq,3.3019842182773704,3.3019842182773704,4.0
alt_corrected,3.169063682817649,3.169063682817649,4.0
alt_corrected_unif,3.3288777146848756,3.3288777146848756,4.0
alt_uncorrected,4.2003553949983,4.2003553949983,4.0
