,Rseq_targets,Rseq_hits,Rfrequency
true_Rseq,3.5440876692136793,3.5440876692136793,4.0
alt_corrected,3.5654411122230627,3.5654411122230627,4.0
alt_corrected_unif,3.6359936915211324,3.6359936915211324,4.0
alt_uncorrected,4.507471371834557,4.507471371834557,4.0
