,Rseq_targets,Rseq_hits,Rfrequency
true_Rseq,4.329564077061786,4.329564077061786,4.0
alt_corrected,4.283919856735414,4.283919856735414,4.0
alt_corrected_unif,4.3292105527528495,4.3292105527528495,4.0
alt_uncorrected,5.200688233066274,5.200688233066274,4.0
