,Rseq_targets,Rseq_hits,Rfrequency
true_Rseq,3.8641466307931793,3.8641466307931793,4.0
alt_corrected,3.6396326555158813,3.6396326555158813,4.0
alt_corrected_unif,3.6937198316677047,3.6937198316677047,4.0
alt_uncorrected,4.565197511981129,4.565197511981129,4.0
