,Rseq_targets,Rseq_hits,Rfrequency
true_Rseq,5.144213983116225,5.144213983116225,4.0
alt_corrected,5.192730858493048,5.192730858493048,4.0
alt_corrected_unif,5.232828488813693,5.232828488813693,4.0
alt_uncorrected,6.104306169127118,6.104306169127118,4.0
