,Rseq_targets,Rseq_hits,Rfrequency
true_Rseq,4.044775949916515,4.044775949916515,4.0
alt_corrected,3.8909100623549873,3.8909100623549873,4.0
alt_corrected_unif,3.967447832590039,3.967447832590039,4.0
alt_uncorrected,4.838925512903463,4.838925512903463,4.0
