,Rseq_targets,Rseq_hits,Rfrequency
true_Rseq,4.144638676646851,4.144638676646851,4.0
alt_corrected,4.085002772011334,4.085002772011334,4.0
alt_corrected_unif,4.09424345886309,4.09424345886309,4.0
alt_uncorrected,4.965721139176514,4.965721139176514,4.0
