,Rseq_targets,Rseq_hits,Rfrequency
true_Rseq,4.004653509487746,4.004653509487746,4.0
alt_corrected,3.8370024666515508,3.8370024666515508,4.0
alt_corrected_unif,3.857999377042048,3.857999377042048,4.0
alt_uncorrected,4.7294770573554725,4.7294770573554725,4.0
