,Rseq_targets,Rseq_hits,Rfrequency
true_Rseq,4.647601527100665,4.647601527100665,4.0
alt_corrected,4.505108539280249,4.505108539280249,4.0
alt_corrected_unif,4.5374732905940345,4.5374732905940345,4.0
alt_uncorrected,5.408950970907459,5.408950970907459,4.0
