,Rseq_targets,Rseq_hits,Rfrequency
true_Rseq,3.9812094621021057,3.9812094621021057,4.0
alt_corrected,4.113120603974085,4.113120603974085,4.0
alt_corrected_unif,4.131193423552128,4.131193423552128,4.0
alt_uncorrected,5.002671103865552,5.002671103865552,4.0
