,Rseq_targets,Rseq_hits,Rfrequency
true_Rseq,4.284635454247872,4.284635454247872,4.0
alt_corrected,4.272071150132158,4.272071150132158,4.0
alt_corrected_unif,4.287086186596625,4.287086186596625,4.0
alt_uncorrected,5.158563866910049,5.158563866910049,4.0
