,Rseq_targets,Rseq_hits,Rfrequency
true_Rseq,4.360415996978071,4.360415996978071,4.0
alt_corrected,4.428874942368015,4.428874942368015,4.0
alt_corrected_unif,4.461294505049526,4.461294505049526,4.0
alt_uncorrected,5.33277218536295,5.33277218536295,4.0
