,Rseq_targets,Rseq_hits,Rfrequency
true_Rseq,4.02744055809724,4.02744055809724,4.0
alt_corrected,3.912666846073017,3.912666846073017,4.0
alt_corrected_unif,3.9818821556878627,3.9818821556878627,4.0
alt_uncorrected,4.853359836001287,4.853359836001287,4.0
