,Rseq_targets,Rseq_hits,Rfrequency
true_Rseq,3.764417744743387,3.764417744743387,4.0
alt_corrected,3.6486884219892604,3.6486884219892604,4.0
alt_corrected_unif,3.6946595857189863,3.6946595857189863,4.0
alt_uncorrected,4.566137266032411,4.566137266032411,4.0
