,Rseq_targets,Rseq_hits,Rfrequency
true_Rseq,4.069566004673305,4.069566004673305,4.0
alt_corrected,3.8782514393256227,3.8782514393256227,4.0
alt_corrected_unif,3.964801736941354,3.964801736941354,4.0
alt_uncorrected,4.8362794172547785,4.8362794172547785,4.0
