,Rseq_targets,Rseq_hits,Rfrequency
true_Rseq,4.245968315083852,4.245968315083852,4.0
alt_corrected,3.85756183100417,3.85756183100417,4.0
alt_corrected_unif,3.997920378377209,3.997920378377209,4.0
alt_uncorrected,4.869398058690633,4.869398058690633,4.0
