,Rseq_targets,Rseq_hits,Rfrequency
true_Rseq,4.223187877066236,4.223187877066236,4.0
alt_corrected,4.368990022722876,4.368990022722876,4.0
alt_corrected_unif,4.398528955356241,4.398528955356241,4.0
alt_uncorrected,5.270006635669665,5.270006635669665,4.0
