,Rseq_targets,Rseq_hits,Rfrequency
true_Rseq,3.976150147955046,3.976150147955046,4.0
alt_corrected,3.8329701059753343,3.8329701059753343,4.0
alt_corrected_unif,3.8887655395808776,3.8887655395808776,4.0
alt_uncorrected,4.760243219894302,4.760243219894302,4.0
