,Rseq_targets,Rseq_hits,Rfrequency
true_Rseq,4.305380771513519,4.305380771513519,4.0
alt_corrected,4.034819547992712,4.034819547992712,4.0
alt_corrected_unif,4.185350796401348,4.185350796401348,4.0
alt_uncorrected,5.056828476714772,5.056828476714772,4.0
