,Rseq_targets,Rseq_hits,Rfrequency
true_Rseq,4.231607445727356,4.231607445727356,4.0
alt_corrected,3.829399955767245,3.829399955767245,4.0
alt_corrected_unif,3.9613363739592624,3.9613363739592624,4.0
alt_uncorrected,4.832814054272687,4.832814054272687,4.0
