,Rseq_targets,Rseq_hits,Rfrequency
true_Rseq,3.335640998632469,3.335640998632469,4.0
alt_corrected,3.4459545247841072,3.4459545247841072,4.0
alt_corrected_unif,3.5364033967886885,3.5364033967886885,4.0
alt_uncorrected,4.407881077102113,4.407881077102113,4.0
