,Rseq_targets,Rseq_hits,Rfrequency
true_Rseq,3.7255430761702364,3.7255430761702364,4.0
alt_corrected,3.726599866585125,3.726599866585125,4.0
alt_corrected_unif,3.727686367750296,3.727686367750296,4.0
alt_uncorrected,4.59916404806372,4.59916404806372,4.0
