,Rseq_targets,Rseq_hits,Rfrequency
true_Rseq,3.8107843924345683,3.8107843924345683,4.0
alt_corrected,3.659980729460142,3.659980729460142,4.0
alt_corrected_unif,3.7130073062657725,3.7130073062657725,4.0
alt_uncorrected,4.584484986579197,4.584484986579197,4.0
