,Rseq_targets,Rseq_hits,Rfrequency
true_Rseq,3.713123039084005,3.713123039084005,4.0
alt_corrected,3.5492940526610632,3.5492940526610632,4.0
alt_corrected_unif,3.6624023436270465,3.6624023436270465,4.0
alt_uncorrected,4.533880023940471,4.533880023940471,4.0
