,Rseq_targets,Rseq_hits,Rfrequency
true_Rseq,4.378343461593392,4.378343461593392,4.0
alt_corrected,4.360111350101652,4.360111350101652,4.0
alt_corrected_unif,4.502479079007527,4.502479079007527,4.0
alt_uncorrected,5.373956759320951,5.373956759320951,4.0
