,Rseq_targets,Rseq_hits,Rfrequency
true_Rseq,4.529606985519628,4.529606985519628,4.0
alt_corrected,4.537471345476065,4.537471345476065,4.0
alt_corrected_unif,4.557600140875087,4.557600140875087,4.0
alt_uncorrected,5.429077821188511,5.429077821188511,4.0
