,Rseq_targets,Rseq_hits,Rfrequency
true_Rseq,-0.2444817741080687,3.3600074807699816,4.0
alt_corrected,-0.03534172995969942,3.664238991610387,4.0
alt_corrected_unif,0.12998909984127116,3.8295698214113574,4.0
alt_uncorrected,1.0014667801546955,4.701047501724782,4.0
