,Rseq_targets,Rseq_hits,Rfrequency
true_Rseq,3.8334386668737883,3.8334386668737883,4.0
alt_corrected,3.90762990869097,3.90762990869097,4.0
alt_corrected_unif,3.924301954997064,3.924301954997064,4.0
alt_uncorrected,4.795779635310488,4.795779635310488,4.0
