,Rseq_targets,Rseq_hits,Rfrequency
true_Rseq,-0.3164852951575092,3.7192266785693437,4.0
alt_corrected,-0.13490050660900366,3.7780118832219047,4.0
alt_corrected_unif,0.08226609445179145,3.9951784842827,4.0
alt_uncorrected,0.9537437747652158,4.866656164596124,4.0
