,Rseq_targets,Rseq_hits,Rfrequency
true_Rseq,3.1174350372005026,3.1174350372005026,4.0
alt_corrected,3.3518414862321437,3.3518414862321437,4.0
alt_corrected_unif,3.428480700468356,3.428480700468356,4.0
alt_uncorrected,4.2999583807817805,4.2999583807817805,4.0
