,Rseq_targets,Rseq_hits,Rfrequency
true_Rseq,3.129314160214326,3.129314160214326,4.0
alt_corrected,3.0537881042450037,3.0537881042450037,4.0
alt_corrected_unif,3.156429626516544,3.156429626516544,4.0
alt_uncorrected,4.0279073068299684,4.0279073068299684,4.0
