,Rseq_targets,Rseq_hits,Rfrequency
true_Rseq,3.6747683574790813,3.6747683574790813,4.0
alt_corrected,3.5663969244739846,3.5663969244739846,4.0
alt_corrected_unif,3.597185225257632,3.597185225257632,4.0
alt_uncorrected,4.4686629055710565,4.4686629055710565,4.0
