,Rseq_targets,Rseq_hits,Rfrequency
true_Rseq,3.7725639772355564,3.4558735401661096,4.0
alt_corrected,3.6471549275471626,3.3070068254357143,4.0
alt_corrected_unif,3.6849798587847196,3.3448317566732713,4.0
alt_uncorrected,4.556457539098144,4.216309436986696,4.0
