,Rseq_targets,Rseq_hits,Rfrequency
true_Rseq,4.232967110155794,4.232967110155794,4.0
alt_corrected,4.145819549210392,4.145819549210392,4.0
alt_corrected_unif,4.166323237819439,4.166323237819439,4.0
alt_uncorrected,5.037800918132864,5.037800918132864,4.0
