,Rseq_targets,Rseq_hits,Rfrequency
true_Rseq,3.1163947454922543,3.1163947454922543,4.0
alt_corrected,3.2104705347364733,3.2104705347364733,4.0
alt_corrected_unif,3.2623095961892186,3.2623095961892186,4.0
alt_uncorrected,4.133787276502643,4.133787276502643,4.0
