,Rseq_targets,Rseq_hits,Rfrequency
true_Rseq,4.149048889140209,4.149048889140209,4.0
alt_corrected,4.269129185205466,4.269129185205466,4.0
alt_corrected_unif,4.357642472603043,4.357642472603043,4.0
alt_uncorrected,5.229120152916467,5.229120152916467,4.0
