,Rseq_targets,Rseq_hits,Rfrequency
true_Rseq,4.126907535838645,4.126907535838645,4.0
alt_corrected,3.7214804473982883,3.7214804473982883,4.0
alt_corrected_unif,3.853735494582715,3.853735494582715,4.0
alt_uncorrected,4.7252131748961395,4.7252131748961395,4.0
