,Rseq_targets,Rseq_hits,Rfrequency
true_Rseq,3.561097838876302,3.561097838876302,4.0
alt_corrected,3.5292211484873697,3.5292211484873697,4.0
alt_corrected_unif,3.576693463907118,3.576693463907118,4.0
alt_uncorrected,4.4481711442205425,4.4481711442205425,4.0
