,Rseq_targets,Rseq_hits,Rfrequency
true_Rseq,3.7314190465033112,3.7314190465033112,4.0
alt_corrected,3.7036202781727496,3.7036202781727496,4.0
alt_corrected_unif,3.7180830720630555,3.7180830720630555,4.0
alt_uncorrected,4.58956075237648,4.58956075237648,4.0
