,Rseq_targets,Rseq_hits,Rfrequency
true_Rseq,4.595936190244489,4.595936190244489,4.0
alt_corrected,4.598822134936866,4.598822134936866,4.0
alt_corrected_unif,4.602599258358659,4.602599258358659,4.0
alt_uncorrected,5.4740769386720824,5.4740769386720824,4.0
