,Rseq_targets,Rseq_hits,Rfrequency
true_Rseq,4.602824921037034,4.602824921037034,4.0
alt_corrected,4.521012511059402,4.521012511059402,4.0
alt_corrected_unif,4.570311870069668,4.570311870069668,4.0
alt_uncorrected,5.441789550383092,5.441789550383092,4.0
