,Rseq_targets,Rseq_hits,Rfrequency
true_Rseq,3.984082772510373,3.984082772510373,4.0
alt_corrected,3.987320907663843,3.987320907663843,4.0
alt_corrected_unif,4.063747020371016,4.063747020371016,4.0
alt_uncorrected,4.935224700684441,4.935224700684441,4.0
