,Rseq_targets,Rseq_hits,Rfrequency
true_Rseq,4.256183494032034,4.256183494032034,4.0
alt_corrected,4.247497285464376,4.247497285464376,4.0
alt_corrected_unif,4.289616915655323,4.289616915655323,4.0
alt_uncorrected,5.1610945959687475,5.1610945959687475,4.0
