,Rseq_targets,Rseq_hits,Rfrequency
true_Rseq,4.012084691178506,4.012084691178506,4.0
alt_corrected,4.116752687059967,4.116752687059967,4.0
alt_corrected_unif,4.139044962196694,4.139044962196694,4.0
alt_uncorrected,5.010522642510118,5.010522642510118,4.0
