,Rseq_targets,Rseq_hits,Rfrequency
true_Rseq,4.7040196728747485,4.7040196728747485,4.0
alt_corrected,4.7868965799232575,4.7868965799232575,4.0
alt_corrected_unif,4.797767289685423,4.797767289685423,4.0
alt_uncorrected,5.669244969998847,5.669244969998847,4.0
