,Rseq_targets,Rseq_hits,Rfrequency
true_Rseq,4.261938992125839,4.261938992125839,4.0
alt_corrected,4.217134612816419,4.217134612816419,4.0
alt_corrected_unif,4.291176957890714,4.291176957890714,4.0
alt_uncorrected,5.162654638204139,5.162654638204139,4.0
