,Rseq_targets,Rseq_hits,Rfrequency
true_Rseq,4.407012460481994,4.407012460481994,4.0
alt_corrected,4.348992123724367,4.348992123724367,4.0
alt_corrected_unif,4.368435212987194,4.368435212987194,4.0
alt_uncorrected,5.239912893300619,5.239912893300619,4.0
