,Rseq_targets,Rseq_hits,Rfrequency
true_Rseq,3.9875410891730443,3.9875410891730443,4.0
alt_corrected,3.9927306597991117,3.9927306597991117,4.0
alt_corrected_unif,4.003601369561274,4.003601369561274,4.0
alt_uncorrected,4.875079049874698,4.875079049874698,4.0
