,Rseq_targets,Rseq_hits,Rfrequency
true_Rseq,4.167888231507421,4.167888231507421,4.0
alt_corrected,4.170793226192526,4.170793226192526,4.0
alt_corrected_unif,4.252015778699086,4.252015778699086,4.0
alt_uncorrected,5.1234934590125105,5.1234934590125105,4.0
