,Rseq_targets,Rseq_hits,Rfrequency
true_Rseq,4.249915982125306,4.249915982125306,4.0
alt_corrected,4.293282547252836,4.293282547252836,4.0
alt_corrected_unif,4.304789035239079,4.304789035239079,4.0
alt_uncorrected,5.176266715552503,5.176266715552503,4.0
