,Rseq_targets,Rseq_hits,Rfrequency
true_Rseq,3.831606648595166,3.831606648595166,4.0
alt_corrected,3.67177410647952,3.67177410647952,4.0
alt_corrected_unif,3.742473553046167,3.742473553046167,4.0
alt_uncorrected,4.613951233359591,4.613951233359591,4.0
