,Rseq_targets,Rseq_hits,Rfrequency
true_Rseq,3.7268535636307156,3.7268535636307156,4.0
alt_corrected,3.8664923926276322,3.8664923926276322,4.0
alt_corrected_unif,3.9195189694332426,3.9195189694332426,4.0
alt_uncorrected,4.790996649746667,4.790996649746667,4.0
