,Rseq_targets,Rseq_hits,Rfrequency
true_Rseq,4.00078289458392,4.00078289458392,4.0
alt_corrected,3.973044425319476,3.973044425319476,4.0
alt_corrected_unif,4.04133578217227,4.04133578217227,4.0
alt_uncorrected,4.912813462485694,4.912813462485694,4.0
