,Rseq_targets,Rseq_hits,Rfrequency
true_Rseq,4.468401705624535,4.468401705624535,4.0
alt_corrected,4.256400759735379,4.256400759735379,4.0
alt_corrected_unif,4.329708190924821,4.329708190924821,4.0
alt_uncorrected,5.201185871238245,5.201185871238245,4.0
