,Rseq_targets,Rseq_hits,Rfrequency
true_Rseq,4.102153103453525,4.102153103453525,4.0
alt_corrected,3.965658598277097,3.965658598277097,4.0
alt_corrected_unif,4.048894403296686,4.048894403296686,4.0
alt_uncorrected,4.9203720836101095,4.9203720836101095,4.0
