,Rseq_targets,Rseq_hits,Rfrequency
true_Rseq,4.008319644577865,4.008319644577865,4.0
alt_corrected,3.491750625636176,3.491750625636176,4.0
alt_corrected_unif,3.6885490363340483,3.6885490363340483,4.0
alt_uncorrected,4.560026716647473,4.560026716647473,4.0
