,Rseq_targets,Rseq_hits,Rfrequency
true_Rseq,3.0428907785662087,3.87387664687048,4.0
alt_corrected,3.09456528373785,3.9740559565573608,4.0
alt_corrected_unif,3.1711030539728964,4.050593726792407,4.0
alt_uncorrected,4.042580734286321,4.922071407105832,4.0
