,Rseq_targets,Rseq_hits,Rfrequency
true_Rseq,3.7806910026236213,3.7806910026236213,4.0
alt_corrected,3.868982641483384,3.868982641483384,4.0
alt_corrected_unif,3.9162227309262456,3.9162227309262456,4.0
alt_uncorrected,4.78770041123967,4.78770041123967,4.0
