,Rseq_targets,Rseq_hits,Rfrequency
true_Rseq,4.440035961169903,4.440035961169903,4.0
alt_corrected,4.598746208006682,4.598746208006682,4.0
alt_corrected_unif,4.625567496811012,4.625567496811012,4.0
alt_uncorrected,5.497045177124436,5.497045177124436,4.0
