,Rseq_targets,Rseq_hits,Rfrequency
true_Rseq,3.7942773837667874,3.7942773837667874,4.0
alt_corrected,3.783646748765334,3.783646748765334,4.0
alt_corrected_unif,3.7945174585275114,3.7945174585275114,4.0
alt_uncorrected,4.665995138840936,4.665995138840936,4.0
