,Rseq_targets,Rseq_hits,Rfrequency
true_Rseq,4.276347244004892,4.276347244004892,4.0
alt_corrected,4.2927696622568465,4.2927696622568465,4.0
alt_corrected_unif,4.302413856377369,4.302413856377369,4.0
alt_uncorrected,5.1738915366907925,5.1738915366907925,4.0
