,Rseq_targets,Rseq_hits,Rfrequency
true_Rseq,4.617717256684681,4.617717256684681,4.0
alt_corrected,4.357736919544314,4.357736919544314,4.0
alt_corrected_unif,4.389023890521861,4.389023890521861,4.0
alt_uncorrected,5.2605015708352845,5.2605015708352845,4.0
