,Rseq_targets,Rseq_hits,Rfrequency
true_Rseq,4.434015233653916,4.434015233653916,4.0
alt_corrected,4.365860365857751,4.365860365857751,4.0
alt_corrected_unif,4.383765129884251,4.383765129884251,4.0
alt_uncorrected,5.255242810197676,5.255242810197676,4.0
