,Rseq_targets,Rseq_hits,Rfrequency
true_Rseq,3.9415369113985452,3.9415369113985452,4.0
alt_corrected,4.058490206826677,4.058490206826677,4.0
alt_corrected_unif,4.092667386032131,4.092667386032131,4.0
alt_uncorrected,4.964145066345555,4.964145066345555,4.0
