,Rseq_targets,Rseq_hits,Rfrequency
true_Rseq,4.370552597195346,4.370552597195346,4.0
alt_corrected,4.362557997389332,4.362557997389332,4.0
alt_corrected_unif,4.365782878236963,4.365782878236963,4.0
alt_uncorrected,5.237260558550387,5.237260558550387,4.0
