,Rseq_targets,Rseq_hits,Rfrequency
true_Rseq,3.7784510470430437,3.7784510470430437,4.0
alt_corrected,3.7856183631519857,3.7856183631519857,4.0
alt_corrected_unif,3.9220868892272676,3.9220868892272676,4.0
alt_uncorrected,4.793564569540692,4.793564569540692,4.0
