,Rseq_targets,Rseq_hits,Rfrequency
true_Rseq,4.08999639022158,4.08999639022158,4.0
alt_corrected,4.033487241402138,4.033487241402138,4.0
alt_corrected_unif,4.037264364823917,4.037264364823917,4.0
alt_uncorrected,4.908742045137342,4.908742045137342,4.0
