,Rseq_targets,Rseq_hits,Rfrequency
true_Rseq,4.5678833393152205,4.5678833393152205,4.0
alt_corrected,4.5693559686165965,4.5693559686165965,4.0
alt_corrected_unif,4.57594887590006,4.57594887590006,4.0
alt_uncorrected,5.447426556213484,5.447426556213484,4.0
