,Rseq_targets,Rseq_hits,Rfrequency
true_Rseq,3.5104216976349827,3.5104216976349827,4.0
alt_corrected,3.780694785201162,3.780694785201162,4.0
alt_corrected_unif,3.841962587750794,3.841962587750794,4.0
alt_uncorrected,4.713440268064218,4.713440268064218,4.0
