,Rseq_targets,Rseq_hits,Rfrequency
true_Rseq,4.740536572214118,4.740536572214118,4.0
alt_corrected,4.623705127109753,4.623705127109753,4.0
alt_corrected_unif,4.662047918394242,4.662047918394242,4.0
alt_uncorrected,5.533525598707666,5.533525598707666,4.0
