,Rseq_targets,Rseq_hits,Rfrequency
true_Rseq,3.725462068482697,3.725462068482697,4.0
alt_corrected,3.8114026900047913,3.8114026900047913,4.0
alt_corrected_unif,3.8195107758181446,3.8195107758181446,4.0
alt_uncorrected,4.690988456131569,4.690988456131569,4.0
