,Rseq_targets,Rseq_hits,Rfrequency
true_Rseq,3.4661669029881015,3.4661669029881015,4.0
alt_corrected,3.2157618610974255,3.2157618610974255,4.0
alt_corrected_unif,3.293022946495927,3.293022946495927,4.0
alt_uncorrected,4.164500626809351,4.164500626809351,4.0
