,Rseq_targets,Rseq_hits,Rfrequency
true_Rseq,3.9340697893288787,3.9340697893288787,4.0
alt_corrected,3.9933665608872824,3.9933665608872824,4.0
alt_corrected_unif,4.028769270280538,4.028769270280538,4.0
alt_uncorrected,4.900246950593962,4.900246950593962,4.0
