,Rseq_targets,Rseq_hits,Rfrequency
true_Rseq,4.768466310111993,4.768466310111993,4.0
alt_corrected,4.764001216994938,4.764001216994938,4.0
alt_corrected_unif,4.773403175995487,4.773403175995487,4.0
alt_uncorrected,5.6448808563089115,5.6448808563089115,4.0
