,Rseq_targets,Rseq_hits,Rfrequency
true_Rseq,3.5838752396592017,3.5838752396592017,4.0
alt_corrected,3.38423931255486,3.38423931255486,4.0
alt_corrected_unif,3.529704506633625,3.529704506633625,4.0
alt_uncorrected,4.401182186947049,4.401182186947049,4.0
