,Rseq_targets,Rseq_hits,Rfrequency
true_Rseq,4.216857439339374,4.216857439339374,4.0
alt_corrected,4.222224517634272,4.222224517634272,4.0
alt_corrected_unif,4.232524143042914,4.232524143042914,4.0
alt_uncorrected,5.104001823356338,5.104001823356338,4.0
