,Rseq_targets,Rseq_hits,Rfrequency
true_Rseq,4.569399497877276,4.569399497877276,4.0
alt_corrected,4.382407884006005,4.382407884006005,4.0
alt_corrected_unif,4.439131041466494,4.439131041466494,4.0
alt_uncorrected,5.310608721779919,5.310608721779919,4.0
