,Rseq_targets,Rseq_hits,Rfrequency
true_Rseq,3.6096724349198492,3.6096724349198492,4.0
alt_corrected,3.686395482361156,3.686395482361156,4.0
alt_corrected_unif,3.6945922395734194,3.6945922395734194,4.0
alt_uncorrected,4.566069919886844,4.566069919886844,4.0
