,Rseq_targets,Rseq_hits,Rfrequency
true_Rseq,4.518666488893956,4.518666488893956,4.0
alt_corrected,4.389676580083297,4.389676580083297,4.0
alt_corrected_unif,4.4297742104039255,4.4297742104039255,4.0
alt_uncorrected,5.301251890717349,5.301251890717349,4.0
