,Rseq_targets,Rseq_hits,Rfrequency
true_Rseq,3.9549407320717336,3.9549407320717336,4.0
alt_corrected,3.890182020918596,3.890182020918596,4.0
alt_corrected_unif,3.908254840496651,3.908254840496651,4.0
alt_uncorrected,4.779732520810075,4.779732520810075,4.0
