,Rseq_targets,Rseq_hits,Rfrequency
true_Rseq,3.6746993851221745,3.6746993851221745,4.0
alt_corrected,3.805405008643772,3.805405008643772,4.0
alt_corrected_unif,3.8584315854493823,3.8584315854493823,4.0
alt_uncorrected,4.729909265762807,4.729909265762807,4.0
