,Rseq_targets,Rseq_hits,Rfrequency
true_Rseq,3.8626435692336365,3.8626435692336365,4.0
alt_corrected,3.5879810124367872,3.5879810124367872,4.0
alt_corrected_unif,3.7089075974992007,3.7089075974992007,4.0
alt_uncorrected,4.580385277812625,4.580385277812625,4.0
