,Rseq_targets,Rseq_hits,Rfrequency
true_Rseq,4.152107253878805,4.152107253878805,4.0
alt_corrected,4.181665827367081,4.181665827367081,4.0
alt_corrected_unif,4.225816193914941,4.225816193914941,4.0
alt_uncorrected,5.097293874228366,5.097293874228366,4.0
