,Rseq_targets,Rseq_hits,Rfrequency
true_Rseq,4.240469200089896,4.240469200089896,4.0
alt_corrected,4.120497420690164,4.120497420690164,4.0
alt_corrected_unif,4.135113491175291,4.135113491175291,4.0
alt_uncorrected,5.006591171488715,5.006591171488715,4.0
