,Rseq_targets,Rseq_hits,Rfrequency
true_Rseq,4.01261055328963,4.01261055328963,4.0
alt_corrected,3.8729302121740043,3.8729302121740043,4.0
alt_corrected_unif,3.9382507509508584,3.9382507509508584,4.0
alt_uncorrected,4.809728431264283,4.809728431264283,4.0
