,Rseq_targets,Rseq_hits,Rfrequency
true_Rseq,3.9992353762229698,3.9992353762229698,4.0
alt_corrected,4.037785777607867,4.037785777607867,4.0
alt_corrected_unif,4.0609210676808125,4.0609210676808125,4.0
alt_uncorrected,4.932398747994236,4.932398747994236,4.0
