,Rseq_targets,Rseq_hits,Rfrequency
true_Rseq,4.411719930123141,4.411719930123141,4.0
alt_corrected,4.51171955136823,4.51171955136823,4.0
alt_corrected_unif,4.552060230566632,4.552060230566632,4.0
alt_uncorrected,5.423537910880055,5.423537910880055,4.0
