,Rseq_targets,Rseq_hits,Rfrequency
true_Rseq,4.185881000763063,4.185881000763063,4.0
alt_corrected,4.0663244031677195,4.0663244031677195,4.0
alt_corrected_unif,4.131566057742422,4.131566057742422,4.0
alt_uncorrected,5.003043738055846,5.003043738055846,4.0
