,Rseq_targets,Rseq_hits,Rfrequency
true_Rseq,3.8526434058901415,3.8526434058901415,4.0
alt_corrected,3.9898305006737345,3.9898305006737345,4.0
alt_corrected_unif,4.06209437336841,4.06209437336841,4.0
alt_uncorrected,4.933572053681835,4.933572053681835,4.0
