,Rseq_targets,Rseq_hits,Rfrequency
true_Rseq,3.580636246485234,3.580636246485234,4.0
alt_corrected,3.586913504394978,3.586913504394978,4.0
alt_corrected_unif,3.6100487944679425,3.6100487944679425,4.0
alt_uncorrected,4.481526474781367,4.481526474781367,4.0
