,Rseq_targets,Rseq_hits,Rfrequency
true_Rseq,2.901044510821709,3.514216431697599,4.0
alt_corrected,2.9389224670875556,3.5919768579801445,4.0
alt_corrected_unif,3.031942106777281,3.68499649766987,4.0
alt_uncorrected,3.9034197870907055,4.5564741779832945,4.0
