,Rseq_targets,Rseq_hits,Rfrequency
true_Rseq,4.160110017299283,4.160110017299283,4.0
alt_corrected,4.3631685581276525,4.3631685581276525,4.0
alt_corrected_unif,4.387833754429019,4.387833754429019,4.0
alt_uncorrected,5.259311434742443,5.259311434742443,4.0
