,Rseq_targets,Rseq_hits,Rfrequency
true_Rseq,4.469144422355604,4.469144422355604,4.0
alt_corrected,4.256482104353138,4.256482104353138,4.0
alt_corrected_unif,4.3017728003705855,4.3017728003705855,4.0
alt_uncorrected,5.173250480684009,5.173250480684009,4.0
