,Rseq_targets,Rseq_hits,Rfrequency
true_Rseq,4.42920559508808,4.42920559508808,4.0
alt_corrected,4.467928989516846,4.467928989516846,4.0
alt_corrected_unif,4.474941582173432,4.474941582173432,4.0
alt_uncorrected,5.346419262486856,5.346419262486856,4.0
