,Rseq_targets,Rseq_hits,Rfrequency
true_Rseq,4.325072917974759,4.325072917974759,4.0
alt_corrected,4.4747830505240564,4.4747830505240564,4.0
alt_corrected_unif,4.562134227370382,4.562134227370382,4.0
alt_uncorrected,5.433611907683806,5.433611907683806,4.0
