,Rseq_targets,Rseq_hits,Rfrequency
true_Rseq,4.570372639686706,4.570372639686706,4.0
alt_corrected,4.28587119409509,4.28587119409509,4.0
alt_corrected_unif,4.408238722936376,4.408238722936376,4.0
alt_uncorrected,5.2797164032498,5.2797164032498,4.0
