,Rseq_targets,Rseq_hits,Rfrequency
true_Rseq,3.6857780673998857,3.6857780673998857,4.0
alt_corrected,3.5606319302339084,3.5606319302339084,4.0
alt_corrected_unif,3.6238793566416905,3.6238793566416905,4.0
alt_uncorrected,4.495357036955115,4.495357036955115,4.0
