,Rseq_targets,Rseq_hits,Rfrequency
true_Rseq,3.5508207214320864,3.5508207214320864,4.0
alt_corrected,3.3013947415620777,3.3013947415620777,4.0
alt_corrected_unif,3.413395514464678,3.413395514464678,4.0
alt_uncorrected,4.284873194778102,4.284873194778102,4.0
