,Rseq_targets,Rseq_hits,Rfrequency
true_Rseq,3.6857527972749367,3.6857527972749367,4.0
alt_corrected,3.89284175784383,3.89284175784383,4.0
alt_corrected_unif,3.960826864654558,3.960826864654558,4.0
alt_uncorrected,4.8323045449679825,4.8323045449679825,4.0
