,Rseq_targets,Rseq_hits,Rfrequency
true_Rseq,4.337115454205636,4.337115454205636,4.0
alt_corrected,4.355708252418621,4.355708252418621,4.0
alt_corrected_unif,4.369296571368642,4.369296571368642,4.0
alt_uncorrected,5.2407742516820655,5.2407742516820655,4.0
