,Rseq_targets,Rseq_hits,Rfrequency
true_Rseq,4.4214450207487666,4.4214450207487666,4.0
alt_corrected,4.469984727221375,4.469984727221375,4.0
alt_corrected_unif,4.4833149200732585,4.4833149200732585,4.0
alt_uncorrected,5.354792600386683,5.354792600386683,4.0
