,Rseq_targets,Rseq_hits,Rfrequency
true_Rseq,3.875300601294768,3.875300601294768,4.0
alt_corrected,3.666210591010407,3.666210591010407,4.0
alt_corrected_unif,3.70914379666064,3.70914379666064,4.0
alt_uncorrected,4.5806214769740645,4.5806214769740645,4.0
