,Rseq_targets,Rseq_hits,Rfrequency
true_Rseq,4.563286374051748,4.563286374051748,4.0
alt_corrected,4.5533472991469335,4.5533472991469335,4.0
alt_corrected_unif,4.577656734105501,4.577656734105501,4.0
alt_uncorrected,5.449134414418926,5.449134414418926,4.0
