,Rseq_targets,Rseq_hits,Rfrequency
true_Rseq,3.7987090642554247,3.7987090642554247,4.0
alt_corrected,3.9259652897114203,3.9259652897114203,4.0
alt_corrected_unif,3.987269353896059,3.987269353896059,4.0
alt_uncorrected,4.858747034209483,4.858747034209483,4.0
