,Rseq_targets,Rseq_hits,Rfrequency
true_Rseq,3.744592137481966,3.744592137481966,4.0
alt_corrected,3.7166626725554273,3.7166626725554273,4.0
alt_corrected_unif,3.722096805818849,3.722096805818849,4.0
alt_uncorrected,4.593574486132273,4.593574486132273,4.0
