,Rseq_targets,Rseq_hits,Rfrequency
true_Rseq,0.46610103113122214,3.100091760173072,4.0
alt_corrected,0.5873289580861121,3.018717664776903,4.0
alt_corrected_unif,0.7225557124313537,3.1539444191221446,4.0
alt_uncorrected,1.594033392744778,4.025422099435569,4.0
