,Rseq_targets,Rseq_hits,Rfrequency
true_Rseq,4.805767888710687,4.805767888710687,4.0
alt_corrected,4.790378018985461,4.790378018985461,4.0
alt_corrected_unif,4.796829094957159,4.796829094957159,4.0
alt_uncorrected,5.668306775270583,5.668306775270583,4.0
