,Rseq_targets,Rseq_hits,Rfrequency
true_Rseq,4.049096505377044,4.049096505377044,4.0
alt_corrected,4.001076823680274,4.001076823680274,4.0
alt_corrected_unif,4.058679212916619,4.058679212916619,4.0
alt_uncorrected,4.930156893230043,4.930156893230043,4.0
