,Rseq_targets,Rseq_hits,Rfrequency
true_Rseq,2.941011833761152,2.941011833761152,4.0
alt_corrected,2.9846057645325517,2.9846057645325517,4.0
alt_corrected_unif,3.085655463112512,3.085655463112512,4.0
alt_uncorrected,3.9571331434259363,3.9571331434259363,4.0
