,Rseq_targets,Rseq_hits,Rfrequency
true_Rseq,4.3663041124107576,4.3663041124107576,4.0
alt_corrected,4.22127148989463,4.22127148989463,4.0
alt_corrected_unif,4.278873879130973,4.278873879130973,4.0
alt_uncorrected,5.150351559444397,5.150351559444397,4.0
