,Rseq_targets,Rseq_hits,Rfrequency
true_Rseq,3.7741251850774082,3.7741251850774082,4.0
alt_corrected,3.712259946056003,3.712259946056003,4.0
alt_corrected_unif,3.721500632907763,3.721500632907763,4.0
alt_uncorrected,4.592978313221187,4.592978313221187,4.0
