,Rseq_targets,Rseq_hits,Rfrequency
true_Rseq,3.820037785969925,3.820037785969925,4.0
alt_corrected,3.543264069111115,3.543264069111115,4.0
alt_corrected_unif,3.628643600351453,3.628643600351453,4.0
alt_uncorrected,4.500121280664877,4.500121280664877,4.0
