,Rseq_targets,Rseq_hits,Rfrequency
true_Rseq,4.262409659253714,4.262409659253714,4.0
alt_corrected,4.285098330122835,4.285098330122835,4.0
alt_corrected_unif,4.333207873535013,4.333207873535013,4.0
alt_uncorrected,5.204685553848437,5.204685553848437,4.0
