,Rseq_targets,Rseq_hits,Rfrequency
true_Rseq,4.258544881794013,4.258544881794013,4.0
alt_corrected,4.333307370861711,4.333307370861711,4.0
alt_corrected_unif,4.341415456675048,4.341415456675048,4.0
alt_uncorrected,5.2128931369884715,5.2128931369884715,4.0
