,Rseq_targets,Rseq_hits,Rfrequency
true_Rseq,4.467689241103403,4.467689241103403,4.0
alt_corrected,4.239604106670103,4.239604106670103,4.0
alt_corrected_unif,4.3639436132071,4.3639436132071,4.0
alt_uncorrected,5.235421293520524,5.235421293520524,4.0
