,Rseq_targets,Rseq_hits,Rfrequency
true_Rseq,4.673115607124657,4.673115607124657,4.0
alt_corrected,4.823911495743465,4.823911495743465,4.0
alt_corrected_unif,4.847046785816433,4.847046785816433,4.0
alt_uncorrected,5.718524466129857,5.718524466129857,4.0
