,Rseq_targets,Rseq_hits,Rfrequency
true_Rseq,4.475893415367848,4.475893415367848,4.0
alt_corrected,4.456605534005904,4.456605534005904,4.0
alt_corrected_unif,4.50333957280645,4.50333957280645,4.0
alt_uncorrected,5.374817253119874,5.374817253119874,4.0
