,Rseq_targets,Rseq_hits,Rfrequency
true_Rseq,3.8347136077093182,3.8347136077093182,4.0
alt_corrected,3.7936675299779807,3.7936675299779807,4.0
alt_corrected_unif,3.8156528168820514,3.8156528168820514,4.0
alt_uncorrected,4.687130497195476,4.687130497195476,4.0
