,Rseq_targets,Rseq_hits,Rfrequency
true_Rseq,3.8896200230498765,3.8896200230498765,4.0
alt_corrected,3.944463032968825,3.944463032968825,4.0
alt_corrected_unif,3.9745197910079635,3.9745197910079635,4.0
alt_uncorrected,4.845997471321388,4.845997471321388,4.0
