,Rseq_targets,Rseq_hits,Rfrequency
true_Rseq,3.9239779910703074,3.9239779910703074,4.0
alt_corrected,3.8850298029860886,3.8850298029860886,4.0
alt_corrected_unif,3.9128106293783786,3.9128106293783786,4.0
alt_uncorrected,4.784288309691803,4.784288309691803,4.0
