,Rseq_targets,Rseq_hits,Rfrequency
true_Rseq,4.120712623224804,4.120712623224804,4.0
alt_corrected,4.115754741774163,4.115754741774163,4.0
alt_corrected_unif,4.174576517205862,4.174576517205862,4.0
alt_uncorrected,5.046054197519286,5.046054197519286,4.0
