,Rseq_targets,Rseq_hits,Rfrequency
true_Rseq,4.4209493248983005,4.4209493248983005,4.0
alt_corrected,4.29632930283811,4.29632930283811,4.0
alt_corrected_unif,4.3484788197959094,4.3484788197959094,4.0
alt_uncorrected,5.219956500109333,5.219956500109333,4.0
