,Rseq_targets,Rseq_hits,Rfrequency
true_Rseq,3.4101353260053138,3.4101353260053138,4.0
alt_corrected,3.466261481488834,3.466261481488834,4.0
alt_corrected_unif,3.492958038100649,3.492958038100649,4.0
alt_uncorrected,4.364435718414073,4.364435718414073,4.0
