,Rseq_targets,Rseq_hits,Rfrequency
true_Rseq,4.193305013795641,4.193305013795641,4.0
alt_corrected,4.216832843635286,4.216832843635286,4.0
alt_corrected_unif,4.250424512495879,4.250424512495879,4.0
alt_uncorrected,5.121902192809303,5.121902192809303,4.0
