,Rseq_targets,Rseq_hits,Rfrequency
true_Rseq,4.146416102151319,4.146416102151319,4.0
alt_corrected,4.079239461199483,4.079239461199483,4.0
alt_corrected_unif,4.101531736336227,4.101531736336227,4.0
alt_uncorrected,4.973009416649652,4.973009416649652,4.0
