,Rseq_targets,Rseq_hits,Rfrequency
true_Rseq,3.633549829616948,3.633549829616948,4.0
alt_corrected,3.6832623711490515,3.6832623711490515,4.0
alt_corrected_unif,3.7028479159654686,3.7028479159654686,4.0
alt_uncorrected,4.574325596278893,4.574325596278893,4.0
