,Rseq_targets,Rseq_hits,Rfrequency
true_Rseq,3.6185600252931263,3.6185600252931263,4.0
alt_corrected,3.697625722605567,3.697625722605567,4.0
alt_corrected_unif,3.7227438198242084,3.7227438198242084,4.0
alt_uncorrected,4.594221500137633,4.594221500137633,4.0
