,Rseq_targets,Rseq_hits,Rfrequency
true_Rseq,4.1830115032363775,4.1830115032363775,4.0
alt_corrected,4.213256943284938,4.213256943284938,4.0
alt_corrected_unif,4.244045244068596,4.244045244068596,4.0
alt_uncorrected,5.11552292438202,5.11552292438202,4.0
