,Rseq_targets,Rseq_hits,Rfrequency
true_Rseq,4.249234564779843,4.249234564779843,4.0
alt_corrected,4.317267418659314,4.317267418659314,4.0
alt_corrected_unif,4.345469243234064,4.345469243234064,4.0
alt_uncorrected,5.2169469235474875,5.2169469235474875,4.0
