,Rseq_targets,Rseq_hits,Rfrequency
true_Rseq,3.6097095607837364,3.6097095607837364,4.0
alt_corrected,3.657965596746087,3.657965596746087,4.0
alt_corrected_unif,3.6872937548217997,3.6872937548217997,4.0
alt_uncorrected,4.558771435135224,4.558771435135224,4.0
