,Rseq_targets,Rseq_hits,Rfrequency
true_Rseq,1.7586476653612095,3.3120697261282945,4.0
alt_corrected,1.7436883374235834,3.274449768229123,4.0
alt_corrected_unif,1.7744766382072403,3.30523806901278,4.0
alt_uncorrected,2.6459543185206646,4.176715749326204,4.0
