,Rseq_targets,Rseq_hits,Rfrequency
true_Rseq,4.050245117542547,4.050245117542547,4.0
alt_corrected,4.002768313209611,4.002768313209611,4.0
alt_corrected_unif,4.016356632159631,4.016356632159631,4.0
alt_uncorrected,4.887834312473055,4.887834312473055,4.0
