,Rseq_targets,Rseq_hits,Rfrequency
true_Rseq,4.336418695624152,4.336418695624152,4.0
alt_corrected,4.313782381114878,4.313782381114878,4.0
alt_corrected_unif,4.3900998896190995,4.3900998896190995,4.0
alt_uncorrected,5.261577569932523,5.261577569932523,4.0
