,Rseq_targets,Rseq_hits,Rfrequency
true_Rseq,4.00888529493954,4.00888529493954,4.0
alt_corrected,4.202455660629042,4.202455660629042,4.0
alt_corrected_unif,4.2602008660444834,4.2602008660444834,4.0
alt_uncorrected,5.131678546357907,5.131678546357907,4.0
