,Rseq_targets,Rseq_hits,Rfrequency
true_Rseq,4.336366703670505,4.336366703670505,4.0
alt_corrected,4.366546666602991,4.366546666602991,4.0
alt_corrected_unif,4.387050355212043,4.387050355212043,4.0
alt_uncorrected,5.258528035525467,5.258528035525467,4.0
