,Rseq_targets,Rseq_hits,Rfrequency
true_Rseq,4.109099378043,4.109099378043,4.0
alt_corrected,4.072410152209926,4.072410152209926,4.0
alt_corrected_unif,4.1277467403117925,4.1277467403117925,4.0
alt_uncorrected,4.999224420625217,4.999224420625217,4.0
