,Rseq_targets,Rseq_hits,Rfrequency
true_Rseq,4.322210374821963,4.322210374821963,4.0
alt_corrected,4.446802579880442,4.446802579880442,4.0
alt_corrected_unif,4.479104136462613,4.479104136462613,4.0
alt_uncorrected,5.350581816776037,5.350581816776037,4.0
