,Rseq_targets,Rseq_hits,Rfrequency
true_Rseq,4.0547203532873475,4.0547203532873475,4.0
alt_corrected,3.960283004057671,3.960283004057671,4.0
alt_corrected_unif,4.023733634761381,4.023733634761381,4.0
alt_uncorrected,4.895211315074806,4.895211315074806,4.0
