,Rseq_targets,Rseq_hits,Rfrequency
true_Rseq,-0.30595085023362856,3.727336461967621,4.0
alt_corrected,-0.16041230079340707,3.733307973441929,4.0
alt_corrected_unif,0.04621985534350603,3.9399401295788423,4.0
alt_uncorrected,0.9176975356569304,4.811417809892267,4.0
