,Rseq_targets,Rseq_hits,Rfrequency
true_Rseq,3.9960922924503812,3.9960922924503812,4.0
alt_corrected,4.075543822686445,4.075543822686445,4.0
alt_corrected_unif,4.095672618085464,4.095672618085464,4.0
alt_uncorrected,4.967150298398888,4.967150298398888,4.0
