,Rseq_targets,Rseq_hits,Rfrequency
true_Rseq,4.206828217222233,4.206828217222233,4.0
alt_corrected,4.140485753835851,4.140485753835851,4.0
alt_corrected_unif,4.144262877257637,4.144262877257637,4.0
alt_uncorrected,5.015740557571061,5.015740557571061,4.0
