,Rseq_targets,Rseq_hits,Rfrequency
true_Rseq,3.7563301783562384,3.7563301783562384,4.0
alt_corrected,3.9213535970448286,3.9213535970448286,4.0
alt_corrected_unif,3.9659417916594744,3.9659417916594744,4.0
alt_uncorrected,4.837419471972899,4.837419471972899,4.0
