,Rseq_targets,Rseq_hits,Rfrequency
true_Rseq,3.0211992942368653,3.0211992942368653,4.0
alt_corrected,3.056245987119898,3.056245987119898,4.0
alt_corrected_unif,3.1379441524769827,3.1379441524769827,4.0
alt_uncorrected,4.009421832790407,4.009421832790407,4.0
