,Rseq_targets,Rseq_hits,Rfrequency
true_Rseq,4.093763427004623,4.093763427004623,4.0
alt_corrected,3.8139279171052447,3.8139279171052447,4.0
alt_corrected_unif,3.941003444868245,3.941003444868245,4.0
alt_uncorrected,4.8124811251816695,4.8124811251816695,4.0
