,Rseq_targets,Rseq_hits,Rfrequency
true_Rseq,4.228561137230758,4.228561137230758,4.0
alt_corrected,4.201873005744194,4.201873005744194,4.0
alt_corrected_unif,4.21006976295646,4.21006976295646,4.0
alt_uncorrected,5.0815474432698835,5.0815474432698835,4.0
