,Rseq_targets,Rseq_hits,Rfrequency
true_Rseq,4.071986678033122,4.071986678033122,4.0
alt_corrected,3.782939669296932,3.782939669296932,4.0
alt_corrected_unif,3.9198688873396814,3.9198688873396814,4.0
alt_uncorrected,4.791346567653106,4.791346567653106,4.0
