,Rseq_targets,Rseq_hits,Rfrequency
true_Rseq,3.929084371727116,3.929084371727116,4.0
alt_corrected,3.906123268989088,3.906123268989088,4.0
alt_corrected_unif,4.0273883730530855,4.0273883730530855,4.0
alt_uncorrected,4.898866053366509,4.898866053366509,4.0
