,Rseq_targets,Rseq_hits,Rfrequency
true_Rseq,3.9151709871810327,3.9151709871810327,4.0
alt_corrected,3.79143972514997,3.79143972514997,4.0
alt_corrected_unif,3.82596056896671,3.82596056896671,4.0
alt_uncorrected,4.697438249280134,4.697438249280134,4.0
