,Rseq_targets,Rseq_hits,Rfrequency
true_Rseq,4.064821471266397,4.064821471266397,4.0
alt_corrected,3.948002534392666,3.948002534392666,4.0
alt_corrected_unif,3.972594562018766,3.972594562018766,4.0
alt_uncorrected,4.8440722423321905,4.8440722423321905,4.0
