,Rseq_targets,Rseq_hits,Rfrequency
true_Rseq,4.640028066207544,4.640028066207544,4.0
alt_corrected,4.277502190827354,4.277502190827354,4.0
alt_corrected_unif,4.403060114639262,4.403060114639262,4.0
alt_uncorrected,5.2745377949526855,5.2745377949526855,4.0
