,Rseq_targets,Rseq_hits,Rfrequency
true_Rseq,4.403108362723897,4.403108362723897,4.0
alt_corrected,4.359995106477015,4.359995106477015,4.0
alt_corrected_unif,4.367007699133591,4.367007699133591,4.0
alt_uncorrected,5.238485379447015,5.238485379447015,4.0
