,Rseq_targets,Rseq_hits,Rfrequency
true_Rseq,4.771924417344627,4.771924417344627,4.0
alt_corrected,4.462992489161509,4.462992489161509,4.0
alt_corrected_unif,4.534206487630293,4.534206487630293,4.0
alt_uncorrected,5.405684167943717,5.405684167943717,4.0
