,Rseq_targets,Rseq_hits,Rfrequency
true_Rseq,4.954651407910793,4.954651407910793,4.0
alt_corrected,4.905499840005307,4.905499840005307,4.0
alt_corrected_unif,4.91735328654161,4.91735328654161,4.0
alt_uncorrected,5.788830966855034,5.788830966855034,4.0
