,Rseq_targets,Rseq_hits,Rfrequency
true_Rseq,3.799681547679647,3.799681547679647,4.0
alt_corrected,3.6334874765274447,3.6334874765274447,4.0
alt_corrected_unif,3.673585106848067,3.673585106848067,4.0
alt_uncorrected,4.545062787161491,4.545062787161491,4.0
