,Rseq_targets,Rseq_hits,Rfrequency
true_Rseq,4.3341281384726695,4.3341281384726695,4.0
alt_corrected,4.228829987936246,4.228829987936246,4.0
alt_corrected_unif,4.265186290343591,4.265186290343591,4.0
alt_uncorrected,5.136663970657015,5.136663970657015,4.0
