,Rseq_targets,Rseq_hits,Rfrequency
true_Rseq,3.8156228639735037,3.8156228639735037,4.0
alt_corrected,4.0607243110903966,4.0607243110903966,4.0
alt_corrected_unif,4.149237598487977,4.149237598487977,4.0
alt_uncorrected,5.020715278801401,5.020715278801401,4.0
