,Rseq_targets,Rseq_hits,Rfrequency
true_Rseq,3.5423306685261,3.5423306685261,4.0
alt_corrected,3.6059629715928434,3.6059629715928434,4.0
alt_corrected_unif,3.6164255299395918,3.6164255299395918,4.0
alt_uncorrected,4.487903210253016,4.487903210253016,4.0
