,Rseq_targets,Rseq_hits,Rfrequency
true_Rseq,4.0357788087828705,4.0357788087828705,4.0
alt_corrected,3.875852477965182,3.875852477965182,4.0
alt_corrected_unif,3.912507158432167,3.912507158432167,4.0
alt_uncorrected,4.783984838745591,4.783984838745591,4.0
