,Rseq_targets,Rseq_hits,Rfrequency
true_Rseq,4.5240084794227275,4.5240084794227275,4.0
alt_corrected,4.412999504072481,4.412999504072481,4.0
alt_corrected_unif,4.454751042259792,4.454751042259792,4.0
alt_uncorrected,5.326228722573217,5.326228722573217,4.0
