,Rseq_targets,Rseq_hits,Rfrequency
true_Rseq,3.943140281555367,3.943140281555367,4.0
alt_corrected,3.8232046520309395,3.8232046520309395,4.0
alt_corrected_unif,3.8799279156625803,3.8799279156625803,4.0
alt_uncorrected,4.751405595976005,4.751405595976005,4.0
