,Rseq_targets,Rseq_hits,Rfrequency
true_Rseq,4.473297712550565,4.473297712550565,4.0
alt_corrected,4.452743668120811,4.452743668120811,4.0
alt_corrected_unif,4.4621456271213535,4.4621456271213535,4.0
alt_uncorrected,5.333623307434777,5.333623307434777,4.0
