,Rseq_targets,Rseq_hits,Rfrequency
true_Rseq,3.450804429069919,3.450804429069919,4.0
alt_corrected,3.451839280212335,3.451839280212335,4.0
alt_corrected_unif,3.4600360374246013,3.4600360374246013,4.0
alt_uncorrected,4.331513717738026,4.331513717738026,4.0
