,Rseq_targets,Rseq_hits,Rfrequency
true_Rseq,4.022492898140965,4.022492898140965,4.0
alt_corrected,3.919800177266411,3.919800177266411,4.0
alt_corrected_unif,3.9607088358600637,3.9607088358600637,4.0
alt_uncorrected,4.832186516173488,4.832186516173488,4.0
