,Rseq_targets,Rseq_hits,Rfrequency
true_Rseq,4.258272512374086,4.258272512374086,4.0
alt_corrected,4.288658404666641,4.288658404666641,4.0
alt_corrected_unif,4.321103024276601,4.321103024276601,4.0
alt_uncorrected,5.192580704590025,5.192580704590025,4.0
