,Rseq_targets,Rseq_hits,Rfrequency
true_Rseq,4.692321672255924,4.692321672255924,4.0
alt_corrected,4.604045701095469,4.604045701095469,4.0
alt_corrected_unif,4.624954935679812,4.624954935679812,4.0
alt_uncorrected,5.4964326159932355,5.4964326159932355,4.0
