,Rseq_targets,Rseq_hits,Rfrequency
true_Rseq,4.688318248094557,4.688318248094557,4.0
alt_corrected,4.447637960247036,4.447637960247036,4.0
alt_corrected_unif,4.5944717700810624,4.5944717700810624,4.0
alt_uncorrected,5.465949450394486,5.465949450394486,4.0
