,Rseq_targets,Rseq_hits,Rfrequency
true_Rseq,4.198215870375792,4.198215870375792,4.0
alt_corrected,4.166520410440084,4.166520410440084,4.0
alt_corrected_unif,4.181535446904558,4.181535446904558,4.0
alt_uncorrected,5.053013127217982,5.053013127217982,4.0
