,Rseq_targets,Rseq_hits,Rfrequency
true_Rseq,4.347005222954689,4.347005222954689,4.0
alt_corrected,4.270362715022413,4.270362715022413,4.0
alt_corrected_unif,4.291894155166554,4.291894155166554,4.0
alt_uncorrected,5.163371835479979,5.163371835479979,4.0
