,Rseq_targets,Rseq_hits,Rfrequency
true_Rseq,4.4806175476650285,4.4806175476650285,4.0
alt_corrected,4.482444381198702,4.482444381198702,4.0
alt_corrected_unif,4.51603605005929,4.51603605005929,4.0
alt_uncorrected,5.387513730372714,5.387513730372714,4.0
