,Rseq_targets,Rseq_hits,Rfrequency
true_Rseq,4.729367078582268,4.729367078582268,4.0
alt_corrected,4.408261205650756,4.408261205650756,4.0
alt_corrected_unif,4.493640736891109,4.493640736891109,4.0
alt_uncorrected,5.365118417204533,5.365118417204533,4.0
