,Rseq_targets,Rseq_hits,Rfrequency
true_Rseq,3.5537251114053783,3.5537251114053783,4.0
alt_corrected,3.308592619703896,3.308592619703896,4.0
alt_corrected_unif,3.4176890026332045,3.4176890026332045,4.0
alt_uncorrected,4.289166682946629,4.289166682946629,4.0
