,Rseq_targets,Rseq_hits,Rfrequency
true_Rseq,4.2402283232876385,4.2402283232876385,4.0
alt_corrected,4.29121268537065,4.29121268537065,4.0
alt_corrected_unif,4.297663761342347,4.297663761342347,4.0
alt_uncorrected,5.169141441655772,5.169141441655772,4.0
