,Rseq_targets,Rseq_hits,Rfrequency
true_Rseq,3.864380055785108,3.864380055785108,4.0
alt_corrected,3.8305657581581425,3.8305657581581425,4.0
alt_corrected_unif,3.840865383566784,3.840865383566784,4.0
alt_uncorrected,4.712343063880208,4.712343063880208,4.0
