,Rseq_targets,Rseq_hits,Rfrequency
true_Rseq,4.886876329017312,4.886876329017312,4.0
alt_corrected,4.685393056041299,4.685393056041299,4.0
alt_corrected_unif,4.754550269031132,4.754550269031132,4.0
alt_uncorrected,5.626027949344556,5.626027949344556,4.0
