,Rseq_targets,Rseq_hits,Rfrequency
true_Rseq,3.825070178070707,3.825070178070707,4.0
alt_corrected,4.055546024649393,4.055546024649393,4.0
alt_corrected_unif,4.111828999412253,4.111828999412253,4.0
alt_uncorrected,4.983306679725677,4.983306679725677,4.0
