,Rseq_targets,Rseq_hits,Rfrequency
true_Rseq,4.506305130291137,4.506305130291137,4.0
alt_corrected,4.398158420441417,4.398158420441417,4.0
alt_corrected_unif,4.430459977023595,4.430459977023595,4.0
alt_uncorrected,5.301937657337019,5.301937657337019,4.0
