,Rseq_targets,Rseq_hits,Rfrequency
true_Rseq,4.039502097397296,4.039502097397296,4.0
alt_corrected,4.023963930821367,4.023963930821367,4.0
alt_corrected_unif,4.0277942141560175,4.0277942141560175,4.0
alt_uncorrected,4.899271894469441,4.899271894469441,4.0
