,Rseq_targets,Rseq_hits,Rfrequency
true_Rseq,4.813566281987034,4.813566281987034,4.0
alt_corrected,4.822476647415664,4.822476647415664,4.0
alt_corrected_unif,4.8532113664845955,4.8532113664845955,4.0
alt_uncorrected,5.724689046798019,5.724689046798019,4.0
