,Rseq_targets,Rseq_hits,Rfrequency
true_Rseq,4.613243808394767,4.613243808394767,4.0
alt_corrected,4.423734929896171,4.423734929896171,4.0
alt_corrected_unif,4.479071517998044,4.479071517998044,4.0
alt_uncorrected,5.350549198311468,5.350549198311468,4.0
