,Rseq_targets,Rseq_hits,Rfrequency
true_Rseq,3.817853943577253,3.817853943577253,4.0
alt_corrected,3.6918718596130593,3.6918718596130593,4.0
alt_corrected_unif,3.7151761809312647,3.7151761809312647,4.0
alt_uncorrected,4.586653861244689,4.586653861244689,4.0
