,Rseq_targets,Rseq_hits,Rfrequency
true_Rseq,3.963545330526401,3.8748570874580643,4.0
alt_corrected,3.82296059517857,3.713136806116823,4.0
alt_corrected_unif,3.8693947606197026,3.7595709715579555,4.0
alt_uncorrected,4.740872440933127,4.63104865187138,4.0
