,Rseq_targets,Rseq_hits,Rfrequency
true_Rseq,4.569516592581881,4.569516592581881,4.0
alt_corrected,4.516703802660233,4.516703802660233,4.0
alt_corrected_unif,4.552875010305678,4.552875010305678,4.0
alt_uncorrected,5.424352690619102,5.424352690619102,4.0
