,Rseq_targets,Rseq_hits,Rfrequency
true_Rseq,3.887543999795053,3.887543999795053,4.0
alt_corrected,3.943486889732512,3.943486889732512,4.0
alt_corrected_unif,3.952569567168133,3.952569567168133,4.0
alt_uncorrected,4.824047247481557,4.824047247481557,4.0
