,Rseq_targets,Rseq_hits,Rfrequency
true_Rseq,4.514392803853433,4.514392803853433,4.0
alt_corrected,4.291829511805474,4.291829511805474,4.0
alt_corrected_unif,4.392614133237728,4.392614133237728,4.0
alt_uncorrected,5.264091813551153,5.264091813551153,4.0
