,Rseq_targets,Rseq_hits,Rfrequency
true_Rseq,3.8413412622011673,3.8413412622011673,4.0
alt_corrected,3.6950237050975536,3.6950237050975536,4.0
alt_corrected_unif,3.808971995838292,3.808971995838292,4.0
alt_uncorrected,4.680449676151716,4.680449676151716,4.0
