,Rseq_targets,Rseq_hits,Rfrequency
true_Rseq,4.81998658959605,4.81998658959605,4.0
alt_corrected,4.748979931434324,4.748979931434324,4.0
alt_corrected_unif,4.767052751012374,4.767052751012374,4.0
alt_uncorrected,5.638530431325798,5.638530431325798,4.0
