,Rseq_targets,Rseq_hits,Rfrequency
true_Rseq,4.296011659448222,4.296011659448222,4.0
alt_corrected,4.395853811219094,4.395853811219094,4.0
alt_corrected_unif,4.481195304604439,4.481195304604439,4.0
alt_uncorrected,5.352672984917863,5.352672984917863,4.0
