,Rseq_targets,Rseq_hits,Rfrequency
true_Rseq,4.495718642059517,4.495718642059517,4.0
alt_corrected,4.289172370090851,4.289172370090851,4.0
alt_corrected_unif,4.446890894323644,4.446890894323644,4.0
alt_uncorrected,5.318368574637068,5.318368574637068,4.0
