,Rseq_targets,Rseq_hits,Rfrequency
true_Rseq,4.827167835903012,4.827167835903012,4.0
alt_corrected,4.518739535774836,4.518739535774836,4.0
alt_corrected_unif,4.667285790475825,4.667285790475825,4.0
alt_uncorrected,5.538763470789249,5.538763470789249,4.0
