,Rseq_targets,Rseq_hits,Rfrequency
true_Rseq,4.050476041749448,4.050476041749448,4.0
alt_corrected,4.029430276112951,4.029430276112951,4.0
alt_corrected_unif,4.10669136151145,4.10669136151145,4.0
alt_uncorrected,4.9781690418248745,4.9781690418248745,4.0
