,Rseq_targets,Rseq_hits,Rfrequency
true_Rseq,4.5924692604898105,4.5924692604898105,4.0
alt_corrected,4.527242601744402,4.527242601744402,4.0
alt_corrected_unif,4.594582187327774,4.594582187327774,4.0
alt_uncorrected,5.466059867641198,5.466059867641198,4.0
