,Rseq_targets,Rseq_hits,Rfrequency
true_Rseq,3.7085500627953003,3.7085500627953003,4.0
alt_corrected,3.8439347275534015,3.8439347275534015,4.0
alt_corrected_unif,3.896364937663352,3.896364937663352,4.0
alt_uncorrected,4.767842617976776,4.767842617976776,4.0
