,Rseq_targets,Rseq_hits,Rfrequency
true_Rseq,3.9381855277445705,3.9381855277445705,4.0
alt_corrected,4.006384832060737,4.006384832060737,4.0
alt_corrected_unif,4.0376718030383,4.0376718030383,4.0
alt_uncorrected,4.909149483351724,4.909149483351724,4.0
