,Rseq_targets,Rseq_hits,Rfrequency
true_Rseq,5.010509409694295,5.010509409694295,4.0
alt_corrected,4.69677552798525,4.69677552798525,4.0
alt_corrected_unif,4.799638484544161,4.799638484544161,4.0
alt_uncorrected,5.671116164857585,5.671116164857585,4.0
