,Rseq_targets,Rseq_hits,Rfrequency
true_Rseq,3.827184084445273,3.827184084445273,4.0
alt_corrected,3.77562318546112,3.77562318546112,4.0
alt_corrected_unif,3.8079247420433044,3.8079247420433044,4.0
alt_uncorrected,4.679402422356729,4.679402422356729,4.0
