,Rseq_targets,Rseq_hits,Rfrequency
true_Rseq,4.121630595210048,4.121630595210048,4.0
alt_corrected,4.096113067989519,4.096113067989519,4.0
alt_corrected_unif,4.104221153802854,4.104221153802854,4.0
alt_uncorrected,4.975698834116279,4.975698834116279,4.0
