,Rseq_targets,Rseq_hits,Rfrequency
true_Rseq,4.022690619288534,4.022690619288534,4.0
alt_corrected,3.9764965441941844,3.9764965441941844,4.0
alt_corrected_unif,3.9803268275288333,3.9803268275288333,4.0
alt_uncorrected,4.851804507842258,4.851804507842258,4.0
