,Rseq_targets,Rseq_hits,Rfrequency
true_Rseq,4.294020309680974,4.294020309680974,4.0
alt_corrected,4.006345583666777,4.006345583666777,4.0
alt_corrected_unif,4.152330985082257,4.152330985082257,4.0
alt_uncorrected,5.0238086653956815,5.0238086653956815,4.0
