,Rseq_targets,Rseq_hits,Rfrequency
true_Rseq,3.852663546436524,3.852663546436524,4.0
alt_corrected,3.7122421370833347,3.7122421370833347,4.0
alt_corrected_unif,3.744160687100742,3.744160687100742,4.0
alt_uncorrected,4.615638367414166,4.615638367414166,4.0
