,Rseq_targets,Rseq_hits,Rfrequency
true_Rseq,4.466940308862011,4.466940308862011,4.0
alt_corrected,4.609569179539377,4.609569179539377,4.0
alt_corrected_unif,4.627641999117429,4.627641999117429,4.0
alt_uncorrected,5.499119679430853,5.499119679430853,4.0
