,Rseq_targets,Rseq_hits,Rfrequency
true_Rseq,3.5347165811302004,3.5347165811302004,4.0
alt_corrected,3.5270850658883792,3.5270850658883792,4.0
alt_corrected_unif,3.531975948569213,3.531975948569213,4.0
alt_uncorrected,4.403453628882637,4.403453628882637,4.0
