,Rseq_targets,Rseq_hits,Rfrequency
true_Rseq,4.538638469038603,4.538638469038603,4.0
alt_corrected,4.065413550663269,4.065413550663269,4.0
alt_corrected_unif,4.27382919662217,4.27382919662217,4.0
alt_uncorrected,5.145306876935594,5.145306876935594,4.0
