,Rseq_targets,Rseq_hits,Rfrequency
true_Rseq,2.9649686755674676,2.9649686755674676,4.0
alt_corrected,2.915144185580835,2.915144185580835,4.0
alt_corrected_unif,3.031732945213814,3.031732945213814,4.0
alt_uncorrected,3.9032106255272385,3.9032106255272385,4.0
