,Rseq_targets,Rseq_hits,Rfrequency
true_Rseq,4.406547532405776,4.406547532405776,4.0
alt_corrected,4.411808587445573,4.411808587445573,4.0
alt_corrected_unif,4.417866964975392,4.417866964975392,4.0
alt_uncorrected,5.289344645288816,5.289344645288816,4.0
