,Rseq_targets,Rseq_hits,Rfrequency
true_Rseq,4.078867375585394,4.078867375585394,4.0
alt_corrected,3.994397987845845,3.994397987845845,4.0
alt_corrected_unif,4.043439237074564,4.043439237074564,4.0
alt_uncorrected,4.9149169173879885,4.9149169173879885,4.0
