,Rseq_targets,Rseq_hits,Rfrequency
true_Rseq,3.0110421018859164,3.0110421018859164,4.0
alt_corrected,2.9357738085256133,2.9357738085256133,4.0
alt_corrected_unif,3.0369282040697105,3.0369282040697105,4.0
alt_uncorrected,3.908405884383135,3.908405884383135,4.0
