,Rseq_targets,Rseq_hits,Rfrequency
true_Rseq,4.471377824310067,4.471377824310067,4.0
alt_corrected,4.329112935110105,4.329112935110105,4.0
alt_corrected_unif,4.353778131411476,4.353778131411476,4.0
alt_uncorrected,5.2252558117249,5.2252558117249,4.0
