,Rseq_targets,Rseq_hits,Rfrequency
true_Rseq,3.950220186479209,3.950220186479209,4.0
alt_corrected,3.955058103284208,3.955058103284208,4.0
alt_corrected_unif,3.985792822353148,3.985792822353148,4.0
alt_uncorrected,4.857270502666572,4.857270502666572,4.0
