,Rseq_targets,Rseq_hits,Rfrequency
true_Rseq,4.296607712897357,4.296607712897357,4.0
alt_corrected,4.3047836942157485,4.3047836942157485,4.0
alt_corrected_unif,4.3129804514280075,4.3129804514280075,4.0
alt_uncorrected,5.184458131741431,5.184458131741431,4.0
