,Rseq_targets,Rseq_hits,Rfrequency
true_Rseq,3.9213725950949527,3.9213725950949527,4.0
alt_corrected,4.0058290169163,4.0058290169163,4.0
alt_corrected_unif,4.0244724503661455,4.0244724503661455,4.0
alt_uncorrected,4.895950130679569,4.895950130679569,4.0
