,Rseq_targets,Rseq_hits,Rfrequency
true_Rseq,3.850606449210316,3.850606449210316,4.0
alt_corrected,3.790400073352187,3.790400073352187,4.0
alt_corrected_unif,3.888323497984103,3.888323497984103,4.0
alt_uncorrected,4.759801178297527,4.759801178297527,4.0
