,Rseq_targets,Rseq_hits,Rfrequency
true_Rseq,4.2440018530169,4.2440018530169,4.0
alt_corrected,4.3678453731525675,4.3678453731525675,4.0
alt_corrected_unif,4.415809444822125,4.415809444822125,4.0
alt_uncorrected,5.287287125135549,5.287287125135549,4.0
