,Rseq_targets,Rseq_hits,Rfrequency
true_Rseq,3.0770828621048096,3.0770828621048096,4.0
alt_corrected,3.107574467515538,3.107574467515538,4.0
alt_corrected_unif,3.2080244501917927,3.2080244501917927,4.0
alt_uncorrected,4.079502130505217,4.079502130505217,4.0
