,Rseq_targets,Rseq_hits,Rfrequency
true_Rseq,4.387243612565232,4.367603350188222,4.0
alt_corrected,4.397873974096946,4.387724938521768,4.0
alt_corrected_unif,4.412797332164125,4.402648296588948,4.0
alt_uncorrected,5.28427501247755,5.274125976902372,4.0
