,Rseq_targets,Rseq_hits,Rfrequency
true_Rseq,4.479414250295745,4.479414250295745,4.0
alt_corrected,4.518696418605758,4.518696418605758,4.0
alt_corrected_unif,4.521412942681353,4.521412942681353,4.0
alt_uncorrected,5.392890622994777,5.392890622994777,4.0
