,Rseq_targets,Rseq_hits,Rfrequency
true_Rseq,4.188358283749627,4.188358283749627,4.0
alt_corrected,4.176121120766213,4.176121120766213,4.0
alt_corrected_unif,4.223776742394369,4.223776742394369,4.0
alt_uncorrected,5.095254422707793,5.095254422707793,4.0
