,Rseq_targets,Rseq_hits,Rfrequency
true_Rseq,3.686631916713904,3.686631916713904,4.0
alt_corrected,3.7363909718015402,3.7363909718015402,4.0
alt_corrected_unif,3.749979290751561,3.749979290751561,4.0
alt_uncorrected,4.621456971064985,4.621456971064985,4.0
