,Rseq_targets,Rseq_hits,Rfrequency
true_Rseq,4.187460444221372,4.187460444221372,4.0
alt_corrected,3.8740357242861077,3.8740357242861077,4.0
alt_corrected_unif,4.00683212355368,4.00683212355368,4.0
alt_uncorrected,4.878309803867105,4.878309803867105,4.0
