,Rseq_targets,Rseq_hits,Rfrequency
true_Rseq,3.8943094943212273,3.8943094943212273,4.0
alt_corrected,4.020270431658441,4.020270431658441,4.0
alt_corrected_unif,4.108348499581032,4.108348499581032,4.0
alt_uncorrected,4.979826179894457,4.979826179894457,4.0
