,Rseq_targets,Rseq_hits,Rfrequency
true_Rseq,4.359689536043156,4.359689536043156,4.0
alt_corrected,4.403034083611528,4.403034083611528,4.0
alt_corrected_unif,4.4226196284279755,4.4226196284279755,4.0
alt_uncorrected,5.294097308741399,5.294097308741399,4.0
