,Rseq_targets,Rseq_hits,Rfrequency
true_Rseq,3.1129707049049475,3.23098512395784,4.0
alt_corrected,3.2120571699768243,3.3440565223694465,4.0
alt_corrected_unif,3.2529658285704826,3.3849651809631047,4.0
alt_uncorrected,4.124443508883907,4.256442861276529,4.0
