,Rseq_targets,Rseq_hits,Rfrequency
true_Rseq,3.958265626744647,3.958265626744647,4.0
alt_corrected,4.120275497917826,4.120275497917826,4.0
alt_corrected_unif,4.181278087528431,4.181278087528431,4.0
alt_uncorrected,5.052755767841855,5.052755767841855,4.0
