,Rseq_targets,Rseq_hits,Rfrequency
true_Rseq,2.883864160685036,2.883864160685036,4.0
alt_corrected,2.990339234981108,2.990339234981108,4.0
alt_corrected_unif,3.090789217657363,3.090789217657363,4.0
alt_uncorrected,3.962266897970787,3.962266897970787,4.0
