,Rseq_targets,Rseq_hits,Rfrequency
true_Rseq,4.11617252879026,4.11617252879026,4.0
alt_corrected,4.216490677082463,4.216490677082463,4.0
alt_corrected_unif,4.234395441108964,4.234395441108964,4.0
alt_uncorrected,5.105873121422388,5.105873121422388,4.0
