,Rseq_targets,Rseq_hits,Rfrequency
true_Rseq,4.124211404219865,4.124211404219865,4.0
alt_corrected,3.8591122395886694,3.8591122395886694,4.0
alt_corrected_unif,3.9282761017267442,3.9282761017267442,4.0
alt_uncorrected,4.799753782040169,4.799753782040169,4.0
