,Rseq_targets,Rseq_hits,Rfrequency
true_Rseq,3.812653641425129,3.5720829734539716,4.0
alt_corrected,3.9128820747284117,3.711775269995618,4.0
alt_corrected_unif,3.949941746969564,3.7488349422367704,4.0
alt_uncorrected,4.821419427282988,4.620312622550195,4.0
