,Rseq_targets,Rseq_hits,Rfrequency
true_Rseq,3.498261741342006,3.498261741342006,4.0
alt_corrected,3.4719337023890833,3.4719337023890833,4.0
alt_corrected_unif,3.5282166771519257,3.5282166771519257,4.0
alt_uncorrected,4.39969435746535,4.39969435746535,4.0
