,Rseq_targets,Rseq_hits,Rfrequency
true_Rseq,4.1237649717685665,4.1237649717685665,4.0
alt_corrected,4.058577882958761,4.058577882958761,4.0
alt_corrected_unif,4.113261242702668,4.113261242702668,4.0
alt_uncorrected,4.984738923016092,4.984738923016092,4.0
