,Rseq_targets,Rseq_hits,Rfrequency
true_Rseq,4.833909738125049,4.833909738125049,4.0
alt_corrected,4.482240258659887,4.482240258659887,4.0
alt_corrected_unif,4.6846876377680235,4.6846876377680235,4.0
alt_uncorrected,5.556165318081447,5.556165318081447,4.0
