,Rseq_targets,Rseq_hits,Rfrequency
true_Rseq,3.5552250295601837,3.5552250295601837,4.0
alt_corrected,3.528099352216928,3.528099352216928,4.0
alt_corrected_unif,3.5814444769527936,3.5814444769527936,4.0
alt_uncorrected,4.452922157266218,4.452922157266218,4.0
