,Rseq_targets,Rseq_hits,Rfrequency
true_Rseq,3.5777582580703537,3.5777582580703537,4.0
alt_corrected,3.6479255778490045,3.6479255778490045,4.0
alt_corrected_unif,3.749616428228842,3.749616428228842,4.0
alt_uncorrected,4.621094108542266,4.621094108542266,4.0
