,Rseq_targets,Rseq_hits,Rfrequency
true_Rseq,4.735424562375464,4.735424562375464,4.0
alt_corrected,4.500314512159731,4.500314512159731,4.0
alt_corrected_unif,4.6220207241556075,4.6220207241556075,4.0
alt_uncorrected,5.493498404469031,5.493498404469031,4.0
