,Rseq_targets,Rseq_hits,Rfrequency
true_Rseq,3.71954983304747,3.71954983304747,4.0
alt_corrected,3.5266123798685696,3.5266123798685696,4.0
alt_corrected_unif,3.5874798640313634,3.5874798640313634,4.0
alt_uncorrected,4.458957544344788,4.458957544344788,4.0
