,Rseq_targets,Rseq_hits,Rfrequency
true_Rseq,3.829675535651452,3.829675535651452,4.0
alt_corrected,3.707901526927954,3.707901526927954,4.0
alt_corrected_unif,3.8198564916314814,3.8198564916314814,4.0
alt_uncorrected,4.691334171944906,4.691334171944906,4.0
