,Rseq_targets,Rseq_hits,Rfrequency
true_Rseq,3.8293519002882013,3.8293519002882013,4.0
alt_corrected,3.701830860885024,3.701830860885024,4.0
alt_corrected_unif,3.756275864512124,3.756275864512124,4.0
alt_uncorrected,4.6277535448255485,4.6277535448255485,4.0
