,Rseq_targets,Rseq_hits,Rfrequency
true_Rseq,4.018656432834904,4.018656432834904,4.0
alt_corrected,4.1022644477557755,4.1022644477557755,4.0
alt_corrected_unif,4.146612172141886,4.146612172141886,4.0
alt_uncorrected,5.01808985245531,5.01808985245531,4.0
