,Rseq_targets,Rseq_hits,Rfrequency
true_Rseq,3.839905396794662,3.839905396794662,4.0
alt_corrected,3.8137695241899876,3.8137695241899876,4.0
alt_corrected_unif,3.852430533814825,3.852430533814825,4.0
alt_uncorrected,4.723908214128249,4.723908214128249,4.0
