,Rseq_targets,Rseq_hits,Rfrequency
true_Rseq,4.149546599202063,4.149546599202063,4.0
alt_corrected,4.017538842992462,4.017538842992462,4.0
alt_corrected_unif,4.052767457391051,4.052767457391051,4.0
alt_uncorrected,4.9242451377044745,4.9242451377044745,4.0
