,Rseq_targets,Rseq_hits,Rfrequency
true_Rseq,4.2564366118366515,4.2564366118366515,4.0
alt_corrected,4.189801119297362,4.189801119297362,4.0
alt_corrected_unif,4.216302093851233,4.216302093851233,4.0
alt_uncorrected,5.087779774164657,5.087779774164657,4.0
