,Rseq_targets,Rseq_hits,Rfrequency
true_Rseq,4.551645142338582,4.551645142338582,4.0
alt_corrected,4.507875076557887,4.507875076557887,4.0
alt_corrected_unif,4.514994053433892,4.514994053433892,4.0
alt_uncorrected,5.386471733747316,5.386471733747316,4.0
