,Rseq_targets,Rseq_hits,Rfrequency
true_Rseq,4.85593063361897,4.85593063361897,4.0
alt_corrected,4.897410695447986,4.897410695447986,4.0
alt_corrected_unif,4.899049439187348,4.899049439187348,4.0
alt_uncorrected,5.7705271195007715,5.7705271195007715,4.0
