,Rseq_targets,Rseq_hits,Rfrequency
true_Rseq,4.2642064471970365,4.2642064471970365,4.0
alt_corrected,4.186610678950869,4.186610678950869,4.0
alt_corrected_unif,4.2301675740307,4.2301675740307,4.0
alt_uncorrected,5.101645254344125,5.101645254344125,4.0
