,Rseq_targets,Rseq_hits,Rfrequency
true_Rseq,4.192106449205575,4.192106449205575,4.0
alt_corrected,4.241284986422846,4.241284986422846,4.0
alt_corrected_unif,4.2696518128771235,4.2696518128771235,4.0
alt_uncorrected,5.141129493190547,5.141129493190547,4.0
