,Rseq_targets,Rseq_hits,Rfrequency
true_Rseq,4.103273354375466,4.103273354375466,4.0
alt_corrected,4.206136479547229,4.206136479547229,4.0
alt_corrected_unif,4.221904591907764,4.221904591907764,4.0
alt_uncorrected,5.093382272221188,5.093382272221188,4.0
