,Rseq_targets,Rseq_hits,Rfrequency
true_Rseq,4.357331793390463,4.357331793390463,4.0
alt_corrected,3.956341167379704,3.956341167379704,4.0
alt_corrected_unif,4.08294520739306,4.08294520739306,4.0
alt_uncorrected,4.9544228877064835,4.9544228877064835,4.0
