,Rseq_targets,Rseq_hits,Rfrequency
true_Rseq,3.54748210166475,3.54748210166475,4.0
alt_corrected,3.594586831405811,3.594586831405811,4.0
alt_corrected_unif,3.62866216494151,3.62866216494151,4.0
alt_uncorrected,4.500139845254934,4.500139845254934,4.0
