,Rseq_targets,Rseq_hits,Rfrequency
true_Rseq,0.7939823315225176,2.918639336190182,4.0
alt_corrected,0.7996483366923428,3.0673980542245087,4.0
alt_corrected_unif,0.9621278327156171,3.229877550247783,4.0
alt_uncorrected,1.8336055130290414,4.101355230561207,4.0
