,Rseq_targets,Rseq_hits,Rfrequency
true_Rseq,3.680331099443114,3.680331099443114,4.0
alt_corrected,3.390365848455932,3.390365848455932,4.0
alt_corrected_unif,3.5492767502391485,3.5492767502391485,4.0
alt_uncorrected,4.420754430552573,4.420754430552573,4.0
