,Rseq_targets,Rseq_hits,Rfrequency
true_Rseq,4.499630483320467,4.499630483320467,4.0
alt_corrected,4.338607440795254,4.338607440795254,4.0
alt_corrected_unif,4.420966272433187,4.420966272433187,4.0
alt_uncorrected,5.292443952746612,5.292443952746612,4.0
