,Rseq_targets,Rseq_hits,Rfrequency
true_Rseq,4.716959620962167,4.716959620962167,4.0
alt_corrected,4.455817169301429,4.455817169301429,4.0
alt_corrected_unif,4.535072283139932,4.535072283139932,4.0
alt_uncorrected,5.406549963453357,5.406549963453357,4.0
