,Rseq_targets,Rseq_hits,Rfrequency
true_Rseq,3.707571619148826,3.707571619148826,4.0
alt_corrected,3.734094722413545,3.734094722413545,4.0
alt_corrected_unif,3.7641514804526834,3.7641514804526834,4.0
alt_uncorrected,4.635629160766108,4.635629160766108,4.0
