,Rseq_targets,Rseq_hits,Rfrequency
true_Rseq,3.702412677155272,3.702412677155272,4.0
alt_corrected,3.6378848124811207,3.6378848124811207,4.0
alt_corrected_unif,3.652500882966247,3.652500882966247,4.0
alt_uncorrected,4.523978563279671,4.523978563279671,4.0
