,Rseq_targets,Rseq_hits,Rfrequency
true_Rseq,4.119593458941212,4.119593458941212,4.0
alt_corrected,3.923490303191246,3.923490303191246,4.0
alt_corrected_unif,3.991030518726108,3.991030518726108,4.0
alt_uncorrected,4.8625081990395325,4.8625081990395325,4.0
