,Rseq_targets,Rseq_hits,Rfrequency
true_Rseq,4.380594607198921,4.380594607198921,4.0
alt_corrected,4.394368339231999,4.394368339231999,4.0
alt_corrected_unif,4.407956658182018,4.407956658182018,4.0
alt_uncorrected,5.279434338495442,5.279434338495442,4.0
