,Rseq_targets,Rseq_hits,Rfrequency
true_Rseq,3.9708430157591863,3.9708430157591863,4.0
alt_corrected,4.009634421684958,4.009634421684958,4.0
alt_corrected_unif,4.0415182156253735,4.0415182156253735,4.0
alt_uncorrected,4.912995895938797,4.912995895938797,4.0
