,Rseq_targets,Rseq_hits,Rfrequency
true_Rseq,4.890556533830258,4.890556533830258,4.0
alt_corrected,4.673347178526887,4.673347178526887,4.0
alt_corrected_unif,4.704081897595826,4.704081897595826,4.0
alt_uncorrected,5.5755595779092495,5.5755595779092495,4.0
