,Rseq_targets,Rseq_hits,Rfrequency
true_Rseq,3.4692623948563615,3.4692623948563615,4.0
alt_corrected,3.5741342513420373,3.5741342513420373,4.0
alt_corrected_unif,3.6276811257685817,3.6276811257685817,4.0
alt_uncorrected,4.499158806082006,4.499158806082006,4.0
