,Rseq_targets,Rseq_hits,Rfrequency
true_Rseq,3.4306114215054233,3.3556742444593635,4.0
alt_corrected,3.540890784972545,3.449793230808366,4.0
alt_corrected_unif,3.5696271393009433,3.4785295851367644,4.0
alt_uncorrected,4.441104819614368,4.350007265450189,4.0
