,Rseq_targets,Rseq_hits,Rfrequency
true_Rseq,5.197459135847047,5.197459135847047,4.0
alt_corrected,5.188135563453612,5.188135563453612,4.0
alt_corrected_unif,5.188678814036191,5.188678814036191,4.0
alt_uncorrected,6.060156494349615,6.060156494349615,4.0
