,Rseq_targets,Rseq_hits,Rfrequency
true_Rseq,4.0650816744972325,4.0650816744972325,4.0
alt_corrected,4.045991327000809,4.045991327000809,4.0
alt_corrected_unif,4.050899390671701,4.050899390671701,4.0
alt_uncorrected,4.922377070985125,4.922377070985125,4.0
