,Rseq_targets,Rseq_hits,Rfrequency
true_Rseq,4.73984561688468,4.73984561688468,4.0
alt_corrected,4.463356231025616,4.463356231025616,4.0
alt_corrected_unif,4.527852112173786,4.527852112173786,4.0
alt_uncorrected,5.39932979248721,5.39932979248721,4.0
