,Rseq_targets,Rseq_hits,Rfrequency
true_Rseq,4.607037698342435,4.607037698342435,4.0
alt_corrected,4.312443013306552,4.312443013306552,4.0
alt_corrected_unif,4.418636221804384,4.418636221804384,4.0
alt_uncorrected,5.290113902117808,5.290113902117808,4.0
