,Rseq_targets,Rseq_hits,Rfrequency
true_Rseq,4.561328523119446,4.561328523119446,4.0
alt_corrected,4.5078643312609525,4.5078643312609525,4.0
alt_corrected_unif,4.528093243341955,4.528093243341955,4.0
alt_uncorrected,5.399570923655379,5.399570923655379,4.0
