,Rseq_targets,Rseq_hits,Rfrequency
true_Rseq,4.144140426432999,4.144140426432999,4.0
alt_corrected,4.168444162421379,4.168444162421379,4.0
alt_corrected_unif,4.189353397005711,4.189353397005711,4.0
alt_uncorrected,5.0608310773191345,5.0608310773191345,4.0
