,Rseq_targets,Rseq_hits,Rfrequency
true_Rseq,3.5046840872387888,3.5046840872387888,4.0
alt_corrected,3.7313031274698187,3.7313031274698187,4.0
alt_corrected_unif,3.8735128227825277,3.8735128227825277,4.0
alt_uncorrected,4.744990503095952,4.744990503095952,4.0
