,Rseq_targets,Rseq_hits,Rfrequency
true_Rseq,3.314271057953011,3.314271057953011,4.0
alt_corrected,3.1846697998311697,3.1846697998311697,4.0
alt_corrected_unif,3.2150427382664586,3.2150427382664586,4.0
alt_uncorrected,4.086520418579883,4.086520418579883,4.0
