,Rseq_targets,Rseq_hits,Rfrequency
true_Rseq,3.8122244337067723,3.8122244337067723,4.0
alt_corrected,3.804581269266503,3.804581269266503,4.0
alt_corrected_unif,3.8370008319480315,3.8370008319480315,4.0
alt_uncorrected,4.708478512261456,4.708478512261456,4.0
