,Rseq_targets,Rseq_hits,Rfrequency
true_Rseq,4.277916187565519,4.277916187565519,4.0
alt_corrected,4.241481871375933,4.241481871375933,4.0
alt_corrected_unif,4.248546027549764,4.248546027549764,4.0
alt_uncorrected,5.120023707863188,5.120023707863188,4.0
