,Rseq_targets,Rseq_hits,Rfrequency
true_Rseq,3.8962991592205753,3.8962991592205753,4.0
alt_corrected,3.9200531802016205,3.9200531802016205,4.0
alt_corrected_unif,3.9305157385483755,3.9305157385483755,4.0
alt_uncorrected,4.8019934188618,4.8019934188618,4.0
