,Rseq_targets,Rseq_hits,Rfrequency
true_Rseq,4.144798180158922,4.144798180158922,4.0
alt_corrected,4.021376211532928,4.021376211532928,4.0
alt_corrected_unif,4.083135466574456,4.083135466574456,4.0
alt_uncorrected,4.95461314688788,4.95461314688788,4.0
