,Rseq_targets,Rseq_hits,Rfrequency
true_Rseq,3.9817517422851836,3.9817517422851836,4.0
alt_corrected,3.9643911747392684,3.9643911747392684,4.0
alt_corrected_unif,3.9682214580739186,3.9682214580739186,4.0
alt_uncorrected,4.839699138387343,4.839699138387343,4.0
