,Rseq_targets,Rseq_hits,Rfrequency
true_Rseq,4.518039538515622,4.518039538515622,4.0
alt_corrected,4.353622552331017,4.353622552331017,4.0
alt_corrected_unif,4.383412220426248,4.383412220426248,4.0
alt_uncorrected,5.254889900739672,5.254889900739672,4.0
