,Rseq_targets,Rseq_hits,Rfrequency
true_Rseq,4.651876696064078,4.651876696064078,4.0
alt_corrected,4.7082806615624815,4.7082806615624815,4.0
alt_corrected_unif,4.7325900965210455,4.7325900965210455,4.0
alt_uncorrected,5.604067776834469,5.604067776834469,4.0
