,Rseq_targets,Rseq_hits,Rfrequency
true_Rseq,3.725356027403814,3.725356027403814,4.0
alt_corrected,3.734813163308137,3.734813163308137,4.0
alt_corrected_unif,3.7375296873837454,3.7375296873837454,4.0
alt_uncorrected,4.60900736769717,4.60900736769717,4.0
