,Rseq_targets,Rseq_hits,Rfrequency
true_Rseq,-0.6112791999960105,2.920535731056745,4.0
alt_corrected,-0.5178731158207988,3.284722877499479,4.0
alt_corrected_unif,-0.4318806021585074,3.3707153911617707,4.0
alt_uncorrected,0.43959707815491694,4.242193071475195,4.0
