,Rseq_targets,Rseq_hits,Rfrequency
true_Rseq,4.598565223849577,4.598565223849577,4.0
alt_corrected,4.338717246399604,4.338717246399604,4.0
alt_corrected_unif,4.389404265976948,4.389404265976948,4.0
alt_uncorrected,5.260881946290372,5.260881946290372,4.0
