,Rseq_targets,Rseq_hits,Rfrequency
true_Rseq,4.241468538189072,4.241468538189072,4.0
alt_corrected,4.205813539220948,4.205813539220948,4.0
alt_corrected_unif,4.2439130321609095,4.2439130321609095,4.0
alt_uncorrected,5.115390712474334,5.115390712474334,4.0
