,Rseq_targets,Rseq_hits,Rfrequency
true_Rseq,4.189381025418271,4.189381025418271,4.0
alt_corrected,4.18520905555563,4.18520905555563,4.0
alt_corrected_unif,4.266278838544842,4.266278838544842,4.0
alt_uncorrected,5.137756518858266,5.137756518858266,4.0
