,Rseq_targets,Rseq_hits,Rfrequency
true_Rseq,4.368542870598343,4.368542870598343,4.0
alt_corrected,4.003214687045635,4.003214687045635,4.0
alt_corrected_unif,4.202411984975285,4.202411984975285,4.0
alt_uncorrected,5.073889665288709,5.073889665288709,4.0
