,Rseq_targets,Rseq_hits,Rfrequency
true_Rseq,3.797759161354156,3.797759161354156,4.0
alt_corrected,3.734791833286255,3.734791833286255,4.0
alt_corrected_unif,3.7745645936935905,3.7745645936935905,4.0
alt_uncorrected,4.646042274007015,4.646042274007015,4.0
