,Rseq_targets,Rseq_hits,Rfrequency
true_Rseq,2.992617066753649,2.992617066753649,4.0
alt_corrected,3.1721620737451555,3.1721620737451555,4.0
alt_corrected_unif,3.2062374072808573,3.2062374072808573,4.0
alt_uncorrected,4.077715087594282,4.077715087594282,4.0
