,Rseq_targets,Rseq_hits,Rfrequency
true_Rseq,3.7990951468241843,3.7990951468241843,4.0
alt_corrected,3.7384665610006347,3.7384665610006347,4.0
alt_corrected_unif,3.7477072478523907,3.7477072478523907,4.0
alt_uncorrected,4.619184928165815,4.619184928165815,4.0
