,Rseq_targets,Rseq_hits,Rfrequency
true_Rseq,4.890764852969536,4.890764852969536,4.0
alt_corrected,4.743708577554449,4.743708577554449,4.0
alt_corrected_unif,4.786451055927023,4.786451055927023,4.0
alt_uncorrected,5.6579287362404465,5.6579287362404465,4.0
