,Rseq_targets,Rseq_hits,Rfrequency
true_Rseq,3.3516194112633286,3.3516194112633286,4.0
alt_corrected,3.39650475483961,3.39650475483961,4.0
alt_corrected_unif,3.4918869530681866,3.4918869530681866,4.0
alt_uncorrected,4.363364633381611,4.363364633381611,4.0
