,Rseq_targets,Rseq_hits,Rfrequency
true_Rseq,4.603547000612494,4.603547000612494,4.0
alt_corrected,4.606115426349864,4.606115426349864,4.0
alt_corrected_unif,4.66936285275766,4.66936285275766,4.0
alt_uncorrected,5.5408405330710835,5.5408405330710835,4.0
