,Rseq_targets,Rseq_hits,Rfrequency
true_Rseq,2.3746818990440044,3.5428041450373042,4.0
alt_corrected,2.4790553017096375,3.719184031218417,4.0
alt_corrected_unif,2.5343499985284312,3.7744787280372107,4.0
alt_uncorrected,3.4058276788418556,4.645956408350635,4.0
