,Rseq_targets,Rseq_hits,Rfrequency
true_Rseq,3.820542872177916,3.820542872177916,4.0
alt_corrected,3.8323212233005175,3.8323212233005175,4.0
alt_corrected_unif,3.8328644738831,3.8328644738831,4.0
alt_uncorrected,4.7043421541965245,4.7043421541965245,4.0
