,Rseq_targets,Rseq_hits,Rfrequency
true_Rseq,4.281021232593634,4.281021232593634,4.0
alt_corrected,4.198288307414646,4.198288307414646,4.0
alt_corrected_unif,4.2244270396737615,4.2244270396737615,4.0
alt_uncorrected,5.095904719987185,5.095904719987185,4.0
