,Rseq_targets,Rseq_hits,Rfrequency
true_Rseq,3.8385057825855364,3.8385057825855364,4.0
alt_corrected,3.7553350785023754,3.7553350785023754,4.0
alt_corrected_unif,3.7655315151970554,3.7655315151970554,4.0
alt_uncorrected,4.63700919551048,4.63700919551048,4.0
