,Rseq_targets,Rseq_hits,Rfrequency
true_Rseq,3.9663470056683714,3.9663470056683714,4.0
alt_corrected,3.895728258360174,3.895728258360174,4.0
alt_corrected_unif,3.9081527892499985,3.9081527892499985,4.0
alt_uncorrected,4.779630469563423,4.779630469563423,4.0
