,Rseq_targets,Rseq_hits,Rfrequency
true_Rseq,-0.3452466957518485,2.502730267704205,4.0
alt_corrected,-0.25173447910910585,2.565984462474736,4.0
alt_corrected_unif,-0.16322119171153937,2.6544977498723026,4.0
alt_uncorrected,0.708256488601885,3.525975430185727,4.0
