,Rseq_targets,Rseq_hits,Rfrequency
true_Rseq,3.453267285229213,3.453267285229213,4.0
alt_corrected,3.248026928525768,3.248026928525768,4.0
alt_corrected_unif,3.412196955670719,3.412196955670719,4.0
alt_uncorrected,4.283674635984143,4.283674635984143,4.0
