,Rseq_targets,Rseq_hits,Rfrequency
true_Rseq,4.340897318211265,4.340897318211265,4.0
alt_corrected,4.402736167552233,4.402736167552233,4.0
alt_corrected_unif,4.472391684479392,4.472391684479392,4.0
alt_uncorrected,5.343869364792816,5.343869364792816,4.0
