,Rseq_targets,Rseq_hits,Rfrequency
true_Rseq,4.39091504915246,4.39091504915246,4.0
alt_corrected,4.3765190272217875,4.3765190272217875,4.0
alt_corrected_unif,4.438278282263331,4.438278282263331,4.0
alt_uncorrected,5.309755962576755,5.309755962576755,4.0
