,Rseq_targets,Rseq_hits,Rfrequency
true_Rseq,4.587779864053276,4.587779864053276,4.0
alt_corrected,4.416665928224852,4.416665928224852,4.0
alt_corrected_unif,4.45500871950934,4.45500871950934,4.0
alt_uncorrected,5.326486399822764,5.326486399822764,4.0
