,Rseq_targets,Rseq_hits,Rfrequency
true_Rseq,5.096407202096303,5.096407202096303,4.0
alt_corrected,4.947957965844888,4.947957965844888,4.0
alt_corrected_unif,4.986810648617576,4.986810648617576,4.0
alt_uncorrected,5.858288328931001,5.858288328931001,4.0
