,Rseq_targets,Rseq_hits,Rfrequency
true_Rseq,4.013614199071986,4.013614199071986,4.0
alt_corrected,4.049946820576228,4.049946820576228,4.0
alt_corrected_unif,4.0580549063895734,4.0580549063895734,4.0
alt_uncorrected,4.929532586702997,4.929532586702997,4.0
