,Rseq_targets,Rseq_hits,Rfrequency
true_Rseq,4.014694517208156,4.014694517208156,4.0
alt_corrected,4.074247378496805,4.074247378496805,4.0
alt_corrected_unif,4.104401140043832,4.104401140043832,4.0
alt_uncorrected,4.975878820357256,4.975878820357256,4.0
