,Rseq_targets,Rseq_hits,Rfrequency
true_Rseq,4.127860519091531,4.127860519091531,4.0
alt_corrected,4.0568651958564175,4.0568651958564175,4.0
alt_corrected_unif,4.06398417273242,4.06398417273242,4.0
alt_uncorrected,4.935461853045844,4.935461853045844,4.0
