,Rseq_targets,Rseq_hits,Rfrequency
true_Rseq,4.337359347837118,4.337359347837118,4.0
alt_corrected,4.21568659528957,4.21568659528957,4.0
alt_corrected_unif,4.259680400286017,4.259680400286017,4.0
alt_uncorrected,5.131158080599442,5.131158080599442,4.0
