,Rseq_targets,Rseq_hits,Rfrequency
true_Rseq,-0.2762777159072982,2.357407627056304,4.0
alt_corrected,-0.1685716979216353,2.6717029540441906,4.0
alt_corrected_unif,-0.09761720092532145,2.7426574510405044,4.0
alt_uncorrected,0.7738604793881029,3.6141351313539287,4.0
