,Rseq_targets,Rseq_hits,Rfrequency
true_Rseq,4.101082113289656,4.101082113289656,4.0
alt_corrected,4.348763122237941,4.348763122237941,4.0
alt_corrected_unif,4.391250240224762,4.391250240224762,4.0
alt_uncorrected,5.262727920538186,5.262727920538186,4.0
