,Rseq_targets,Rseq_hits,Rfrequency
true_Rseq,4.098439482480675,4.098439482480675,4.0
alt_corrected,4.0451365016740155,4.0451365016740155,4.0
alt_corrected_unif,4.121614615226504,4.121614615226504,4.0
alt_uncorrected,4.9930922955399275,4.9930922955399275,4.0
