,Rseq_targets,Rseq_hits,Rfrequency
true_Rseq,4.192087013265598,4.192087013265598,4.0
alt_corrected,4.07462205278804,4.07462205278804,4.0
alt_corrected_unif,4.121711687870411,4.121711687870411,4.0
alt_uncorrected,4.993189368183835,4.993189368183835,4.0
