,Rseq_targets,Rseq_hits,Rfrequency
true_Rseq,4.227477430768634,4.227477430768634,4.0
alt_corrected,4.0307590498313655,4.0307590498313655,4.0
alt_corrected_unif,4.064834383367058,4.064834383367058,4.0
alt_uncorrected,4.936312063680482,4.936312063680482,4.0
