,Rseq_targets,Rseq_hits,Rfrequency
true_Rseq,3.4155910389388673,3.4155910389388673,4.0
alt_corrected,3.4232355443066895,3.4232355443066895,4.0
alt_corrected_unif,3.5216822242272703,3.5216822242272703,4.0
alt_uncorrected,4.393159904540695,4.393159904540695,4.0
