,Rseq_targets,Rseq_hits,Rfrequency
true_Rseq,3.984407835463795,3.984407835463795,4.0
alt_corrected,3.957788373370091,3.957788373370091,4.0
alt_corrected_unif,4.010814950175725,4.010814950175725,4.0
alt_uncorrected,4.8822926304891485,4.8822926304891485,4.0
