,Rseq_targets,Rseq_hits,Rfrequency
true_Rseq,3.798230990225113,3.798230990225113,4.0
alt_corrected,3.9043707441362545,3.9043707441362545,4.0
alt_corrected_unif,3.9177009369881417,3.9177009369881417,4.0
alt_uncorrected,4.789178617301566,4.789178617301566,4.0
