,Rseq_targets,Rseq_hits,Rfrequency
true_Rseq,4.282706819278992,4.282706819278992,4.0
alt_corrected,4.181384121991227,4.181384121991227,4.0
alt_corrected_unif,4.200027555441068,4.200027555441068,4.0
alt_uncorrected,5.071505235754492,5.071505235754492,4.0
