,Rseq_targets,Rseq_hits,Rfrequency
true_Rseq,3.8104175454153637,3.8104175454153637,4.0
alt_corrected,3.691308687234542,3.691308687234542,4.0
alt_corrected_unif,3.711437482633563,3.711437482633563,4.0
alt_uncorrected,4.582915162946987,4.582915162946987,4.0
