,Rseq_targets,Rseq_hits,Rfrequency
true_Rseq,3.61968816236286,3.61968816236286,4.0
alt_corrected,3.7622919844027702,3.7622919844027702,4.0
alt_corrected_unif,3.8122806031289254,3.8122806031289254,4.0
alt_uncorrected,4.68375828344235,4.68375828344235,4.0
