,Rseq_targets,Rseq_hits,Rfrequency
true_Rseq,4.517201398323289,4.517201398323289,4.0
alt_corrected,4.385413098296468,4.385413098296468,4.0
alt_corrected_unif,4.408627040098279,4.408627040098279,4.0
alt_uncorrected,5.280104720411703,5.280104720411703,4.0
