,Rseq_targets,Rseq_hits,Rfrequency
true_Rseq,5.0901465784271895,5.0901465784271895,4.0
alt_corrected,4.938876357008954,4.938876357008954,4.0
alt_corrected_unif,4.958311027263878,4.958311027263878,4.0
alt_uncorrected,5.829788707577303,5.829788707577303,4.0
