,Rseq_targets,Rseq_hits,Rfrequency
true_Rseq,4.102499733666474,4.102499733666474,4.0
alt_corrected,4.030271159919208,4.030271159919208,4.0
alt_corrected_unif,4.150784977902521,4.150784977902521,4.0
alt_uncorrected,5.022262658215945,5.022262658215945,4.0
