,Rseq_targets,Rseq_hits,Rfrequency
true_Rseq,4.193102999713185,4.193102999713185,4.0
alt_corrected,4.1707863104356955,4.1707863104356955,4.0
alt_corrected_unif,4.209638993208378,4.209638993208378,4.0
alt_uncorrected,5.0811166735218025,5.0811166735218025,4.0
