,Rseq_targets,Rseq_hits,Rfrequency
true_Rseq,3.7475564263217507,3.7475564263217507,4.0
alt_corrected,3.9166759948808783,3.9166759948808783,4.0
alt_corrected_unif,3.952495757936641,3.952495757936641,4.0
alt_uncorrected,4.823973438250065,4.823973438250065,4.0
