,Rseq_targets,Rseq_hits,Rfrequency
true_Rseq,4.728643889343536,4.728643889343536,4.0
alt_corrected,4.4488851825446485,4.4488851825446485,4.0
alt_corrected_unif,4.538314767700109,4.538314767700109,4.0
alt_uncorrected,5.409792448013533,5.409792448013533,4.0
