,Rseq_targets,Rseq_hits,Rfrequency
true_Rseq,3.313852895054966,3.313852895054966,4.0
alt_corrected,3.4581532316525103,3.4581532316525103,4.0
alt_corrected_unif,3.49973134895239,3.49973134895239,4.0
alt_uncorrected,4.371209029265814,4.371209029265814,4.0
