,Rseq_targets,Rseq_hits,Rfrequency
true_Rseq,4.618471371353328,4.618471371353328,4.0
alt_corrected,4.447124464304489,4.447124464304489,4.0
alt_corrected_unif,4.488461939024342,4.488461939024342,4.0
alt_uncorrected,5.359939619337767,5.359939619337767,4.0
