,Rseq_targets,Rseq_hits,Rfrequency
true_Rseq,4.259266298063198,4.259266298063198,4.0
alt_corrected,4.252963705555295,4.252963705555295,4.0
alt_corrected_unif,4.2907200186068355,4.2907200186068355,4.0
alt_uncorrected,5.162197698920259,5.162197698920259,4.0
