,Rseq_targets,Rseq_hits,Rfrequency
true_Rseq,4.978440291524426,4.978440291524426,4.0
alt_corrected,4.820839483146182,4.820839483146182,4.0
alt_corrected_unif,4.930362993141198,4.930362993141198,4.0
alt_uncorrected,5.801840673454622,5.801840673454622,4.0
