,Rseq_targets,Rseq_hits,Rfrequency
true_Rseq,4.559654194466243,4.559654194466243,4.0
alt_corrected,4.241760781195616,4.241760781195616,4.0
alt_corrected_unif,4.3279995923431525,4.3279995923431525,4.0
alt_uncorrected,5.199477272656576,5.199477272656576,4.0
