,Rseq_targets,Rseq_hits,Rfrequency
true_Rseq,3.9526756856369074,3.9526756856369074,4.0
alt_corrected,3.711564584413066,3.711564584413066,4.0
alt_corrected_unif,3.827349455340412,3.827349455340412,4.0
alt_uncorrected,4.698827135653836,4.698827135653836,4.0
