,Rseq_targets,Rseq_hits,Rfrequency
true_Rseq,4.38544149202969,4.38544149202969,4.0
alt_corrected,4.188749345396781,4.188749345396781,4.0
alt_corrected_unif,4.233274131781544,4.233274131781544,4.0
alt_uncorrected,5.1047518120949675,5.1047518120949675,4.0
