,Rseq_targets,Rseq_hits,Rfrequency
true_Rseq,3.768083415918632,3.768083415918632,4.0
alt_corrected,3.837618329974343,3.837618329974343,4.0
alt_corrected_unif,3.882367573610558,3.882367573610558,4.0
alt_uncorrected,4.753845253923982,4.753845253923982,4.0
