,Rseq_targets,Rseq_hits,Rfrequency
true_Rseq,4.176636825017164,4.176636825017164,4.0
alt_corrected,3.8341335030605737,3.8341335030605737,4.0
alt_corrected_unif,4.022136926555161,4.022136926555161,4.0
alt_uncorrected,4.893614606868585,4.893614606868585,4.0
