,Rseq_targets,Rseq_hits,Rfrequency
true_Rseq,4.290215978927306,4.290215978927306,4.0
alt_corrected,4.201260697748878,4.201260697748878,4.0
alt_corrected_unif,4.322036156946988,4.322036156946988,4.0
alt_uncorrected,5.1935138372604115,5.1935138372604115,4.0
