,Rseq_targets,Rseq_hits,Rfrequency
true_Rseq,4.281681968294947,4.281681968294947,4.0
alt_corrected,3.7278558811727738,3.7278558811727738,4.0
alt_corrected_unif,3.92611772403991,3.92611772403991,4.0
alt_uncorrected,4.797595404353334,4.797595404353334,4.0
