,Rseq_targets,Rseq_hits,Rfrequency
true_Rseq,3.8868607648245757,3.8868607648245757,4.0
alt_corrected,4.009911371034761,4.009911371034761,4.0
alt_corrected_unif,4.1081940288430285,4.1081940288430285,4.0
alt_uncorrected,4.979671709156452,4.979671709156452,4.0
