,Rseq_targets,Rseq_hits,Rfrequency
true_Rseq,3.1969053155403957,3.1969053155403957,4.0
alt_corrected,3.007811209838565,3.007811209838565,4.0
alt_corrected_unif,3.108941913200326,3.108941913200326,4.0
alt_uncorrected,3.9804195935137505,3.9804195935137505,4.0
