,Rseq_targets,Rseq_hits,Rfrequency
true_Rseq,4.260681226229126,4.260681226229126,4.0
alt_corrected,4.218532104692269,4.218532104692269,4.0
alt_corrected_unif,4.242841539650838,4.242841539650838,4.0
alt_uncorrected,5.114319219964263,5.114319219964263,4.0
