,Rseq_targets,Rseq_hits,Rfrequency
true_Rseq,4.026563335010162,4.026563335010162,4.0
alt_corrected,4.144796095001695,4.144796095001695,4.0
alt_corrected_unif,4.256838599093031,4.256838599093031,4.0
alt_uncorrected,5.128316279406455,5.128316279406455,4.0
