,Rseq_targets,Rseq_hits,Rfrequency
true_Rseq,4.094908948590335,4.094908948590335,4.0
alt_corrected,4.123361309436408,4.123361309436408,4.0
alt_corrected_unif,4.13749939888654,4.13749939888654,4.0
alt_uncorrected,5.008977079199964,5.008977079199964,4.0
