,Rseq_targets,Rseq_hits,Rfrequency
true_Rseq,4.365273600323196,4.365273600323196,4.0
alt_corrected,4.314645614647561,4.314645614647561,4.0
alt_corrected_unif,4.331640653889339,4.331640653889339,4.0
alt_uncorrected,5.203118334202763,5.203118334202763,4.0
