,Rseq_targets,Rseq_hits,Rfrequency
true_Rseq,4.765763450659304,4.765763450659304,4.0
alt_corrected,4.155763194092765,4.155763194092765,4.0
alt_corrected_unif,4.393737647519128,4.393737647519128,4.0
alt_uncorrected,5.265215327832552,5.265215327832552,4.0
