,Rseq_targets,Rseq_hits,Rfrequency
true_Rseq,4.255414982182803,4.255414982182803,4.0
alt_corrected,4.159188255629774,4.159188255629774,4.0
alt_corrected_unif,4.182652636945576,4.182652636945576,4.0
alt_uncorrected,5.054130317259,5.054130317259,4.0
