,Rseq_targets,Rseq_hits,Rfrequency
true_Rseq,4.020188698181131,4.020188698181131,4.0
alt_corrected,3.7562394354114166,3.7562394354114166,4.0
alt_corrected_unif,3.851863260345922,3.851863260345922,4.0
alt_uncorrected,4.723340940659346,4.723340940659346,4.0
