,Rseq_targets,Rseq_hits,Rfrequency
true_Rseq,4.0925424962762635,4.0925424962762635,4.0
alt_corrected,4.004538026820337,4.004538026820337,4.0
alt_corrected_unif,4.103012336026591,4.103012336026591,4.0
alt_uncorrected,4.974490016340015,4.974490016340015,4.0
