,Rseq_targets,Rseq_hits,Rfrequency
true_Rseq,3.7342748059724666,3.7342748059724666,4.0
alt_corrected,3.6980485973282606,3.6980485973282606,4.0
alt_corrected_unif,3.771203827661656,3.771203827661656,4.0
alt_uncorrected,4.64268150797508,4.64268150797508,4.0
