,Rseq_targets,Rseq_hits,Rfrequency
true_Rseq,4.603616061310092,4.603616061310092,4.0
alt_corrected,4.44438685758298,4.44438685758298,4.0
alt_corrected_unif,4.4688632850802605,4.4688632850802605,4.0
alt_uncorrected,5.340340965393685,5.340340965393685,4.0
