,Rseq_targets,Rseq_hits,Rfrequency
true_Rseq,4.360595432630486,4.360595432630486,4.0
alt_corrected,4.280307734131389,4.280307734131389,4.0
alt_corrected_unif,4.3103644921705335,4.3103644921705335,4.0
alt_uncorrected,5.181842172483957,5.181842172483957,4.0
