,Rseq_targets,Rseq_hits,Rfrequency
true_Rseq,4.956092277569754,4.956092277569754,4.0
alt_corrected,4.607602678970688,4.607602678970688,4.0
alt_corrected_unif,4.729918377211833,4.729918377211833,4.0
alt_uncorrected,5.601396057525257,5.601396057525257,4.0
