,Rseq_targets,Rseq_hits,Rfrequency
true_Rseq,4.040036627150952,4.040036627150952,4.0
alt_corrected,4.0031871291623915,4.0031871291623915,4.0
alt_corrected_unif,4.006482882743384,4.006482882743384,4.0
alt_uncorrected,4.877960563056809,4.877960563056809,4.0
