,Rseq_targets,Rseq_hits,Rfrequency
true_Rseq,4.5804506136086,4.5804506136086,4.0
alt_corrected,4.5792448632768386,4.5792448632768386,4.0
alt_corrected_unif,4.618408207803313,4.618408207803313,4.0
alt_uncorrected,5.489885888116737,5.489885888116737,4.0
