,Rseq_targets,Rseq_hits,Rfrequency
true_Rseq,4.207227631124606,4.207227631124606,4.0
alt_corrected,4.202191516893075,4.202191516893075,4.0
alt_corrected_unif,4.222420428974074,4.222420428974074,4.0
alt_uncorrected,5.0938981092874975,5.0938981092874975,4.0
