,Rseq_targets,Rseq_hits,Rfrequency
true_Rseq,4.097805238612599,4.220351170082521,4.0
alt_corrected,3.8366273363863566,3.9332334241513487,4.0
alt_corrected_unif,3.8942297256226897,3.990835813387682,4.0
alt_uncorrected,4.765707405936114,4.862313493701106,4.0
