,Rseq_targets,Rseq_hits,Rfrequency
true_Rseq,3.1348076325613095,3.1348076325613095,4.0
alt_corrected,3.2674336894839664,3.2674336894839664,4.0
alt_corrected_unif,3.3355571489891394,3.3355571489891394,4.0
alt_uncorrected,4.207034829302564,4.207034829302564,4.0
