,Rseq_targets,Rseq_hits,Rfrequency
true_Rseq,3.7249862677580943,3.7249862677580943,4.0
alt_corrected,3.6361038725293144,3.6361038725293144,4.0
alt_corrected_unif,3.7632746695192343,3.7632746695192343,4.0
alt_uncorrected,4.634752349832659,4.634752349832659,4.0
