,Rseq_targets,Rseq_hits,Rfrequency
true_Rseq,3.5534750507250585,3.5534750507250585,4.0
alt_corrected,3.5425534028628105,3.5425534028628105,4.0
alt_corrected_unif,3.6272867917256497,3.6272867917256497,4.0
alt_uncorrected,4.498764472039074,4.498764472039074,4.0
