,Rseq_targets,Rseq_hits,Rfrequency
true_Rseq,3.8728760798245343,3.8728760798245343,4.0
alt_corrected,3.7498352099283228,3.7498352099283228,4.0
alt_corrected_unif,3.7925776883008875,3.7925776883008875,4.0
alt_uncorrected,4.664055368614312,4.664055368614312,4.0
