,Rseq_targets,Rseq_hits,Rfrequency
true_Rseq,0.5286284997511093,2.9626887749759447,4.0
alt_corrected,0.6882085986640907,3.106573116440944,4.0
alt_corrected_unif,0.8344873774978003,3.2528518952746537,4.0
alt_uncorrected,1.7059650578112246,4.124329575588078,4.0
