,Rseq_targets,Rseq_hits,Rfrequency
true_Rseq,4.418578398688038,4.418578398688038,4.0
alt_corrected,4.339692990589393,4.339692990589393,4.0
alt_corrected_unif,4.350563700351547,4.350563700351547,4.0
alt_uncorrected,5.2220413806649715,5.2220413806649715,4.0
