,Rseq_targets,Rseq_hits,Rfrequency
true_Rseq,3.2703219004246025,3.066319777257588,4.0
alt_corrected,3.3510593198632908,3.1776075801539836,4.0
alt_corrected_unif,3.4172685642624603,3.243816824553153,4.0
alt_uncorrected,4.288746244575885,4.115294504866577,4.0
