,Rseq_targets,Rseq_hits,Rfrequency
true_Rseq,4.886381133270903,4.886381133270903,4.0
alt_corrected,4.203473822198589,4.203473822198589,4.0
alt_corrected_unif,4.459917931138923,4.459917931138923,4.0
alt_uncorrected,5.331395611452348,5.331395611452348,4.0
