,Rseq_targets,Rseq_hits,Rfrequency
true_Rseq,3.9134111080469225,3.9134111080469225,4.0
alt_corrected,3.866631188721422,3.866631188721422,4.0
alt_corrected_unif,3.8781376767076616,3.8781376767076616,4.0
alt_uncorrected,4.749615357021086,4.749615357021086,4.0
