,Rseq_targets,Rseq_hits,Rfrequency
true_Rseq,3.7210658819217066,3.7210658819217066,4.0
alt_corrected,3.806776232323184,3.806776232323184,4.0
alt_corrected_unif,3.836565900418417,3.836565900418417,4.0
alt_uncorrected,4.708043580731841,4.708043580731841,4.0
