,Rseq_targets,Rseq_hits,Rfrequency
true_Rseq,3.637670515175799,3.637670515175799,4.0
alt_corrected,3.713146551486254,3.713146551486254,4.0
alt_corrected_unif,3.752309896012744,3.752309896012744,4.0
alt_uncorrected,4.623787576326168,4.623787576326168,4.0
