,Rseq_targets,Rseq_hits,Rfrequency
true_Rseq,3.696293456451847,3.696293456451847,4.0
alt_corrected,3.6745465356043954,3.6745465356043954,4.0
alt_corrected_unif,3.6930322571528182,3.6930322571528182,4.0
alt_uncorrected,4.564509937466243,4.564509937466243,4.0
