,Rseq_targets,Rseq_hits,Rfrequency
true_Rseq,3.105354368242793,3.105354368242793,4.0
alt_corrected,3.13710314434894,3.13710314434894,4.0
alt_corrected_unif,3.156860337057846,3.156860337057846,4.0
alt_uncorrected,4.02833801737127,4.02833801737127,4.0
