,Rseq_targets,Rseq_hits,Rfrequency
true_Rseq,3.813060863214411,3.813060863214411,4.0
alt_corrected,3.725647867856409,3.725647867856409,4.0
alt_corrected_unif,3.7338446250686643,3.7338446250686643,4.0
alt_uncorrected,4.605322305382089,4.605322305382089,4.0
