,Rseq_targets,Rseq_hits,Rfrequency
true_Rseq,3.599858872988708,3.599858872988708,4.0
alt_corrected,3.5096701672916257,3.5096701672916257,4.0
alt_corrected_unif,3.587077033763158,3.587077033763158,4.0
alt_uncorrected,4.458554714076582,4.458554714076582,4.0
