,Rseq_targets,Rseq_hits,Rfrequency
true_Rseq,4.512527934754784,4.512527934754784,4.0
alt_corrected,4.464224627333028,4.464224627333028,4.0
alt_corrected_unif,4.46752038091404,4.46752038091404,4.0
alt_uncorrected,5.338998061227465,5.338998061227465,4.0
