,Rseq_targets,Rseq_hits,Rfrequency
true_Rseq,3.8469847274471336,3.8469847274471336,4.0
alt_corrected,3.7830924907721335,3.7830924907721335,4.0
alt_corrected_unif,3.79642268362401,3.79642268362401,4.0
alt_uncorrected,4.667900363937434,4.667900363937434,4.0
