,Rseq_targets,Rseq_hits,Rfrequency
true_Rseq,4.357364383488932,4.357364383488932,4.0
alt_corrected,4.252592807944607,4.252592807944607,4.0
alt_corrected_unif,4.281920966020337,4.281920966020337,4.0
alt_uncorrected,5.153398646333762,5.153398646333762,4.0
