,Rseq_targets,Rseq_hits,Rfrequency
true_Rseq,4.360233127223779,4.360233127223779,4.0
alt_corrected,4.337920306343872,4.337920306343872,4.0
alt_corrected_unif,4.508181014428882,4.508181014428882,4.0
alt_uncorrected,5.3796586947423055,5.3796586947423055,4.0
