,Rseq_targets,Rseq_hits,Rfrequency
true_Rseq,4.023870160338572,4.023870160338572,4.0
alt_corrected,4.035005158145015,4.035005158145015,4.0
alt_corrected_unif,4.070824921200783,4.070824921200783,4.0
alt_uncorrected,4.942302601514207,4.942302601514207,4.0
