,Rseq_targets,Rseq_hits,Rfrequency
true_Rseq,4.819324550087967,4.819324550087967,4.0
alt_corrected,4.749912717311682,4.749912717311682,4.0
alt_corrected_unif,4.787276744388759,4.787276744388759,4.0
alt_uncorrected,5.658754424702183,5.658754424702183,4.0
