,Rseq_targets,Rseq_hits,Rfrequency
true_Rseq,4.185610294019545,4.185610294019545,4.0
alt_corrected,4.265319399287227,4.265319399287227,4.0
alt_corrected_unif,4.326681524278177,4.326681524278177,4.0
alt_uncorrected,5.198159204591601,5.198159204591601,4.0
