,Rseq_targets,Rseq_hits,Rfrequency
true_Rseq,3.3101101976229934,3.3101101976229934,4.0
alt_corrected,3.3910134691775413,3.3910134691775413,4.0
alt_corrected_unif,3.4229320191949486,3.4229320191949486,4.0
alt_uncorrected,4.294409699508373,4.294409699508373,4.0
