,Rseq_targets,Rseq_hits,Rfrequency
true_Rseq,4.976924521700917,4.976924521700917,4.0
alt_corrected,4.858292243151965,4.858292243151965,4.0
alt_corrected_unif,4.893327368336534,4.893327368336534,4.0
alt_uncorrected,5.764805048649959,5.764805048649959,4.0
