,Rseq_targets,Rseq_hits,Rfrequency
true_Rseq,3.984514946257299,3.984514946257299,4.0
alt_corrected,3.875662612599678,3.875662612599678,4.0
alt_corrected_unif,3.891430724960246,3.891430724960246,4.0
alt_uncorrected,4.76290840527367,4.76290840527367,4.0
