,Rseq_targets,Rseq_hits,Rfrequency
true_Rseq,3.7481548363155657,3.7481548363155657,4.0
alt_corrected,3.4314019885118996,3.4314019885118996,4.0
alt_corrected_unif,3.5313459940524328,3.5313459940524328,4.0
alt_uncorrected,4.402823674365857,4.402823674365857,4.0
