,Rseq_targets,Rseq_hits,Rfrequency
true_Rseq,3.8580335183135013,3.8580335183135013,4.0
alt_corrected,3.817036751003303,3.817036751003303,4.0
alt_corrected_unif,3.831499544893601,3.831499544893601,4.0
alt_uncorrected,4.702977225207025,4.702977225207025,4.0
