,Rseq_targets,Rseq_hits,Rfrequency
true_Rseq,3.8815496847920024,3.8815496847920024,4.0
alt_corrected,4.0572989156786,4.0572989156786,4.0
alt_corrected_unif,4.113581890441443,4.113581890441443,4.0
alt_uncorrected,4.985059570754868,4.985059570754868,4.0
