,Rseq_targets,Rseq_hits,Rfrequency
true_Rseq,4.775435370721815,4.775435370721815,4.0
alt_corrected,4.597865859933199,4.597865859933199,4.0
alt_corrected_unif,4.726545237624983,4.726545237624983,4.0
alt_uncorrected,5.598022917938407,5.598022917938407,4.0
