,Rseq_targets,Rseq_hits,Rfrequency
true_Rseq,5.1025025159343596,5.1025025159343596,4.0
alt_corrected,4.903997377526741,4.903997377526741,4.0
alt_corrected_unif,4.937011534333852,4.937011534333852,4.0
alt_uncorrected,5.808489214647276,5.808489214647276,4.0
