,Rseq_targets,Rseq_hits,Rfrequency
true_Rseq,4.1028757067657775,4.1028757067657775,4.0
alt_corrected,3.9931032532476625,3.9931032532476625,4.0
alt_corrected_unif,4.010098292489438,4.010098292489438,4.0
alt_uncorrected,4.881575972802862,4.881575972802862,4.0
