,Rseq_targets,Rseq_hits,Rfrequency
true_Rseq,4.109245528513299,4.109245528513299,4.0
alt_corrected,4.261877212403079,4.261877212403079,4.0
alt_corrected_unif,4.434126296136288,4.434126296136288,4.0
alt_uncorrected,5.305603976449712,5.305603976449712,4.0
