,Rseq_targets,Rseq_hits,Rfrequency
true_Rseq,3.943552125166754,3.943552125166754,4.0
alt_corrected,3.893585419686232,3.893585419686232,4.0
alt_corrected_unif,3.9386624486451622,3.9386624486451622,4.0
alt_uncorrected,4.810140128958587,4.810140128958587,4.0
