,Rseq_targets,Rseq_hits,Rfrequency
true_Rseq,4.372250003670478,4.372250003670478,4.0
alt_corrected,4.167422526357834,4.167422526357834,4.0
alt_corrected_unif,4.216463775586552,4.216463775586552,4.0
alt_uncorrected,5.087941455899976,5.087941455899976,4.0
