,Rseq_targets,Rseq_hits,Rfrequency
true_Rseq,4.647490837494587,4.647490837494587,4.0
alt_corrected,4.418537605920948,4.418537605920948,4.0
alt_corrected_unif,4.562774994796472,4.562774994796472,4.0
alt_uncorrected,5.434252675109896,5.434252675109896,4.0
