,Rseq_targets,Rseq_hits,Rfrequency
true_Rseq,4.17319175339835,4.17319175339835,4.0
alt_corrected,4.169504167195983,4.169504167195983,4.0
alt_corrected_unif,4.170047417778564,4.170047417778564,4.0
alt_uncorrected,5.041525098091988,5.041525098091988,4.0
