,Rseq_targets,Rseq_hits,Rfrequency
true_Rseq,4.44859609569529,4.44859609569529,4.0
alt_corrected,4.28127532084142,4.28127532084142,4.0
alt_corrected_unif,4.331790009160111,4.331790009160111,4.0
alt_uncorrected,5.203267689473535,5.203267689473535,4.0
