,Rseq_targets,Rseq_hits,Rfrequency
true_Rseq,4.224634738439554,4.224634738439554,4.0
alt_corrected,4.28790360968688,4.28790360968688,4.0
alt_corrected_unif,4.294967765860713,4.294967765860713,4.0
alt_uncorrected,5.166445446174138,5.166445446174138,4.0
