,Rseq_targets,Rseq_hits,Rfrequency
true_Rseq,4.045757254385698,4.045757254385698,4.0
alt_corrected,4.189663782858307,4.189663782858307,4.0
alt_corrected_unif,4.214992651233107,4.214992651233107,4.0
alt_uncorrected,5.086470331546531,5.086470331546531,4.0
