,Rseq_targets,Rseq_hits,Rfrequency
true_Rseq,1.6347410278590981,3.2140035331178964,4.0
alt_corrected,1.6262243633779865,3.1532884070334926,4.0
alt_corrected_unif,1.662160893545622,3.189224937201128,4.0
alt_uncorrected,2.5336385738590463,4.060702617514552,4.0
