,Rseq_targets,Rseq_hits,Rfrequency
true_Rseq,4.802590985900801,4.802590985900801,4.0
alt_corrected,4.642714214754088,4.642714214754088,4.0
alt_corrected_unif,4.699437372214577,4.699437372214577,4.0
alt_uncorrected,5.570915052528001,5.570915052528001,4.0
