,Rseq_targets,Rseq_hits,Rfrequency
true_Rseq,4.4358593593935485,4.4358593593935485,4.0
alt_corrected,4.372245008439724,4.372245008439724,4.0
alt_corrected_unif,4.398917570807667,4.398917570807667,4.0
alt_uncorrected,5.270395251121092,5.270395251121092,4.0
