,Rseq_targets,Rseq_hits,Rfrequency
true_Rseq,4.390911908464556,4.390911908464556,4.0
alt_corrected,4.458074270079373,4.458074270079373,4.0
alt_corrected_unif,4.498420123316793,4.498420123316793,4.0
alt_uncorrected,5.3698978036302165,5.3698978036302165,4.0
