,Rseq_targets,Rseq_hits,Rfrequency
true_Rseq,4.791817900677096,4.791817900677096,4.0
alt_corrected,4.77398390488411,4.77398390488411,4.0
alt_corrected_unif,4.787314097735978,4.787314097735978,4.0
alt_uncorrected,5.658791778049403,5.658791778049403,4.0
