,Rseq_targets,Rseq_hits,Rfrequency
true_Rseq,4.585330808217186,4.585330808217186,4.0
alt_corrected,4.4153569315608205,4.4153569315608205,4.0
alt_corrected_unif,4.435713923570958,4.435713923570958,4.0
alt_uncorrected,5.307191603884383,5.307191603884383,4.0
