,Rseq_targets,Rseq_hits,Rfrequency
true_Rseq,3.9144558344242846,3.9144558344242846,4.0
alt_corrected,4.0757382843312415,4.0757382843312415,4.0
alt_corrected_unif,4.135824265907072,4.135824265907072,4.0
alt_uncorrected,5.007301946220496,5.007301946220496,4.0
