,Rseq_targets,Rseq_hits,Rfrequency
true_Rseq,3.66520221432219,3.66520221432219,4.0
alt_corrected,3.747281676235253,3.747281676235253,4.0
alt_corrected_unif,3.778069977018905,3.778069977018905,4.0
alt_uncorrected,4.649547657332329,4.649547657332329,4.0
