,Rseq_targets,Rseq_hits,Rfrequency
true_Rseq,3.920515857775011,3.920515857775011,4.0
alt_corrected,3.9531239031168215,3.9531239031168215,4.0
alt_corrected_unif,3.982913571212048,3.982913571212048,4.0
alt_uncorrected,4.854391251525472,4.854391251525472,4.0
