,Rseq_targets,Rseq_hits,Rfrequency
true_Rseq,5.014941597059968,5.014941597059968,4.0
alt_corrected,4.643240201804152,4.643240201804152,4.0
alt_corrected_unif,4.776937153298643,4.776937153298643,4.0
alt_uncorrected,5.648414833612067,5.648414833612067,4.0
