,Rseq_targets,Rseq_hits,Rfrequency
true_Rseq,4.645096450162309,4.645096450162309,4.0
alt_corrected,4.653915700199711,4.653915700199711,4.0
alt_corrected_unif,4.687096083883706,4.687096083883706,4.0
alt_uncorrected,5.5585737641971305,5.5585737641971305,4.0
