,Rseq_targets,Rseq_hits,Rfrequency
true_Rseq,4.424736264151059,4.424736264151059,4.0
alt_corrected,4.439883020043615,4.439883020043615,4.0
alt_corrected_unif,4.440969521208782,4.440969521208782,4.0
alt_uncorrected,5.312447201522206,5.312447201522206,4.0
