,Rseq_targets,Rseq_hits,Rfrequency
true_Rseq,4.063267650138727,4.063267650138727,4.0
alt_corrected,3.9453233407024064,3.9453233407024064,4.0
alt_corrected_unif,3.9714691894561764,3.9714691894561764,4.0
alt_uncorrected,4.842946869769601,4.842946869769601,4.0
