,Rseq_targets,Rseq_hits,Rfrequency
true_Rseq,3.690487736094065,3.690487736094065,4.0
alt_corrected,3.7589302466708663,3.7589302466708663,4.0
alt_corrected_unif,3.7966865597223927,3.7966865597223927,4.0
alt_uncorrected,4.668164240035817,4.668164240035817,4.0
