,Rseq_targets,Rseq_hits,Rfrequency
true_Rseq,4.141640273349795,4.141640273349795,4.0
alt_corrected,4.112720574009641,4.112720574009641,4.0
alt_corrected_unif,4.156297711466792,4.156297711466792,4.0
alt_uncorrected,5.0277753917802155,5.0277753917802155,4.0
