,Rseq_targets,Rseq_hits,Rfrequency
true_Rseq,3.560958188238371,3.560958188238371,4.0
alt_corrected,3.428343519974338,3.428343519974338,4.0
alt_corrected_unif,3.5118250457573867,3.5118250457573867,4.0
alt_uncorrected,4.383302726070811,4.383302726070811,4.0
