,Rseq_targets,Rseq_hits,Rfrequency
true_Rseq,4.463497030634516,4.463497030634516,4.0
alt_corrected,4.458464918670911,4.458464918670911,4.0
alt_corrected_unif,4.488837857106228,4.488837857106228,4.0
alt_uncorrected,5.360315537419652,5.360315537419652,4.0
