,Rseq_targets,Rseq_hits,Rfrequency
true_Rseq,3.3568844909282927,3.3568844909282927,4.0
alt_corrected,3.2605519263392098,3.2605519263392098,4.0
alt_corrected_unif,3.326703454313075,3.326703454313075,4.0
alt_uncorrected,4.198181134626499,4.198181134626499,4.0
