,Rseq_targets,Rseq_hits,Rfrequency
true_Rseq,4.568868208755093,4.568868208755093,4.0
alt_corrected,4.091795857621797,4.091795857621797,4.0
alt_corrected_unif,4.295822208355922,4.295822208355922,4.0
alt_uncorrected,5.167299888669346,5.167299888669346,4.0
