,Rseq_targets,Rseq_hits,Rfrequency
true_Rseq,4.963948956179986,4.963948956179986,4.0
alt_corrected,4.726509789711805,4.726509789711805,4.0
alt_corrected_unif,4.787813853896459,4.787813853896459,4.0
alt_uncorrected,5.659291534209883,5.659291534209883,4.0
