,Rseq_targets,Rseq_hits,Rfrequency
true_Rseq,2.9686483503037273,3.0957903095265173,4.0
alt_corrected,3.0634554042573976,3.1954387059260365,4.0
alt_corrected_unif,3.1263016662001766,3.2582849678688155,4.0
alt_uncorrected,3.997779346513601,4.12976264818224,4.0
