,Rseq_targets,Rseq_hits,Rfrequency
true_Rseq,4.202054964492395,4.202054964492395,4.0
alt_corrected,4.090968007882602,4.090968007882602,4.0
alt_corrected_unif,4.154565234059838,4.154565234059838,4.0
alt_uncorrected,5.026042914373263,5.026042914373263,4.0
