,Rseq_targets,Rseq_hits,Rfrequency
true_Rseq,4.148479465207052,4.148479465207052,4.0
alt_corrected,4.035352032078244,4.035352032078244,4.0
alt_corrected_unif,4.055580944159255,4.055580944159255,4.0
alt_uncorrected,4.927058624472679,4.927058624472679,4.0
