,Rseq_targets,Rseq_hits,Rfrequency
true_Rseq,4.2236885653796215,4.2236885653796215,4.0
alt_corrected,4.062608765825583,4.062608765825583,4.0
alt_corrected_unif,4.1089324058664545,4.1089324058664545,4.0
alt_uncorrected,4.980410086179879,4.980410086179879,4.0
