,Rseq_targets,Rseq_hits,Rfrequency
true_Rseq,3.687499798510336,3.687499798510336,4.0
alt_corrected,3.9518768973419345,3.9518768973419345,4.0
alt_corrected_unif,4.006632596091249,4.006632596091249,4.0
alt_uncorrected,4.878110276404673,4.878110276404673,4.0
