,Rseq_targets,Rseq_hits,Rfrequency
true_Rseq,4.659629827943455,4.659629827943455,4.0
alt_corrected,4.524570180011976,4.524570180011976,4.0
alt_corrected_unif,4.561629852253137,4.561629852253137,4.0
alt_uncorrected,5.433107532566562,5.433107532566562,4.0
