,Rseq_targets,Rseq_hits,Rfrequency
true_Rseq,4.19162743979893,4.19162743979893,4.0
alt_corrected,4.1839219206732015,4.1839219206732015,4.0
alt_corrected_unif,4.212767756534124,4.212767756534124,4.0
alt_uncorrected,5.0842454368475485,5.0842454368475485,4.0
