,Rseq_targets,Rseq_hits,Rfrequency
true_Rseq,4.603362178799765,4.603362178799765,4.0
alt_corrected,4.702060187122345,4.702060187122345,4.0
alt_corrected_unif,4.7952160108410276,4.7952160108410276,4.0
alt_uncorrected,5.666693691154452,5.666693691154452,4.0
