,Rseq_targets,Rseq_hits,Rfrequency
true_Rseq,4.462024233627802,4.462024233627802,4.0
alt_corrected,4.429031239786765,4.429031239786765,4.0
alt_corrected_unif,4.440537727773011,4.440537727773011,4.0
alt_uncorrected,5.3120154080864355,5.3120154080864355,4.0
