,Rseq_targets,Rseq_hits,Rfrequency
true_Rseq,4.141071578942084,4.141071578942084,4.0
alt_corrected,4.177047637550375,4.177047637550375,4.0
alt_corrected_unif,4.225553484166099,4.225553484166099,4.0
alt_uncorrected,5.097031164479523,5.097031164479523,4.0
