,Rseq_targets,Rseq_hits,Rfrequency
true_Rseq,3.8253621776451148,3.8253621776451148,4.0
alt_corrected,3.5977106418953437,3.5977106418953437,4.0
alt_corrected_unif,3.6605569038381254,3.6605569038381254,4.0
alt_uncorrected,4.53203458415155,4.53203458415155,4.0
