,Rseq_targets,Rseq_hits,Rfrequency
true_Rseq,3.5259571468850606,3.5259571468850606,4.0
alt_corrected,3.3898162893556467,3.3898162893556467,4.0
alt_corrected_unif,3.482201624127811,3.482201624127811,4.0
alt_uncorrected,4.353679304441235,4.353679304441235,4.0
