,Rseq_targets,Rseq_hits,Rfrequency
true_Rseq,4.44873412996747,4.44873412996747,4.0
alt_corrected,4.245209474514841,4.245209474514841,4.0
alt_corrected_unif,4.294508833525107,4.294508833525107,4.0
alt_uncorrected,5.165986513838531,5.165986513838531,4.0
