,Rseq_targets,Rseq_hits,Rfrequency
true_Rseq,4.836488496419289,4.836488496419289,4.0
alt_corrected,4.832485969472211,4.832485969472211,4.0
alt_corrected_unif,4.886573145624027,4.886573145624027,4.0
alt_uncorrected,5.758050825937452,5.758050825937452,4.0
