,Rseq_targets,Rseq_hits,Rfrequency
true_Rseq,4.237784377786653,4.237784377786653,4.0
alt_corrected,4.144954336243167,4.144954336243167,4.0
alt_corrected_unif,4.185295015441534,4.185295015441534,4.0
alt_uncorrected,5.056772695754958,5.056772695754958,4.0
