,Rseq_targets,Rseq_hits,Rfrequency
true_Rseq,4.617057362261087,4.617057362261087,4.0
alt_corrected,4.6281445676609945,4.6281445676609945,4.0
alt_corrected_unif,4.640569098550815,4.640569098550815,4.0
alt_uncorrected,5.512046778864239,5.512046778864239,4.0
