,Rseq_targets,Rseq_hits,Rfrequency
true_Rseq,3.294715174568223,3.294715174568223,4.0
alt_corrected,3.255494317123806,3.255494317123806,4.0
alt_corrected_unif,3.2975670752518345,3.2975670752518345,4.0
alt_uncorrected,4.169044755565259,4.169044755565259,4.0
