,Rseq_targets,Rseq_hits,Rfrequency
true_Rseq,4.515454951356381,4.515454951356381,4.0
alt_corrected,4.579224785587549,4.579224785587549,4.0
alt_corrected_unif,4.63808490061203,4.63808490061203,4.0
alt_uncorrected,5.509562580925454,5.509562580925454,4.0
