,Rseq_targets,Rseq_hits,Rfrequency
true_Rseq,3.809928582693586,3.809928582693586,4.0
alt_corrected,3.7228588850813713,3.7228588850813713,4.0
alt_corrected_unif,3.7341879228144514,3.7341879228144514,4.0
alt_uncorrected,4.605665603127876,4.605665603127876,4.0
