,Rseq_targets,Rseq_hits,Rfrequency
true_Rseq,3.567003781637135,3.567003781637135,4.0
alt_corrected,3.54752084234187,3.54752084234187,4.0
alt_corrected_unif,3.5753016687341588,3.5753016687341588,4.0
alt_uncorrected,4.446779349047583,4.446779349047583,4.0
