,Rseq_targets,Rseq_hits,Rfrequency
true_Rseq,4.630345816787191,4.630345816787191,4.0
alt_corrected,4.6011977788830025,4.6011977788830025,4.0
alt_corrected_unif,4.6028188098018425,4.6028188098018425,4.0
alt_uncorrected,5.474296490115266,5.474296490115266,4.0
