,Rseq_targets,Rseq_hits,Rfrequency
true_Rseq,4.760635282687077,4.760635282687077,4.0
alt_corrected,4.743581924053651,4.743581924053651,4.0
alt_corrected_unif,4.811243412540827,4.811243412540827,4.0
alt_uncorrected,5.682721092854251,5.682721092854251,4.0
