,Rseq_targets,Rseq_hits,Rfrequency
true_Rseq,3.853560009180505,3.853560009180505,4.0
alt_corrected,3.7751721339711644,3.7751721339711644,4.0
alt_corrected_unif,3.8967125205221964,3.8967125205221964,4.0
alt_uncorrected,4.768190200835621,4.768190200835621,4.0
