,Rseq_targets,Rseq_hits,Rfrequency
true_Rseq,4.1847995251982955,4.1847995251982955,4.0
alt_corrected,4.127851500583318,4.127851500583318,4.0
alt_corrected_unif,4.13162862400511,4.13162862400511,4.0
alt_uncorrected,5.003106304318534,5.003106304318534,4.0
