,Rseq_targets,Rseq_hits,Rfrequency
true_Rseq,4.3125793437725015,4.3125793437725015,4.0
alt_corrected,4.325646089735496,4.325646089735496,4.0
alt_corrected_unif,4.429288681584211,4.429288681584211,4.0
alt_uncorrected,5.300766361897635,5.300766361897635,4.0
