,Rseq_targets,Rseq_hits,Rfrequency
true_Rseq,4.709494532286293,4.709494532286293,4.0
alt_corrected,4.562898788375516,4.562898788375516,4.0
alt_corrected_unif,4.610371103795254,4.610371103795254,4.0
alt_uncorrected,5.481848784108678,5.481848784108678,4.0
