,Rseq_targets,Rseq_hits,Rfrequency
true_Rseq,2.5921925023693166,3.7167642168306703,4.0
alt_corrected,2.544751871366121,3.6675647289743445,4.0
alt_corrected_unif,2.617996112079391,3.7408089696876146,4.0
alt_uncorrected,3.489473792392815,4.612286650001039,4.0
