,Rseq_targets,Rseq_hits,Rfrequency
true_Rseq,4.788981664552718,4.788981664552718,4.0
alt_corrected,4.451702205710418,4.451702205710418,4.0
alt_corrected_unif,4.610410818280034,4.610410818280034,4.0
alt_uncorrected,5.481888498593459,5.481888498593459,4.0
