,Rseq_targets,Rseq_hits,Rfrequency
true_Rseq,4.3694543333946285,4.3694543333946285,4.0
alt_corrected,4.101297149521354,4.101297149521354,4.0
alt_corrected_unif,4.159042354936787,4.159042354936787,4.0
alt_uncorrected,5.030520035250211,5.030520035250211,4.0
