,Rseq_targets,Rseq_hits,Rfrequency
true_Rseq,3.80312454591302,3.80312454591302,4.0
alt_corrected,3.7435772234204063,3.7435772234204063,4.0
alt_corrected_unif,3.757172062287982,3.757172062287982,4.0
alt_uncorrected,4.628649742601406,4.628649742601406,4.0
