,Rseq_targets,Rseq_hits,Rfrequency
true_Rseq,2.94771363931663,3.1876942134443063,4.0
alt_corrected,3.037466162025354,3.2896100684044347,4.0
alt_corrected_unif,3.062584259243998,3.314728165623079,4.0
alt_uncorrected,3.9340619395574223,4.186205845936503,4.0
