,Rseq_targets,Rseq_hits,Rfrequency
true_Rseq,4.88931869151911,4.88931869151911,4.0
alt_corrected,4.87943701856646,4.87943701856646,4.0
alt_corrected_unif,4.930124038143804,4.930124038143804,4.0
alt_uncorrected,5.801601718457228,5.801601718457228,4.0
