,Rseq_targets,Rseq_hits,Rfrequency
true_Rseq,4.364788771700564,4.364788771700564,4.0
alt_corrected,4.495657878964007,4.495657878964007,4.0
alt_corrected_unif,4.540246073578675,4.540246073578675,4.0
alt_uncorrected,5.411723753892099,5.411723753892099,4.0
