,Rseq_targets,Rseq_hits,Rfrequency
true_Rseq,4.296100167329004,4.296100167329004,4.0
alt_corrected,4.2351774217121685,4.2351774217121685,4.0
alt_corrected_unif,4.2676220413221095,4.2676220413221095,4.0
alt_uncorrected,5.139099721635533,5.139099721635533,4.0
