,Rseq_targets,Rseq_hits,Rfrequency
true_Rseq,3.990064607806149,3.990064607806149,4.0
alt_corrected,4.081925631913248,4.081925631913248,4.0
alt_corrected_unif,4.1189853041544,4.1189853041544,4.0
alt_uncorrected,4.9904629844678245,4.9904629844678245,4.0
