,Rseq_targets,Rseq_hits,Rfrequency
true_Rseq,4.30054005037602,4.30054005037602,4.0
alt_corrected,4.152364224404529,4.152364224404529,4.0
alt_corrected_unif,4.184728975718317,4.184728975718317,4.0
alt_uncorrected,5.0562066560317405,5.0562066560317405,4.0
