,Rseq_targets,Rseq_hits,Rfrequency
true_Rseq,3.669733295447127,3.669733295447127,4.0
alt_corrected,3.684254702639235,3.684254702639235,4.0
alt_corrected_unif,3.7042703304160827,3.7042703304160827,4.0
alt_uncorrected,4.575748010729507,4.575748010729507,4.0
