,Rseq_targets,Rseq_hits,Rfrequency
true_Rseq,3.47232025396211,3.47232025396211,4.0
alt_corrected,3.3921448140629407,3.3921448140629407,4.0
alt_corrected_unif,3.4980677614746045,3.4980677614746045,4.0
alt_uncorrected,4.369545441788029,4.369545441788029,4.0
