,Rseq_targets,Rseq_hits,Rfrequency
true_Rseq,3.7856138469482676,3.7856138469482676,4.0
alt_corrected,3.9501410632988434,3.9501410632988434,4.0
alt_corrected_unif,4.108385172428429,4.108385172428429,4.0
alt_uncorrected,4.979862852741854,4.979862852741854,4.0
