,Rseq_targets,Rseq_hits,Rfrequency
true_Rseq,4.634890825243842,4.634890825243842,4.0
alt_corrected,4.677421228841477,4.677421228841477,4.0
alt_corrected_unif,4.682312111522325,4.682312111522325,4.0
alt_uncorrected,5.55378979183575,5.55378979183575,4.0
