,Rseq_targets,Rseq_hits,Rfrequency
true_Rseq,4.265380678155495,4.265380678155495,4.0
alt_corrected,3.929877385803908,3.929877385803908,4.0
alt_corrected_unif,4.033366676718245,4.033366676718245,4.0
alt_uncorrected,4.904844357031669,4.904844357031669,4.0
