,Rseq_targets,Rseq_hits,Rfrequency
true_Rseq,3.9444649100809857,3.9444649100809857,4.0
alt_corrected,3.9743023480861726,3.9743023480861726,4.0
alt_corrected_unif,4.002669174540461,4.002669174540461,4.0
alt_uncorrected,4.874146854853886,4.874146854853886,4.0
