,Rseq_targets,Rseq_hits,Rfrequency
true_Rseq,4.283305068186342,4.283305068186342,4.0
alt_corrected,4.26872361488191,4.26872361488191,4.0
alt_corrected_unif,4.326446517398249,4.326446517398249,4.0
alt_uncorrected,5.197924197711673,5.197924197711673,4.0
