,Rseq_targets,Rseq_hits,Rfrequency
true_Rseq,4.457805362967839,4.457805362967839,4.0
alt_corrected,4.416714564316022,4.416714564316022,4.0
alt_corrected_unif,4.422613397713562,4.422613397713562,4.0
alt_uncorrected,5.2940910780269865,5.2940910780269865,4.0
