,Rseq_targets,Rseq_hits,Rfrequency
true_Rseq,3.9560770171418715,3.9560770171418715,4.0
alt_corrected,4.054411086159433,4.054411086159433,4.0
alt_corrected_unif,4.117784100487324,4.117784100487324,4.0
alt_uncorrected,4.9892617808007484,4.9892617808007484,4.0
