,Rseq_targets,Rseq_hits,Rfrequency
true_Rseq,3.5540919690535198,3.5540919690535198,4.0
alt_corrected,3.4384986399185338,3.4384986399185338,4.0
alt_corrected_unif,3.530299676478792,3.530299676478792,4.0
alt_uncorrected,4.401777356792216,4.401777356792216,4.0
