,Rseq_targets,Rseq_hits,Rfrequency
true_Rseq,4.874458265341806,4.874458265341806,4.0
alt_corrected,4.730276788722583,4.730276788722583,4.0
alt_corrected_unif,4.802336525899225,4.802336525899225,4.0
alt_uncorrected,5.673814206212649,5.673814206212649,4.0
