,Rseq_targets,Rseq_hits,Rfrequency
true_Rseq,3.92818133018336,3.92818133018336,4.0
alt_corrected,3.797358579974707,3.797358579974707,4.0
alt_corrected_unif,3.8204938700476476,3.8204938700476476,4.0
alt_uncorrected,4.691971550361072,4.691971550361072,4.0
