,Rseq_targets,Rseq_hits,Rfrequency
true_Rseq,3.8467518086505983,3.8467518086505983,4.0
alt_corrected,3.967172605443616,3.967172605443616,4.0
alt_corrected_unif,3.9876762940526684,3.9876762940526684,4.0
alt_uncorrected,4.859153974366093,4.859153974366093,4.0
