,Rseq_targets,Rseq_hits,Rfrequency
true_Rseq,5.266427130801505,5.266427130801505,4.0
alt_corrected,5.259715216796035,5.259715216796035,4.0
alt_corrected_unif,5.26879789423165,5.26879789423165,4.0
alt_uncorrected,6.140275574545074,6.140275574545074,4.0
