,Rseq_targets,Rseq_hits,Rfrequency
true_Rseq,4.155693045571336,4.155693045571336,4.0
alt_corrected,4.300811228879818,4.300811228879818,4.0
alt_corrected_unif,4.4169457652098,4.4169457652098,4.0
alt_uncorrected,5.2884234455232235,5.2884234455232235,4.0
