,Rseq_targets,Rseq_hits,Rfrequency
true_Rseq,4.246265697609133,4.246265697609133,4.0
alt_corrected,4.088797796162876,4.088797796162876,4.0
alt_corrected_unif,4.1210993527450555,4.1210993527450555,4.0
alt_uncorrected,4.99257703305848,4.99257703305848,4.0
