,Rseq_targets,Rseq_hits,Rfrequency
true_Rseq,4.652021260024393,4.652021260024393,4.0
alt_corrected,4.699693668092141,4.699693668092141,4.0
alt_corrected_unif,4.713023860944023,4.713023860944023,4.0
alt_uncorrected,5.584501541257448,5.584501541257448,4.0
