,Rseq_targets,Rseq_hits,Rfrequency
true_Rseq,4.129393407101151,4.129393407101151,4.0
alt_corrected,3.86388098135935,3.86388098135935,4.0
alt_corrected_unif,4.019230219681203,4.019230219681203,4.0
alt_uncorrected,4.890707899994627,4.890707899994627,4.0
