,Rseq_targets,Rseq_hits,Rfrequency
true_Rseq,3.2185393508806834,3.2185393508806834,4.0
alt_corrected,3.0889598405637515,3.0889598405637515,4.0
alt_corrected_unif,3.174869598133259,3.174869598133259,4.0
alt_uncorrected,4.046347278446683,4.046347278446683,4.0
