,Rseq_targets,Rseq_hits,Rfrequency
true_Rseq,3.5725039023572887,3.5725039023572887,4.0
alt_corrected,3.6439878112772766,3.6439878112772766,4.0
alt_corrected_unif,3.6565720795997465,3.6565720795997465,4.0
alt_uncorrected,4.528049759913171,4.528049759913171,4.0
