,Rseq_targets,Rseq_hits,Rfrequency
true_Rseq,4.63894844426153,4.63894844426153,4.0
alt_corrected,4.585369718119665,4.585369718119665,4.0
alt_corrected_unif,4.609846145616938,4.609846145616938,4.0
alt_uncorrected,5.481323825930362,5.481323825930362,4.0
