,Rseq_targets,Rseq_hits,Rfrequency
true_Rseq,3.8368541635229763,3.8368541635229763,4.0
alt_corrected,3.8423336580193808,3.8423336580193808,4.0
alt_corrected_unif,3.8848207760061872,3.8848207760061872,4.0
alt_uncorrected,4.756298456319612,4.756298456319612,4.0
