,Rseq_targets,Rseq_hits,Rfrequency
true_Rseq,4.197636407407382,4.197636407407382,4.0
alt_corrected,3.8662809465172,3.8662809465172,4.0
alt_corrected_unif,4.03328478762157,4.03328478762157,4.0
alt_uncorrected,4.904762467934994,4.904762467934994,4.0
