,Rseq_targets,Rseq_hits,Rfrequency
true_Rseq,4.001924465963985,4.001924465963985,4.0
alt_corrected,3.904948923068338,3.904948923068338,4.0
alt_corrected_unif,3.946700461255649,3.946700461255649,4.0
alt_uncorrected,4.818178141569073,4.818178141569073,4.0
