,Rseq_targets,Rseq_hits,Rfrequency
true_Rseq,4.191270319005238,4.191270319005238,4.0
alt_corrected,4.212776723605595,4.212776723605595,4.0
alt_corrected_unif,4.318969932103441,4.318969932103441,4.0
alt_uncorrected,5.190447612416865,5.190447612416865,4.0
