,Rseq_targets,Rseq_hits,Rfrequency
true_Rseq,4.352889142478469,4.352889142478469,4.0
alt_corrected,4.322663311100604,4.322663311100604,4.0
alt_corrected_unif,4.344422129410054,4.344422129410054,4.0
alt_uncorrected,5.215899809723478,5.215899809723478,4.0
