,Rseq_targets,Rseq_hits,Rfrequency
true_Rseq,4.493880290979341,4.493880290979341,4.0
alt_corrected,4.523231178144958,4.523231178144958,4.0
alt_corrected_unif,4.584498980694583,4.584498980694583,4.0
alt_uncorrected,5.455976661008008,5.455976661008008,4.0
