,Rseq_targets,Rseq_hits,Rfrequency
true_Rseq,3.3206333757091624,3.3206333757091624,4.0
alt_corrected,3.485460835896295,3.485460835896295,4.0
alt_corrected_unif,3.5772618724565626,3.5772618724565626,4.0
alt_uncorrected,4.448739552769987,4.448739552769987,4.0
