,Rseq_targets,Rseq_hits,Rfrequency
true_Rseq,4.657009573826386,4.657009573826386,4.0
alt_corrected,4.369199892722701,4.369199892722701,4.0
alt_corrected_unif,4.413949136358912,4.413949136358912,4.0
alt_uncorrected,5.285426816672336,5.285426816672336,4.0
