,Rseq_targets,Rseq_hits,Rfrequency
true_Rseq,4.447454206628196,4.447454206628196,4.0
alt_corrected,4.445684930866639,4.445684930866639,4.0
alt_corrected_unif,4.449462054288432,4.449462054288432,4.0
alt_uncorrected,5.320939734601856,5.320939734601856,4.0
