,Rseq_targets,Rseq_hits,Rfrequency
true_Rseq,3.392298923677032,3.392298923677032,4.0
alt_corrected,3.318402243352675,3.318402243352675,4.0
alt_corrected_unif,3.3328650372429744,3.3328650372429744,4.0
alt_uncorrected,4.204342717556399,4.204342717556399,4.0
