,Rseq_targets,Rseq_hits,Rfrequency
true_Rseq,2.249044460660919,3.050369359897906,4.0
alt_corrected,2.100548374117875,3.0382383430877473,4.0
alt_corrected_unif,2.1802642847949922,3.1179542537648643,4.0
alt_uncorrected,3.0517419651084166,3.9894319340782887,4.0
