,Rseq_targets,Rseq_hits,Rfrequency
true_Rseq,4.165350832243428,4.165350832243428,4.0
alt_corrected,4.021748238369436,4.021748238369436,4.0
alt_corrected_unif,4.046413434670807,4.046413434670807,4.0
alt_uncorrected,4.917891114984231,4.917891114984231,4.0
