,Rseq_targets,Rseq_hits,Rfrequency
true_Rseq,4.347371253169433,4.347371253169433,4.0
alt_corrected,4.577484100389175,4.577484100389175,4.0
alt_corrected_unif,4.653405653994378,4.653405653994378,4.0
alt_uncorrected,5.524883334307802,5.524883334307802,4.0
