,Rseq_targets,Rseq_hits,Rfrequency
true_Rseq,3.863052566997192,3.855529809276147,4.0
alt_corrected,3.931905957261541,3.9111641929658894,4.0
alt_corrected_unif,3.9503051168848615,3.9295633525892097,4.0
alt_uncorrected,4.821782797198286,4.801041032902634,4.0
