,Rseq_targets,Rseq_hits,Rfrequency
true_Rseq,1.8609287716535583,3.589318047719928,4.0
alt_corrected,1.8427022202595853,3.5064371247567947,4.0
alt_corrected_unif,1.8897963252028593,3.5535312297000687,4.0
alt_uncorrected,2.7612740055162837,4.425008910013493,4.0
