,Rseq_targets,Rseq_hits,Rfrequency
true_Rseq,4.218875164439488,4.218875164439488,4.0
alt_corrected,4.197474206097395,4.197474206097395,4.0
alt_corrected_unif,4.257468087708167,4.257468087708167,4.0
alt_uncorrected,5.128945768021591,5.128945768021591,4.0
