,Rseq_targets,Rseq_hits,Rfrequency
true_Rseq,3.372088559032008,3.372088559032008,4.0
alt_corrected,3.4062446450758257,3.4062446450758257,4.0
alt_corrected_unif,3.446590498313245,3.446590498313245,4.0
alt_uncorrected,4.318068178626669,4.318068178626669,4.0
