,Rseq_targets,Rseq_hits,Rfrequency
true_Rseq,4.176341920854787,4.176341920854787,4.0
alt_corrected,3.917803146005836,3.917803146005836,4.0
alt_corrected_unif,4.028885319972133,4.028885319972133,4.0
alt_uncorrected,4.900363000285557,4.900363000285557,4.0
