,Rseq_targets,Rseq_hits,Rfrequency
true_Rseq,5.069318532095835,5.069318532095835,4.0
alt_corrected,4.871949605636058,4.871949605636058,4.0
alt_corrected_unif,4.922636625213402,4.922636625213402,4.0
alt_uncorrected,5.794114305526826,5.794114305526826,4.0
