,Rseq_targets,Rseq_hits,Rfrequency
true_Rseq,3.8483433916574716,3.8483433916574716,4.0
alt_corrected,3.712557951503825,3.712557951503825,4.0
alt_corrected_unif,3.782276869125186,3.782276869125186,4.0
alt_uncorrected,4.65375454943861,4.65375454943861,4.0
