,Rseq_targets,Rseq_hits,Rfrequency
true_Rseq,4.170761087396233,4.170761087396233,4.0
alt_corrected,4.1382174412233965,4.1382174412233965,4.0
alt_corrected_unif,4.156289790319731,4.156289790319731,4.0
alt_uncorrected,5.027767470633155,5.027767470633155,4.0
