,Rseq_targets,Rseq_hits,Rfrequency
true_Rseq,4.071850644192605,4.071850644192605,4.0
alt_corrected,3.9845222403428338,3.9845222403428338,4.0
alt_corrected_unif,4.024868093580245,4.024868093580245,4.0
alt_uncorrected,4.896345773893669,4.896345773893669,4.0
