,Rseq_targets,Rseq_hits,Rfrequency
true_Rseq,3.815119406623917,3.815119406623917,4.0
alt_corrected,3.777762021131737,3.777762021131737,4.0
alt_corrected_unif,3.787958457826401,3.787958457826401,4.0
alt_uncorrected,4.659436138139825,4.659436138139825,4.0
