,Rseq_targets,Rseq_hits,Rfrequency
true_Rseq,5.0221626188738,5.0221626188738,4.0
alt_corrected,5.080955536611153,5.080955536611153,4.0
alt_corrected_unif,5.128611158239309,5.128611158239309,4.0
alt_uncorrected,6.000088838552733,6.000088838552733,4.0
