,Rseq_targets,Rseq_hits,Rfrequency
true_Rseq,4.211477640418462,4.211477640418462,4.0
alt_corrected,4.330813268759037,4.330813268759037,4.0
alt_corrected_unif,4.367846001062729,4.367846001062729,4.0
alt_uncorrected,5.239323681376153,5.239323681376153,4.0
