,Rseq_targets,Rseq_hits,Rfrequency
true_Rseq,4.438949706900026,4.438949706900026,4.0
alt_corrected,4.2383469994574945,4.2383469994574945,4.0
alt_corrected_unif,4.303481786194773,4.303481786194773,4.0
alt_uncorrected,5.174959466508197,5.174959466508197,4.0
