,Rseq_targets,Rseq_hits,Rfrequency
true_Rseq,4.633898474067063,4.633898474067063,4.0
alt_corrected,4.457270710312336,4.457270710312336,4.0
alt_corrected_unif,4.538141096797194,4.538141096797194,4.0
alt_uncorrected,5.409618777110619,5.409618777110619,4.0
