,Rseq_targets,Rseq_hits,Rfrequency
true_Rseq,5.222553499294519,5.222553499294519,4.0
alt_corrected,5.004034083592826,5.004034083592826,4.0
alt_corrected_unif,5.074934487115245,5.074934487115245,4.0
alt_uncorrected,5.946412167428669,5.946412167428669,4.0
