,Rseq_targets,Rseq_hits,Rfrequency
true_Rseq,4.004573461753425,4.004573461753425,4.0
alt_corrected,3.929359079881169,3.929359079881169,4.0
alt_corrected_unif,3.974436108840082,3.974436108840082,4.0
alt_uncorrected,4.8459137891535065,4.8459137891535065,4.0
