,Rseq_targets,Rseq_hits,Rfrequency
true_Rseq,4.8864320209426175,4.8864320209426175,4.0
alt_corrected,4.754562567018189,4.754562567018189,4.0
alt_corrected_unif,4.81464854859402,4.81464854859402,4.0
alt_uncorrected,5.686126228907444,5.686126228907444,4.0
