,Rseq_targets,Rseq_hits,Rfrequency
true_Rseq,4.123067468535511,4.123067468535511,4.0
alt_corrected,3.8632919486354593,3.8632919486354593,4.0
alt_corrected_unif,4.007414624481235,4.007414624481235,4.0
alt_uncorrected,4.87889230479466,4.87889230479466,4.0
