,Rseq_targets,Rseq_hits,Rfrequency
true_Rseq,4.921890385919962,4.921890385919962,4.0
alt_corrected,4.676621609838643,4.676621609838643,4.0
alt_corrected_unif,4.753887011919128,4.753887011919128,4.0
alt_uncorrected,5.6253646922325515,5.6253646922325515,4.0
