,Rseq_targets,Rseq_hits,Rfrequency
true_Rseq,4.036580331288722,4.036580331288722,4.0
alt_corrected,3.856023833449707,3.856023833449707,4.0
alt_corrected_unif,3.9407572223125515,3.9407572223125515,4.0
alt_uncorrected,4.812234902625976,4.812234902625976,4.0
