,Rseq_targets,Rseq_hits,Rfrequency
true_Rseq,4.2068815172063125,4.2068815172063125,4.0
alt_corrected,4.1425187359437015,4.1425187359437015,4.0
alt_corrected_unif,4.176891939059319,4.176891939059319,4.0
alt_uncorrected,5.048369619372743,5.048369619372743,4.0
