,Rseq_targets,Rseq_hits,Rfrequency
true_Rseq,4.333365670756607,4.333365670756607,4.0
alt_corrected,4.315741143547342,4.315741143547342,4.0
alt_corrected_unif,4.32117527681077,4.32117527681077,4.0
alt_uncorrected,5.192652957124194,5.192652957124194,4.0
