,Rseq_targets,Rseq_hits,Rfrequency
true_Rseq,4.1306786542182845,4.1306786542182845,4.0
alt_corrected,4.273138959605184,4.273138959605184,4.0
alt_corrected_unif,4.330861862121516,4.330861862121516,4.0
alt_uncorrected,5.20233954243494,5.20233954243494,4.0
