,Rseq_targets,Rseq_hits,Rfrequency
true_Rseq,3.757399420982278,3.757399420982278,4.0
alt_corrected,3.7920776603950426,3.7920776603950426,4.0
alt_corrected_unif,3.886307816748172,3.886307816748172,4.0
alt_uncorrected,4.7577854970615965,4.7577854970615965,4.0
