,Rseq_targets,Rseq_hits,Rfrequency
true_Rseq,3.295900499336769,3.295900499336769,4.0
alt_corrected,3.4609893350603467,3.4609893350603467,4.0
alt_corrected_unif,3.6135231019111553,3.6135231019111553,4.0
alt_uncorrected,4.48500078222458,4.48500078222458,4.0
