,Rseq_targets,Rseq_hits,Rfrequency
true_Rseq,3.208610498669069,3.208610498669069,4.0
alt_corrected,3.339603859276969,3.339603859276969,4.0
alt_corrected_unif,3.4750339795720815,3.4750339795720815,4.0
alt_uncorrected,4.346511659885506,4.346511659885506,4.0
