,Rseq_targets,Rseq_hits,Rfrequency
true_Rseq,3.547745295821236,3.547745295821236,4.0
alt_corrected,3.43990073700398,3.43990073700398,4.0
alt_corrected_unif,3.574315406035493,3.574315406035493,4.0
alt_uncorrected,4.4457930863489175,4.4457930863489175,4.0
