,Rseq_targets,Rseq_hits,Rfrequency
true_Rseq,4.371373834269513,4.371373834269513,4.0
alt_corrected,4.248067306032036,4.248067306032036,4.0
alt_corrected_unif,4.283887069087804,4.283887069087804,4.0
alt_uncorrected,5.155364749401228,5.155364749401228,4.0
