,Rseq_targets,Rseq_hits,Rfrequency
true_Rseq,-0.572644138278422,3.134093210380927,4.0
alt_corrected,-0.4654677235487623,3.585144140040453,4.0
alt_corrected_unif,-0.36468821083697534,3.68592365275224,4.0
alt_uncorrected,0.506789469476449,4.557401333065664,4.0
