,Rseq_targets,Rseq_hits,Rfrequency
true_Rseq,3.790102782959284,3.790102782959284,4.0
alt_corrected,3.9932938744207003,3.9932938744207003,4.0
alt_corrected_unif,4.0642049968392,4.0642049968392,4.0
alt_uncorrected,4.935682677152624,4.935682677152624,4.0
