,Rseq_targets,Rseq_hits,Rfrequency
true_Rseq,4.693201874532624,4.693201874532624,4.0
alt_corrected,4.652316342978228,4.652316342978228,4.0
alt_corrected_unif,4.6673313794427,4.6673313794427,4.0
alt_uncorrected,5.538809059756125,5.538809059756125,4.0
