,Rseq_targets,Rseq_hits,Rfrequency
true_Rseq,4.4004971139795686,4.4004971139795686,4.0
alt_corrected,4.446788606940556,4.446788606940556,4.0
alt_corrected_unif,4.490365744397703,4.490365744397703,4.0
alt_uncorrected,5.361843424711127,5.361843424711127,4.0
