,Rseq_targets,Rseq_hits,Rfrequency
true_Rseq,3.728155115727806,3.728155115727806,4.0
alt_corrected,3.47825936207025,3.47825936207025,4.0
alt_corrected_unif,3.5941345478582822,3.5941345478582822,4.0
alt_uncorrected,4.4656122281717066,4.4656122281717066,4.0
