,Rseq_targets,Rseq_hits,Rfrequency
true_Rseq,3.799327304451051,3.799327304451051,4.0
alt_corrected,3.7548622809892924,3.7548622809892924,4.0
alt_corrected_unif,3.7766210992987417,3.7766210992987417,4.0
alt_uncorrected,4.648098779612166,4.648098779612166,4.0
