,Rseq_targets,Rseq_hits,Rfrequency
true_Rseq,4.448255866272213,4.448255866272213,4.0
alt_corrected,4.4671639182356095,4.4671639182356095,4.0
alt_corrected_unif,4.474282895111614,4.474282895111614,4.0
alt_uncorrected,5.345760575425038,5.345760575425038,4.0
