,Rseq_targets,Rseq_hits,Rfrequency
true_Rseq,3.557653552871386,3.557653552871386,4.0
alt_corrected,3.3886918550038394,3.3886918550038394,4.0
alt_corrected_unif,3.4684615491817214,3.4684615491817214,4.0
alt_uncorrected,4.339939229495146,4.339939229495146,4.0
