,Rseq_targets,Rseq_hits,Rfrequency
true_Rseq,3.543552540021089,3.543552540021089,4.0
alt_corrected,3.5942733965750415,3.5942733965750415,4.0
alt_corrected_unif,3.6035140834268016,3.6035140834268016,4.0
alt_uncorrected,4.474991763740226,4.474991763740226,4.0
