,Rseq_targets,Rseq_hits,Rfrequency
true_Rseq,3.8250348997193964,3.8250348997193964,4.0
alt_corrected,3.7968803569789067,3.7968803569789067,4.0
alt_corrected_unif,3.801788420649778,3.801788420649778,4.0
alt_uncorrected,4.673266100963202,4.673266100963202,4.0
