,Rseq_targets,Rseq_hits,Rfrequency
true_Rseq,3.4611353044476836,3.4611353044476836,4.0
alt_corrected,3.353556266485584,3.353556266485584,4.0
alt_corrected_unif,3.4153155215271167,3.4153155215271167,4.0
alt_uncorrected,4.286793201840541,4.286793201840541,4.0
