,Rseq_targets,Rseq_hits,Rfrequency
true_Rseq,4.3859878743038605,4.3859878743038605,4.0
alt_corrected,4.0322124744124395,4.0322124744124395,4.0
alt_corrected_unif,4.19880244887611,4.19880244887611,4.0
alt_uncorrected,5.070280129189535,5.070280129189535,4.0
