,Rseq_targets,Rseq_hits,Rfrequency
true_Rseq,4.289637713884485,4.289637713884485,4.0
alt_corrected,4.496657590025688,4.496657590025688,4.0
alt_corrected_unif,4.5234788788300175,4.5234788788300175,4.0
alt_uncorrected,5.394956559143441,5.394956559143441,4.0
