,Rseq_targets,Rseq_hits,Rfrequency
true_Rseq,3.6597451646808166,3.6597451646808166,4.0
alt_corrected,3.6994372533130053,3.6994372533130053,4.0
alt_corrected_unif,3.7043098698915684,3.7043098698915684,4.0
alt_uncorrected,4.575787550204993,4.575787550204993,4.0
