,Rseq_targets,Rseq_hits,Rfrequency
true_Rseq,3.758196068040899,3.758196068040899,4.0
alt_corrected,3.8086370884505922,3.8086370884505922,4.0
alt_corrected_unif,3.85558911393866,3.85558911393866,4.0
alt_uncorrected,4.727066794252084,4.727066794252084,4.0
