,Rseq_targets,Rseq_hits,Rfrequency
true_Rseq,4.746364169676185,4.746364169676185,4.0
alt_corrected,4.629222460435665,4.629222460435665,4.0
alt_corrected_unif,4.666711363881408,4.666711363881408,4.0
alt_uncorrected,5.538189044194833,5.538189044194833,4.0
