,Rseq_targets,Rseq_hits,Rfrequency
true_Rseq,4.181169509824539,4.181169509824539,4.0
alt_corrected,4.207787810900824,4.207787810900824,4.0
alt_corrected_unif,4.269055613450449,4.269055613450449,4.0
alt_uncorrected,5.140533293763874,5.140533293763874,4.0
