,Rseq_targets,Rseq_hits,Rfrequency
true_Rseq,3.881544518779144,3.881544518779144,4.0
alt_corrected,3.9428199119375926,3.9428199119375926,4.0
alt_corrected_unif,4.002905893513429,4.002905893513429,4.0
alt_uncorrected,4.8743835738268535,4.8743835738268535,4.0
