,Rseq_targets,Rseq_hits,Rfrequency
true_Rseq,3.548410199313695,3.548410199313695,4.0
alt_corrected,3.4168881305589944,3.4168881305589944,4.0
alt_corrected_unif,3.5278548975605317,3.5278548975605317,4.0
alt_uncorrected,4.399332577873956,4.399332577873956,4.0
