,Rseq_targets,Rseq_hits,Rfrequency
true_Rseq,4.986856342216447,4.986856342216447,4.0
alt_corrected,5.000851181678936,5.000851181678936,4.0
alt_corrected_unif,5.020608374387839,5.020608374387839,4.0
alt_uncorrected,5.892086054701263,5.892086054701263,4.0
