,Rseq_targets,Rseq_hits,Rfrequency
true_Rseq,4.122227328745285,4.122227328745285,4.0
alt_corrected,4.095966328313427,4.095966328313427,4.0
alt_corrected_unif,4.152187331080613,4.152187331080613,4.0
alt_uncorrected,5.023665011394038,5.023665011394038,4.0
