,Rseq_targets,Rseq_hits,Rfrequency
true_Rseq,3.8927944989248218,3.8927944989248218,4.0
alt_corrected,4.086546944976195,4.086546944976195,4.0
alt_corrected_unif,4.2753098812518235,4.2753098812518235,4.0
alt_uncorrected,5.146787561565248,5.146787561565248,4.0
