,Rseq_targets,Rseq_hits,Rfrequency
true_Rseq,4.381069325403244,4.381069325403244,4.0
alt_corrected,4.565883827202249,4.565883827202249,4.0
alt_corrected_unif,4.6518432494394055,4.6518432494394055,4.0
alt_uncorrected,5.523320929752829,5.523320929752829,4.0
