,Rseq_targets,Rseq_hits,Rfrequency
true_Rseq,3.7766393653479167,3.7766393653479167,4.0
alt_corrected,3.67621231036551,3.67621231036551,4.0
alt_corrected_unif,3.686565160080726,3.686565160080726,4.0
alt_uncorrected,4.55804284039415,4.55804284039415,4.0
