,Rseq_targets,Rseq_hits,Rfrequency
true_Rseq,4.611679533695213,4.611679533695213,4.0
alt_corrected,4.730959420972591,4.730959420972591,4.0
alt_corrected_unif,4.796630916943929,4.796630916943929,4.0
alt_uncorrected,5.668108597257353,5.668108597257353,4.0
