,Rseq_targets,Rseq_hits,Rfrequency
true_Rseq,4.87935247682905,4.87935247682905,4.0
alt_corrected,4.53297467982976,4.53297467982976,4.0
alt_corrected_unif,4.656359330148657,4.656359330148657,4.0
alt_uncorrected,5.527837010462081,5.527837010462081,4.0
