,Rseq_targets,Rseq_hits,Rfrequency
true_Rseq,3.121533143098006,3.121533143098006,4.0
alt_corrected,3.124528559397447,3.124528559397447,4.0
alt_corrected_unif,3.2044835342219087,3.2044835342219087,4.0
alt_uncorrected,4.075961214535333,4.075961214535333,4.0
