,Rseq_targets,Rseq_hits,Rfrequency
true_Rseq,4.843578917004535,4.843578917004535,4.0
alt_corrected,4.481185873144307,4.481185873144307,4.0
alt_corrected_unif,4.652624048979453,4.652624048979453,4.0
alt_uncorrected,5.524101729292878,5.524101729292878,4.0
