,Rseq_targets,Rseq_hits,Rfrequency
true_Rseq,4.309227033799201,4.309227033799201,4.0
alt_corrected,4.358817140734086,4.358817140734086,4.0
alt_corrected_unif,4.3625942641559,4.3625942641559,4.0
alt_uncorrected,5.234071944469325,5.234071944469325,4.0
