,Rseq_targets,Rseq_hits,Rfrequency
true_Rseq,4.192614801836476,4.192614801836476,4.0
alt_corrected,4.154258340316828,4.154258340316828,4.0
alt_corrected_unif,4.194031100724169,4.194031100724169,4.0
alt_uncorrected,5.065508781037593,5.065508781037593,4.0
