,Rseq_targets,Rseq_hits,Rfrequency
true_Rseq,4.102596865514412,4.102596865514412,4.0
alt_corrected,3.8726350470933104,3.8726350470933104,4.0
alt_corrected_unif,3.938271988523899,3.938271988523899,4.0
alt_uncorrected,4.809749668837323,4.809749668837323,4.0
