,Rseq_targets,Rseq_hits,Rfrequency
true_Rseq,3.6917376302313976,3.6917376302313976,4.0
alt_corrected,3.759185816293536,3.759185816293536,4.0
alt_corrected_unif,3.8534396241875526,3.8534396241875526,4.0
alt_uncorrected,4.724917304500977,4.724917304500977,4.0
