,Rseq_targets,Rseq_hits,Rfrequency
true_Rseq,3.780279577659753,3.780279577659753,4.0
alt_corrected,3.7798153636235723,3.7798153636235723,4.0
alt_corrected_unif,3.783645646958228,3.783645646958228,4.0
alt_uncorrected,4.655123327271652,4.655123327271652,4.0
