,Rseq_targets,Rseq_hits,Rfrequency
true_Rseq,4.238776999751563,4.238776999751563,4.0
alt_corrected,4.342145044614418,4.342145044614418,4.0
alt_corrected_unif,4.362273840013449,4.362273840013449,4.0
alt_uncorrected,5.233751520326873,5.233751520326873,4.0
