,Rseq_targets,Rseq_hits,Rfrequency
true_Rseq,-0.148167920441173,2.9370690713786676,4.0
alt_corrected,0.05562373934427178,3.087647667684119,4.0
alt_corrected_unif,0.1629643437337953,3.1949882720736427,4.0
alt_uncorrected,1.0344420240472196,4.066465952387067,4.0
