,Rseq_targets,Rseq_hits,Rfrequency
true_Rseq,3.9071007770901565,3.9071007770901565,4.0
alt_corrected,3.955843830247557,3.955843830247557,4.0
alt_corrected_unif,3.988145386829736,3.988145386829736,4.0
alt_uncorrected,4.85962306714316,4.85962306714316,4.0
