,Rseq_targets,Rseq_hits,Rfrequency
true_Rseq,3.775999579842493,3.775999579842493,4.0
alt_corrected,3.7234647417013886,3.7234647417013886,4.0
alt_corrected_unif,3.7467690630195967,3.7467690630195967,4.0
alt_uncorrected,4.618246743333021,4.618246743333021,4.0
