,Rseq_targets,Rseq_hits,Rfrequency
true_Rseq,4.215269069674393,4.215269069674393,4.0
alt_corrected,4.2254467294484765,4.2254467294484765,4.0
alt_corrected_unif,4.28124216305403,4.28124216305403,4.0
alt_uncorrected,5.1527198433674535,5.1527198433674535,4.0
