,Rseq_targets,Rseq_hits,Rfrequency
true_Rseq,3.754630566243698,3.754630566243698,4.0
alt_corrected,3.5203226453852667,3.5203226453852667,4.0
alt_corrected_unif,3.6149528781532108,3.6149528781532108,4.0
alt_uncorrected,4.486430558466635,4.486430558466635,4.0
