,Rseq_targets,Rseq_hits,Rfrequency
true_Rseq,4.637793603058803,4.637793603058803,4.0
alt_corrected,4.5024221316526525,4.5024221316526525,4.0
alt_corrected_unif,4.582766944407259,4.582766944407259,4.0
alt_uncorrected,5.454244624720683,5.454244624720683,4.0
