,Rseq_targets,Rseq_hits,Rfrequency
true_Rseq,4.553055985731568,4.553055985731568,4.0
alt_corrected,4.281293939258793,4.281293939258793,4.0
alt_corrected_unif,4.345029850623092,4.345029850623092,4.0
alt_uncorrected,5.216507530936517,5.216507530936517,4.0
