,Rseq_targets,Rseq_hits,Rfrequency
true_Rseq,3.819104469846412,3.819104469846412,4.0
alt_corrected,3.775656526001847,3.775656526001847,4.0
alt_corrected_unif,3.8165651845955,3.8165651845955,4.0
alt_uncorrected,4.688042864908924,4.688042864908924,4.0
