,Rseq_targets,Rseq_hits,Rfrequency
true_Rseq,4.532947986320523,4.532947986320523,4.0
alt_corrected,4.490136960301623,4.490136960301623,4.0
alt_corrected_unif,4.493914083723407,4.493914083723407,4.0
alt_uncorrected,5.365391764036832,5.365391764036832,4.0
