,Rseq_targets,Rseq_hits,Rfrequency
true_Rseq,4.166159312017955,4.166159312017955,4.0
alt_corrected,4.095315300950126,4.095315300950126,4.0
alt_corrected_unif,4.204665797169291,4.204665797169291,4.0
alt_uncorrected,5.076143477482715,5.076143477482715,4.0
