,Rseq_targets,Rseq_hits,Rfrequency
true_Rseq,2.866609542163216,2.866609542163216,4.0
alt_corrected,3.020920788904654,3.020920788904654,4.0
alt_corrected_unif,3.12378374546357,3.12378374546357,4.0
alt_uncorrected,3.9952614257769943,3.9952614257769943,4.0
