,Rseq_targets,Rseq_hits,Rfrequency
true_Rseq,4.349046081239038,4.349046081239038,4.0
alt_corrected,4.332496226656247,4.332496226656247,4.0
alt_corrected_unif,4.3628364309134575,4.3628364309134575,4.0
alt_uncorrected,5.234314111226881,5.234314111226881,4.0
