,Rseq_targets,Rseq_hits,Rfrequency
true_Rseq,4.270542267803394,4.270542267803394,4.0
alt_corrected,4.446786930200072,4.446786930200072,4.0
alt_corrected_unif,4.5682097393113175,4.5682097393113175,4.0
alt_uncorrected,5.439687419624741,5.439687419624741,4.0
