,Rseq_targets,Rseq_hits,Rfrequency
true_Rseq,4.637400187437033,4.637400187437033,4.0
alt_corrected,4.507102121610153,4.507102121610153,4.0
alt_corrected_unif,4.5316941492362535,4.5316941492362535,4.0
alt_uncorrected,5.403171829549677,5.403171829549677,4.0
