,Rseq_targets,Rseq_hits,Rfrequency
true_Rseq,3.961520707824299,3.961520707824299,4.0
alt_corrected,3.9810551802270653,3.9810551802270653,4.0
alt_corrected_unif,4.02021852475354,4.02021852475354,4.0
alt_uncorrected,4.891696205066965,4.891696205066965,4.0
