,Rseq_targets,Rseq_hits,Rfrequency
true_Rseq,4.69745428603736,4.69745428603736,4.0
alt_corrected,4.742937417246664,4.742937417246664,4.0
alt_corrected_unif,4.791978666475385,4.791978666475385,4.0
alt_uncorrected,5.663456346788809,5.663456346788809,4.0
