,Rseq_targets,Rseq_hits,Rfrequency
true_Rseq,3.455431549141604,3.455431549141604,4.0
alt_corrected,3.4564664002840204,3.4564664002840204,4.0
alt_corrected_unif,3.4646631574962865,3.4646631574962865,4.0
alt_uncorrected,4.336140837809711,4.336140837809711,4.0
