,Rseq_targets,Rseq_hits,Rfrequency
true_Rseq,4.30270453181237,4.30270453181237,4.0
alt_corrected,4.318090668447006,4.318090668447006,4.0
alt_corrected_unif,4.3283902938556515,4.3283902938556515,4.0
alt_uncorrected,5.199867974169076,5.199867974169076,4.0
