,Rseq_targets,Rseq_hits,Rfrequency
true_Rseq,4.613550315924641,4.613550315924641,4.0
alt_corrected,4.578066465279712,4.578066465279712,4.0
alt_corrected_unif,4.60193939640434,4.60193939640434,4.0
alt_uncorrected,5.473417076717764,5.473417076717764,4.0
