,Rseq_targets,Rseq_hits,Rfrequency
true_Rseq,3.2260335588601814,3.2260335588601814,4.0
alt_corrected,3.1625516136043563,3.1625516136043563,4.0
alt_corrected_unif,3.2651931358758968,3.2651931358758968,4.0
alt_uncorrected,4.136670816189321,4.136670816189321,4.0
