,Rseq_targets,Rseq_hits,Rfrequency
true_Rseq,3.6244286861451886,3.6244286861451886,4.0
alt_corrected,3.4853677566342607,3.4853677566342607,4.0
alt_corrected_unif,3.5437127302142843,3.5437127302142843,4.0
alt_uncorrected,4.415190410527709,4.415190410527709,4.0
