,Rseq_targets,Rseq_hits,Rfrequency
true_Rseq,4.414875027642636,4.414875027642636,4.0
alt_corrected,4.456131803442064,4.456131803442064,4.0
alt_corrected_unif,4.492488105849418,4.492488105849418,4.0
alt_uncorrected,5.363965786162842,5.363965786162842,4.0
