,Rseq_targets,Rseq_hits,Rfrequency
true_Rseq,4.8209765004491665,4.8209765004491665,4.0
alt_corrected,4.535686959741936,4.535686959741936,4.0
alt_corrected_unif,4.571056958379021,4.571056958379021,4.0
alt_uncorrected,5.442534638692446,5.442534638692446,4.0
