,Rseq_targets,Rseq_hits,Rfrequency
true_Rseq,4.298174027809614,4.298174027809614,4.0
alt_corrected,4.204300966945047,4.204300966945047,4.0
alt_corrected_unif,4.269937908375628,4.269937908375628,4.0
alt_uncorrected,5.1414155886890525,5.1414155886890525,4.0
