,Rseq_targets,Rseq_hits,Rfrequency
true_Rseq,4.16624089890867,4.0013027988430405,4.0
alt_corrected,4.250588523870103,4.080266833567988,4.0
alt_corrected_unif,4.281479322352345,4.111157632050229,4.0
alt_uncorrected,5.152957002665769,4.982635312363653,4.0
