,Rseq_targets,Rseq_hits,Rfrequency
true_Rseq,4.5550434747842115,4.5550434747842115,4.0
alt_corrected,4.587651792828842,4.587651792828842,4.0
alt_corrected_unif,4.60709488209166,4.60709488209166,4.0
alt_uncorrected,5.478572562405085,5.478572562405085,4.0
