,Rseq_targets,Rseq_hits,Rfrequency
true_Rseq,4.028030344674151,4.028030344674151,4.0
alt_corrected,4.194519039785801,4.194519039785801,4.0
alt_corrected_unif,4.436336126095016,4.436336126095016,4.0
alt_uncorrected,5.30781380640844,5.30781380640844,4.0
