,Rseq_targets,Rseq_hits,Rfrequency
true_Rseq,4.294361707115867,4.294361707115867,4.0
alt_corrected,3.9979012213662743,3.9979012213662743,4.0
alt_corrected_unif,4.112916480565641,4.112916480565641,4.0
alt_uncorrected,4.984394160879065,4.984394160879065,4.0
