,Rseq_targets,Rseq_hits,Rfrequency
true_Rseq,3.88801152020363,3.88801152020363,4.0
alt_corrected,3.858820082551032,3.858820082551032,4.0
alt_corrected_unif,3.8708864908265705,3.8708864908265705,4.0
alt_uncorrected,4.742364171139995,4.742364171139995,4.0
