,Rseq_targets,Rseq_hits,Rfrequency
true_Rseq,3.6971598728281574,3.5522592283593664,4.0
alt_corrected,3.469261736979745,3.3177765300018134,4.0
alt_corrected_unif,3.4945906053545284,3.3431053983765966,4.0
alt_uncorrected,4.366068285667953,4.214583078690021,4.0
