,Rseq_targets,Rseq_hits,Rfrequency
true_Rseq,3.981610526201422,3.981610526201422,4.0
alt_corrected,3.949864147540636,3.949864147540636,4.0
alt_corrected_unif,3.9595083416611447,3.9595083416611447,4.0
alt_uncorrected,4.830986021974569,4.830986021974569,4.0
