,Rseq_targets,Rseq_hits,Rfrequency
true_Rseq,4.051406752540425,4.051406752540425,4.0
alt_corrected,3.8354264411327375,3.8354264411327375,4.0
alt_corrected_unif,3.8732513723702984,3.8732513723702984,4.0
alt_uncorrected,4.744729052683723,4.744729052683723,4.0
