,Rseq_targets,Rseq_hits,Rfrequency
true_Rseq,4.008359768958101,4.008359768958101,4.0
alt_corrected,4.203468964804638,4.203468964804638,4.0
alt_corrected_unif,4.293639917460586,4.293639917460586,4.0
alt_uncorrected,5.16511759777401,5.16511759777401,4.0
