,Rseq_targets,Rseq_hits,Rfrequency
true_Rseq,3.7895930022990214,3.7895930022990214,4.0
alt_corrected,3.692185607722825,3.692185607722825,4.0
alt_corrected_unif,3.7262086867258923,3.7262086867258923,4.0
alt_uncorrected,4.597686367039317,4.597686367039317,4.0
