,Rseq_targets,Rseq_hits,Rfrequency
true_Rseq,3.9593302839010764,3.9593302839010764,4.0
alt_corrected,4.077624285247431,4.077624285247431,4.0
alt_corrected_unif,4.100249683832223,4.100249683832223,4.0
alt_uncorrected,4.9717273641456465,4.9717273641456465,4.0
