,Rseq_targets,Rseq_hits,Rfrequency
true_Rseq,4.254146415406629,4.254146415406629,4.0
alt_corrected,4.186905909741791,4.186905909741791,4.0
alt_corrected_unif,4.222110170273718,4.222110170273718,4.0
alt_uncorrected,5.0935878505871415,5.0935878505871415,4.0
