,Rseq_targets,Rseq_hits,Rfrequency
true_Rseq,4.096084972723705,4.096084972723705,4.0
alt_corrected,4.168426393661148,4.168426393661148,4.0
alt_corrected_unif,4.179297103423311,4.179297103423311,4.0
alt_uncorrected,5.050774783736735,5.050774783736735,4.0
