,Rseq_targets,Rseq_hits,Rfrequency
true_Rseq,3.7504367012211066,3.7504367012211066,4.0
alt_corrected,3.8830457913055323,3.8830457913055323,4.0
alt_corrected_unif,3.939769054937177,3.939769054937177,4.0
alt_uncorrected,4.811246735250601,4.811246735250601,4.0
