,Rseq_targets,Rseq_hits,Rfrequency
true_Rseq,1.8006799048624291,3.3390035331178787,4.0
alt_corrected,1.7682548472861788,3.2543800139383343,4.0
alt_corrected_unif,1.8041913774538316,3.290316544105987,4.0
alt_uncorrected,2.675669057767256,4.1617942244194115,4.0
