,Rseq_targets,Rseq_hits,Rfrequency
true_Rseq,4.176918036765414,4.176918036765414,4.0
alt_corrected,4.019146536163381,4.019146536163381,4.0
alt_corrected_unif,4.088100022343237,4.088100022343237,4.0
alt_uncorrected,4.959577702656662,4.959577702656662,4.0
