,Rseq_targets,Rseq_hits,Rfrequency
true_Rseq,4.064960866268402,4.064960866268402,4.0
alt_corrected,4.219003797651821,4.219003797651821,4.0
alt_corrected_unif,4.326249671014024,4.326249671014024,4.0
alt_uncorrected,5.197727351327448,5.197727351327448,4.0
