,Rseq_targets,Rseq_hits,Rfrequency
true_Rseq,3.6519218732493233,3.6519218732493233,4.0
alt_corrected,3.6715900590760393,3.6715900590760393,4.0
alt_corrected_unif,3.7286693721088997,3.7286693721088997,4.0
alt_uncorrected,4.600147052422324,4.600147052422324,4.0
