,Rseq_targets,Rseq_hits,Rfrequency
true_Rseq,4.616686581081096,4.616686581081096,4.0
alt_corrected,4.222889519473847,4.222889519473847,4.0
alt_corrected_unif,4.338695797652557,4.338695797652557,4.0
alt_uncorrected,5.210173477965981,5.210173477965981,4.0
