,Rseq_targets,Rseq_hits,Rfrequency
true_Rseq,3.6821892654779242,3.6821892654779242,4.0
alt_corrected,3.736526660995115,3.736526660995115,4.0
alt_corrected_unif,3.776867340193521,3.776867340193521,4.0
alt_uncorrected,4.648345020506945,4.648345020506945,4.0
