,Rseq_targets,Rseq_hits,Rfrequency
true_Rseq,4.814295290637853,4.814295290637853,4.0
alt_corrected,4.845853567481607,4.845853567481607,4.0
alt_corrected_unif,4.862848606723379,4.862848606723379,4.0
alt_uncorrected,5.734326287036803,5.734326287036803,4.0
