,Rseq_targets,Rseq_hits,Rfrequency
true_Rseq,4.7538299644456785,4.7538299644456785,4.0
alt_corrected,4.614049463971882,4.614049463971882,4.0
alt_corrected_unif,4.642251288546648,4.642251288546648,4.0
alt_uncorrected,5.513728968860072,5.513728968860072,4.0
