,Rseq_targets,Rseq_hits,Rfrequency
true_Rseq,3.450213051228202,3.450213051228202,4.0
alt_corrected,3.5580223091042,3.5580223091042,4.0
alt_corrected_unif,3.6022481241255995,3.6022481241255995,4.0
alt_uncorrected,4.473725804439024,4.473725804439024,4.0
