,Rseq_targets,Rseq_hits,Rfrequency
true_Rseq,4.262366594055323,4.262366594055323,4.0
alt_corrected,4.241112851650319,4.241112851650319,4.0
alt_corrected_unif,4.277049381817978,4.277049381817978,4.0
alt_uncorrected,5.148527062131402,5.148527062131402,4.0
