,Rseq_targets,Rseq_hits,Rfrequency
true_Rseq,4.374536293464038,4.374536293464038,4.0
alt_corrected,4.054432499312614,4.054432499312614,4.0
alt_corrected_unif,4.204405237147974,4.204405237147974,4.0
alt_uncorrected,5.075882917461398,5.075882917461398,4.0
