,Rseq_targets,Rseq_hits,Rfrequency
true_Rseq,3.9377676158335166,3.9377676158335166,4.0
alt_corrected,3.911195561787793,3.911195561787793,4.0
alt_corrected_unif,3.9261022501482814,3.9261022501482814,4.0
alt_uncorrected,4.797579930461706,4.797579930461706,4.0
