,Rseq_targets,Rseq_hits,Rfrequency
true_Rseq,3.5818677777988297,3.5818677777988297,4.0
alt_corrected,3.6250111476467834,3.6250111476467834,4.0
alt_corrected_unif,3.642986977707013,3.642986977707013,4.0
alt_uncorrected,4.5144646580204375,4.5144646580204375,4.0
