,Rseq_targets,Rseq_hits,Rfrequency
true_Rseq,4.0716774068790595,4.0716774068790595,4.0
alt_corrected,4.020722368623806,4.020722368623806,4.0
alt_corrected_unif,4.029419804892964,4.029419804892964,4.0
alt_uncorrected,4.9008974852063885,4.9008974852063885,4.0
