,Rseq_targets,Rseq_hits,Rfrequency
true_Rseq,4.200916493149895,3.601585439975443,4.0
alt_corrected,4.198347308906735,3.628636955003058,4.0
alt_corrected_unif,4.228687513163933,3.6589771592602562,4.0
alt_uncorrected,5.100165193477357,4.530454839573681,4.0
