,Rseq_targets,Rseq_hits,Rfrequency
true_Rseq,4.0110591365032215,4.0110591365032215,4.0
alt_corrected,3.905616586834757,3.905616586834757,4.0
alt_corrected_unif,3.930281783136125,3.930281783136125,4.0
alt_uncorrected,4.8017594634495495,4.8017594634495495,4.0
