,Rseq_targets,Rseq_hits,Rfrequency
true_Rseq,4.07683868224637,4.07683868224637,4.0
alt_corrected,4.02752420555003,4.02752420555003,4.0
alt_corrected_unif,4.054025180103906,4.054025180103906,4.0
alt_uncorrected,4.92550286041733,4.92550286041733,4.0
