,Rseq_targets,Rseq_hits,Rfrequency
true_Rseq,4.537311250028818,4.537311250028818,4.0
alt_corrected,4.5207543425681695,4.5207543425681695,4.0
alt_corrected_unif,4.5331788734580005,4.5331788734580005,4.0
alt_uncorrected,5.404656553771425,5.404656553771425,4.0
