,Rseq_targets,Rseq_hits,Rfrequency
true_Rseq,3.929797882166124,4.280400411818425,4.0
alt_corrected,3.927586115122942,4.283417265340674,4.0
alt_corrected_unif,3.966249637292886,4.322080787510618,4.0
alt_uncorrected,4.83772731760631,5.193558467824042,4.0
