,Rseq_targets,Rseq_hits,Rfrequency
true_Rseq,4.685412825089379,4.685412825089379,4.0
alt_corrected,4.375962022475531,4.375962022475531,4.0
alt_corrected_unif,4.4470112414550105,4.4470112414550105,4.0
alt_uncorrected,5.318488921768434,5.318488921768434,4.0
