,Rseq_targets,Rseq_hits,Rfrequency
true_Rseq,4.210625753589319,4.210625753589319,4.0
alt_corrected,4.223838638810941,4.223838638810941,4.0
alt_corrected_unif,4.226011912303937,4.226011912303937,4.0
alt_uncorrected,5.097489592617361,5.097489592617361,4.0
