,Rseq_targets,Rseq_hits,Rfrequency
true_Rseq,3.8270966585531196,3.8270966585531196,4.0
alt_corrected,3.6878906892593135,3.6878906892593135,4.0
alt_corrected_unif,3.7566767188716272,3.7566767188716272,4.0
alt_uncorrected,4.628154399185052,4.628154399185052,4.0
