,Rseq_targets,Rseq_hits,Rfrequency
true_Rseq,4.652997267062742,4.652997267062742,4.0
alt_corrected,4.650342116771407,4.650342116771407,4.0
alt_corrected_unif,4.671251351355764,4.671251351355764,4.0
alt_uncorrected,5.542729031669189,5.542729031669189,4.0
