,Rseq_targets,Rseq_hits,Rfrequency
true_Rseq,4.291176512083861,4.291176512083861,4.0
alt_corrected,4.506141966156916,4.506141966156916,4.0
alt_corrected_unif,4.592692263772657,4.592692263772657,4.0
alt_uncorrected,5.4641699440860805,5.4641699440860805,4.0
