,Rseq_targets,Rseq_hits,Rfrequency
true_Rseq,3.2517582056049648,3.2517582056049648,4.0
alt_corrected,3.2991068178432674,3.2991068178432674,4.0
alt_corrected_unif,3.3263132659432197,3.3263132659432197,4.0
alt_uncorrected,4.197790946256644,4.197790946256644,4.0
