,Rseq_targets,Rseq_hits,Rfrequency
true_Rseq,3.7049372954287723,3.7049372954287723,4.0
alt_corrected,3.5568102836997117,3.5568102836997117,4.0
alt_corrected_unif,3.6370792338577247,3.6370792338577247,4.0
alt_uncorrected,4.508556914171149,4.508556914171149,4.0
