,Rseq_targets,Rseq_hits,Rfrequency
true_Rseq,4.493299981941281,4.493299981941281,4.0
alt_corrected,4.48582505737505,4.48582505737505,4.0
alt_corrected_unif,4.5067342919593845,4.5067342919593845,4.0
alt_uncorrected,5.378211972272808,5.378211972272808,4.0
