,Rseq_targets,Rseq_hits,Rfrequency
true_Rseq,4.544347537890745,4.544347537890745,4.0
alt_corrected,4.569656413193926,4.569656413193926,4.0
alt_corrected_unif,4.572881294041558,4.572881294041558,4.0
alt_uncorrected,5.444358974354982,5.444358974354982,4.0
