,Rseq_targets,Rseq_hits,Rfrequency
true_Rseq,4.751603927184522,4.751603927184522,4.0
alt_corrected,4.597488802819807,4.597488802819807,4.0
alt_corrected_unif,4.655091192056167,4.655091192056167,4.0
alt_uncorrected,5.526568872369591,5.526568872369591,4.0
