,Rseq_targets,Rseq_hits,Rfrequency
true_Rseq,3.679198441516477,3.679198441516477,4.0
alt_corrected,3.715232286835928,3.715232286835928,4.0
alt_corrected_unif,3.758563789995781,3.758563789995781,4.0
alt_uncorrected,4.630041470309205,4.630041470309205,4.0
