,Rseq_targets,Rseq_hits,Rfrequency
true_Rseq,3.334012049027546,3.334012049027546,4.0
alt_corrected,3.393969367352603,3.393969367352603,4.0
alt_corrected_unif,3.457419998056324,3.457419998056324,4.0
alt_uncorrected,4.328897678369748,4.328897678369748,4.0
