,Rseq_targets,Rseq_hits,Rfrequency
true_Rseq,4.037966203245242,4.037966203245242,4.0
alt_corrected,4.145800658727224,4.145800658727224,4.0
alt_corrected_unif,4.248486646151612,4.248486646151612,4.0
alt_uncorrected,5.119964326465037,5.119964326465037,4.0
