,Rseq_targets,Rseq_hits,Rfrequency
true_Rseq,4.193130838380996,4.193130838380996,4.0
alt_corrected,4.22780609676445,4.22780609676445,4.0
alt_corrected_unif,4.263176095401523,4.263176095401523,4.0
alt_uncorrected,5.1346537757149475,5.1346537757149475,4.0
