,Rseq_targets,Rseq_hits,Rfrequency
true_Rseq,3.742940915331155,3.742940915331155,4.0
alt_corrected,3.897325760952959,3.897325760952959,4.0
alt_corrected_unif,3.9820591498158087,3.9820591498158087,4.0
alt_uncorrected,4.853536830129233,4.853536830129233,4.0
