,Rseq_targets,Rseq_hits,Rfrequency
true_Rseq,3.36863748977882,3.36863748977882,4.0
alt_corrected,3.2725358290320097,3.2725358290320097,4.0
alt_corrected_unif,3.3547830797515403,3.3547830797515403,4.0
alt_uncorrected,4.226260760064965,4.226260760064965,4.0
