,Rseq_targets,Rseq_hits,Rfrequency
true_Rseq,3.7759130087556265,3.7759130087556265,4.0
alt_corrected,3.6204865407336997,3.6204865407336997,4.0
alt_corrected_unif,3.738153080702896,3.738153080702896,4.0
alt_uncorrected,4.60963076101632,4.60963076101632,4.0
