,Rseq_targets,Rseq_hits,Rfrequency
true_Rseq,0.8072917890860882,2.518525963624345,4.0
alt_corrected,0.8356849972028055,2.5667782847444474,4.0
alt_corrected_unif,0.8910215853046817,2.6221148728463235,4.0
alt_uncorrected,1.762499265618106,3.493592553159748,4.0
