,Rseq_targets,Rseq_hits,Rfrequency
true_Rseq,4.504806127812843,4.504806127812843,4.0
alt_corrected,4.053310477361771,4.053310477361771,4.0
alt_corrected_unif,4.330697946874208,4.330697946874208,4.0
alt_uncorrected,5.202175627187633,5.202175627187633,4.0
