,Rseq_targets,Rseq_hits,Rfrequency
true_Rseq,4.373355596147946,4.373355596147946,4.0
alt_corrected,4.227313432492941,4.227313432492941,4.0
alt_corrected_unif,4.286721178621862,4.286721178621862,4.0
alt_uncorrected,5.158198858935286,5.158198858935286,4.0
