,Rseq_targets,Rseq_hits,Rfrequency
true_Rseq,3.96174721245527,3.96174721245527,4.0
alt_corrected,3.965621995965691,3.965621995965691,4.0
alt_corrected_unif,3.9667084971308575,3.9667084971308575,4.0
alt_uncorrected,4.838186177444282,4.838186177444282,4.0
