,Rseq_targets,Rseq_hits,Rfrequency
true_Rseq,4.214485624525924,4.214485624525924,4.0
alt_corrected,3.8905964207369106,3.8905964207369106,4.0
alt_corrected_unif,4.021949750978608,4.021949750978608,4.0
alt_uncorrected,4.893427431292033,4.893427431292033,4.0
