,Rseq_targets,Rseq_hits,Rfrequency
true_Rseq,-0.5683782094977747,3.2841405838236533,4.0
alt_corrected,-0.48369379672887425,3.7020937067068136,4.0
alt_corrected_unif,-0.38718021279773496,3.798607290637953,4.0
alt_uncorrected,0.48429746751568936,4.670084970951377,4.0
