,Rseq_targets,Rseq_hits,Rfrequency
true_Rseq,4.023809880192102,4.023809880192102,4.0
alt_corrected,4.271520150377695,4.271520150377695,4.0
alt_corrected_unif,4.324026890441894,4.324026890441894,4.0
alt_uncorrected,5.195504570755318,5.195504570755318,4.0
