,Rseq_targets,Rseq_hits,Rfrequency
true_Rseq,4.80205434478156,4.80205434478156,4.0
alt_corrected,4.618156581236805,4.618156581236805,4.0
alt_corrected_unif,4.690944378684767,4.690944378684767,4.0
alt_uncorrected,5.562422058998191,5.562422058998191,4.0
