,Rseq_targets,Rseq_hits,Rfrequency
true_Rseq,3.430827024193933,3.430827024193933,4.0
alt_corrected,3.562752040085435,3.562752040085435,4.0
alt_corrected_unif,3.5797971081283495,3.5797971081283495,4.0
alt_uncorrected,4.451274788441774,4.451274788441774,4.0
