,Rseq_targets,Rseq_hits,Rfrequency
true_Rseq,4.316479720067166,4.316479720067166,4.0
alt_corrected,4.285757867693418,4.285757867693418,4.0
alt_corrected_unif,4.2895349911151985,4.2895349911151985,4.0
alt_uncorrected,5.161012671428622,5.161012671428622,4.0
