,Rseq_targets,Rseq_hits,Rfrequency
true_Rseq,4.521815171799776,4.521815171799776,4.0
alt_corrected,4.341164395294334,4.341164395294334,4.0
alt_corrected_unif,4.450067278498176,4.450067278498176,4.0
alt_uncorrected,5.3215449588116,5.3215449588116,4.0
