,Rseq_targets,Rseq_hits,Rfrequency
true_Rseq,4.199668067123794,4.199668067123794,4.0
alt_corrected,4.375101392423008,4.375101392423008,4.0
alt_corrected_unif,4.507356439607433,4.507356439607433,4.0
alt_uncorrected,5.378834119920858,5.378834119920858,4.0
