,Rseq_targets,Rseq_hits,Rfrequency
true_Rseq,4.395533635349958,4.395533635349958,4.0
alt_corrected,4.4461268457561065,4.4461268457561065,4.0
alt_corrected_unif,4.451017728436955,4.451017728436955,4.0
alt_uncorrected,5.322495408750379,5.322495408750379,4.0
