,Rseq_targets,Rseq_hits,Rfrequency
true_Rseq,4.181762328491152,4.181762328491152,4.0
alt_corrected,4.138901607281347,4.138901607281347,4.0
alt_corrected_unif,4.1448004406788765,4.1448004406788765,4.0
alt_uncorrected,5.0162781209923,5.0162781209923,4.0
