,Rseq_targets,Rseq_hits,Rfrequency
true_Rseq,4.093327371851004,4.093327371851004,4.0
alt_corrected,3.869790502352718,3.869790502352718,4.0
alt_corrected_unif,3.9156723470273307,3.9156723470273307,4.0
alt_uncorrected,4.787150027340755,4.787150027340755,4.0
