,Rseq_targets,Rseq_hits,Rfrequency
true_Rseq,3.8572062161920977,3.8572062161920977,4.0
alt_corrected,3.6268681630662525,3.6268681630662525,4.0
alt_corrected_unif,3.7678066404885366,3.7678066404885366,4.0
alt_uncorrected,4.639284320801961,4.639284320801961,4.0
