,Rseq_targets,Rseq_hits,Rfrequency
true_Rseq,4.518536480073285,4.518536480073285,4.0
alt_corrected,4.475948307891992,4.475948307891992,4.0
alt_corrected_unif,4.568642234849124,4.568642234849124,4.0
alt_uncorrected,5.440119915162548,5.440119915162548,4.0
