,Rseq_targets,Rseq_hits,Rfrequency
true_Rseq,3.531387399062556,3.531387399062556,4.0
alt_corrected,3.32160630817187,3.32160630817187,4.0
alt_corrected_unif,3.353524858189273,3.353524858189273,4.0
alt_uncorrected,4.2250025385026975,4.2250025385026975,4.0
