,Rseq_targets,Rseq_hits,Rfrequency
true_Rseq,4.048988067308521,4.048988067308521,4.0
alt_corrected,3.8404103986793725,3.8404103986793725,4.0
alt_corrected_unif,3.9309972270042386,3.9309972270042386,4.0
alt_uncorrected,4.802474907317663,4.802474907317663,4.0
