,Rseq_targets,Rseq_hits,Rfrequency
true_Rseq,4.398707125056134,4.398707125056134,4.0
alt_corrected,4.403878540958457,4.403878540958457,4.0
alt_corrected_unif,4.41328049995901,4.41328049995901,4.0
alt_uncorrected,5.284758180272434,5.284758180272434,4.0
