,Rseq_targets,Rseq_hits,Rfrequency
true_Rseq,4.708658070160817,4.708658070160817,4.0
alt_corrected,4.384104934672296,4.384104934672296,4.0
alt_corrected_unif,4.5200282544689045,4.5200282544689045,4.0
alt_uncorrected,5.391505934782328,5.391505934782328,4.0
