,Rseq_targets,Rseq_hits,Rfrequency
true_Rseq,4.186890023736856,4.186890023736856,4.0
alt_corrected,4.0299019392505135,4.0299019392505135,4.0
alt_corrected_unif,4.086625096711012,4.086625096711012,4.0
alt_uncorrected,4.958102777024436,4.958102777024436,4.0
