,Rseq_targets,Rseq_hits,Rfrequency
true_Rseq,4.013957194404329,4.013957194404329,4.0
alt_corrected,4.01333586964355,4.01333586964355,4.0
alt_corrected_unif,4.021443955456887,4.021443955456887,4.0
alt_uncorrected,4.8929216357703105,4.8929216357703105,4.0
