,Rseq_targets,Rseq_hits,Rfrequency
true_Rseq,4.368519757707002,4.368519757707002,4.0
alt_corrected,4.264066572345707,4.264066572345707,4.0
alt_corrected_unif,4.30273009451564,4.30273009451564,4.0
alt_uncorrected,5.174207774829065,5.174207774829065,4.0
