,Rseq_targets,Rseq_hits,Rfrequency
true_Rseq,5.163855685092738,5.163855685092738,4.0
alt_corrected,4.973918199974049,4.973918199974049,4.0
alt_corrected_unif,5.00397495801319,5.00397495801319,4.0
alt_uncorrected,5.875452638326614,5.875452638326614,4.0
