,Rseq_targets,Rseq_hits,Rfrequency
true_Rseq,4.535954108967594,4.535954108967594,4.0
alt_corrected,4.543574550942955,4.543574550942955,4.0
alt_corrected_unif,4.550587143599538,4.550587143599538,4.0
alt_uncorrected,5.422064823912962,5.422064823912962,4.0
