,Rseq_targets,Rseq_hits,Rfrequency
true_Rseq,4.1800505231562735,4.1800505231562735,4.0
alt_corrected,4.217592885879149,4.217592885879149,4.0
alt_corrected_unif,4.250773269563142,4.250773269563142,4.0
alt_uncorrected,5.122250949876566,5.122250949876566,4.0
