,Rseq_targets,Rseq_hits,Rfrequency
true_Rseq,3.875303016435396,3.875303016435396,4.0
alt_corrected,3.5917351569214016,3.5917351569214016,4.0
alt_corrected_unif,3.7076103427094123,3.7076103427094123,4.0
alt_uncorrected,4.579088023022837,4.579088023022837,4.0
