,Rseq_targets,Rseq_hits,Rfrequency
true_Rseq,3.5303595945933584,3.5303595945933584,4.0
alt_corrected,3.5625672695639357,3.5625672695639357,4.0
alt_corrected_unif,3.5858715908821384,3.5858715908821384,4.0
alt_uncorrected,4.457349271195563,4.457349271195563,4.0
