,Rseq_targets,Rseq_hits,Rfrequency
true_Rseq,4.696752899371374,4.696752899371374,4.0
alt_corrected,4.609141806433391,4.609141806433391,4.0
alt_corrected_unif,4.623004565154384,4.623004565154384,4.0
alt_uncorrected,5.4944822454678075,5.4944822454678075,4.0
