,Rseq_targets,Rseq_hits,Rfrequency
true_Rseq,3.1839413754652153,3.1839413754652153,4.0
alt_corrected,3.4310975421187164,3.4310975421187164,4.0
alt_corrected_unif,3.527207804755992,3.527207804755992,4.0
alt_uncorrected,4.398685485069416,4.398685485069416,4.0
