,Rseq_targets,Rseq_hits,Rfrequency
true_Rseq,3.349060401666123,3.349060401666123,4.0
alt_corrected,3.3188937571380563,3.3188937571380563,4.0
alt_corrected_unif,3.5441381044044493,3.5441381044044493,4.0
alt_uncorrected,4.415615784717874,4.415615784717874,4.0
