,Rseq_targets,Rseq_hits,Rfrequency
true_Rseq,4.756247301119823,4.756247301119823,4.0
alt_corrected,4.684860660347654,4.684860660347654,4.0
alt_corrected_unif,4.689768724018554,4.689768724018554,4.0
alt_uncorrected,5.561246404331978,5.561246404331978,4.0
