,Rseq_targets,Rseq_hits,Rfrequency
true_Rseq,4.489245614689112,4.489245614689112,4.0
alt_corrected,4.5143470132649615,4.5143470132649615,4.0
alt_corrected_unif,4.535878453409103,4.535878453409103,4.0
alt_uncorrected,5.407356133722526,5.407356133722526,4.0
