,Rseq_targets,Rseq_hits,Rfrequency
true_Rseq,3.2863389194532413,3.2863389194532413,4.0
alt_corrected,3.2000038898547305,3.2000038898547305,4.0
alt_corrected_unif,3.272063627031373,3.272063627031373,4.0
alt_uncorrected,4.1435413073447975,4.1435413073447975,4.0
