,Rseq_targets,Rseq_hits,Rfrequency
true_Rseq,3.930250802159451,3.930250802159451,4.0
alt_corrected,4.1073042083966556,4.1073042083966556,4.0
alt_corrected_unif,4.175293707506244,4.175293707506244,4.0
alt_uncorrected,5.046771387819668,5.046771387819668,4.0
