,Rseq_targets,Rseq_hits,Rfrequency
true_Rseq,4.251112527254544,4.251112527254544,4.0
alt_corrected,4.246159853795019,4.246159853795019,4.0
alt_corrected_unif,4.256459479203677,4.256459479203677,4.0
alt_uncorrected,5.127937159517101,5.127937159517101,4.0
