,Rseq_targets,Rseq_hits,Rfrequency
true_Rseq,4.090760244749006,4.090760244749006,4.0
alt_corrected,4.247110196045268,4.247110196045268,4.0
alt_corrected_unif,4.27177539234664,4.27177539234664,4.0
alt_uncorrected,5.143253072660064,5.143253072660064,4.0
