,Rseq_targets,Rseq_hits,Rfrequency
true_Rseq,4.174294630642136,4.174294630642136,4.0
alt_corrected,4.09951611637274,4.09951611637274,4.0
alt_corrected_unif,4.1499347993968865,4.1499347993968865,4.0
alt_uncorrected,5.02141247971031,5.02141247971031,4.0
