,Rseq_targets,Rseq_hits,Rfrequency
true_Rseq,3.897114980913525,3.897114980913525,4.0
alt_corrected,4.032270427525962,4.032270427525962,4.0
alt_corrected_unif,4.070931437150808,4.070931437150808,4.0
alt_uncorrected,4.942409117464232,4.942409117464232,4.0
