,Rseq_targets,Rseq_hits,Rfrequency
true_Rseq,3.658740130141651,3.658740130141651,4.0
alt_corrected,3.5411560598229457,3.5411560598229457,4.0
alt_corrected_unif,3.6123700582917233,3.6123700582917233,4.0
alt_uncorrected,4.483847738605148,4.483847738605148,4.0
