,Rseq_targets,Rseq_hits,Rfrequency
true_Rseq,3.8128913124287456,3.8128913124287456,4.0
alt_corrected,3.7735583553825984,3.7735583553825984,4.0
alt_corrected_unif,3.785982886272435,3.785982886272435,4.0
alt_uncorrected,4.6574605665858595,4.6574605665858595,4.0
