,Rseq_targets,Rseq_hits,Rfrequency
true_Rseq,4.080314591838853,4.080314591838853,4.0
alt_corrected,3.960629473229652,3.960629473229652,4.0
alt_corrected_unif,3.992339881154647,3.992339881154647,4.0
alt_uncorrected,4.863817561468071,4.863817561468071,4.0
