,Rseq_targets,Rseq_hits,Rfrequency
true_Rseq,4.346894846377031,4.346894846377031,4.0
alt_corrected,4.146686753585129,4.146686753585129,4.0
alt_corrected_unif,4.196675372311251,4.196675372311251,4.0
alt_uncorrected,5.068153052624676,5.068153052624676,4.0
