,Rseq_targets,Rseq_hits,Rfrequency
true_Rseq,3.524262997673942,3.524262997673942,4.0
alt_corrected,3.5553615548102484,3.5553615548102484,4.0
alt_corrected_unif,3.669704396237806,3.669704396237806,4.0
alt_uncorrected,4.54118207655123,4.54118207655123,4.0
