,Rseq_targets,Rseq_hits,Rfrequency
true_Rseq,3.8292042386088028,3.8292042386088028,4.0
alt_corrected,3.909477487189761,3.909477487189761,4.0
alt_corrected_unif,3.9491432176507906,3.9491432176507906,4.0
alt_uncorrected,4.820620897964215,4.820620897964215,4.0
