,Rseq_targets,Rseq_hits,Rfrequency
true_Rseq,4.329027769673484,4.329027769673484,4.0
alt_corrected,4.401763128463113,4.401763128463113,4.0
alt_corrected_unif,4.416207080574043,4.416207080574043,4.0
alt_uncorrected,5.287684760887467,5.287684760887467,4.0
