,Rseq_targets,Rseq_hits,Rfrequency
true_Rseq,5.21457592516864,5.21457592516864,4.0
alt_corrected,4.959677164904077,4.959677164904077,4.0
alt_corrected_unif,5.041437496621102,5.041437496621102,4.0
alt_uncorrected,5.912915176934526,5.912915176934526,4.0
