,Rseq_targets,Rseq_hits,Rfrequency
true_Rseq,3.498993683585292,3.498993683585292,4.0
alt_corrected,3.336251529238073,3.336251529238073,4.0
alt_corrected_unif,3.4398985173742544,3.4398985173742544,4.0
alt_uncorrected,4.311376197687679,4.311376197687679,4.0
