,Rseq_targets,Rseq_hits,Rfrequency
true_Rseq,4.018349005078953,4.018349005078953,4.0
alt_corrected,3.811339522759983,3.811339522759983,4.0
alt_corrected_unif,3.901926351084849,3.901926351084849,4.0
alt_uncorrected,4.7734040313982735,4.7734040313982735,4.0
