,Rseq_targets,Rseq_hits,Rfrequency
true_Rseq,4.098187877066242,4.098187877066242,4.0
alt_corrected,4.124099807136622,4.124099807136622,4.0
alt_corrected_unif,4.153638739769981,4.153638739769981,4.0
alt_uncorrected,5.025116420083406,5.025116420083406,4.0
