,Rseq_targets,Rseq_hits,Rfrequency
true_Rseq,4.6406556205803975,4.6406556205803975,4.0
alt_corrected,4.675457075593035,4.675457075593035,4.0
alt_corrected_unif,4.704478236101652,4.704478236101652,4.0
alt_uncorrected,5.575955916415076,5.575955916415076,4.0
