,Rseq_targets,Rseq_hits,Rfrequency
true_Rseq,0.5742758562960599,3.2976288163082286,4.0
alt_corrected,0.6471110065172225,3.0977079231055433,4.0
alt_corrected_unif,0.7772092164316624,3.227806133019983,4.0
alt_uncorrected,1.6486868967450867,4.0992838133334075,4.0
