,Rseq_targets,Rseq_hits,Rfrequency
true_Rseq,3.797707517223307,3.797707517223307,4.0
alt_corrected,3.8345121923215952,3.8345121923215952,4.0
alt_corrected_unif,3.8447086290162793,3.8447086290162793,4.0
alt_uncorrected,4.716186309329704,4.716186309329704,4.0
