,Rseq_targets,Rseq_hits,Rfrequency
true_Rseq,4.553374538371374,4.553374538371374,4.0
alt_corrected,4.509859735289564,4.509859735289564,4.0
alt_corrected_unif,4.5300886473705795,4.5300886473705795,4.0
alt_uncorrected,5.401566327684003,5.401566327684003,4.0
