,Rseq_targets,Rseq_hits,Rfrequency
true_Rseq,3.7766580080849828,3.7766580080849828,4.0
alt_corrected,3.8187951447420407,3.8187951447420407,4.0
alt_corrected_unif,3.8252462207137454,3.8252462207137454,4.0
alt_uncorrected,4.69672390102717,4.69672390102717,4.0
