,Rseq_targets,Rseq_hits,Rfrequency
true_Rseq,3.6642867275907793,3.6642867275907793,4.0
alt_corrected,3.734877162339171,3.734877162339171,4.0
alt_corrected_unif,3.7656654631228252,3.7656654631228252,4.0
alt_uncorrected,4.63714314343625,4.63714314343625,4.0
