,Rseq_targets,Rseq_hits,Rfrequency
true_Rseq,4.023504944322441,4.023504944322441,4.0
alt_corrected,3.934976219422749,3.934976219422749,4.0
alt_corrected_unif,3.9748728318349245,3.9748728318349245,4.0
alt_uncorrected,4.846350512148349,4.846350512148349,4.0
