,Rseq_targets,Rseq_hits,Rfrequency
true_Rseq,3.6625819385866514,3.6625819385866514,4.0
alt_corrected,3.652143024524826,3.652143024524826,4.0
alt_corrected_unif,3.6984666645656996,3.6984666645656996,4.0
alt_uncorrected,4.569944344879124,4.569944344879124,4.0
