,Rseq_targets,Rseq_hits,Rfrequency
true_Rseq,3.9442814297395703,3.9442814297395703,4.0
alt_corrected,3.94266113028294,3.94266113028294,4.0
alt_corrected_unif,3.9870088546690536,3.9870088546690536,4.0
alt_uncorrected,4.858486534982478,4.858486534982478,4.0
