,Rseq_targets,Rseq_hits,Rfrequency
true_Rseq,3.740369616703214,3.740369616703214,4.0
alt_corrected,3.67939819984415,3.67939819984415,4.0
alt_corrected_unif,3.73470614116767,3.73470614116767,4.0
alt_uncorrected,4.606183821481094,4.606183821481094,4.0
