,Rseq_targets,Rseq_hits,Rfrequency
true_Rseq,4.341665014190843,4.341665014190843,4.0
alt_corrected,4.585373899740633,4.585373899740633,4.0
alt_corrected_unif,4.667001692324426,4.667001692324426,4.0
alt_uncorrected,5.53847937263785,5.53847937263785,4.0
