,Rseq_targets,Rseq_hits,Rfrequency
true_Rseq,5.059617907698403,5.059617907698403,4.0
alt_corrected,5.0081293122523105,5.0081293122523105,4.0
alt_corrected_unif,5.015141904908889,5.015141904908889,4.0
alt_uncorrected,5.886619585222313,5.886619585222313,4.0
