,Rseq_targets,Rseq_hits,Rfrequency
true_Rseq,4.0810703777684125,4.0810703777684125,4.0
alt_corrected,4.103651604405388,4.103651604405388,4.0
alt_corrected_unif,4.202557822499774,4.202557822499774,4.0
alt_uncorrected,5.074035502813198,5.074035502813198,4.0
