,Rseq_targets,Rseq_hits,Rfrequency
true_Rseq,3.108082809030302,3.108082809030302,4.0
alt_corrected,3.293214811653195,3.293214811653195,4.0
alt_corrected_unif,3.3390966563278117,3.3390966563278117,4.0
alt_uncorrected,4.210574336641236,4.210574336641236,4.0
