,Rseq_targets,Rseq_hits,Rfrequency
true_Rseq,4.866048824047197,4.866048824047197,4.0
alt_corrected,4.951004846072381,4.951004846072381,4.0
alt_corrected_unif,4.962511334058618,4.962511334058618,4.0
alt_uncorrected,5.833989014372042,5.833989014372042,4.0
