,Rseq_targets,Rseq_hits,Rfrequency
true_Rseq,3.8615342642569157,3.8615342642569157,4.0
alt_corrected,3.8680581190492047,3.8680581190492047,4.0
alt_corrected_unif,3.931431133377106,3.931431133377106,4.0
alt_uncorrected,4.8029088136905305,4.8029088136905305,4.0
