,Rseq_targets,Rseq_hits,Rfrequency
true_Rseq,3.641262655740819,3.641262655740819,4.0
alt_corrected,3.6176379562894394,3.6176379562894394,4.0
alt_corrected_unif,3.6845472075592496,3.6845472075592496,4.0
alt_uncorrected,4.556024887872674,4.556024887872674,4.0
