,Rseq_targets,Rseq_hits,Rfrequency
true_Rseq,4.151892688803876,4.151892688803876,4.0
alt_corrected,4.075968031080958,4.075968031080958,4.0
alt_corrected_unif,4.085896059674047,4.085896059674047,4.0
alt_uncorrected,4.957373739987472,4.957373739987472,4.0
