,Rseq_targets,Rseq_hits,Rfrequency
true_Rseq,4.0801456312615425,4.0801456312615425,4.0
alt_corrected,3.975652589177288,3.975652589177288,4.0
alt_corrected_unif,4.015549201589465,4.015549201589465,4.0
alt_uncorrected,4.887026881902889,4.887026881902889,4.0
