,Rseq_targets,Rseq_hits,Rfrequency
true_Rseq,2.889524513972667,3.7580923348685005,4.0
alt_corrected,2.9810216083832928,3.881121688048183,4.0
alt_corrected_unif,3.058277826286333,3.9583779059512234,4.0
alt_uncorrected,3.9297555065997574,4.829855586264648,4.0
