,Rseq_targets,Rseq_hits,Rfrequency
true_Rseq,3.4151319865577765,3.4151319865577765,4.0
alt_corrected,3.5243306182078173,3.5243306182078173,4.0
alt_corrected_unif,3.6393458774071887,3.6393458774071887,4.0
alt_uncorrected,4.510823557720613,4.510823557720613,4.0
