,Rseq_targets,Rseq_hits,Rfrequency
true_Rseq,3.9687470228420088,3.9687470228420088,4.0
alt_corrected,4.157206992125303,4.157206992125303,4.0
alt_corrected_unif,4.202497688142742,4.202497688142742,4.0
alt_uncorrected,5.073975368456167,5.073975368456167,4.0
