,Rseq_targets,Rseq_hits,Rfrequency
true_Rseq,4.333464108752984,4.333464108752984,4.0
alt_corrected,3.949475390118396,3.949475390118396,4.0
alt_corrected_unif,4.089281620887679,4.089281620887679,4.0
alt_uncorrected,4.960759301201103,4.960759301201103,4.0
