,Rseq_targets,Rseq_hits,Rfrequency
true_Rseq,4.274688538886888,4.274688538886888,4.0
alt_corrected,4.062702965632733,4.062702965632733,4.0
alt_corrected_unif,4.133402412199386,4.133402412199386,4.0
alt_uncorrected,5.00488009251281,5.00488009251281,4.0
