,Rseq_targets,Rseq_hits,Rfrequency
true_Rseq,4.500170213825612,4.500170213825612,4.0
alt_corrected,4.561250277733803,4.561250277733803,4.0
alt_corrected_unif,4.573674808623625,4.573674808623625,4.0
alt_uncorrected,5.445152488937049,5.445152488937049,4.0
