,Rseq_targets,Rseq_hits,Rfrequency
true_Rseq,3.8751977306058674,3.8751977306058674,4.0
alt_corrected,3.952394072991335,3.952394072991335,4.0
alt_corrected_unif,3.962175838353,3.962175838353,4.0
alt_uncorrected,4.8336535186664245,4.8336535186664245,4.0
