,Rseq_targets,Rseq_hits,Rfrequency
true_Rseq,-0.18094844828319978,3.164436867453933,4.0
alt_corrected,-0.02398259034223571,3.189217354150378,4.0
alt_corrected_unif,0.19395807300409906,3.407158017496713,4.0
alt_uncorrected,1.0654357533175234,4.278635697810137,4.0
