,Rseq_targets,Rseq_hits,Rfrequency
true_Rseq,4.081760134735479,4.081760134735479,4.0
alt_corrected,3.9670162399266498,3.9670162399266498,4.0
alt_corrected_unif,3.992825482549502,3.992825482549502,4.0
alt_uncorrected,4.864303162862926,4.864303162862926,4.0
