,Rseq_targets,Rseq_hits,Rfrequency
true_Rseq,3.9294559834196416,3.9294559834196416,4.0
alt_corrected,4.095572225419742,4.095572225419742,4.0
alt_corrected_unif,4.141830332604101,4.141830332604101,4.0
alt_uncorrected,5.013308012917525,5.013308012917525,4.0
