,Rseq_targets,Rseq_hits,Rfrequency
true_Rseq,3.889926372742302,3.889926372742302,4.0
alt_corrected,3.7556223747136404,3.7556223747136404,4.0
alt_corrected_unif,3.7823189313254635,3.7823189313254635,4.0
alt_uncorrected,4.653796611638888,4.653796611638888,4.0
