,Rseq_targets,Rseq_hits,Rfrequency
true_Rseq,3.6911365979243644,3.6911365979243644,4.0
alt_corrected,3.854754226633545,3.854754226633545,4.0
alt_corrected_unif,3.905441246210882,3.905441246210882,4.0
alt_uncorrected,4.776918926524306,4.776918926524306,4.0
