,Rseq_targets,Rseq_hits,Rfrequency
true_Rseq,3.664338582632997,3.664338582632997,4.0
alt_corrected,3.7456365368422184,3.7456365368422184,4.0
alt_corrected_unif,3.7543339731113785,3.7543339731113785,4.0
alt_uncorrected,4.625811653424803,4.625811653424803,4.0
