,Rseq_targets,Rseq_hits,Rfrequency
true_Rseq,4.256815006978842,4.256815006978842,4.0
alt_corrected,4.165090316827987,4.165090316827987,4.0
alt_corrected_unif,4.182085356069768,4.182085356069768,4.0
alt_uncorrected,5.053563036383193,5.053563036383193,4.0
