,Rseq_targets,Rseq_hits,Rfrequency
true_Rseq,4.070809859828257,4.070809859828257,4.0
alt_corrected,3.9434744514417543,3.9434744514417543,4.0
alt_corrected_unif,3.9802339689718287,3.9802339689718287,4.0
alt_uncorrected,4.851711649285253,4.851711649285253,4.0
