,Rseq_targets,Rseq_hits,Rfrequency
true_Rseq,3.673363404615108,3.673363404615108,4.0
alt_corrected,3.5688895909396128,3.5688895909396128,4.0
alt_corrected_unif,3.601254342253402,3.601254342253402,4.0
alt_uncorrected,4.472732022566826,4.472732022566826,4.0
