,Rseq_targets,Rseq_hits,Rfrequency
true_Rseq,4.613166325987785,4.613166325987785,4.0
alt_corrected,4.5671129272104976,4.5671129272104976,4.0
alt_corrected_unif,4.6032841348559455,4.6032841348559455,4.0
alt_uncorrected,5.474761815169369,5.474761815169369,4.0
