,Rseq_targets,Rseq_hits,Rfrequency
true_Rseq,3.9181294346103233,3.9181294346103233,4.0
alt_corrected,3.7404133680389,3.7404133680389,4.0
alt_corrected_unif,3.8336107958854675,3.8336107958854675,4.0
alt_uncorrected,4.705088476198892,4.705088476198892,4.0
