,Rseq_targets,Rseq_hits,Rfrequency
true_Rseq,4.67961967762675,4.67961967762675,4.0
alt_corrected,4.722860222924511,4.722860222924511,4.0
alt_corrected_unif,4.746171637364245,4.746171637364245,4.0
alt_uncorrected,5.617649317677669,5.617649317677669,4.0
