,Rseq_targets,Rseq_hits,Rfrequency
true_Rseq,4.440074084148293,4.440074084148293,4.0
alt_corrected,4.293599427416678,4.293599427416678,4.0
alt_corrected_unif,4.365863300111341,4.365863300111341,4.0
alt_uncorrected,5.237340980424765,5.237340980424765,4.0
