,Rseq_targets,Rseq_hits,Rfrequency
true_Rseq,3.7323091470069567,3.7323091470069567,4.0
alt_corrected,3.825606144721982,3.825606144721982,4.0
alt_corrected_unif,3.871864251906341,3.871864251906341,4.0
alt_uncorrected,4.743341932219765,4.743341932219765,4.0
