,Rseq_targets,Rseq_hits,Rfrequency
true_Rseq,3.579235065405782,3.579235065405782,4.0
alt_corrected,3.488578677511272,3.488578677511272,4.0
alt_corrected_unif,3.5832089102792,3.5832089102792,4.0
alt_uncorrected,4.454686590592624,4.454686590592624,4.0
