,Rseq_targets,Rseq_hits,Rfrequency
true_Rseq,4.3465638724950555,4.3465638724950555,4.0
alt_corrected,4.5347495297487335,4.5347495297487335,4.0
alt_corrected_unif,4.621778278802097,4.621778278802097,4.0
alt_uncorrected,5.493255959115521,5.493255959115521,4.0
