,Rseq_targets,Rseq_hits,Rfrequency
true_Rseq,-0.5141964594550057,2.9011287226758817,4.0
alt_corrected,-0.42018171279483596,3.243575383217289,4.0
alt_corrected_unif,-0.33167018695896866,3.332086909053156,4.0
alt_uncorrected,0.5398074933544557,4.2035645893665805,4.0
