,Rseq_targets,Rseq_hits,Rfrequency
true_Rseq,4.307643020074756,4.307643020074756,4.0
alt_corrected,4.148992718510245,4.148992718510245,4.0
alt_corrected_unif,4.165664764816352,4.165664764816352,4.0
alt_uncorrected,5.037142445129776,5.037142445129776,4.0
