,Rseq_targets,Rseq_hits,Rfrequency
true_Rseq,4.203718208266029,4.203718208266029,4.0
alt_corrected,3.933197128732423,3.933197128732423,4.0
alt_corrected_unif,4.005647427562442,4.005647427562442,4.0
alt_uncorrected,4.877125107875866,4.877125107875866,4.0
