,Rseq_targets,Rseq_hits,Rfrequency
true_Rseq,4.376815530820759,4.376815530820759,4.0
alt_corrected,4.23537190610007,4.23537190610007,4.0
alt_corrected_unif,4.272528741260398,4.272528741260398,4.0
alt_uncorrected,5.144006421573823,5.144006421573823,4.0
