,Rseq_targets,Rseq_hits,Rfrequency
true_Rseq,4.540881416679955,4.540881416679955,4.0
alt_corrected,4.383433293289297,4.383433293289297,4.0
alt_corrected_unif,4.445192548330816,4.445192548330816,4.0
alt_uncorrected,5.31667022864424,5.31667022864424,4.0
