,Rseq_targets,Rseq_hits,Rfrequency
true_Rseq,4.00219384077824,4.00219384077824,4.0
alt_corrected,3.98376202146876,3.98376202146876,4.0
alt_corrected_unif,4.020918856629075,4.020918856629075,4.0
alt_uncorrected,4.892396536942499,4.892396536942499,4.0
