,Rseq_targets,Rseq_hits,Rfrequency
true_Rseq,4.603894928501782,4.603894928501782,4.0
alt_corrected,4.638762402035395,4.638762402035395,4.0
alt_corrected_unif,4.6458813789113975,4.6458813789113975,4.0
alt_uncorrected,5.517359059224822,5.517359059224822,4.0
