,Rseq_targets,Rseq_hits,Rfrequency
true_Rseq,3.4141879323656106,3.4141879323656106,4.0
alt_corrected,3.4368857310922363,3.4368857310922363,4.0
alt_corrected_unif,3.4473482894389647,3.4473482894389647,4.0
alt_uncorrected,4.318825969752389,4.318825969752389,4.0
