,Rseq_targets,Rseq_hits,Rfrequency
true_Rseq,3.9135484080962843,3.9135484080962843,4.0
alt_corrected,3.919667402806907,3.919667402806907,4.0
alt_corrected_unif,3.9949196465024737,3.9949196465024737,4.0
alt_uncorrected,4.866397326815898,4.866397326815898,4.0
