,Rseq_targets,Rseq_hits,Rfrequency
true_Rseq,4.118825037361996,4.118825037361996,4.0
alt_corrected,3.8943166385829486,3.8943166385829486,4.0
alt_corrected_unif,3.9715777239814503,3.9715777239814503,4.0
alt_uncorrected,4.843055404294875,4.843055404294875,4.0
