,Rseq_targets,Rseq_hits,Rfrequency
true_Rseq,4.6719562509119985,4.6719562509119985,4.0
alt_corrected,4.718689331973694,4.718689331973694,4.0
alt_corrected_unif,4.780046447485267,4.780046447485267,4.0
alt_uncorrected,5.651524127798691,5.651524127798691,4.0
