,Rseq_targets,Rseq_hits,Rfrequency
true_Rseq,4.2203275220974295,4.2203275220974295,4.0
alt_corrected,3.9959727721435057,3.9959727721435057,4.0
alt_corrected_unif,4.0626374651092085,4.0626374651092085,4.0
alt_uncorrected,4.934115145422632,4.934115145422632,4.0
