,Rseq_targets,Rseq_hits,Rfrequency
true_Rseq,4.346828579866103,4.346828579866103,4.0
alt_corrected,4.454787487754071,4.454787487754071,4.0
alt_corrected_unif,4.483070468839669,4.483070468839669,4.0
alt_uncorrected,5.354548149153093,5.354548149153093,4.0
