,Rseq_targets,Rseq_hits,Rfrequency
true_Rseq,3.4707282260619383,3.4707282260619383,4.0
alt_corrected,3.502782579913784,3.502782579913784,4.0
alt_corrected_unif,3.5597475310789153,3.5597475310789153,4.0
alt_uncorrected,4.43122521139234,4.43122521139234,4.0
