,Rseq_targets,Rseq_hits,Rfrequency
true_Rseq,3.648405462271299,3.648405462271299,4.0
alt_corrected,3.8064283090440543,3.8064283090440543,4.0
alt_corrected_unif,3.8506541240654566,3.8506541240654566,4.0
alt_uncorrected,4.722131804378881,4.722131804378881,4.0
