,Rseq_targets,Rseq_hits,Rfrequency
true_Rseq,4.123865111827165,4.123865111827165,4.0
alt_corrected,4.3454085109663065,4.3454085109663065,4.0
alt_corrected_unif,4.387895628953137,4.387895628953137,4.0
alt_uncorrected,5.259373309266562,5.259373309266562,4.0
