,Rseq_targets,Rseq_hits,Rfrequency
true_Rseq,4.411608368841133,4.411608368841133,4.0
alt_corrected,4.345026696067649,4.345026696067649,4.0
alt_corrected_unif,4.354267382919419,4.354267382919419,4.0
alt_uncorrected,5.225745063232844,5.225745063232844,4.0
