,Rseq_targets,Rseq_hits,Rfrequency
true_Rseq,4.169572422840452,4.169572422840452,4.0
alt_corrected,4.111254224913621,4.111254224913621,4.0
alt_corrected_unif,4.124842543863638,4.124842543863638,4.0
alt_uncorrected,4.996320224177062,4.996320224177062,4.0
