,Rseq_targets,Rseq_hits,Rfrequency
true_Rseq,4.989181444123076,4.989181444123076,4.0
alt_corrected,4.621931491512406,4.621931491512406,4.0
alt_corrected_unif,4.781623980858781,4.781623980858781,4.0
alt_uncorrected,5.6531016611722045,5.6531016611722045,4.0
