,Rseq_targets,Rseq_hits,Rfrequency
true_Rseq,4.500173584982689,4.500173584982689,4.0
alt_corrected,4.354628659355133,4.354628659355133,4.0
alt_corrected_unif,4.402284280983297,4.402284280983297,4.0
alt_uncorrected,5.273761961296721,5.273761961296721,4.0
