,Rseq_targets,Rseq_hits,Rfrequency
true_Rseq,3.5603837542312915,3.5603837542312915,4.0
alt_corrected,3.8637900940294587,3.8637900940294587,4.0
alt_corrected_unif,3.9325761236417818,3.9325761236417818,4.0
alt_uncorrected,4.804053803955206,4.804053803955206,4.0
