,Rseq_targets,Rseq_hits,Rfrequency
true_Rseq,0.7027251562960029,2.800162629576766,4.0
alt_corrected,0.611230765230864,2.670509926377035,4.0
alt_corrected_unif,0.8903760012144182,2.9496551623605893,4.0
alt_uncorrected,1.7618536815278425,3.8211328426740137,4.0
