,Rseq_targets,Rseq_hits,Rfrequency
true_Rseq,3.728386045345287,3.728386045345287,4.0
alt_corrected,3.6782184955389168,3.6782184955389168,4.0
alt_corrected_unif,3.6864152527511815,3.6864152527511815,4.0
alt_uncorrected,4.557892933064606,4.557892933064606,4.0
