,Rseq_targets,Rseq_hits,Rfrequency
true_Rseq,4.14492799533971,4.14492799533971,4.0
alt_corrected,4.185785624789057,4.185785624789057,4.0
alt_corrected_unif,4.192378532072528,4.192378532072528,4.0
alt_uncorrected,5.063856212385953,5.063856212385953,4.0
