,Rseq_targets,Rseq_hits,Rfrequency
true_Rseq,4.584674559642661,4.584674559642661,4.0
alt_corrected,4.118862977494954,4.118862977494954,4.0
alt_corrected_unif,4.25789063713251,4.25789063713251,4.0
alt_uncorrected,5.129368317445934,5.129368317445934,4.0
