,Rseq_targets,Rseq_hits,Rfrequency
true_Rseq,3.9532799532794707,3.9532799532794707,4.0
alt_corrected,3.9561842966061076,3.9561842966061076,4.0
alt_corrected_unif,4.019557310933987,4.019557310933987,4.0
alt_uncorrected,4.891034991247411,4.891034991247411,4.0
