,Rseq_targets,Rseq_hits,Rfrequency
true_Rseq,4.707845029904854,4.707845029904854,4.0
alt_corrected,4.620462265064349,4.620462265064349,4.0
alt_corrected_unif,4.706111424196278,4.706111424196278,4.0
alt_uncorrected,5.577589104509702,5.577589104509702,4.0
