,Rseq_targets,Rseq_hits,Rfrequency
true_Rseq,4.117003475138362,4.117003475138362,4.0
alt_corrected,4.1083365439269945,4.1083365439269945,4.0
alt_corrected_unif,4.116444629740332,4.116444629740332,4.0
alt_uncorrected,4.987922310053756,4.987922310053756,4.0
