,Rseq_targets,Rseq_hits,Rfrequency
true_Rseq,3.89103895330821,3.89103895330821,4.0
alt_corrected,4.071864854256085,4.071864854256085,4.0
alt_corrected_unif,4.2214444591449745,4.2214444591449745,4.0
alt_uncorrected,5.092922139458398,5.092922139458398,4.0
