,Rseq_targets,Rseq_hits,Rfrequency
true_Rseq,4.233181074422181,4.233181074422181,4.0
alt_corrected,4.117205911805478,4.117205911805478,4.0
alt_corrected_unif,4.128076621567642,4.128076621567642,4.0
alt_uncorrected,4.999554301881066,4.999554301881066,4.0
