,Rseq_targets,Rseq_hits,Rfrequency
true_Rseq,3.9561634655976157,3.9561634655976157,4.0
alt_corrected,4.042573088492807,4.042573088492807,4.0
alt_corrected_unif,4.071594249001423,4.071594249001423,4.0
alt_uncorrected,4.943071929314847,4.943071929314847,4.0
