,Rseq_targets,Rseq_hits,Rfrequency
true_Rseq,4.270288064834513,4.270288064834513,4.0
alt_corrected,4.317098350597526,4.317098350597526,4.0
alt_corrected_unif,4.32756090894428,4.32756090894428,4.0
alt_uncorrected,5.199038589257704,5.199038589257704,4.0
