,Rseq_targets,Rseq_hits,Rfrequency
true_Rseq,3.622221357217102,3.622221357217102,4.0
alt_corrected,3.6475802759112517,3.6475802759112517,4.0
alt_corrected_unif,3.656820962763009,3.656820962763009,4.0
alt_uncorrected,4.528298643076433,4.528298643076433,4.0
