,Rseq_targets,Rseq_hits,Rfrequency
true_Rseq,3.846750079748764,3.846750079748764,4.0
alt_corrected,3.814718236145271,3.814718236145271,4.0
alt_corrected_unif,3.8650334366141723,3.8650334366141723,4.0
alt_uncorrected,4.736511116927597,4.736511116927597,4.0
