,Rseq_targets,Rseq_hits,Rfrequency
true_Rseq,3.1777970939718916,3.1777970939718916,4.0
alt_corrected,3.0346492042515036,3.0346492042515036,4.0
alt_corrected_unif,3.112032988509294,3.112032988509294,4.0
alt_uncorrected,3.9835106688227184,3.9835106688227184,4.0
