,Rseq_targets,Rseq_hits,Rfrequency
true_Rseq,4.325299932022903,4.325299932022903,4.0
alt_corrected,4.201028298595071,4.201028298595071,4.0
alt_corrected_unif,4.2263571669698585,4.2263571669698585,4.0
alt_uncorrected,5.097834847283283,5.097834847283283,4.0
