,Rseq_targets,Rseq_hits,Rfrequency
true_Rseq,4.1491303510983,4.1491303510983,4.0
alt_corrected,3.967662794285364,3.967662794285364,4.0
alt_corrected_unif,4.054717846231014,4.054717846231014,4.0
alt_uncorrected,4.926195526544438,4.926195526544438,4.0
