,Rseq_targets,Rseq_hits,Rfrequency
true_Rseq,4.175386957771412,4.175386957771412,4.0
alt_corrected,4.277090790984108,4.277090790984108,4.0
alt_corrected_unif,4.411654138698818,4.411654138698818,4.0
alt_uncorrected,5.283131819012242,5.283131819012242,4.0
