,Rseq_targets,Rseq_hits,Rfrequency
true_Rseq,4.516761520409389,4.516761520409389,4.0
alt_corrected,4.291172458981482,4.291172458981482,4.0
alt_corrected_unif,4.412437563045476,4.412437563045476,4.0
alt_uncorrected,5.2839152433589005,5.2839152433589005,4.0
