,Rseq_targets,Rseq_hits,Rfrequency
true_Rseq,3.6560614875415993,3.6560614875415993,4.0
alt_corrected,3.5859204953773736,3.5859204953773736,4.0
alt_corrected_unif,3.6005365658625093,3.6005365658625093,4.0
alt_uncorrected,4.472014246175934,4.472014246175934,4.0
