,Rseq_targets,Rseq_hits,Rfrequency
true_Rseq,4.266707168564114,4.266707168564114,4.0
alt_corrected,4.295050140569549,4.295050140569549,4.0
alt_corrected_unif,4.315065768346388,4.315065768346388,4.0
alt_uncorrected,5.186543448659813,5.186543448659813,4.0
