,Rseq_targets,Rseq_hits,Rfrequency
true_Rseq,4.523986976970736,4.523986976970736,4.0
alt_corrected,4.312483291210766,4.312483291210766,4.0
alt_corrected_unif,4.354602921401707,4.354602921401707,4.0
alt_uncorrected,5.226080601715132,5.226080601715132,4.0
