,Rseq_targets,Rseq_hits,Rfrequency
true_Rseq,3.7917481153078976,3.7917481153078976,4.0
alt_corrected,3.707184186850864,3.707184186850864,4.0
alt_corrected_unif,3.7175370365660796,3.7175370365660796,4.0
alt_uncorrected,4.589014716879504,4.589014716879504,4.0
