,Rseq_targets,Rseq_hits,Rfrequency
true_Rseq,3.9751233332270015,3.9751233332270015,4.0
alt_corrected,3.770971751514804,3.770971751514804,4.0
alt_corrected_unif,3.862694503041873,3.862694503041873,4.0
alt_uncorrected,4.734172183355297,4.734172183355297,4.0
