,Rseq_targets,Rseq_hits,Rfrequency
true_Rseq,4.573929855767833,4.573929855767833,4.0
alt_corrected,4.58570981665624,4.58570981665624,4.0
alt_corrected_unif,4.621094104249698,4.621094104249698,4.0
alt_uncorrected,5.492571784563122,5.492571784563122,4.0
