,Rseq_targets,Rseq_hits,Rfrequency
true_Rseq,4.284462245285482,4.284462245285482,4.0
alt_corrected,4.229064888395573,4.229064888395573,4.0
alt_corrected_unif,4.252376302835302,4.252376302835302,4.0
alt_uncorrected,5.123853983148726,5.123853983148726,4.0
