,Rseq_targets,Rseq_hits,Rfrequency
true_Rseq,4.149933980385779,4.149933980385779,4.0
alt_corrected,4.195744365978331,4.195744365978331,4.0
alt_corrected_unif,4.242068006019217,4.242068006019217,4.0
alt_uncorrected,5.113545686332641,5.113545686332641,4.0
