,Rseq_targets,Rseq_hits,Rfrequency
true_Rseq,3.9987849711499717,3.9987849711499717,4.0
alt_corrected,3.773053436992691,3.773053436992691,4.0
alt_corrected_unif,3.9350884063019653,3.9350884063019653,4.0
alt_uncorrected,4.80656608661539,4.80656608661539,4.0
