,Rseq_targets,Rseq_hits,Rfrequency
true_Rseq,4.1043896860975835,4.1043896860975835,4.0
alt_corrected,3.7337401527395153,3.7337401527395153,4.0
alt_corrected_unif,3.8110365138825544,3.8110365138825544,4.0
alt_uncorrected,4.682514194195979,4.682514194195979,4.0
