,Rseq_targets,Rseq_hits,Rfrequency
true_Rseq,4.06342244115513,4.06342244115513,4.0
alt_corrected,4.138177225643034,4.138177225643034,4.0
alt_corrected_unif,4.163986468265888,4.163986468265888,4.0
alt_uncorrected,5.035464148579313,5.035464148579313,4.0
