,Rseq_targets,Rseq_hits,Rfrequency
true_Rseq,3.5170835155360525,3.5170835155360525,4.0
alt_corrected,3.534448068832803,3.534448068832803,4.0
alt_corrected_unif,3.5545768642318225,3.5545768642318225,4.0
alt_uncorrected,4.426054544545247,4.426054544545247,4.0
