,Rseq_targets,Rseq_hits,Rfrequency
true_Rseq,4.7142944008271215,4.7142944008271215,4.0
alt_corrected,4.347274059305512,4.347274059305512,4.0
alt_corrected_unif,4.541539711849159,4.541539711849159,4.0
alt_uncorrected,5.413017392162584,5.413017392162584,4.0
