,Rseq_targets,Rseq_hits,Rfrequency
true_Rseq,4.234339873011722,4.234339873011722,4.0
alt_corrected,4.196793648022746,4.196793648022746,4.0
alt_corrected_unif,4.21038196697277,4.21038196697277,4.0
alt_uncorrected,5.081859647286195,5.081859647286195,4.0
