,Rseq_targets,Rseq_hits,Rfrequency
true_Rseq,4.404752880368353,4.404752880368353,4.0
alt_corrected,4.1219054763524685,4.1219054763524685,4.0
alt_corrected_unif,4.2120233419916655,4.2120233419916655,4.0
alt_uncorrected,5.08350102230509,5.08350102230509,4.0
