,Rseq_targets,Rseq_hits,Rfrequency
true_Rseq,4.245429942042991,4.245429942042991,4.0
alt_corrected,4.0452407472679806,4.0452407472679806,4.0
alt_corrected_unif,4.156197590531086,4.156197590531086,4.0
alt_uncorrected,5.027675270844511,5.027675270844511,4.0
