,Rseq_targets,Rseq_hits,Rfrequency
true_Rseq,4.136741278832739,4.136741278832739,4.0
alt_corrected,4.187538264314006,4.187538264314006,4.0
alt_corrected_unif,4.204933136852352,4.204933136852352,4.0
alt_uncorrected,5.076410817165776,5.076410817165776,4.0
