,Rseq_targets,Rseq_hits,Rfrequency
true_Rseq,4.647905974594983,4.647905974594983,4.0
alt_corrected,4.709567451374083,4.709567451374083,4.0
alt_corrected_unif,4.7643231501234045,4.7643231501234045,4.0
alt_uncorrected,5.635800830436828,5.635800830436828,4.0
