,Rseq_targets,Rseq_hits,Rfrequency
true_Rseq,3.9030529119773316,3.9030529119773316,4.0
alt_corrected,3.8745661873963213,3.8745661873963213,4.0
alt_corrected_unif,3.9041051200296892,3.9041051200296892,4.0
alt_uncorrected,4.7755828003431136,4.7755828003431136,4.0
