,Rseq_targets,Rseq_hits,Rfrequency
true_Rseq,3.722006569303119,3.722006569303119,4.0
alt_corrected,3.5424369680357035,3.5424369680357035,4.0
alt_corrected_unif,3.6008477159428467,3.6008477159428467,4.0
alt_uncorrected,4.472325396256271,4.472325396256271,4.0
