,Rseq_targets,Rseq_hits,Rfrequency
true_Rseq,4.0545534701980435,4.0545534701980435,4.0
alt_corrected,4.03059766283754,4.03059766283754,4.0
alt_corrected_unif,4.041060221184294,4.041060221184294,4.0
alt_uncorrected,4.912537901497719,4.912537901497719,4.0
