,Rseq_targets,Rseq_hits,Rfrequency
true_Rseq,4.687028242127239,4.687028242127239,4.0
alt_corrected,4.575632974512054,4.575632974512054,4.0
alt_corrected_unif,4.59922039047718,4.59922039047718,4.0
alt_uncorrected,5.470698070790604,5.470698070790604,4.0
