,Rseq_targets,Rseq_hits,Rfrequency
true_Rseq,3.9418242649151853,3.9418242649151853,4.0
alt_corrected,3.8967499584774723,3.8967499584774723,4.0
alt_corrected_unif,3.9550269370656417,3.9550269370656417,4.0
alt_uncorrected,4.826504617379066,4.826504617379066,4.0
