,Rseq_targets,Rseq_hits,Rfrequency
true_Rseq,4.784293153611541,4.784293153611541,4.0
alt_corrected,4.557135428727308,4.557135428727308,4.0
alt_corrected_unif,4.632156418477056,4.632156418477056,4.0
alt_uncorrected,5.503634098790481,5.503634098790481,4.0
