,Rseq_targets,Rseq_hits,Rfrequency
true_Rseq,4.8709810092211265,4.8709810092211265,4.0
alt_corrected,5.1364506870708,5.1364506870708,4.0
alt_corrected_unif,5.2129884573058405,5.2129884573058405,4.0
alt_uncorrected,6.084466137619265,6.084466137619265,4.0
