,Rseq_targets,Rseq_hits,Rfrequency
true_Rseq,4.230918648374285,4.230918648374285,4.0
alt_corrected,4.026247266595371,4.026247266595371,4.0
alt_corrected_unif,4.0875513307800215,4.0875513307800215,4.0
alt_uncorrected,4.959029011093446,4.959029011093446,4.0
