,Rseq_targets,Rseq_hits,Rfrequency
true_Rseq,4.1505009469719365,4.1505009469719365,4.0
alt_corrected,4.004980105922841,4.004980105922841,4.0
alt_corrected_unif,4.093655807298871,4.093655807298871,4.0
alt_uncorrected,4.965133487612295,4.965133487612295,4.0
