,Rseq_targets,Rseq_hits,Rfrequency
true_Rseq,4.435823966491515,4.435823966491515,4.0
alt_corrected,4.323791065637646,4.323791065637646,4.0
alt_corrected_unif,4.349119934012434,4.349119934012434,4.0
alt_uncorrected,5.220597614325858,5.220597614325858,4.0
