,Rseq_targets,Rseq_hits,Rfrequency
true_Rseq,4.071596321374658,4.071596321374658,4.0
alt_corrected,3.991942106588069,3.991942106588069,4.0
alt_corrected_unif,4.100859557850148,4.100859557850148,4.0
alt_uncorrected,4.972337238163572,4.972337238163572,4.0
