,Rseq_targets,Rseq_hits,Rfrequency
true_Rseq,3.971568051991948,3.971568051991948,4.0
alt_corrected,4.103916570046033,4.103916570046033,4.0
alt_corrected_unif,4.13347117339185,4.13347117339185,4.0
alt_uncorrected,5.004948853705274,5.004948853705274,4.0
