,Rseq_targets,Rseq_hits,Rfrequency
true_Rseq,4.839895749640425,4.839895749640425,4.0
alt_corrected,4.517367536131892,4.517367536131892,4.0
alt_corrected_unif,4.6252709548490945,4.6252709548490945,4.0
alt_uncorrected,5.496748635162518,5.496748635162518,4.0
