,Rseq_targets,Rseq_hits,Rfrequency
true_Rseq,4.429198419567834,4.429198419567834,4.0
alt_corrected,4.5100139669165245,4.5100139669165245,4.0
alt_corrected_unif,4.524457919027455,4.524457919027455,4.0
alt_uncorrected,5.395935599340879,5.395935599340879,4.0
