,Rseq_targets,Rseq_hits,Rfrequency
true_Rseq,3.3799103680546896,3.3799103680546896,4.0
alt_corrected,3.3561151287674647,3.3561151287674647,4.0
alt_corrected_unif,3.3664147541761102,3.3664147541761102,4.0
alt_uncorrected,4.237892434489535,4.237892434489535,4.0
