,Rseq_targets,Rseq_hits,Rfrequency
true_Rseq,4.415570535654677,4.415570535654677,4.0
alt_corrected,4.520666240318484,4.520666240318484,4.0
alt_corrected_unif,4.552967796900655,4.552967796900655,4.0
alt_uncorrected,5.424445477214079,5.424445477214079,4.0
