,Rseq_targets,Rseq_hits,Rfrequency
true_Rseq,4.194304027599713,4.194304027599713,4.0
alt_corrected,4.187235221981431,4.187235221981431,4.0
alt_corrected_unif,4.19424781463802,4.19424781463802,4.0
alt_uncorrected,5.065725494951444,5.065725494951444,4.0
