,Rseq_targets,Rseq_hits,Rfrequency
true_Rseq,3.486367231381884,3.486367231381884,4.0
alt_corrected,3.6855036906638077,3.6855036906638077,4.0
alt_corrected_unif,3.7428021459848746,3.7428021459848746,4.0
alt_uncorrected,4.614279826298299,4.614279826298299,4.0
