,Rseq_targets,Rseq_hits,Rfrequency
true_Rseq,4.383790217542908,4.383790217542908,4.0
alt_corrected,4.149172254781282,4.149172254781282,4.0
alt_corrected_unif,4.239084256518591,4.239084256518591,4.0
alt_uncorrected,5.110561936832016,5.110561936832016,4.0
