,Rseq_targets,Rseq_hits,Rfrequency
true_Rseq,4.305351039413639,4.305351039413639,4.0
alt_corrected,4.267488529405885,4.267488529405885,4.0
alt_corrected_unif,4.2962248837342845,4.2962248837342845,4.0
alt_uncorrected,5.167702564047708,5.167702564047708,4.0
