,Rseq_targets,Rseq_hits,Rfrequency
true_Rseq,4.011126991611045,4.011126991611045,4.0
alt_corrected,3.8634085236385465,3.8634085236385465,4.0
alt_corrected_unif,3.8974316026416287,3.8974316026416287,4.0
alt_uncorrected,4.768909282955053,4.768909282955053,4.0
