,Rseq_targets,Rseq_hits,Rfrequency
true_Rseq,4.546355731764094,4.546355731764094,4.0
alt_corrected,4.2709015645921955,4.2709015645921955,4.0
alt_corrected_unif,4.320200923602467,4.320200923602467,4.0
alt_uncorrected,5.191678603915891,5.191678603915891,4.0
