,Rseq_targets,Rseq_hits,Rfrequency
true_Rseq,4.161180083302503,4.161180083302503,4.0
alt_corrected,4.159195865657432,4.159195865657432,4.0
alt_corrected_unif,4.168436552509185,4.168436552509185,4.0
alt_uncorrected,5.039914232822609,5.039914232822609,4.0
