,Rseq_targets,Rseq_hits,Rfrequency
true_Rseq,4.380575042180402,4.380575042180402,4.0
alt_corrected,4.4573604858534885,4.4573604858534885,4.0
alt_corrected_unif,4.480664807171694,4.480664807171694,4.0
alt_uncorrected,5.352142487485118,5.352142487485118,4.0
