,Rseq_targets,Rseq_hits,Rfrequency
true_Rseq,3.0197604691678137,2.957285072928004,4.0
alt_corrected,3.1002009784515003,3.059568911581959,4.0
alt_corrected_unif,3.131091776933746,3.0904597100642044,4.0
alt_uncorrected,4.00256945724717,3.9619373903776287,4.0
