,Rseq_targets,Rseq_hits,Rfrequency
true_Rseq,4.5791645821206615,4.5791645821206615,4.0
alt_corrected,4.477102332757962,4.477102332757962,4.0
alt_corrected_unif,4.483553408729666,4.483553408729666,4.0
alt_uncorrected,5.35503108904309,5.35503108904309,4.0
