,Rseq_targets,Rseq_hits,Rfrequency
true_Rseq,4.5838074572778185,4.5838074572778185,4.0
alt_corrected,4.506343662459935,4.506343662459935,4.0
alt_corrected_unif,4.533550110559901,4.533550110559901,4.0
alt_uncorrected,5.405027790873325,5.405027790873325,4.0
