,Rseq_targets,Rseq_hits,Rfrequency
true_Rseq,4.11408972544767,4.11408972544767,4.0
alt_corrected,4.1658778787198845,4.1658778787198845,4.0
alt_corrected_unif,4.21676129619102,4.21676129619102,4.0
alt_uncorrected,5.088238976504445,5.088238976504445,4.0
