,Rseq_targets,Rseq_hits,Rfrequency
true_Rseq,3.949268401934134,3.949268401934134,4.0
alt_corrected,3.891060355732981,3.891060355732981,4.0
alt_corrected_unif,3.918250033468087,3.918250033468087,4.0
alt_uncorrected,4.789727713781511,4.789727713781511,4.0
