,Rseq_targets,Rseq_hits,Rfrequency
true_Rseq,4.090279961768578,4.090279961768578,4.0
alt_corrected,3.97611819109212,3.97611819109212,4.0
alt_corrected_unif,4.063371074104605,4.063371074104605,4.0
alt_uncorrected,4.934848754418029,4.934848754418029,4.0
