,Rseq_targets,Rseq_hits,Rfrequency
true_Rseq,4.150275913869912,4.150275913869912,4.0
alt_corrected,4.0639741301392265,4.0639741301392265,4.0
alt_corrected_unif,4.0794153482533595,4.0794153482533595,4.0
alt_uncorrected,4.950893028566784,4.950893028566784,4.0
