,Rseq_targets,Rseq_hits,Rfrequency
true_Rseq,4.180054914719017,4.180054914719017,4.0
alt_corrected,4.018634611076983,4.018634611076983,4.0
alt_corrected_unif,4.127552062339053,4.127552062339053,4.0
alt_uncorrected,4.999029742652477,4.999029742652477,4.0
