,Rseq_targets,Rseq_hits,Rfrequency
true_Rseq,3.886321194783866,3.886321194783866,4.0
alt_corrected,3.8720546099304562,3.8720546099304562,4.0
alt_corrected_unif,3.8747711340060405,3.8747711340060405,4.0
alt_uncorrected,4.746248814319465,4.746248814319465,4.0
