,Rseq_targets,Rseq_hits,Rfrequency
true_Rseq,3.9729186164958605,3.9729186164958605,4.0
alt_corrected,3.9818607696823207,3.9818607696823207,4.0
alt_corrected_unif,4.0298248413518944,4.0298248413518944,4.0
alt_uncorrected,4.901302521665318,4.901302521665318,4.0
