,Rseq_targets,Rseq_hits,Rfrequency
true_Rseq,4.257639122964902,4.257639122964902,4.0
alt_corrected,4.264998103726691,4.264998103726691,4.0
alt_corrected_unif,4.275194540421369,4.275194540421369,4.0
alt_uncorrected,5.146672220734794,5.146672220734794,4.0
