,Rseq_targets,Rseq_hits,Rfrequency
true_Rseq,3.9551553062312044,3.9551553062312044,4.0
alt_corrected,3.7252351317025454,3.7252351317025454,4.0
alt_corrected_unif,3.794890648629685,3.794890648629685,4.0
alt_uncorrected,4.6663683289431095,4.6663683289431095,4.0
