,Rseq_targets,Rseq_hits,Rfrequency
true_Rseq,3.8742341759575556,3.8742341759575556,4.0
alt_corrected,3.868220829922515,3.868220829922515,4.0
alt_corrected_unif,3.8753398067985256,3.8753398067985256,4.0
alt_uncorrected,4.74681748711195,4.74681748711195,4.0
