,Rseq_targets,Rseq_hits,Rfrequency
true_Rseq,3.9659623484778574,3.9659623484778574,4.0
alt_corrected,3.883348373085403,3.883348373085403,4.0
alt_corrected_unif,3.9263544261890124,3.9263544261890124,4.0
alt_uncorrected,4.797832106502437,4.797832106502437,4.0
