,Rseq_targets,Rseq_hits,Rfrequency
true_Rseq,4.576459053180591,4.576459053180591,4.0
alt_corrected,4.560475596524579,4.560475596524579,4.0
alt_corrected_unif,4.603630501479062,4.603630501479062,4.0
alt_uncorrected,5.475108181792486,5.475108181792486,4.0
