,Rseq_targets,Rseq_hits,Rfrequency
true_Rseq,4.18108861915733,4.18108861915733,4.0
alt_corrected,4.218317103152952,4.218317103152952,4.0
alt_corrected_unif,4.250027511077938,4.250027511077938,4.0
alt_uncorrected,5.121505191391362,5.121505191391362,4.0
