,Rseq_targets,Rseq_hits,Rfrequency
true_Rseq,4.372124559287384,4.372124559287384,4.0
alt_corrected,4.379819027802034,4.379819027802034,4.0
alt_corrected_unif,4.380362278384617,4.380362278384617,4.0
alt_uncorrected,5.25183995869804,5.25183995869804,4.0
