,Rseq_targets,Rseq_hits,Rfrequency
true_Rseq,4.23331212147663,4.23331212147663,4.0
alt_corrected,4.159291035993048,4.159291035993048,4.0
alt_corrected_unif,4.1739071064781665,4.1739071064781665,4.0
alt_uncorrected,5.045384786791591,5.045384786791591,4.0
