,Rseq_targets,Rseq_hits,Rfrequency
true_Rseq,4.175596234709275,4.175596234709275,4.0
alt_corrected,4.036080443410405,4.036080443410405,4.0
alt_corrected_unif,4.15939071034823,4.15939071034823,4.0
alt_uncorrected,5.030868390661654,5.030868390661654,4.0
