,Rseq_targets,Rseq_hits,Rfrequency
true_Rseq,4.274379017609899,4.274379017609899,4.0
alt_corrected,4.2991228053442825,4.2991228053442825,4.0
alt_corrected_unif,4.362275709495876,4.362275709495876,4.0
alt_uncorrected,5.2337533898093005,5.2337533898093005,4.0
