,Rseq_targets,Rseq_hits,Rfrequency
true_Rseq,3.606629072152005,3.606629072152005,4.0
alt_corrected,3.7012428396544053,3.7012428396544053,4.0
alt_corrected_unif,3.7399063618243518,3.7399063618243518,4.0
alt_uncorrected,4.611384042137776,4.611384042137776,4.0
