,Rseq_targets,Rseq_hits,Rfrequency
true_Rseq,4.333904986545328,4.333904986545328,4.0
alt_corrected,4.305713360164901,4.305713360164901,4.0
alt_corrected_unif,4.325148030419822,4.325148030419822,4.0
alt_uncorrected,5.196625710733246,5.196625710733246,4.0
