,Rseq_targets,Rseq_hits,Rfrequency
true_Rseq,3.3510361107637916,3.3510361107637916,4.0
alt_corrected,3.285947893420404,3.285947893420404,4.0
alt_corrected_unif,3.4314073179226923,3.4314073179226923,4.0
alt_uncorrected,4.302884998236117,4.302884998236117,4.0
