,Rseq_targets,Rseq_hits,Rfrequency
true_Rseq,4.211919083049862,4.211919083049862,4.0
alt_corrected,4.197661145561058,4.197661145561058,4.0
alt_corrected_unif,4.238212084338318,4.238212084338318,4.0
alt_uncorrected,5.109689764651742,5.109689764651742,4.0
