,Rseq_targets,Rseq_hits,Rfrequency
true_Rseq,3.935959624074796,3.935959624074796,4.0
alt_corrected,3.8786580521778764,3.8786580521778764,4.0
alt_corrected_unif,3.9079862102535983,3.9079862102535983,4.0
alt_uncorrected,4.779463890567023,4.779463890567023,4.0
