,Rseq_targets,Rseq_hits,Rfrequency
true_Rseq,3.8627289973938543,3.8627289973938543,4.0
alt_corrected,4.07675599685039,4.07675599685039,4.0
alt_corrected_unif,4.14591985898846,4.14591985898846,4.0
alt_uncorrected,5.017397539301884,5.017397539301884,4.0
