,Rseq_targets,Rseq_hits,Rfrequency
true_Rseq,4.454436169761355,4.454436169761355,4.0
alt_corrected,4.504547121823897,4.504547121823897,4.0
alt_corrected_unif,4.566763919669894,4.566763919669894,4.0
alt_uncorrected,5.438241599983319,5.438241599983319,4.0
