,Rseq_targets,Rseq_hits,Rfrequency
true_Rseq,4.542817031778009,4.542817031778009,4.0
alt_corrected,4.466618728667143,4.466618728667143,4.0
alt_corrected_unif,4.486634356443982,4.486634356443982,4.0
alt_uncorrected,5.358112036757406,5.358112036757406,4.0
