,Rseq_targets,Rseq_hits,Rfrequency
true_Rseq,4.145038861274634,4.145038861274634,4.0
alt_corrected,4.167774201201809,4.167774201201809,4.0
alt_corrected_unif,4.19459549000614,4.19459549000614,4.0
alt_uncorrected,5.066073170319564,5.066073170319564,4.0
