,Rseq_targets,Rseq_hits,Rfrequency
true_Rseq,2.9700749192532534,2.9700749192532534,4.0
alt_corrected,2.920754844555097,2.920754844555097,4.0
alt_corrected_unif,3.0249846742343602,3.0249846742343602,4.0
alt_uncorrected,3.8964623545477846,3.8964623545477846,4.0
