,Rseq_targets,Rseq_hits,Rfrequency
true_Rseq,4.05755294294943,4.05755294294943,4.0
alt_corrected,4.142332801689616,4.142332801689616,4.0
alt_corrected_unif,4.150529558901878,4.150529558901878,4.0
alt_uncorrected,5.022007239215303,5.022007239215303,4.0
