,Rseq_targets,Rseq_hits,Rfrequency
true_Rseq,4.280441018144485,4.280441018144485,4.0
alt_corrected,4.182161262243731,4.182161262243731,4.0
alt_corrected_unif,4.203070496828079,4.203070496828079,4.0
alt_uncorrected,5.074548177141503,5.074548177141503,4.0
