,Rseq_targets,Rseq_hits,Rfrequency
true_Rseq,4.880264963586978,4.880264963586978,4.0
alt_corrected,5.104739245626144,5.104739245626144,4.0
alt_corrected_unif,5.164922190341915,5.164922190341915,4.0
alt_uncorrected,6.036399870655339,6.036399870655339,4.0
