,Rseq_targets,Rseq_hits,Rfrequency
true_Rseq,4.262704778200632,4.262704778200632,4.0
alt_corrected,4.306627563801317,4.306627563801317,4.0
alt_corrected_unif,4.323672631844232,4.323672631844232,4.0
alt_uncorrected,5.195150312157656,5.195150312157656,4.0
