,Rseq_targets,Rseq_hits,Rfrequency
true_Rseq,4.076163884452865,4.076163884452865,4.0
alt_corrected,4.099956779240381,4.099956779240381,4.0
alt_corrected_unif,4.114572849725505,4.114572849725505,4.0
alt_uncorrected,4.986050530038929,4.986050530038929,4.0
