,Rseq_targets,Rseq_hits,Rfrequency
true_Rseq,3.4525922729393077,3.4525922729393077,4.0
alt_corrected,3.441378325296853,3.441378325296853,4.0
alt_corrected_unif,3.4515747619915156,3.4515747619915156,4.0
alt_uncorrected,4.32305244230494,4.32305244230494,4.0
