,Rseq_targets,Rseq_hits,Rfrequency
true_Rseq,3.8475224242127766,3.8475224242127766,4.0
alt_corrected,3.7233531617261053,3.7233531617261053,4.0
alt_corrected_unif,3.760412833967259,3.760412833967259,4.0
alt_uncorrected,4.631890514280683,4.631890514280683,4.0
