,Rseq_targets,Rseq_hits,Rfrequency
true_Rseq,4.192697077739885,4.192697077739885,4.0
alt_corrected,4.317754934436948,4.317754934436948,4.0
alt_corrected_unif,4.435008162183184,4.435008162183184,4.0
alt_uncorrected,5.306485842496609,5.306485842496609,4.0
