,Rseq_targets,Rseq_hits,Rfrequency
true_Rseq,3.1342859785283252,2.8989111215148498,4.0
alt_corrected,3.216729858429403,3.027679194516982,4.0
alt_corrected_unif,3.2871197379705204,3.0980690740580994,4.0
alt_uncorrected,4.158597418283945,3.9695467543715237,4.0
