,Rseq_targets,Rseq_hits,Rfrequency
true_Rseq,4.367155177454199,4.367155177454199,4.0
alt_corrected,4.250592798956395,4.250592798956395,4.0
alt_corrected_unif,4.267587838198178,4.267587838198178,4.0
alt_uncorrected,5.139065518511602,5.139065518511602,4.0
