,Rseq_targets,Rseq_hits,Rfrequency
true_Rseq,1.6499135439542378,3.0363959507802516,4.0
alt_corrected,1.6326306555354129,2.991511386876554,4.0
alt_corrected_unif,1.681850362847527,3.040731094188668,4.0
alt_uncorrected,2.5533280431609513,3.9122087745020924,4.0
