,Rseq_targets,Rseq_hits,Rfrequency
true_Rseq,3.9930597667170193,3.9930597667170193,4.0
alt_corrected,3.8644787411127957,3.8644787411127957,4.0
alt_corrected_unif,3.8968434924265822,3.8968434924265822,4.0
alt_uncorrected,4.7683211727400066,4.7683211727400066,4.0
