,Rseq_targets,Rseq_hits,Rfrequency
true_Rseq,0.47949699994535777,3.0829854778856873,4.0
alt_corrected,0.6884054094964012,3.3247018769098493,4.0
alt_corrected_unif,0.8253346275391427,3.461631094952591,4.0
alt_uncorrected,1.696812307852567,4.333108775266015,4.0
