,Rseq_targets,Rseq_hits,Rfrequency
true_Rseq,3.5166484867027634,3.3641521606337044,4.0
alt_corrected,3.4469653551558608,3.3471520001415875,4.0
alt_corrected_unif,3.4986921348110385,3.3988787797967652,4.0
alt_uncorrected,4.370169815124463,4.2703564601101895,4.0
