,Rseq_targets,Rseq_hits,Rfrequency
true_Rseq,3.8600636107086155,3.8600636107086155,4.0
alt_corrected,3.8070046138131857,3.8070046138131857,4.0
alt_corrected_unif,3.82162068429832,3.82162068429832,4.0
alt_uncorrected,4.693098364611744,4.693098364611744,4.0
