,Rseq_targets,Rseq_hits,Rfrequency
true_Rseq,4.300105521018001,4.300105521018001,4.0
alt_corrected,4.150795645641114,4.150795645641114,4.0
alt_corrected_unif,4.182679439581513,4.182679439581513,4.0
alt_uncorrected,5.054157119894937,5.054157119894937,4.0
