,Rseq_targets,Rseq_hits,Rfrequency
true_Rseq,4.516358596123695,4.516358596123695,4.0
alt_corrected,4.290371549829246,4.290371549829246,4.0
alt_corrected_unif,4.363159347277225,4.363159347277225,4.0
alt_uncorrected,5.234637027590649,5.234637027590649,4.0
