,Rseq_targets,Rseq_hits,Rfrequency
true_Rseq,4.574728631920806,4.574728631920806,4.0
alt_corrected,4.212735939109873,4.212735939109873,4.0
alt_corrected_unif,4.346544893307469,4.346544893307469,4.0
alt_uncorrected,5.2180225736208925,5.2180225736208925,4.0
