,Rseq_targets,Rseq_hits,Rfrequency
true_Rseq,3.993678791276338,3.993678791276338,4.0
alt_corrected,3.7526312613723167,3.7526312613723167,4.0
alt_corrected_unif,3.880005808155763,3.880005808155763,4.0
alt_uncorrected,4.751483488469187,4.751483488469187,4.0
