,Rseq_targets,Rseq_hits,Rfrequency
true_Rseq,3.650435739343912,3.650435739343912,4.0
alt_corrected,3.452016077545024,3.452016077545024,4.0
alt_corrected_unif,3.6024987111719926,3.6024987111719926,4.0
alt_uncorrected,4.473976391485417,4.473976391485417,4.0
