,Rseq_targets,Rseq_hits,Rfrequency
true_Rseq,4.682427441993776,4.682427441993776,4.0
alt_corrected,4.422686768649696,4.422686768649696,4.0
alt_corrected_unif,4.631448694099488,4.631448694099488,4.0
alt_uncorrected,5.502926374412913,5.502926374412913,4.0
