,Rseq_targets,Rseq_hits,Rfrequency
true_Rseq,3.4862448848698353,3.4862448848698353,4.0
alt_corrected,3.5225221512672005,3.5225221512672005,4.0
alt_corrected_unif,3.6482066585065556,3.6482066585065556,4.0
alt_uncorrected,4.51968433881998,4.51968433881998,4.0
