,Rseq_targets,Rseq_hits,Rfrequency
true_Rseq,5.056432983262532,5.056432983262532,4.0
alt_corrected,4.6882713245436785,4.6882713245436785,4.0
alt_corrected_unif,4.866774951622688,4.866774951622688,4.0
alt_uncorrected,5.738252631936112,5.738252631936112,4.0
