,Rseq_targets,Rseq_hits,Rfrequency
true_Rseq,3.683461446003202,3.683461446003202,4.0
alt_corrected,3.5633485020199607,3.5633485020199607,4.0
alt_corrected_unif,3.6227562481488724,3.6227562481488724,4.0
alt_uncorrected,4.494233928462297,4.494233928462297,4.0
