,Rseq_targets,Rseq_hits,Rfrequency
true_Rseq,4.180388187140316,4.180388187140316,4.0
alt_corrected,4.243382581596317,4.243382581596317,4.0
alt_corrected_unif,4.250395174252898,4.250395174252898,4.0
alt_uncorrected,5.121872854566322,5.121872854566322,4.0
