,Rseq_targets,Rseq_hits,Rfrequency
true_Rseq,4.385035693415258,4.385035693415258,4.0
alt_corrected,4.367311182761881,4.367311182761881,4.0
alt_corrected_unif,4.391385350341032,4.391385350341032,4.0
alt_uncorrected,5.262863030654456,5.262863030654456,4.0
