,Rseq_targets,Rseq_hits,Rfrequency
true_Rseq,4.035332385475235,4.035332385475235,4.0
alt_corrected,3.8926486240882374,3.8926486240882374,4.0
alt_corrected_unif,3.91129205753808,3.91129205753808,4.0
alt_uncorrected,4.782769737851504,4.782769737851504,4.0
