,Rseq_targets,Rseq_hits,Rfrequency
true_Rseq,4.701882209406177,4.701882209406177,4.0
alt_corrected,4.634018354326491,4.634018354326491,4.0
alt_corrected_unif,4.641137331202497,4.641137331202497,4.0
alt_uncorrected,5.512615011515921,5.512615011515921,4.0
