,Rseq_targets,Rseq_hits,Rfrequency
true_Rseq,5.179649721716392,5.179649721716392,4.0
alt_corrected,4.826882848054259,4.826882848054259,4.0
alt_corrected_unif,4.905944740046857,4.905944740046857,4.0
alt_uncorrected,5.777422420360281,5.777422420360281,4.0
