,Rseq_targets,Rseq_hits,Rfrequency
true_Rseq,4.056887136529866,4.056887136529866,4.0
alt_corrected,3.7551231223599335,3.7551231223599335,4.0
alt_corrected_unif,3.8510380542924287,3.8510380542924287,4.0
alt_uncorrected,4.722515734605853,4.722515734605853,4.0
