,Rseq_targets,Rseq_hits,Rfrequency
true_Rseq,3.801589306826024,3.801589306826024,4.0
alt_corrected,3.8034138442771668,3.8034138442771668,4.0
alt_corrected_unif,3.8218995658255763,3.8218995658255763,4.0
alt_uncorrected,4.693377246139001,4.693377246139001,4.0
