,Rseq_targets,Rseq_hits,Rfrequency
true_Rseq,4.121308294729046,4.121308294729046,4.0
alt_corrected,4.029031084305907,4.029031084305907,4.0
alt_corrected_unif,4.055532058859768,4.055532058859768,4.0
alt_uncorrected,4.927009739173192,4.927009739173192,4.0
