,Rseq_targets,Rseq_hits,Rfrequency
true_Rseq,4.0812299499239035,4.0812299499239035,4.0
alt_corrected,3.867755121154403,3.867755121154403,4.0
alt_corrected_unif,3.967038943867236,3.967038943867236,4.0
alt_uncorrected,4.83851662418066,4.83851662418066,4.0
