,Rseq_targets,Rseq_hits,Rfrequency
true_Rseq,4.140105540227958,4.140105540227958,4.0
alt_corrected,4.104474537030081,4.104474537030081,4.0
alt_corrected_unif,4.142817328314596,4.142817328314596,4.0
alt_uncorrected,5.01429500862802,5.01429500862802,4.0
