,Rseq_targets,Rseq_hits,Rfrequency
true_Rseq,4.232941710986145,4.232941710986145,4.0
alt_corrected,3.8593034968058086,3.8593034968058086,4.0
alt_corrected_unif,3.9566513387615703,3.9566513387615703,4.0
alt_uncorrected,4.828129019074995,4.828129019074995,4.0
