,Rseq_targets,Rseq_hits,Rfrequency
true_Rseq,-0.21947508375730074,3.320593310501108,4.0
alt_corrected,-0.12664270374357822,3.9283460070064877,4.0
alt_corrected_unif,-0.032056059034577755,4.022932651715488,4.0
alt_uncorrected,0.8394216212788466,4.8944103320289125,4.0
