,Rseq_targets,Rseq_hits,Rfrequency
true_Rseq,3.718170089626203,3.718170089626203,4.0
alt_corrected,3.8167879248575,3.8167879248575,4.0
alt_corrected_unif,3.878936578654613,3.878936578654613,4.0
alt_uncorrected,4.750414258968037,4.750414258968037,4.0
