,Rseq_targets,Rseq_hits,Rfrequency
true_Rseq,4.2254783920112535,4.2254783920112535,4.0
alt_corrected,4.086431457431662,4.086431457431662,4.0
alt_corrected_unif,4.156630623447141,4.156630623447141,4.0
alt_uncorrected,5.028108303760566,5.028108303760566,4.0
