,Rseq_targets,Rseq_hits,Rfrequency
true_Rseq,4.116030653279756,4.116030653279756,4.0
alt_corrected,3.8766886296610688,3.8766886296610688,4.0
alt_corrected_unif,4.011135216440783,4.011135216440783,4.0
alt_uncorrected,4.882612896754207,4.882612896754207,4.0
