,Rseq_targets,Rseq_hits,Rfrequency
true_Rseq,4.165042773479746,4.165042773479746,4.0
alt_corrected,4.151289610066067,4.151289610066067,4.0
alt_corrected_unif,4.180310770574691,4.180310770574691,4.0
alt_uncorrected,5.051788450888115,5.051788450888115,4.0
