,Rseq_targets,Rseq_hits,Rfrequency
true_Rseq,4.05649028500383,4.05649028500383,4.0
alt_corrected,4.113229918992296,4.113229918992296,4.0
alt_corrected_unif,4.12899803135285,4.12899803135285,4.0
alt_uncorrected,5.000475711666275,5.000475711666275,4.0
