,Rseq_targets,Rseq_hits,Rfrequency
true_Rseq,0.6212856141732868,2.7648321689236806,4.0
alt_corrected,0.6402178113924013,2.9776432787415423,4.0
alt_corrected_unif,0.8200220678561629,3.157447535205304,4.0
alt_uncorrected,1.6914997481695873,4.028925215518728,4.0
