,Rseq_targets,Rseq_hits,Rfrequency
true_Rseq,4.113884110794951,4.113884110794951,4.0
alt_corrected,3.87814886700839,3.87814886700839,4.0
alt_corrected_unif,3.9046498415622453,3.9046498415622453,4.0
alt_uncorrected,4.77612752187567,4.77612752187567,4.0
