,Rseq_targets,Rseq_hits,Rfrequency
true_Rseq,4.659984993226207,4.659984993226207,4.0
alt_corrected,4.436746499067404,4.436746499067404,4.0
alt_corrected_unif,4.5170154492254095,4.5170154492254095,4.0
alt_uncorrected,5.388493129538833,5.388493129538833,4.0
