,Rseq_targets,Rseq_hits,Rfrequency
true_Rseq,3.7410748545846495,3.7410748545846495,4.0
alt_corrected,3.600308253578234,3.600308253578234,4.0
alt_corrected_unif,3.647397888660604,3.647397888660604,4.0
alt_uncorrected,4.518875568974028,4.518875568974028,4.0
