,Rseq_targets,Rseq_hits,Rfrequency
true_Rseq,4.238433575299297,4.238433575299297,4.0
alt_corrected,4.218573494041681,4.218573494041681,4.0
alt_corrected_unif,4.230079982027917,4.230079982027917,4.0
alt_uncorrected,5.101557662341341,5.101557662341341,4.0
