,Rseq_targets,Rseq_hits,Rfrequency
true_Rseq,3.9225653043610347,3.9225653043610347,4.0
alt_corrected,3.4782982012698143,3.4782982012698143,4.0
alt_corrected_unif,3.6326632120375444,3.6326632120375444,4.0
alt_uncorrected,4.504140892350969,4.504140892350969,4.0
