,Rseq_targets,Rseq_hits,Rfrequency
true_Rseq,4.393676806342304,4.393676806342304,4.0
alt_corrected,4.198981367972309,4.198981367972309,4.0
alt_corrected_unif,4.239078998292937,4.239078998292937,4.0
alt_uncorrected,5.110556678606361,5.110556678606361,4.0
