,Rseq_targets,Rseq_hits,Rfrequency
true_Rseq,4.222125321776929,4.222125321776929,4.0
alt_corrected,4.045970789910644,4.045970789910644,4.0
alt_corrected_unif,4.076143992294671,4.076143992294671,4.0
alt_uncorrected,4.947621672608095,4.947621672608095,4.0
