,Rseq_targets,Rseq_hits,Rfrequency
true_Rseq,3.6888832062302246,3.6888832062302246,4.0
alt_corrected,3.66205494194411,3.66205494194411,4.0
alt_corrected_unif,3.670163027757446,3.670163027757446,4.0
alt_uncorrected,4.5416407080708705,4.5416407080708705,4.0
