,Rseq_targets,Rseq_hits,Rfrequency
true_Rseq,3.3948723831312577,3.3948723831312577,4.0
alt_corrected,3.1697772706141905,3.1697772706141905,4.0
alt_corrected_unif,3.3290522040741792,3.3290522040741792,4.0
alt_uncorrected,4.2005298843876036,4.2005298843876036,4.0
