,Rseq_targets,Rseq_hits,Rfrequency
true_Rseq,4.3418702485829925,4.3418702485829925,4.0
alt_corrected,4.09729866546339,4.09729866546339,4.0
alt_corrected_unif,4.1480821614254655,4.1480821614254655,4.0
alt_uncorrected,5.01955984173889,5.01955984173889,4.0
