,Rseq_targets,Rseq_hits,Rfrequency
true_Rseq,3.330986272514356,3.330986272514356,4.0
alt_corrected,3.397296587305159,3.397296587305159,4.0
alt_corrected_unif,3.5384083797091814,3.5384083797091814,4.0
alt_uncorrected,4.409886060022606,4.409886060022606,4.0
