,Rseq_targets,Rseq_hits,Rfrequency
true_Rseq,3.9365134204949612,3.9365134204949612,4.0
alt_corrected,3.9339532108189808,3.9339532108189808,4.0
alt_corrected_unif,3.9355742417378123,3.9355742417378123,4.0
alt_uncorrected,4.807051922051237,4.807051922051237,4.0
