,Rseq_targets,Rseq_hits,Rfrequency
true_Rseq,3.2134303073071973,3.2134303073071973,4.0
alt_corrected,3.112055934010413,3.112055934010413,4.0
alt_corrected_unif,3.1943031847299515,3.1943031847299515,4.0
alt_uncorrected,4.065780865043376,4.065780865043376,4.0
