,Rseq_targets,Rseq_hits,Rfrequency
true_Rseq,4.607932009264923,4.607932009264923,4.0
alt_corrected,4.590062839318858,4.590062839318858,4.0
alt_corrected_unif,4.601916285855173,4.601916285855173,4.0
alt_uncorrected,5.473393966168598,5.473393966168598,4.0
