,Rseq_targets,Rseq_hits,Rfrequency
true_Rseq,4.7966482371093875,4.7966482371093875,4.0
alt_corrected,4.501318631074536,4.501318631074536,4.0
alt_corrected_unif,4.606180979139987,4.606180979139987,4.0
alt_uncorrected,5.477658659453411,5.477658659453411,4.0
