,Rseq_targets,Rseq_hits,Rfrequency
true_Rseq,4.019862966866416,4.019862966866416,4.0
alt_corrected,3.9784052959155787,3.9784052959155787,4.0
alt_corrected_unif,4.009193596699221,4.009193596699221,4.0
alt_uncorrected,4.880671277012645,4.880671277012645,4.0
