,Rseq_targets,Rseq_hits,Rfrequency
true_Rseq,4.298065324132033,4.298065324132033,4.0
alt_corrected,4.377451131610238,4.377451131610238,4.0
alt_corrected_unif,4.393219243970773,4.393219243970773,4.0
alt_uncorrected,5.2646969242841966,5.2646969242841966,4.0
