,Rseq_targets,Rseq_hits,Rfrequency
true_Rseq,4.120409016264702,4.120409016264702,4.0
alt_corrected,4.087316699293635,4.087316699293635,4.0
alt_corrected_unif,4.121689902409246,4.121689902409246,4.0
alt_uncorrected,4.993167582722671,4.993167582722671,4.0
