,Rseq_targets,Rseq_hits,Rfrequency
true_Rseq,4.420312419710349,4.420312419710349,4.0
alt_corrected,4.475910809380956,4.475910809380956,4.0
alt_corrected_unif,4.490373603271259,4.490373603271259,4.0
alt_uncorrected,5.3618512835846825,5.3618512835846825,4.0
