,Rseq_targets,Rseq_hits,Rfrequency
true_Rseq,4.252874782166086,4.252874782166086,4.0
alt_corrected,4.257443730894021,4.257443730894021,4.0
alt_corrected_unif,4.340356104486467,4.340356104486467,4.0
alt_uncorrected,5.211833784799891,5.211833784799891,4.0
