,Rseq_targets,Rseq_hits,Rfrequency
true_Rseq,3.2468355433099205,3.2468355433099205,4.0
alt_corrected,3.4292937514877257,3.4292937514877257,4.0
alt_corrected_unif,3.5103893002442876,3.5103893002442876,4.0
alt_uncorrected,4.381866980557712,4.381866980557712,4.0
