,Rseq_targets,Rseq_hits,Rfrequency
true_Rseq,4.427352103402157,4.427352103402157,4.0
alt_corrected,4.605510081847008,4.605510081847008,4.0
alt_corrected_unif,4.652604186790308,4.652604186790308,4.0
alt_uncorrected,5.524081867103732,5.524081867103732,4.0
