,Rseq_targets,Rseq_hits,Rfrequency
true_Rseq,3.9801621920352286,3.9801621920352286,4.0
alt_corrected,4.037121546122336,4.037121546122336,4.0
alt_corrected_unif,4.096395320231975,4.096395320231975,4.0
alt_uncorrected,4.9678730005454,4.9678730005454,4.0
