,Rseq_targets,Rseq_hits,Rfrequency
true_Rseq,-0.46983352440992476,2.8116348170911944,4.0
alt_corrected,-0.3432457573133241,3.4264010154199833,4.0
alt_corrected_unif,-0.25091592069960056,3.518730852033707,4.0
alt_uncorrected,0.6205617596138238,4.390208532347131,4.0
