,Rseq_targets,Rseq_hits,Rfrequency
true_Rseq,4.671274930359743,4.671274930359743,4.0
alt_corrected,4.533007053920486,4.533007053920486,4.0
alt_corrected_unif,4.578125773371195,4.578125773371195,4.0
alt_uncorrected,5.4496034536846185,5.4496034536846185,4.0
