,Rseq_targets,Rseq_hits,Rfrequency
true_Rseq,3.9560958073748056,3.9560958073748056,4.0
alt_corrected,3.92796750557609,3.92796750557609,4.0
alt_corrected_unif,3.997124718565925,3.997124718565925,4.0
alt_uncorrected,4.868602398879349,4.868602398879349,4.0
