,Rseq_targets,Rseq_hits,Rfrequency
true_Rseq,4.0913972268573735,4.0913972268573735,4.0
alt_corrected,3.8780320250087614,3.8780320250087614,4.0
alt_corrected_unif,3.98738252122792,3.98738252122792,4.0
alt_uncorrected,4.8588602015413445,4.8588602015413445,4.0
