,Rseq_targets,Rseq_hits,Rfrequency
true_Rseq,4.134094751188194,4.134094751188194,4.0
alt_corrected,4.086902932569382,4.086902932569382,4.0
alt_corrected_unif,4.132784777243987,4.132784777243987,4.0
alt_uncorrected,5.004262457557411,5.004262457557411,4.0
