,Rseq_targets,Rseq_hits,Rfrequency
true_Rseq,4.575720711367052,4.575720711367052,4.0
alt_corrected,4.512994808279801,4.512994808279801,4.0
alt_corrected_unif,4.5200074009363895,4.5200074009363895,4.0
alt_uncorrected,5.391485081249813,5.391485081249813,4.0
