,Rseq_targets,Rseq_hits,Rfrequency
true_Rseq,4.905910685467585,4.905910685467585,4.0
alt_corrected,4.844210585133979,4.844210585133979,4.0
alt_corrected_unif,4.861205624375772,4.861205624375772,4.0
alt_uncorrected,5.732683304689196,5.732683304689196,4.0
