,Rseq_targets,Rseq_hits,Rfrequency
true_Rseq,5.156647981339442,5.156647981339442,4.0
alt_corrected,5.034940894379314,5.034940894379314,4.0
alt_corrected_unif,5.046269932112395,5.046269932112395,4.0
alt_uncorrected,5.917747612425819,5.917747612425819,4.0
