,Rseq_targets,Rseq_hits,Rfrequency
true_Rseq,3.686644642080082,3.686644642080082,4.0
alt_corrected,3.671298593494942,3.671298593494942,4.0
alt_corrected_unif,3.6977995680488145,3.6977995680488145,4.0
alt_uncorrected,4.569277248362239,4.569277248362239,4.0
