,Rseq_targets,Rseq_hits,Rfrequency
true_Rseq,3.960511841756542,3.960511841756542,4.0
alt_corrected,3.9574370366912603,3.9574370366912603,4.0
alt_corrected_unif,3.9928070353283345,3.9928070353283345,4.0
alt_uncorrected,4.864284715641759,4.864284715641759,4.0
