,Rseq_targets,Rseq_hits,Rfrequency
true_Rseq,3.784530135223056,3.784530135223056,4.0
alt_corrected,3.832147040038699,3.832147040038699,4.0
alt_corrected_unif,3.8640655900561103,3.8640655900561103,4.0
alt_uncorrected,4.735543270369535,4.735543270369535,4.0
