,Rseq_targets,Rseq_hits,Rfrequency
true_Rseq,4.502393516755166,4.502393516755166,4.0
alt_corrected,4.490057462742027,4.490057462742027,4.0
alt_corrected_unif,4.629316913594211,4.629316913594211,4.0
alt_uncorrected,5.500794593907636,5.500794593907636,4.0
