,Rseq_targets,Rseq_hits,Rfrequency
true_Rseq,4.315839053140725,4.315839053140725,4.0
alt_corrected,4.346698507628773,4.346698507628773,4.0
alt_corrected_unif,4.349923388476418,4.349923388476418,4.0
alt_uncorrected,5.221401068789842,5.221401068789842,4.0
