,Rseq_targets,Rseq_hits,Rfrequency
true_Rseq,3.617155872062904,3.617155872062904,4.0
alt_corrected,3.7331748515890313,3.7331748515890313,4.0
alt_corrected_unif,3.797610047199108,3.797610047199108,4.0
alt_uncorrected,4.669087727512532,4.669087727512532,4.0
