,Rseq_targets,Rseq_hits,Rfrequency
true_Rseq,3.568305483411102,3.568305483411102,4.0
alt_corrected,3.4986301720367003,3.4986301720367003,4.0
alt_corrected_unif,3.5326532510397812,3.5326532510397812,4.0
alt_uncorrected,4.4041309313532055,4.4041309313532055,4.0
