,Rseq_targets,Rseq_hits,Rfrequency
true_Rseq,4.012923520358161,4.012923520358161,4.0
alt_corrected,3.538771231175137,3.538771231175137,4.0
alt_corrected_unif,3.7112366192900885,3.7112366192900885,4.0
alt_uncorrected,4.582714299603513,4.582714299603513,4.0
