,Rseq_targets,Rseq_hits,Rfrequency
true_Rseq,3.6023488088991575,3.6023488088991575,4.0
alt_corrected,3.6823807993870816,3.6823807993870816,4.0
alt_corrected_unif,3.6972874877475754,3.6972874877475754,4.0
alt_uncorrected,4.568765168061,4.568765168061,4.0
