,Rseq_targets,Rseq_hits,Rfrequency
true_Rseq,3.5197967662224707,3.5197967662224707,4.0
alt_corrected,3.4646154388074915,3.4646154388074915,4.0
alt_corrected_unif,3.5051663775847453,3.5051663775847453,4.0
alt_uncorrected,4.37664405789817,4.37664405789817,4.0
