,Rseq_targets,Rseq_hits,Rfrequency
true_Rseq,4.251644319333868,4.251644319333868,4.0
alt_corrected,4.1369526721851235,4.1369526721851235,4.0
alt_corrected_unif,4.151876030252293,4.151876030252293,4.0
alt_uncorrected,5.023353710565717,5.023353710565717,4.0
