,Rseq_targets,Rseq_hits,Rfrequency
true_Rseq,4.009641217303697,4.009641217303697,4.0
alt_corrected,4.096598038758311,4.096598038758311,4.0
alt_corrected_unif,4.186670135120895,4.186670135120895,4.0
alt_uncorrected,5.058147815434319,5.058147815434319,4.0
