,Rseq_targets,Rseq_hits,Rfrequency
true_Rseq,3.91224411857122,3.91224411857122,4.0
alt_corrected,3.895041548032641,3.895041548032641,4.0
alt_corrected_unif,3.937161178223574,3.937161178223574,4.0
alt_uncorrected,4.808638858536998,4.808638858536998,4.0
