,Rseq_targets,Rseq_hits,Rfrequency
true_Rseq,4.077461309297876,4.077461309297876,4.0
alt_corrected,4.081861085067649,4.081861085067649,4.0
alt_corrected_unif,4.149850584177257,4.149850584177257,4.0
alt_uncorrected,5.0213282644906805,5.0213282644906805,4.0
