,Rseq_targets,Rseq_hits,Rfrequency
true_Rseq,2.8178531400880136,3.747718174999111,4.0
alt_corrected,2.7371698409257696,3.6274617981537305,4.0
alt_corrected_unif,2.782246869884668,3.672538827112629,4.0
alt_uncorrected,3.6537245501980924,4.544016507426053,4.0
