,Rseq_targets,Rseq_hits,Rfrequency
true_Rseq,3.8547327129049673,3.8547327129049673,4.0
alt_corrected,3.8188969774800294,3.8188969774800294,4.0
alt_corrected_unif,3.896927606851929,3.896927606851929,4.0
alt_uncorrected,4.768405287165353,4.768405287165353,4.0
