,Rseq_targets,Rseq_hits,Rfrequency
true_Rseq,4.35811907676756,4.35811907676756,4.0
alt_corrected,4.137435042948507,4.137435042948507,4.0
alt_corrected_unif,4.2171486257357955,4.2171486257357955,4.0
alt_uncorrected,5.088626306049219,5.088626306049219,4.0
