,Rseq_targets,Rseq_hits,Rfrequency
true_Rseq,3.311012489419352,3.311012489419352,4.0
alt_corrected,3.348864214598393,3.348864214598393,4.0
alt_corrected_unif,3.467396441283889,3.467396441283889,4.0
alt_uncorrected,4.338874121597313,4.338874121597313,4.0
