,Rseq_targets,Rseq_hits,Rfrequency
true_Rseq,5.229979883535103,5.229979883535103,4.0
alt_corrected,5.030629782866706,5.030629782866706,4.0
alt_corrected_unif,5.07537902650294,5.07537902650294,4.0
alt_uncorrected,5.946856706816364,5.946856706816364,4.0
