,Rseq_targets,Rseq_hits,Rfrequency
true_Rseq,3.6672643811892067,3.6672643811892067,4.0
alt_corrected,3.7709684292177688,3.7709684292177688,4.0
alt_corrected_unif,3.7884792616292127,3.7884792616292127,4.0
alt_uncorrected,4.659956941942637,4.659956941942637,4.0
