,Rseq_targets,Rseq_hits,Rfrequency
true_Rseq,4.095599916872256,4.095599916872256,4.0
alt_corrected,4.148116757394206,4.148116757394206,4.0
alt_corrected_unif,4.192641543778972,4.192641543778972,4.0
alt_uncorrected,5.064119224092397,5.064119224092397,4.0
