,Rseq_targets,Rseq_hits,Rfrequency
true_Rseq,4.094687127623976,4.094687127623976,4.0
alt_corrected,3.994111048686,3.994111048686,4.0
alt_corrected_unif,4.099215871187303,4.099215871187303,4.0
alt_uncorrected,4.970693551500728,4.970693551500728,4.0
