,Rseq_targets,Rseq_hits,Rfrequency
true_Rseq,3.6455946093152516,3.6455946093152516,4.0
alt_corrected,3.52090584301039,3.52090584301039,4.0
alt_corrected_unif,3.5393050026337103,3.5393050026337103,4.0
alt_uncorrected,4.410782682947135,4.410782682947135,4.0
