,Rseq_targets,Rseq_hits,Rfrequency
true_Rseq,0.7618488644761854,3.126679343895181,4.0
alt_corrected,0.9128869431645743,3.1626638824660347,4.0
alt_corrected_unif,1.0136664558763546,3.263443395177815,4.0
alt_uncorrected,1.885144136189779,4.134921075491239,4.0
