,Rseq_targets,Rseq_hits,Rfrequency
true_Rseq,4.333634235844941,4.333634235844941,4.0
alt_corrected,4.402438625083706,4.402438625083706,4.0
alt_corrected_unif,4.4636200998163,4.4636200998163,4.0
alt_uncorrected,5.335097780129725,5.335097780129725,4.0
