,Rseq_targets,Rseq_hits,Rfrequency
true_Rseq,1.749980520524364,3.1671019895799475,4.0
alt_corrected,1.7400955484881568,3.1320689429024813,4.0
alt_corrected_unif,1.7795509941086594,3.171524388522984,4.0
alt_uncorrected,2.6510286744220837,4.043002068836408,4.0
