,Rseq_targets,Rseq_hits,Rfrequency
true_Rseq,4.021050907456106,4.021050907456106,4.0
alt_corrected,3.946319990262567,3.946319990262567,4.0
alt_corrected_unif,3.9721292328854285,3.9721292328854285,4.0
alt_uncorrected,4.843606913198853,4.843606913198853,4.0
