,Rseq_targets,Rseq_hits,Rfrequency
true_Rseq,4.48202909830804,4.48202909830804,4.0
alt_corrected,4.188103450027372,4.188103450027372,4.0
alt_corrected_unif,4.28112308971709,4.28112308971709,4.0
alt_uncorrected,5.152600770030514,5.152600770030514,4.0
