,Rseq_targets,Rseq_hits,Rfrequency
true_Rseq,3.1554520781247675,3.1554520781247675,4.0
alt_corrected,3.1499842941502045,3.1499842941502045,4.0
alt_corrected_unif,3.260753303874837,3.260753303874837,4.0
alt_uncorrected,4.132230984188261,4.132230984188261,4.0
