,Rseq_targets,Rseq_hits,Rfrequency
true_Rseq,4.380594607198919,4.380594607198919,4.0
alt_corrected,4.413026236685836,4.413026236685836,4.0
alt_corrected_unif,4.426614555635856,4.426614555635856,4.0
alt_uncorrected,5.29809223594928,5.29809223594928,4.0
