,Rseq_targets,Rseq_hits,Rfrequency
true_Rseq,4.773652685100984,4.773652685100984,4.0
alt_corrected,4.355789771482494,4.355789771482494,4.0
alt_corrected_unif,4.54492579601548,4.54492579601548,4.0
alt_uncorrected,5.416403476328905,5.416403476328905,4.0
