,Rseq_targets,Rseq_hits,Rfrequency
true_Rseq,3.928706028019911,3.928706028019911,4.0
alt_corrected,3.8437691318143057,3.8437691318143057,4.0
alt_corrected_unif,3.929100822653844,3.929100822653844,4.0
alt_uncorrected,4.8005785029672685,4.8005785029672685,4.0
