,Rseq_targets,Rseq_hits,Rfrequency
true_Rseq,3.737709719383737,3.737709719383737,4.0
alt_corrected,3.7703929872865025,3.7703929872865025,4.0
alt_corrected_unif,3.789036420736332,3.789036420736332,4.0
alt_uncorrected,4.660514101049756,4.660514101049756,4.0
