,Rseq_targets,Rseq_hits,Rfrequency
true_Rseq,4.427614396695095,4.427614396695095,4.0
alt_corrected,4.247844026477038,4.247844026477038,4.0
alt_corrected_unif,4.293725871151645,4.293725871151645,4.0
alt_uncorrected,5.165203551465069,5.165203551465069,4.0
