,Rseq_targets,Rseq_hits,Rfrequency
true_Rseq,2.096802188715092,3.4997303945421,4.0
alt_corrected,2.0695120254236703,3.423744423684925,4.0
alt_corrected_unif,2.121605173135515,3.4758375713967697,4.0
alt_uncorrected,2.9930828534489393,4.347315251710194,4.0
