,Rseq_targets,Rseq_hits,Rfrequency
true_Rseq,4.738732394013473,4.738732394013473,4.0
alt_corrected,4.709181138970527,4.709181138970527,4.0
alt_corrected_unif,4.716245295144359,4.716245295144359,4.0
alt_uncorrected,5.587722975457783,5.587722975457783,4.0
