,Rseq_targets,Rseq_hits,Rfrequency
true_Rseq,3.723348444864726,3.723348444864726,4.0
alt_corrected,3.488938776735378,3.488938776735378,4.0
alt_corrected_unif,3.671653064359209,3.671653064359209,4.0
alt_uncorrected,4.5431307446726334,4.5431307446726334,4.0
