,Rseq_targets,Rseq_hits,Rfrequency
true_Rseq,3.964031175732753,3.964031175732753,4.0
alt_corrected,3.8983499607910908,3.8983499607910908,4.0
alt_corrected_unif,3.9130903216165343,3.9130903216165343,4.0
alt_uncorrected,4.784568001929959,4.784568001929959,4.0
