,Rseq_targets,Rseq_hits,Rfrequency
true_Rseq,4.480930126587775,4.480930126587775,4.0
alt_corrected,4.329364168592558,4.329364168592558,4.0
alt_corrected_unif,4.3633872475956395,4.3633872475956395,4.0
alt_uncorrected,5.234864927909064,5.234864927909064,4.0
