,Rseq_targets,Rseq_hits,Rfrequency
true_Rseq,3.5384293880860707,3.5384293880860707,4.0
alt_corrected,3.575378159548231,3.575378159548231,4.0
alt_corrected_unif,3.683143568934884,3.683143568934884,4.0
alt_uncorrected,4.554621249248308,4.554621249248308,4.0
