,Rseq_targets,Rseq_hits,Rfrequency
true_Rseq,3.2746429565681403,3.2746429565681403,4.0
alt_corrected,3.289483717644102,3.289483717644102,4.0
alt_corrected_unif,3.379395719381401,3.379395719381401,4.0
alt_uncorrected,4.250873399694825,4.250873399694825,4.0
