,Rseq_targets,Rseq_hits,Rfrequency
true_Rseq,3.7421271202271837,3.7421271202271837,4.0
alt_corrected,3.9615698898530862,3.9615698898530862,4.0
alt_corrected_unif,4.061471517266302,4.061471517266302,4.0
alt_uncorrected,4.932949197579726,4.932949197579726,4.0
