,Rseq_targets,Rseq_hits,Rfrequency
true_Rseq,3.9661284092063056,3.9661284092063056,4.0
alt_corrected,3.5362826310898536,3.5362826310898536,4.0
alt_corrected_unif,3.669619519785138,3.669619519785138,4.0
alt_uncorrected,4.541097200098562,4.541097200098562,4.0
