,Rseq_targets,Rseq_hits,Rfrequency
true_Rseq,4.437696132462845,4.437696132462845,4.0
alt_corrected,4.42964065746163,4.42964065746163,4.0
alt_corrected_unif,4.465043366854886,4.465043366854886,4.0
alt_uncorrected,5.3365210471683096,5.3365210471683096,4.0
