,Rseq_targets,Rseq_hits,Rfrequency
true_Rseq,4.095562833080473,4.095562833080473,4.0
alt_corrected,3.9748956004527467,3.9748956004527467,4.0
alt_corrected_unif,4.060707539686394,4.060707539686394,4.0
alt_uncorrected,4.932185219999818,4.932185219999818,4.0
