,Rseq_targets,Rseq_hits,Rfrequency
true_Rseq,3.5874650267554706,3.5874650267554706,4.0
alt_corrected,3.6470582505438744,3.6470582505438744,4.0
alt_corrected_unif,3.6609210092648676,3.6609210092648676,4.0
alt_uncorrected,4.532398689578292,4.532398689578292,4.0
