,Rseq_targets,Rseq_hits,Rfrequency
true_Rseq,4.44163407713326,4.44163407713326,4.0
alt_corrected,4.59472378395718,4.59472378395718,4.0
alt_corrected_unif,4.60964714202437,4.60964714202437,4.0
alt_uncorrected,5.481124822337794,5.481124822337794,4.0
