,Rseq_targets,Rseq_hits,Rfrequency
true_Rseq,3.4556013335208196,3.4556013335208196,4.0
alt_corrected,3.333850956122807,3.333850956122807,4.0
alt_corrected_unif,3.4284690104940974,3.4284690104940974,4.0
alt_uncorrected,4.299946690807522,4.299946690807522,4.0
