,Rseq_targets,Rseq_hits,Rfrequency
true_Rseq,3.273947719678498,3.273947719678498,4.0
alt_corrected,3.484128468371166,3.484128468371166,4.0
alt_corrected_unif,3.620558491945619,3.620558491945619,4.0
alt_uncorrected,4.492036172259043,4.492036172259043,4.0
