,Rseq_targets,Rseq_hits,Rfrequency
true_Rseq,4.37960189760938,4.37960189760938,4.0
alt_corrected,4.28003668554328,4.28003668554328,4.0
alt_corrected_unif,4.317400712620357,4.317400712620357,4.0
alt_uncorrected,5.1888783929337805,5.1888783929337805,4.0
