,Rseq_targets,Rseq_hits,Rfrequency
true_Rseq,4.56619814660284,4.56619814660284,4.0
alt_corrected,4.651483100150413,4.651483100150413,4.0
alt_corrected_unif,4.74003479979112,4.74003479979112,4.0
alt_uncorrected,5.611512480104544,5.611512480104544,4.0
