,Rseq_targets,Rseq_hits,Rfrequency
true_Rseq,3.269087293418794,3.269087293418794,4.0
alt_corrected,3.325402765546308,3.325402765546308,4.0
alt_corrected_unif,3.396904839843202,3.396904839843202,4.0
alt_uncorrected,4.268382520156626,4.268382520156626,4.0
