,Rseq_targets,Rseq_hits,Rfrequency
true_Rseq,4.22690532849534,4.22690532849534,4.0
alt_corrected,4.230659345694232,4.230659345694232,4.0
alt_corrected_unif,4.261550144176473,4.261550144176473,4.0
alt_uncorrected,5.133027824489897,5.133027824489897,4.0
