,Rseq_targets,Rseq_hits,Rfrequency
true_Rseq,4.404754415380081,4.404754415380081,4.0
alt_corrected,4.178741865628396,4.178741865628396,4.0
alt_corrected_unif,4.245376212639574,4.245376212639574,4.0
alt_uncorrected,5.1168538929529985,5.1168538929529985,4.0
