,Rseq_targets,Rseq_hits,Rfrequency
true_Rseq,4.7012043183405225,4.7012043183405225,4.0
alt_corrected,4.6661150056288685,4.6661150056288685,4.0
alt_corrected_unif,4.673127598285443,4.673127598285443,4.0
alt_uncorrected,5.544605278598868,5.544605278598868,4.0
