,Rseq_targets,Rseq_hits,Rfrequency
true_Rseq,3.5872887827764366,3.5872887827764366,4.0
alt_corrected,3.648424372624371,3.648424372624371,4.0
alt_corrected_unif,3.6608489035142155,3.6608489035142155,4.0
alt_uncorrected,4.53232658382764,4.53232658382764,4.0
