,Rseq_targets,Rseq_hits,Rfrequency
true_Rseq,3.105915291829051,3.2239297108819436,4.0
alt_corrected,3.2085917326988507,3.3450298138577383,4.0
alt_corrected_unif,3.2565558043684066,3.3929938855272943,4.0
alt_uncorrected,4.128033484681831,4.264471565840719,4.0
