,Rseq_targets,Rseq_hits,Rfrequency
true_Rseq,4.901035401490576,4.901035401490576,4.0
alt_corrected,4.973339473198739,4.973339473198739,4.0
alt_corrected_unif,4.988354509663214,4.988354509663214,4.0
alt_uncorrected,5.859832189976638,5.859832189976638,4.0
