,Rseq_targets,Rseq_hits,Rfrequency
true_Rseq,3.9326518322742343,3.9326518322742343,4.0
alt_corrected,3.741679411459163,3.741679411459163,4.0
alt_corrected_unif,3.7836643747526852,3.7836643747526852,4.0
alt_uncorrected,4.65514205506611,4.65514205506611,4.0
