,Rseq_targets,Rseq_hits,Rfrequency
true_Rseq,4.898098233437068,4.898098233437068,4.0
alt_corrected,4.793909152235388,4.793909152235388,4.0
alt_corrected_unif,4.849002392956587,4.849002392956587,4.0
alt_uncorrected,5.720480073270011,5.720480073270011,4.0
