,Rseq_targets,Rseq_hits,Rfrequency
true_Rseq,4.314586498059196,4.314586498059196,4.0
alt_corrected,4.342061088506359,4.342061088506359,4.0
alt_corrected_unif,4.356677158991493,4.356677158991493,4.0
alt_uncorrected,5.228154839304918,5.228154839304918,4.0
