,Rseq_targets,Rseq_hits,Rfrequency
true_Rseq,4.42576267173896,4.42576267173896,4.0
alt_corrected,4.392431923739526,4.392431923739526,4.0
alt_corrected_unif,4.402359952332624,4.402359952332624,4.0
alt_uncorrected,5.273837632646048,5.273837632646048,4.0
