,Rseq_targets,Rseq_hits,Rfrequency
true_Rseq,4.826872208739841,4.826872208739841,4.0
alt_corrected,4.755763535998355,4.755763535998355,4.0
alt_corrected_unif,4.853099620764558,4.853099620764558,4.0
alt_uncorrected,5.724577301077982,5.724577301077982,4.0
