,Rseq_targets,Rseq_hits,Rfrequency
true_Rseq,4.599281767192203,4.599281767192203,4.0
alt_corrected,4.4951270060692,4.4951270060692,4.0
alt_corrected_unif,4.5156306946782365,4.5156306946782365,4.0
alt_uncorrected,5.387108374991661,5.387108374991661,4.0
