,Rseq_targets,Rseq_hits,Rfrequency
true_Rseq,4.182645311956512,4.182645311956512,4.0
alt_corrected,3.935209808971283,3.935209808971283,4.0
alt_corrected_unif,4.008454049684557,4.008454049684557,4.0
alt_uncorrected,4.879931729997981,4.879931729997981,4.0
