,Rseq_targets,Rseq_hits,Rfrequency
true_Rseq,4.312678965496421,4.312678965496421,4.0
alt_corrected,3.780399383678227,3.780399383678227,4.0
alt_corrected_unif,3.9922294494812056,3.9922294494812056,4.0
alt_uncorrected,4.86370712979463,4.86370712979463,4.0
