,Rseq_targets,Rseq_hits,Rfrequency
true_Rseq,4.154847114311277,4.154847114311277,4.0
alt_corrected,4.290535738078148,4.290535738078148,4.0
alt_corrected_unif,4.362750080860227,4.362750080860227,4.0
alt_uncorrected,5.234227761173652,5.234227761173652,4.0
