,Rseq_targets,Rseq_hits,Rfrequency
true_Rseq,3.9302449340244436,3.9302449340244436,4.0
alt_corrected,4.0865854114345215,4.0865854114345215,4.0
alt_corrected_unif,4.157634630414011,4.157634630414011,4.0
alt_uncorrected,5.0291123107274345,5.0291123107274345,4.0
