,Rseq_targets,Rseq_hits,Rfrequency
true_Rseq,4.004396274216214,4.004396274216214,4.0
alt_corrected,3.9954023106654786,3.9954023106654786,4.0
alt_corrected_unif,4.090020365036773,4.090020365036773,4.0
alt_uncorrected,4.961498045350197,4.961498045350197,4.0
