,Rseq_targets,Rseq_hits,Rfrequency
true_Rseq,3.6064140601064416,3.6064140601064416,4.0
alt_corrected,3.3390362854121856,3.3390362854121856,4.0
alt_corrected_unif,3.5412251643025088,3.5412251643025088,4.0
alt_uncorrected,4.412702844615933,4.412702844615933,4.0
