,Rseq_targets,Rseq_hits,Rfrequency
true_Rseq,4.039502097397289,4.039502097397289,4.0
alt_corrected,4.025361919135639,4.025361919135639,4.0
alt_corrected_unif,4.029192202470297,4.029192202470297,4.0
alt_uncorrected,4.9006698827837205,4.9006698827837205,4.0
