,Rseq_targets,Rseq_hits,Rfrequency
true_Rseq,4.02589339997082,4.02589339997082,4.0
alt_corrected,3.879430618616377,3.879430618616377,4.0
alt_corrected_unif,3.9044555916164394,3.9044555916164394,4.0
alt_uncorrected,4.775933271929864,4.775933271929864,4.0
