,Rseq_targets,Rseq_hits,Rfrequency
true_Rseq,4.160145817224417,4.160145817224417,4.0
alt_corrected,3.977610532472273,3.977610532472273,4.0
alt_corrected_unif,4.001197948437399,4.001197948437399,4.0
alt_uncorrected,4.872675628750823,4.872675628750823,4.0
