,Rseq_targets,Rseq_hits,Rfrequency
true_Rseq,5.211755737459854,5.211755737459854,4.0
alt_corrected,4.9701230981028655,4.9701230981028655,4.0
alt_corrected_unif,5.051821263459949,5.051821263459949,4.0
alt_uncorrected,5.923298943773373,5.923298943773373,4.0
