,Rseq_targets,Rseq_hits,Rfrequency
true_Rseq,4.258628151431958,4.258628151431958,4.0
alt_corrected,4.226800448464299,4.226800448464299,4.0
alt_corrected_unif,4.251109883422863,4.251109883422863,4.0
alt_uncorrected,5.122587563736287,5.122587563736287,4.0
