,Rseq_targets,Rseq_hits,Rfrequency
true_Rseq,3.723290272147369,3.723290272147369,4.0
alt_corrected,3.727818634197794,3.727818634197794,4.0
alt_corrected_unif,3.754639923002125,3.754639923002125,4.0
alt_uncorrected,4.626117603315549,4.626117603315549,4.0
