,Rseq_targets,Rseq_hits,Rfrequency
true_Rseq,4.745879783710212,4.745879783710212,4.0
alt_corrected,4.579021535614908,4.579021535614908,4.0
alt_corrected_unif,4.660901346305012,4.660901346305012,4.0
alt_uncorrected,5.532379026618436,5.532379026618436,4.0
