,Rseq_targets,Rseq_hits,Rfrequency
true_Rseq,3.8656923551326523,3.8656923551326523,4.0
alt_corrected,3.9817384245602274,3.9817384245602274,4.0
alt_corrected_unif,4.001457445153058,4.001457445153058,4.0
alt_uncorrected,4.872935125466482,4.872935125466482,4.0
