,Rseq_targets,Rseq_hits,Rfrequency
true_Rseq,3.9312961787184886,3.9312961787184886,4.0
alt_corrected,4.031705268541484,4.031705268541484,4.0
alt_corrected_unif,4.063639996663262,4.063639996663262,4.0
alt_uncorrected,4.935117676976686,4.935117676976686,4.0
