,Rseq_targets,Rseq_hits,Rfrequency
true_Rseq,4.041915563601654,4.041915563601654,4.0
alt_corrected,4.126718511332935,4.126718511332935,4.0
alt_corrected_unif,4.163478028863006,4.163478028863006,4.0
alt_uncorrected,5.03495570917643,5.03495570917643,4.0
