,Rseq_targets,Rseq_hits,Rfrequency
true_Rseq,4.285645141588368,4.285645141588368,4.0
alt_corrected,4.302104587147843,4.302104587147843,4.0
alt_corrected_unif,4.316548539258806,4.316548539258806,4.0
alt_uncorrected,5.1880262195722295,5.1880262195722295,4.0
