,Rseq_targets,Rseq_hits,Rfrequency
true_Rseq,3.9743546276309747,3.9743546276309747,4.0
alt_corrected,4.044777546907369,4.044777546907369,4.0
alt_corrected_unif,4.061506141932158,4.061506141932158,4.0
alt_uncorrected,4.932983822245582,4.932983822245582,4.0
