,Rseq_targets,Rseq_hits,Rfrequency
true_Rseq,4.00843934706422,4.00843934706422,4.0
alt_corrected,3.9221738813635456,3.9221738813635456,4.0
alt_corrected_unif,3.9610265641362417,3.9610265641362417,4.0
alt_uncorrected,4.832504244449666,4.832504244449666,4.0
