,Rseq_targets,Rseq_hits,Rfrequency
true_Rseq,3.9550341496280073,3.9550341496280073,4.0
alt_corrected,3.9933134903007077,3.9933134903007077,4.0
alt_corrected_unif,4.001510247512966,4.001510247512966,4.0
alt_uncorrected,4.87298792782639,4.87298792782639,4.0
