,Rseq_targets,Rseq_hits,Rfrequency
true_Rseq,3.9449393770833154,3.9449393770833154,4.0
alt_corrected,3.9238472952975796,3.9238472952975796,4.0
alt_corrected_unif,3.960606812827654,3.960606812827654,4.0
alt_uncorrected,4.832084493141078,4.832084493141078,4.0
