,Rseq_targets,Rseq_hits,Rfrequency
true_Rseq,3.8940270454586496,3.8940270454586496,4.0
alt_corrected,3.8886081312427074,3.8886081312427074,4.0
alt_corrected_unif,3.985835806105991,3.985835806105991,4.0
alt_uncorrected,4.857313486419415,4.857313486419415,4.0
