,Rseq_targets,Rseq_hits,Rfrequency
true_Rseq,4.287956371878479,4.287956371878479,4.0
alt_corrected,4.371777882633097,4.371777882633097,4.0
alt_corrected_unif,4.4278621297188,4.4278621297188,4.0
alt_uncorrected,5.299339810032225,5.299339810032225,4.0
