,Rseq_targets,Rseq_hits,Rfrequency
true_Rseq,4.507393875649328,4.507393875649328,4.0
alt_corrected,4.400091656207197,4.400091656207197,4.0
alt_corrected_unif,4.4274213364247395,4.4274213364247395,4.0
alt_uncorrected,5.298899016738163,5.298899016738163,4.0
