,Rseq_targets,Rseq_hits,Rfrequency
true_Rseq,4.214409252054523,4.214409252054523,4.0
alt_corrected,3.9589296118509227,3.9589296118509227,4.0
alt_corrected_unif,4.020688866892446,4.020688866892446,4.0
alt_uncorrected,4.89216654720587,4.89216654720587,4.0
