,Rseq_targets,Rseq_hits,Rfrequency
true_Rseq,4.776513521126605,4.776513521126605,4.0
alt_corrected,4.69888748106248,4.69888748106248,4.0
alt_corrected_unif,4.733064660267932,4.733064660267932,4.0
alt_uncorrected,5.604542340581356,5.604542340581356,4.0
