,Rseq_targets,Rseq_hits,Rfrequency
true_Rseq,3.8264488258011795,3.8264488258011795,4.0
alt_corrected,3.930811726639582,3.930811726639582,4.0
alt_corrected_unif,3.9751594510257076,3.9751594510257076,4.0
alt_uncorrected,4.846637131339132,4.846637131339132,4.0
