,Rseq_targets,Rseq_hits,Rfrequency
true_Rseq,4.091405242617576,4.091405242617576,4.0
alt_corrected,3.786246983910227,3.786246983910227,4.0
alt_corrected_unif,3.922170303706833,3.922170303706833,4.0
alt_uncorrected,4.793647984020257,4.793647984020257,4.0
