,Rseq_targets,Rseq_hits,Rfrequency
true_Rseq,3.9790767436162904,3.9790767436162904,4.0
alt_corrected,3.9346356947818575,3.9346356947818575,4.0
alt_corrected_unif,3.9417546716578626,3.9417546716578626,4.0
alt_uncorrected,4.813232351971287,4.813232351971287,4.0
