,Rseq_targets,Rseq_hits,Rfrequency
true_Rseq,4.186569468611465,4.186569468611465,4.0
alt_corrected,4.289671418822834,4.289671418822834,4.0
alt_corrected_unif,4.427406699143887,4.427406699143887,4.0
alt_uncorrected,5.298884379457311,5.298884379457311,4.0
