,Rseq_targets,Rseq_hits,Rfrequency
true_Rseq,4.00741228075559,4.00741228075559,4.0
alt_corrected,4.061282024134422,4.061282024134422,4.0
alt_corrected_unif,4.070522710986182,4.070522710986182,4.0
alt_uncorrected,4.942000391299606,4.942000391299606,4.0
