,Rseq_targets,Rseq_hits,Rfrequency
true_Rseq,4.055876097472833,4.055876097472833,4.0
alt_corrected,4.035574282645404,4.035574282645404,4.0
alt_corrected_unif,4.03829080672099,4.03829080672099,4.0
alt_uncorrected,4.909768487034414,4.909768487034414,4.0
