,Rseq_targets,Rseq_hits,Rfrequency
true_Rseq,4.8480595140287,4.8480595140287,4.0
alt_corrected,4.934144620959046,4.934144620959046,4.0
alt_corrected_unif,4.948884981784479,4.948884981784479,4.0
alt_uncorrected,5.820362662097903,5.820362662097903,4.0
