,Rseq_targets,Rseq_hits,Rfrequency
true_Rseq,0.19799708147187367,3.150206511933499,4.0
alt_corrected,0.314911190368534,2.984762681597165,4.0
alt_corrected_unif,0.48696667001872496,3.156818161247356,4.0
alt_uncorrected,1.3584443503321493,4.02829584156078,4.0
