,Rseq_targets,Rseq_hits,Rfrequency
true_Rseq,4.795827810919899,4.795827810919899,4.0
alt_corrected,4.400640228794498,4.400640228794498,4.0
alt_corrected_unif,4.548251571481364,4.548251571481364,4.0
alt_uncorrected,5.419729251794788,5.419729251794788,4.0
