,Rseq_targets,Rseq_hits,Rfrequency
true_Rseq,3.9011317598228867,3.9011317598228867,4.0
alt_corrected,3.879046330236788,3.879046330236788,4.0
alt_corrected_unif,3.9131216637725017,3.9131216637725017,4.0
alt_uncorrected,4.784599344085926,4.784599344085926,4.0
