,Rseq_targets,Rseq_hits,Rfrequency
true_Rseq,4.327091258498582,4.327091258498582,4.0
alt_corrected,4.257800336932311,4.257800336932311,4.0
alt_corrected_unif,4.263699170329849,4.263699170329849,4.0
alt_uncorrected,5.135176850643273,5.135176850643273,4.0
