,Rseq_targets,Rseq_hits,Rfrequency
true_Rseq,3.6238470214048313,3.79864273903795,4.0
alt_corrected,3.625071680966358,3.7996690566007674,4.0
alt_corrected_unif,3.6299625636471933,3.8045599392816025,4.0
alt_uncorrected,4.501440243960618,4.676037619595027,4.0
