,Rseq_targets,Rseq_hits,Rfrequency
true_Rseq,3.8041574174120054,3.8041574174120054,4.0
alt_corrected,3.389130400719331,3.389130400719331,4.0
alt_corrected_unif,3.5302421931233625,3.5302421931233625,4.0
alt_uncorrected,4.401719873436787,4.401719873436787,4.0
