,Rseq_targets,Rseq_hits,Rfrequency
true_Rseq,3.6711874365633577,3.6711874365633577,4.0
alt_corrected,3.8465408749826877,3.8465408749826877,4.0
alt_corrected_unif,3.881910873619779,3.881910873619779,4.0
alt_uncorrected,4.7533885539332035,4.7533885539332035,4.0
