,Rseq_targets,Rseq_hits,Rfrequency
true_Rseq,4.6898650375435365,4.6898650375435365,4.0
alt_corrected,4.413925175492844,4.413925175492844,4.0
alt_corrected_unif,4.478229921792922,4.478229921792922,4.0
alt_uncorrected,5.3497076021063465,5.3497076021063465,4.0
