,Rseq_targets,Rseq_hits,Rfrequency
true_Rseq,3.529285499845215,3.529285499845215,4.0
alt_corrected,3.6093973644281268,3.6093973644281268,4.0
alt_corrected_unif,3.648852810048624,3.648852810048624,4.0
alt_uncorrected,4.520330490362048,4.520330490362048,4.0
