,Rseq_targets,Rseq_hits,Rfrequency
true_Rseq,3.5467657569121602,3.5467657569121602,4.0
alt_corrected,3.6547801214694626,3.6547801214694626,4.0
alt_corrected_unif,3.6830631025550598,3.6830631025550598,4.0
alt_uncorrected,4.554540782868484,4.554540782868484,4.0
