,Rseq_targets,Rseq_hits,Rfrequency
true_Rseq,5.166409081289379,5.166409081289379,4.0
alt_corrected,4.79363515158766,4.79363515158766,4.0
alt_corrected_unif,4.848971739689526,4.848971739689526,4.0
alt_uncorrected,5.72044942000295,5.72044942000295,4.0
