,Rseq_targets,Rseq_hits,Rfrequency
true_Rseq,3.485805042785577,3.485805042785577,4.0
alt_corrected,3.533992525960751,3.533992525960751,4.0
alt_corrected_unif,3.613947500785214,3.613947500785214,4.0
alt_uncorrected,4.4854251810986385,4.4854251810986385,4.0
