,Rseq_targets,Rseq_hits,Rfrequency
true_Rseq,4.06403525016729,4.06403525016729,4.0
alt_corrected,4.061328653343635,4.061328653343635,4.0
alt_corrected_unif,4.068392809517478,4.068392809517478,4.0
alt_uncorrected,4.939870489830902,4.939870489830902,4.0
