,Rseq_targets,Rseq_hits,Rfrequency
true_Rseq,4.503619656705857,4.503619656705857,4.0
alt_corrected,4.241748623796099,4.241748623796099,4.0
alt_corrected_unif,4.487068253438055,4.487068253438055,4.0
alt_uncorrected,5.358545933751479,5.358545933751479,4.0
