,Rseq_targets,Rseq_hits,Rfrequency
true_Rseq,4.511470503647507,4.511470503647507,4.0
alt_corrected,4.538310047549333,4.538310047549333,4.0
alt_corrected_unif,4.547550734401094,4.547550734401094,4.0
alt_uncorrected,5.419028414714518,5.419028414714518,4.0
