,Rseq_targets,Rseq_hits,Rfrequency
true_Rseq,3.704503739770419,3.704503739770419,4.0
alt_corrected,3.7445600297692034,3.7445600297692034,4.0
alt_corrected_unif,3.7692252260705836,3.7692252260705836,4.0
alt_uncorrected,4.640702906384008,4.640702906384008,4.0
