,Rseq_targets,Rseq_hits,Rfrequency
true_Rseq,2.9527423450642214,2.9527423450642214,4.0
alt_corrected,2.8692689984662634,2.8692689984662634,4.0
alt_corrected_unif,3.028723150832056,3.028723150832056,4.0
alt_uncorrected,3.9002008311454803,3.9002008311454803,4.0
