,Rseq_targets,Rseq_hits,Rfrequency
true_Rseq,3.171819974928553,3.171819974928553,4.0
alt_corrected,3.2984405396813306,3.2984405396813306,4.0
alt_corrected_unif,3.4031414673759595,3.4031414673759595,4.0
alt_uncorrected,4.274619147689384,4.274619147689384,4.0
