,Rseq_targets,Rseq_hits,Rfrequency
true_Rseq,3.955338596371929,3.955338596371929,4.0
alt_corrected,3.9458242318771197,3.9458242318771197,4.0
alt_corrected_unif,3.9839237248170742,3.9839237248170742,4.0
alt_uncorrected,4.855401405130499,4.855401405130499,4.0
