,Rseq_targets,Rseq_hits,Rfrequency
true_Rseq,3.470582175470197,3.470582175470197,4.0
alt_corrected,3.4571685163497623,3.4571685163497623,4.0
alt_corrected_unif,3.5758283421058956,3.5758283421058956,4.0
alt_uncorrected,4.44730602241932,4.44730602241932,4.0
