,Rseq_targets,Rseq_hits,Rfrequency
true_Rseq,4.419923931918693,4.419923931918693,4.0
alt_corrected,4.420151727423286,4.420151727423286,4.0
alt_corrected_unif,4.426050560820817,4.426050560820817,4.0
alt_uncorrected,5.297528241134242,5.297528241134242,4.0
