,Rseq_targets,Rseq_hits,Rfrequency
true_Rseq,0.28377968210676663,2.6984058791588783,4.0
alt_corrected,0.39200365458794995,2.8999302898174526,4.0
alt_corrected_unif,0.5663958794918145,3.074322514721317,4.0
alt_uncorrected,1.4378735598052388,3.9458001950347414,4.0
