,Rseq_targets,Rseq_hits,Rfrequency
true_Rseq,4.030059998072984,4.030059998072984,4.0
alt_corrected,3.97214066998049,3.97214066998049,4.0
alt_corrected_unif,3.98024875579383,3.98024875579383,4.0
alt_uncorrected,4.8517264361072545,4.8517264361072545,4.0
