,Rseq_targets,Rseq_hits,Rfrequency
true_Rseq,3.5695255104772885,3.5695255104772885,4.0
alt_corrected,3.791077516790241,3.791077516790241,4.0
alt_corrected_unif,3.8371930317624208,3.8371930317624208,4.0
alt_uncorrected,4.708670712075845,4.708670712075845,4.0
