,Rseq_targets,Rseq_hits,Rfrequency
true_Rseq,4.317030879027429,4.317030879027429,4.0
alt_corrected,4.4952462591228475,4.4952462591228475,4.0
alt_corrected_unif,4.634505709975043,4.634505709975043,4.0
alt_uncorrected,5.505983390288467,5.505983390288467,4.0
