,Rseq_targets,Rseq_hits,Rfrequency
true_Rseq,3.040989646577634,3.065008806967862,4.0
alt_corrected,3.081903973505982,3.1156817318251493,4.0
alt_corrected_unif,3.1143485931159227,3.14812635143509,4.0
alt_uncorrected,3.985826273429347,4.019604031748514,4.0
