,Rseq_targets,Rseq_hits,Rfrequency
true_Rseq,4.190476545244982,4.190476545244982,4.0
alt_corrected,4.097775838977681,4.097775838977681,4.0
alt_corrected_unif,4.117904634376718,4.117904634376718,4.0
alt_uncorrected,4.9893823146901415,4.9893823146901415,4.0
