,Rseq_targets,Rseq_hits,Rfrequency
true_Rseq,4.402677881342505,4.402677881342505,4.0
alt_corrected,4.3998832310033915,4.3998832310033915,4.0
alt_corrected_unif,4.4098112595964825,4.4098112595964825,4.0
alt_uncorrected,5.281288939909906,5.281288939909906,4.0
