,Rseq_targets,Rseq_hits,Rfrequency
true_Rseq,4.321825408340343,4.321825408340343,4.0
alt_corrected,4.314212711313463,4.314212711313463,4.0
alt_corrected_unif,4.352873720938296,4.352873720938296,4.0
alt_uncorrected,5.22435140125172,5.22435140125172,4.0
