,Rseq_targets,Rseq_hits,Rfrequency
true_Rseq,3.9622814117768144,3.9622814117768144,4.0
alt_corrected,3.9740254676327957,3.9740254676327957,4.0
alt_corrected_unif,4.019108303075614,4.019108303075614,4.0
alt_uncorrected,4.8905859833890375,4.8905859833890375,4.0
