,Rseq_targets,Rseq_hits,Rfrequency
true_Rseq,4.446793108931886,4.446793108931886,4.0
alt_corrected,4.152790101200591,4.152790101200591,4.0
alt_corrected_unif,4.277857990119488,4.277857990119488,4.0
alt_uncorrected,5.1493356704329125,5.1493356704329125,4.0
