,Rseq_targets,Rseq_hits,Rfrequency
true_Rseq,3.803272197237023,3.803272197237023,4.0
alt_corrected,3.9705535492104427,3.9705535492104427,4.0
alt_corrected_unif,4.056792360357981,4.056792360357981,4.0
alt_uncorrected,4.928270040671405,4.928270040671405,4.0
