,Rseq_targets,Rseq_hits,Rfrequency
true_Rseq,4.142228560424275,4.142228560424275,4.0
alt_corrected,4.074063044713246,4.074063044713246,4.0
alt_corrected_unif,4.112726566883177,4.112726566883177,4.0
alt_uncorrected,4.984204247196601,4.984204247196601,4.0
