,Rseq_targets,Rseq_hits,Rfrequency
true_Rseq,4.312826209205536,4.312826209205536,4.0
alt_corrected,4.346285094258786,4.346285094258786,4.0
alt_corrected_unif,4.423668878516583,4.423668878516583,4.0
alt_uncorrected,5.295146558830008,5.295146558830008,4.0
