,Rseq_targets,Rseq_hits,Rfrequency
true_Rseq,4.076615478228659,4.076615478228659,4.0
alt_corrected,3.972168031182907,3.972168031182907,4.0
alt_corrected_unif,4.002508235440116,4.002508235440116,4.0
alt_uncorrected,4.87398591575354,4.87398591575354,4.0
