,Rseq_targets,Rseq_hits,Rfrequency
true_Rseq,4.433421984396559,4.433421984396559,4.0
alt_corrected,4.466900234207969,4.466900234207969,4.0
alt_corrected_unif,4.552489678294183,4.552489678294183,4.0
alt_uncorrected,5.423967358607607,5.423967358607607,4.0
