,Rseq_targets,Rseq_hits,Rfrequency
true_Rseq,3.5775788290816957,3.5775788290816957,4.0
alt_corrected,3.541266997562769,3.541266997562769,4.0
alt_corrected_unif,3.5591717615892704,3.5591717615892704,4.0
alt_uncorrected,4.430649441902695,4.430649441902695,4.0
