,Rseq_targets,Rseq_hits,Rfrequency
true_Rseq,3.6006764060525436,3.6006764060525436,4.0
alt_corrected,3.573111788642433,3.573111788642433,4.0
alt_corrected_unif,3.622331495954547,3.622331495954547,4.0
alt_uncorrected,4.4938091762679715,4.4938091762679715,4.0
