,Rseq_targets,Rseq_hits,Rfrequency
true_Rseq,4.575607967019085,4.575607967019085,4.0
alt_corrected,4.418286817951161,4.418286817951161,4.0
alt_corrected_unif,4.468801506269841,4.468801506269841,4.0
alt_uncorrected,5.340279186583266,5.340279186583266,4.0
