,Rseq_targets,Rseq_hits,Rfrequency
true_Rseq,4.370287124477452,4.370287124477452,4.0
alt_corrected,4.046316209700022,4.046316209700022,4.0
alt_corrected_unif,4.211838708233472,4.211838708233472,4.0
alt_uncorrected,5.083316388546897,5.083316388546897,4.0
