,Rseq_targets,Rseq_hits,Rfrequency
true_Rseq,3.8874210157307445,3.8874210157307445,4.0
alt_corrected,3.9960305170738653,3.9960305170738653,4.0
alt_corrected_unif,4.0141033366519085,4.0141033366519085,4.0
alt_uncorrected,4.885581016965332,4.885581016965332,4.0
