,Rseq_targets,Rseq_hits,Rfrequency
true_Rseq,4.120583865697144,4.120583865697144,4.0
alt_corrected,4.069240546549139,4.069240546549139,4.0
alt_corrected_unif,4.128633276714794,4.128633276714794,4.0
alt_uncorrected,5.000110957028218,5.000110957028218,4.0
