,Rseq_targets,Rseq_hits,Rfrequency
true_Rseq,4.38491891098004,4.38491891098004,4.0
alt_corrected,4.027439026656312,4.027439026656312,4.0
alt_corrected_unif,4.1519307144640365,4.1519307144640365,4.0
alt_uncorrected,5.023408394777461,5.023408394777461,4.0
