,Rseq_targets,Rseq_hits,Rfrequency
true_Rseq,4.282012661658634,4.282012661658634,4.0
alt_corrected,4.283073586790726,4.283073586790726,4.0
alt_corrected_unif,4.292855352152383,4.292855352152383,4.0
alt_uncorrected,5.164333032465808,5.164333032465808,4.0
