,Rseq_targets,Rseq_hits,Rfrequency
true_Rseq,3.839728494895386,3.839728494895386,4.0
alt_corrected,3.7678521638890334,3.7678521638890334,4.0
alt_corrected_unif,3.783293382003167,3.783293382003167,4.0
alt_uncorrected,4.654771062316591,4.654771062316591,4.0
