,Rseq_targets,Rseq_hits,Rfrequency
true_Rseq,4.072117385520267,4.072117385520267,4.0
alt_corrected,3.8380232823336993,3.8380232823336993,4.0
alt_corrected_unif,3.9552765100799356,3.9552765100799356,4.0
alt_uncorrected,4.82675419039336,4.82675419039336,4.0
