,Rseq_targets,Rseq_hits,Rfrequency
true_Rseq,3.7749856760614975,3.7749856760614975,4.0
alt_corrected,3.622533905737048,3.622533905737048,4.0
alt_corrected_unif,3.6419769949998755,3.6419769949998755,4.0
alt_uncorrected,4.5134546753133,4.5134546753133,4.0
