,Rseq_targets,Rseq_hits,Rfrequency
true_Rseq,4.191601264292762,4.191601264292762,4.0
alt_corrected,3.9433068056000304,3.9433068056000304,4.0
alt_corrected_unif,3.9834044359206566,3.9834044359206566,4.0
alt_uncorrected,4.854882116234081,4.854882116234081,4.0
