,Rseq_targets,Rseq_hits,Rfrequency
true_Rseq,3.656233605915787,3.656233605915787,4.0
alt_corrected,3.6360433808367,3.6360433808367,4.0
alt_corrected_unif,3.6504873329476477,3.6504873329476477,4.0
alt_uncorrected,4.521965013261072,4.521965013261072,4.0
