,Rseq_targets,Rseq_hits,Rfrequency
true_Rseq,4.468580195324085,4.468580195324085,4.0
alt_corrected,4.428138967773958,4.428138967773958,4.0
alt_corrected_unif,4.4335731010373784,4.4335731010373784,4.0
alt_uncorrected,5.305050781350803,5.305050781350803,4.0
