,Rseq_targets,Rseq_hits,Rfrequency
true_Rseq,3.4807278054978,3.4807278054978,4.0
alt_corrected,3.446861392748212,3.446861392748212,4.0
alt_corrected_unif,3.488198867468078,3.488198867468078,4.0
alt_uncorrected,4.359676547781502,4.359676547781502,4.0
