,Rseq_targets,Rseq_hits,Rfrequency
true_Rseq,3.9611538101226405,3.9611538101226405,4.0
alt_corrected,3.8116623222824835,3.8116623222824835,4.0
alt_corrected_unif,3.882616819278812,3.882616819278812,4.0
alt_uncorrected,4.754094499592236,4.754094499592236,4.0
