,Rseq_targets,Rseq_hits,Rfrequency
true_Rseq,4.118496229222595,4.118496229222595,4.0
alt_corrected,3.991878695940799,3.991878695940799,4.0
alt_corrected_unif,4.006016785390951,4.006016785390951,4.0
alt_uncorrected,4.877494465704375,4.877494465704375,4.0
