,Rseq_targets,Rseq_hits,Rfrequency
true_Rseq,4.2149514009140425,4.2149514009140425,4.0
alt_corrected,4.205302835761876,4.205302835761876,4.0
alt_corrected_unif,4.20694157950124,4.20694157950124,4.0
alt_uncorrected,5.078419259814665,5.078419259814665,4.0
