,Rseq_targets,Rseq_hits,Rfrequency
true_Rseq,4.141627016730187,4.141627016730187,4.0
alt_corrected,4.084453312095574,4.084453312095574,4.0
alt_corrected_unif,4.176838646867733,4.176838646867733,4.0
alt_uncorrected,5.0483163271811575,5.0483163271811575,4.0
