,Rseq_targets,Rseq_hits,Rfrequency
true_Rseq,4.5406808248565955,4.5406808248565955,4.0
alt_corrected,4.393706105320623,4.393706105320623,4.0
alt_corrected_unif,4.477136064478007,4.477136064478007,4.0
alt_uncorrected,5.3486137447914315,5.3486137447914315,4.0
