,Rseq_targets,Rseq_hits,Rfrequency
true_Rseq,3.7150235912961858,3.7150235912961858,4.0
alt_corrected,3.720535320273807,3.720535320273807,4.0
alt_corrected_unif,3.7275994764476557,3.7275994764476557,4.0
alt_uncorrected,4.59907715676108,4.59907715676108,4.0
