,Rseq_targets,Rseq_hits,Rfrequency
true_Rseq,3.5163424328947404,3.5163424328947404,4.0
alt_corrected,3.9122948217690263,3.9122948217690263,4.0
alt_corrected_unif,4.035905594465142,4.035905594465142,4.0
alt_uncorrected,4.9073832747785655,4.9073832747785655,4.0
