,Rseq_targets,Rseq_hits,Rfrequency
true_Rseq,3.917807287957327,3.917807287957327,4.0
alt_corrected,3.804014138942662,3.804014138942662,4.0
alt_corrected_unif,3.8568619417596994,3.8568619417596994,4.0
alt_uncorrected,4.728339622073124,4.728339622073124,4.0
