,Rseq_targets,Rseq_hits,Rfrequency
true_Rseq,4.680426407417013,4.680426407417013,4.0
alt_corrected,4.356460128717124,4.356460128717124,4.0
alt_corrected_unif,4.5144361258065455,4.5144361258065455,4.0
alt_uncorrected,5.385913806119969,5.385913806119969,4.0
