,Rseq_targets,Rseq_hits,Rfrequency
true_Rseq,4.461761696815698,4.461761696815698,4.0
alt_corrected,4.015936049458384,4.015936049458384,4.0
alt_corrected_unif,4.326068135194184,4.326068135194184,4.0
alt_uncorrected,5.197545815507608,5.197545815507608,4.0
