,Rseq_targets,Rseq_hits,Rfrequency
true_Rseq,1.9357063789230882,3.1343617620429534,4.0
alt_corrected,1.9241457094767687,3.1243127335893344,4.0
alt_corrected_unif,1.9692227384356618,3.1693897625482275,4.0
alt_uncorrected,2.840700418749086,4.040867442861652,4.0
