,Rseq_targets,Rseq_hits,Rfrequency
true_Rseq,3.729821705584741,3.729821705584741,4.0
alt_corrected,3.7184237170535255,3.7184237170535255,4.0
alt_corrected_unif,3.776026106289868,3.776026106289868,4.0
alt_uncorrected,4.647503786603292,4.647503786603292,4.0
