,Rseq_targets,Rseq_hits,Rfrequency
true_Rseq,3.7560021418650233,3.7560021418650233,4.0
alt_corrected,3.702097317368271,3.702097317368271,4.0
alt_corrected_unif,3.7102940745805184,3.7102940745805184,4.0
alt_uncorrected,4.581771754893943,4.581771754893943,4.0
