,Rseq_targets,Rseq_hits,Rfrequency
true_Rseq,3.759441519840145,3.759441519840145,4.0
alt_corrected,3.5758559136343697,3.5758559136343697,4.0
alt_corrected_unif,3.630086021981955,3.630086021981955,4.0
alt_uncorrected,4.501563702295379,4.501563702295379,4.0
