,Rseq_targets,Rseq_hits,Rfrequency
true_Rseq,3.1766354091358835,3.1766354091358835,4.0
alt_corrected,3.3516236222652087,3.3516236222652087,4.0
alt_corrected_unif,3.4515091157525073,3.4515091157525073,4.0
alt_uncorrected,4.322986796065932,4.322986796065932,4.0
