,Rseq_targets,Rseq_hits,Rfrequency
true_Rseq,3.7124991694627862,3.7124991694627862,4.0
alt_corrected,3.518637094519311,3.518637094519311,4.0
alt_corrected_unif,3.5697334467096797,3.5697334467096797,4.0
alt_uncorrected,4.441211127023104,4.441211127023104,4.0
