,Rseq_targets,Rseq_hits,Rfrequency
true_Rseq,3.875723258015551,3.875723258015551,4.0
alt_corrected,3.7756450932840666,3.7756450932840666,4.0
alt_corrected_unif,3.7865158030462296,3.7865158030462296,4.0
alt_uncorrected,4.657993483359654,4.657993483359654,4.0
