,Rseq_targets,Rseq_hits,Rfrequency
true_Rseq,3.7885855982627046,3.7885855982627046,4.0
alt_corrected,3.6197193536005674,3.6197193536005674,4.0
alt_corrected_unif,3.649509021695803,3.649509021695803,4.0
alt_uncorrected,4.520986702009227,4.520986702009227,4.0
