,Rseq_targets,Rseq_hits,Rfrequency
true_Rseq,4.013679766394979,4.013679766394979,4.0
alt_corrected,3.926849917772612,3.926849917772612,4.0
alt_corrected_unif,3.9600303014565994,3.9600303014565994,4.0
alt_uncorrected,4.831507981770024,4.831507981770024,4.0
