,Rseq_targets,Rseq_hits,Rfrequency
true_Rseq,3.928110375052287,3.928110375052287,4.0
alt_corrected,4.010664681842838,4.010664681842838,4.0
alt_corrected_unif,4.078004267426218,4.078004267426218,4.0
alt_uncorrected,4.949481947739642,4.949481947739642,4.0
