,Rseq_targets,Rseq_hits,Rfrequency
true_Rseq,4.214455801338204,4.214455801338204,4.0
alt_corrected,4.255114613793841,4.255114613793841,4.0
alt_corrected_unif,4.257831137869449,4.257831137869449,4.0
alt_uncorrected,5.129308818182873,5.129308818182873,4.0
