,Rseq_targets,Rseq_hits,Rfrequency
true_Rseq,2.195862118112686,3.450619326083377,4.0
alt_corrected,2.2049317701276308,3.4834390644253004,4.0
alt_corrected_unif,2.249625387258103,3.5281326815557725,4.0
alt_uncorrected,3.1211030675715272,4.399610361869197,4.0
