,Rseq_targets,Rseq_hits,Rfrequency
true_Rseq,4.263433059196006,4.263433059196006,4.0
alt_corrected,4.3191891236877655,4.3191891236877655,4.0
alt_corrected_unif,4.390100246106277,4.390100246106277,4.0
alt_uncorrected,5.261577926419701,5.261577926419701,4.0
