,Rseq_targets,Rseq_hits,Rfrequency
true_Rseq,3.3012945629150305,3.3012945629150305,4.0
alt_corrected,3.1729645295555144,3.1729645295555144,4.0
alt_corrected_unif,3.38322273094481,3.38322273094481,4.0
alt_uncorrected,4.254700411258234,4.254700411258234,4.0
