,Rseq_targets,Rseq_hits,Rfrequency
true_Rseq,3.7573623316674833,3.7573623316674833,4.0
alt_corrected,3.634183952873003,3.634183952873003,4.0
alt_corrected_unif,3.6872105296786333,3.6872105296786333,4.0
alt_uncorrected,4.558688209992058,4.558688209992058,4.0
