,Rseq_targets,Rseq_hits,Rfrequency
true_Rseq,3.9451610374524133,3.9451610374524133,4.0
alt_corrected,3.799106815910036,3.799106815910036,4.0
alt_corrected_unif,3.845673788304667,3.845673788304667,4.0
alt_uncorrected,4.717151468618091,4.717151468618091,4.0
