,Rseq_targets,Rseq_hits,Rfrequency
true_Rseq,4.417264381189208,4.417264381189208,4.0
alt_corrected,4.475013098541315,4.475013098541315,4.0
alt_corrected_unif,4.492523930952759,4.492523930952759,4.0
alt_uncorrected,5.3640016112661835,5.3640016112661835,4.0
