,Rseq_targets,Rseq_hits,Rfrequency
true_Rseq,3.9325699085018506,3.9325699085018506,4.0
alt_corrected,3.953017291328257,3.953017291328257,4.0
alt_corrected_unif,4.026101550581199,4.026101550581199,4.0
alt_uncorrected,4.897579230894623,4.897579230894623,4.0
