,Rseq_targets,Rseq_hits,Rfrequency
true_Rseq,3.932505933771541,3.932505933771541,4.0
alt_corrected,3.8413933095356807,3.8413933095356807,4.0
alt_corrected_unif,3.8660585058370516,3.8660585058370516,4.0
alt_uncorrected,4.737536186150476,4.737536186150476,4.0
