,Rseq_targets,Rseq_hits,Rfrequency
true_Rseq,4.095823207923159,4.095823207923159,4.0
alt_corrected,4.062019852268712,4.062019852268712,4.0
alt_corrected_unif,4.066910734949554,4.066910734949554,4.0
alt_uncorrected,4.938388415262978,4.938388415262978,4.0
