,Rseq_targets,Rseq_hits,Rfrequency
true_Rseq,1.8417183279273708,3.2238754065406443,4.0
alt_corrected,1.831031514298675,3.1772007242978937,4.0
alt_corrected_unif,1.8934493377423904,3.239618547741609,4.0
alt_uncorrected,2.7649270180558148,4.111096228055033,4.0
