,Rseq_targets,Rseq_hits,Rfrequency
true_Rseq,4.072357808968184,4.072357808968184,4.0
alt_corrected,3.9983563638993944,3.9983563638993944,4.0
alt_corrected_unif,4.013797582013526,4.013797582013526,4.0
alt_uncorrected,4.8852752623269495,4.8852752623269495,4.0
