,Rseq_targets,Rseq_hits,Rfrequency
true_Rseq,4.17584658947956,4.17584658947956,4.0
alt_corrected,4.127759978734927,4.127759978734927,4.0
alt_corrected_unif,4.146159138358248,4.146159138358248,4.0
alt_uncorrected,5.017636818671672,5.017636818671672,4.0
