,Rseq_targets,Rseq_hits,Rfrequency
true_Rseq,4.376456737764389,4.376456737764389,4.0
alt_corrected,4.057976133631669,4.057976133631669,4.0
alt_corrected_unif,4.152606366399596,4.152606366399596,4.0
alt_uncorrected,5.0240840467130194,5.0240840467130194,4.0
