,Rseq_targets,Rseq_hits,Rfrequency
true_Rseq,4.223032539431302,4.223032539431302,4.0
alt_corrected,4.1217325652258126,4.1217325652258126,4.0
alt_corrected_unif,4.137500677586363,4.137500677586363,4.0
alt_uncorrected,5.008978357899788,5.008978357899788,4.0
