,Rseq_targets,Rseq_hits,Rfrequency
true_Rseq,3.7457726769710096,3.7457726769710096,4.0
alt_corrected,3.629260988169532,3.629260988169532,4.0
alt_corrected_unif,3.657997342497921,3.657997342497921,4.0
alt_uncorrected,4.529475022811345,4.529475022811345,4.0
