,Rseq_targets,Rseq_hits,Rfrequency
true_Rseq,4.639318202464338,4.639318202464338,4.0
alt_corrected,4.348894400235215,4.348894400235215,4.0
alt_corrected_unif,4.429964183224419,4.429964183224419,4.0
alt_uncorrected,5.3014418635378435,5.3014418635378435,4.0
