,Rseq_targets,Rseq_hits,Rfrequency
true_Rseq,3.8914282661522446,3.8914282661522446,4.0
alt_corrected,4.045453875672184,4.045453875672184,4.0
alt_corrected_unif,4.089801600058308,4.089801600058308,4.0
alt_uncorrected,4.961279280371733,4.961279280371733,4.0
