,Rseq_targets,Rseq_hits,Rfrequency
true_Rseq,5.088444489285271,5.088444489285271,4.0
alt_corrected,4.948737894007588,4.948737894007588,4.0
alt_corrected_unif,4.976939718582354,4.976939718582354,4.0
alt_uncorrected,5.848417398895778,5.848417398895778,4.0
