,Rseq_targets,Rseq_hits,Rfrequency
true_Rseq,4.139874248377184,4.139874248377184,4.0
alt_corrected,4.140914785275196,4.140914785275196,4.0
alt_corrected_unif,4.188606091132035,4.188606091132035,4.0
alt_uncorrected,5.06008377144546,5.06008377144546,4.0
