,Rseq_targets,Rseq_hits,Rfrequency
true_Rseq,4.034005926604938,4.034005926604938,4.0
alt_corrected,3.9390391209666697,3.9390391209666697,4.0
alt_corrected_unif,3.950892567502977,3.950892567502977,4.0
alt_uncorrected,4.8223702478164014,4.8223702478164014,4.0
