,Rseq_targets,Rseq_hits,Rfrequency
true_Rseq,4.242483436816917,4.242483436816917,4.0
alt_corrected,4.210119835684776,4.210119835684776,4.0
alt_corrected_unif,4.213950119019426,4.213950119019426,4.0
alt_uncorrected,5.085427799332851,5.085427799332851,4.0
