,Rseq_targets,Rseq_hits,Rfrequency
true_Rseq,3.8600636107086155,3.8600636107086155,4.0
alt_corrected,3.8219088275346658,3.8219088275346658,4.0
alt_corrected_unif,3.8365248980198,3.8365248980198,4.0
alt_uncorrected,4.708002578333224,4.708002578333224,4.0
