,Rseq_targets,Rseq_hits,Rfrequency
true_Rseq,5.050841278501334,5.050841278501334,4.0
alt_corrected,4.747588568288075,4.747588568288075,4.0
alt_corrected_unif,4.7928792643055225,4.7928792643055225,4.0
alt_uncorrected,5.664356944618946,5.664356944618946,4.0
