,Rseq_targets,Rseq_hits,Rfrequency
true_Rseq,4.275179225983454,4.275179225983454,4.0
alt_corrected,4.243013144363423,4.243013144363423,4.0
alt_corrected_unif,4.280838075600984,4.280838075600984,4.0
alt_uncorrected,5.152315755914408,5.152315755914408,4.0
