,Rseq_targets,Rseq_hits,Rfrequency
true_Rseq,4.3771084864623475,4.3771084864623475,4.0
alt_corrected,4.031244033794788,4.031244033794788,4.0
alt_corrected_unif,4.16555801744399,4.16555801744399,4.0
alt_uncorrected,5.037035697757415,5.037035697757415,4.0
