,Rseq_targets,Rseq_hits,Rfrequency
true_Rseq,4.374198819403102,4.374198819403102,4.0
alt_corrected,4.330760343678845,4.330760343678845,4.0
alt_corrected_unif,4.355069778637423,4.355069778637423,4.0
alt_uncorrected,5.226547458950847,5.226547458950847,4.0
