,Rseq_targets,Rseq_hits,Rfrequency
true_Rseq,3.7389705686628254,3.7389705686628254,4.0
alt_corrected,3.691821282684758,3.691821282684758,4.0
alt_corrected_unif,3.7075893950453165,3.7075893950453165,4.0
alt_uncorrected,4.579067075358741,4.579067075358741,4.0
