,Rseq_targets,Rseq_hits,Rfrequency
true_Rseq,4.794908207276684,4.794908207276684,4.0
alt_corrected,4.665271823841096,4.665271823841096,4.0
alt_corrected_unif,4.6841970530569785,4.6841970530569785,4.0
alt_uncorrected,5.555674733370402,5.555674733370402,4.0
