,Rseq_targets,Rseq_hits,Rfrequency
true_Rseq,3.7604216142274076,3.7604216142274076,4.0
alt_corrected,3.5988350355462457,3.5988350355462457,4.0
alt_corrected_unif,3.6550439216738186,3.6550439216738186,4.0
alt_uncorrected,4.526521601987243,4.526521601987243,4.0
