,Rseq_targets,Rseq_hits,Rfrequency
true_Rseq,3.5976220552722893,3.5976220552722893,4.0
alt_corrected,3.610741826982157,3.610741826982157,4.0
alt_corrected_unif,3.612380570721507,3.612380570721507,4.0
alt_uncorrected,4.483858251034931,4.483858251034931,4.0
