,Rseq_targets,Rseq_hits,Rfrequency
true_Rseq,4.6075072797762076,4.6075072797762076,4.0
alt_corrected,4.385234305446062,4.385234305446062,4.0
alt_corrected_unif,4.462934119028455,4.462934119028455,4.0
alt_uncorrected,5.334411799341879,5.334411799341879,4.0
