,Rseq_targets,Rseq_hits,Rfrequency
true_Rseq,3.9161411402235355,3.9161411402235355,4.0
alt_corrected,3.8808143676401534,3.8808143676401534,4.0
alt_corrected_unif,4.021134207190594,4.021134207190594,4.0
alt_uncorrected,4.892611887504017,4.892611887504017,4.0
