,Rseq_targets,Rseq_hits,Rfrequency
true_Rseq,3.686665793951458,3.686665793951458,4.0
alt_corrected,3.8501550865209513,3.8501550865209513,4.0
alt_corrected_unif,3.9847469129961595,3.9847469129961595,4.0
alt_uncorrected,4.856224593309584,4.856224593309584,4.0
