,Rseq_targets,Rseq_hits,Rfrequency
true_Rseq,4.325550825216897,4.325550825216897,4.0
alt_corrected,4.334516564961121,4.334516564961121,4.0
alt_corrected_unif,4.337812318542115,4.337812318542115,4.0
alt_uncorrected,5.209289998855539,5.209289998855539,4.0
