,Rseq_targets,Rseq_hits,Rfrequency
true_Rseq,4.359963976194862,4.359963976194862,4.0
alt_corrected,4.285848480550658,4.285848480550658,4.0
alt_corrected_unif,4.407271289661892,4.407271289661892,4.0
alt_uncorrected,5.278748969975316,5.278748969975316,4.0
