,Rseq_targets,Rseq_hits,Rfrequency
true_Rseq,3.698944358597762,3.698944358597762,4.0
alt_corrected,3.5564971061015243,3.5564971061015243,4.0
alt_corrected_unif,3.5842779324938276,3.5842779324938276,4.0
alt_uncorrected,4.455755612807252,4.455755612807252,4.0
