,Rseq_targets,Rseq_hits,Rfrequency
true_Rseq,4.991263198906425,4.991263198906425,4.0
alt_corrected,4.623232704437351,4.623232704437351,4.0
alt_corrected_unif,4.813665870219895,4.813665870219895,4.0
alt_uncorrected,5.6851435505333185,5.6851435505333185,4.0
