,Rseq_targets,Rseq_hits,Rfrequency
true_Rseq,3.8959270715190506,3.8959270715190506,4.0
alt_corrected,4.012144179084624,4.012144179084624,4.0
alt_corrected_unif,4.036809375385996,4.036809375385996,4.0
alt_uncorrected,4.90828705569942,4.90828705569942,4.0
