,Rseq_targets,Rseq_hits,Rfrequency
true_Rseq,3.4436445705220127,3.4436445705220127,4.0
alt_corrected,3.331829040974388,3.331829040974388,4.0
alt_corrected_unif,3.368354183461895,3.368354183461895,4.0
alt_uncorrected,4.239831863775319,4.239831863775319,4.0
