,Rseq_targets,Rseq_hits,Rfrequency
true_Rseq,3.301710558581992,3.301710558581992,4.0
alt_corrected,3.4275321034864814,3.4275321034864814,4.0
alt_corrected_unif,3.4442606985112563,3.4442606985112563,4.0
alt_uncorrected,4.315738378824681,4.315738378824681,4.0
