,Rseq_targets,Rseq_hits,Rfrequency
true_Rseq,4.36713223815843,4.36713223815843,4.0
alt_corrected,4.1241755923692995,4.1241755923692995,4.0
alt_corrected_unif,4.192466949222103,4.192466949222103,4.0
alt_uncorrected,5.063944629535528,5.063944629535528,4.0
