,Rseq_targets,Rseq_hits,Rfrequency
true_Rseq,3.363483612610029,3.363483612610029,4.0
alt_corrected,3.493960835223293,3.493960835223293,4.0
alt_corrected_unif,3.525671243148268,3.525671243148268,4.0
alt_uncorrected,4.3971489234616925,4.3971489234616925,4.0
