,Rseq_targets,Rseq_hits,Rfrequency
true_Rseq,4.323935475461528,4.323935475461528,4.0
alt_corrected,4.42443639736544,4.42443639736544,4.0
alt_corrected_unif,4.4479007786812375,4.4479007786812375,4.0
alt_uncorrected,5.319378458994661,5.319378458994661,4.0
