,Rseq_targets,Rseq_hits,Rfrequency
true_Rseq,4.00263585182025,4.00263585182025,4.0
alt_corrected,4.033333254365438,4.033333254365438,4.0
alt_corrected_unif,4.036049778441036,4.036049778441036,4.0
alt_uncorrected,4.90752745875446,4.90752745875446,4.0
