,Rseq_targets,Rseq_hits,Rfrequency
true_Rseq,3.2567665595061923,2.9771385916626913,4.0
alt_corrected,2.6562436743528517,2.459497949750025,4.0
alt_corrected_unif,2.863073700794695,2.6663279761918686,4.0
alt_uncorrected,3.7345513811081195,3.537805656505293,4.0
