,Rseq_targets,Rseq_hits,Rfrequency
true_Rseq,3.3641062499982697,3.3641062499982697,4.0
alt_corrected,3.4624197005150354,3.4624197005150354,4.0
alt_corrected_unif,3.4877485688898173,3.4877485688898173,4.0
alt_uncorrected,4.359226249203242,4.359226249203242,4.0
