,Rseq_targets,Rseq_hits,Rfrequency
true_Rseq,4.435608555644922,4.435608555644922,4.0
alt_corrected,4.460917430948104,4.460917430948104,4.0
alt_corrected_unif,4.464142311795749,4.464142311795749,4.0
alt_uncorrected,5.335619992109173,5.335619992109173,4.0
