,Rseq_targets,Rseq_hits,Rfrequency
true_Rseq,3.413960813401925,3.413960813401925,4.0
alt_corrected,3.349323654256052,3.349323654256052,4.0
alt_corrected_unif,3.396979275884213,3.396979275884213,4.0
alt_uncorrected,4.268456956197637,4.268456956197637,4.0
