,Rseq_targets,Rseq_hits,Rfrequency
true_Rseq,4.015157287599402,4.015157287599402,4.0
alt_corrected,3.7870416620030354,3.7870416620030354,4.0
alt_corrected_unif,3.8453186405912088,3.8453186405912088,4.0
alt_uncorrected,4.716796320904633,4.716796320904633,4.0
