,Rseq_targets,Rseq_hits,Rfrequency
true_Rseq,4.238331932376992,4.238331932376992,4.0
alt_corrected,4.233360278046672,4.233360278046672,4.0
alt_corrected_unif,4.247498367496803,4.247498367496803,4.0
alt_uncorrected,5.118976047810227,5.118976047810227,4.0
