,Rseq_targets,Rseq_hits,Rfrequency
true_Rseq,3.764536738035,3.764536738035,4.0
alt_corrected,3.8332488754589966,3.8332488754589966,4.0
alt_corrected_unif,3.846837194409017,3.846837194409017,4.0
alt_uncorrected,4.7183148747224415,4.7183148747224415,4.0
