,Rseq_targets,Rseq_hits,Rfrequency
true_Rseq,4.0708305278113315,4.0708305278113315,4.0
alt_corrected,3.9881464835741762,3.9881464835741762,4.0
alt_corrected_unif,4.008162111351012,4.008162111351012,4.0
alt_uncorrected,4.879639791664436,4.879639791664436,4.0
