,Rseq_targets,Rseq_hits,Rfrequency
true_Rseq,3.9419561182392364,3.9419561182392364,4.0
alt_corrected,3.870568230114669,3.870568230114669,4.0
alt_corrected_unif,3.8876132981576155,3.8876132981576155,4.0
alt_uncorrected,4.75909097847104,4.75909097847104,4.0
