,Rseq_targets,Rseq_hits,Rfrequency
true_Rseq,4.794997782680868,4.794997782680868,4.0
alt_corrected,4.885617241837091,4.885617241837091,4.0
alt_corrected_unif,4.8992120807046415,4.8992120807046415,4.0
alt_uncorrected,5.770689761018065,5.770689761018065,4.0
