,Rseq_targets,Rseq_hits,Rfrequency
true_Rseq,-0.6203905888929047,2.861282034975096,4.0
alt_corrected,-0.5143008926174513,3.221394080384546,4.0
alt_corrected_unif,-0.41919699005826533,3.316497982943732,4.0
alt_uncorrected,0.452280690255159,4.1879756632571565,4.0
