,Rseq_targets,Rseq_hits,Rfrequency
true_Rseq,3.670819362591165,3.670819362591165,4.0
alt_corrected,3.762592604033082,3.762592604033082,4.0
alt_corrected_unif,3.7826082318099217,3.7826082318099217,4.0
alt_uncorrected,4.654085912123346,4.654085912123346,4.0
