,Rseq_targets,Rseq_hits,Rfrequency
true_Rseq,4.080628279149446,4.080628279149446,4.0
alt_corrected,3.859848677239765,3.859848677239765,4.0
alt_corrected_unif,3.9597341707270544,3.9597341707270544,4.0
alt_uncorrected,4.831211851040479,4.831211851040479,4.0
