,Rseq_targets,Rseq_hits,Rfrequency
true_Rseq,4.584589159866477,4.584589159866477,4.0
alt_corrected,4.295313146303332,4.295313146303332,4.0
alt_corrected_unif,4.353658119883384,4.353658119883384,4.0
alt_uncorrected,5.225135800196808,5.225135800196808,4.0
