,Rseq_targets,Rseq_hits,Rfrequency
true_Rseq,4.328840911124851,4.328840911124851,4.0
alt_corrected,4.373628279147708,4.373628279147708,4.0
alt_corrected_unif,4.376344803223306,4.376344803223306,4.0
alt_uncorrected,5.24782248353673,5.24782248353673,4.0
