,Rseq_targets,Rseq_hits,Rfrequency
true_Rseq,4.612767912570886,4.612767912570886,4.0
alt_corrected,4.50338216289633,4.50338216289633,4.0
alt_corrected_unif,4.5473759678927745,4.5473759678927745,4.0
alt_uncorrected,5.418853648206198,5.418853648206198,4.0
