,Rseq_targets,Rseq_hits,Rfrequency
true_Rseq,4.46395137623135,4.46395137623135,4.0
alt_corrected,4.220859965036173,4.220859965036173,4.0
alt_corrected_unif,4.295880954785909,4.295880954785909,4.0
alt_uncorrected,5.167358635099333,5.167358635099333,4.0
