,Rseq_targets,Rseq_hits,Rfrequency
true_Rseq,4.481402787338345,4.481402787338345,4.0
alt_corrected,4.038572774370667,4.038572774370667,4.0
alt_corrected_unif,4.180947465075299,4.180947465075299,4.0
alt_uncorrected,5.052425145388723,5.052425145388723,4.0
