,Rseq_targets,Rseq_hits,Rfrequency
true_Rseq,4.217335678498618,4.217335678498618,4.0
alt_corrected,4.034465996737616,4.034465996737616,4.0
alt_corrected_unif,4.130706966859085,4.130706966859085,4.0
alt_uncorrected,5.00218464717251,5.00218464717251,4.0
