,Rseq_targets,Rseq_hits,Rfrequency
true_Rseq,4.4162640057210965,4.4162640057210965,4.0
alt_corrected,4.275525160969873,4.275525160969873,4.0
alt_corrected_unif,4.305865365227081,4.305865365227081,4.0
alt_uncorrected,5.177343045540506,5.177343045540506,4.0
