,Rseq_targets,Rseq_hits,Rfrequency
true_Rseq,3.8225003730308043,3.8225003730308043,4.0
alt_corrected,3.681374831401193,3.681374831401193,4.0
alt_corrected_unif,3.7905958202361485,3.7905958202361485,4.0
alt_uncorrected,4.662073500549573,4.662073500549573,4.0
