,Rseq_targets,Rseq_hits,Rfrequency
true_Rseq,3.9835024663902194,3.9835024663902194,4.0
alt_corrected,3.87332617757463,3.87332617757463,4.0
alt_corrected_unif,3.8967905588904395,3.8967905588904395,4.0
alt_uncorrected,4.768268239203864,4.768268239203864,4.0
