,Rseq_targets,Rseq_hits,Rfrequency
true_Rseq,4.624974397228725,4.624974397228725,4.0
alt_corrected,4.237812536692167,4.237812536692167,4.0
alt_corrected_unif,4.381934858152526,4.381934858152526,4.0
alt_uncorrected,5.253412538465951,5.253412538465951,4.0
