,Rseq_targets,Rseq_hits,Rfrequency
true_Rseq,4.069304100087193,4.069304100087193,4.0
alt_corrected,4.125647149861735,4.125647149861735,4.0
alt_corrected_unif,4.134887836713487,4.134887836713487,4.0
alt_uncorrected,5.006365517026912,5.006365517026912,4.0
