,Rseq_targets,Rseq_hits,Rfrequency
true_Rseq,3.6422489326632306,3.6422489326632306,4.0
alt_corrected,3.6288134942747416,3.6288134942747416,4.0
alt_corrected_unif,3.64214368712661,3.64214368712661,4.0
alt_uncorrected,4.5136213674400345,4.5136213674400345,4.0
