,Rseq_targets,Rseq_hits,Rfrequency
true_Rseq,4.6884169480559645,4.6884169480559645,4.0
alt_corrected,4.175930231984408,4.175930231984408,4.0
alt_corrected_unif,4.348063589142445,4.348063589142445,4.0
alt_uncorrected,5.219541269455869,5.219541269455869,4.0
