,Rseq_targets,Rseq_hits,Rfrequency
true_Rseq,4.120678912048108,4.120678912048108,4.0
alt_corrected,4.185177566952589,4.185177566952589,4.0
alt_corrected_unif,4.231293081924772,4.231293081924772,4.0
alt_uncorrected,5.102770762238196,5.102770762238196,4.0
