,Rseq_targets,Rseq_hits,Rfrequency
true_Rseq,4.070795853123327,4.070795853123327,4.0
alt_corrected,3.9926630561042376,3.9926630561042376,4.0
alt_corrected_unif,4.0869168639982405,4.0869168639982405,4.0
alt_uncorrected,4.958394544311665,4.958394544311665,4.0
