,Rseq_targets,Rseq_hits,Rfrequency
true_Rseq,3.6749862763494168,3.6749862763494168,4.0
alt_corrected,3.821730340570367,3.821730340570367,4.0
alt_corrected_unif,3.8749881133665416,3.8749881133665416,4.0
alt_uncorrected,4.746465793679966,4.746465793679966,4.0
