,Rseq_targets,Rseq_hits,Rfrequency
true_Rseq,4.22480965469593,4.22480965469593,4.0
alt_corrected,4.2495428831264705,4.2495428831264705,4.0
alt_corrected_unif,4.274019310623766,4.274019310623766,4.0
alt_uncorrected,5.14549699093719,5.14549699093719,4.0
