,Rseq_targets,Rseq_hits,Rfrequency
true_Rseq,3.7481840984817794,3.7481840984817794,4.0
alt_corrected,3.734289214878676,3.734289214878676,4.0
alt_corrected_unif,3.7936969610075972,3.7936969610075972,4.0
alt_uncorrected,4.6651746413210216,4.6651746413210216,4.0
