,Rseq_targets,Rseq_hits,Rfrequency
true_Rseq,4.251538844392746,4.251538844392746,4.0
alt_corrected,4.209912566989496,4.209912566989496,4.0
alt_corrected_unif,4.226641162014282,4.226641162014282,4.0
alt_uncorrected,5.098118842327706,5.098118842327706,4.0
