,Rseq_targets,Rseq_hits,Rfrequency
true_Rseq,4.382787648393881,4.382787648393881,4.0
alt_corrected,4.311814155028534,4.311814155028534,4.0
alt_corrected_unif,4.353933785219471,4.353933785219471,4.0
alt_uncorrected,5.225411465532895,5.225411465532895,4.0
