,Rseq_targets,Rseq_hits,Rfrequency
true_Rseq,3.5260457498802307,3.5260457498802307,4.0
alt_corrected,3.5539754854705174,3.5539754854705174,4.0
alt_corrected_unif,3.601631107098686,3.601631107098686,4.0
alt_uncorrected,4.4731087874121105,4.4731087874121105,4.0
