,Rseq_targets,Rseq_hits,Rfrequency
true_Rseq,4.136024621427522,4.136024621427522,4.0
alt_corrected,4.243544200533483,4.243544200533483,4.0
alt_corrected_unif,4.318879226263567,4.318879226263567,4.0
alt_uncorrected,5.190356906576991,5.190356906576991,4.0
