,Rseq_targets,Rseq_hits,Rfrequency
true_Rseq,4.652259704993202,4.652259704993202,4.0
alt_corrected,4.410652690053443,4.410652690053443,4.0
alt_corrected_unif,4.517898563415645,4.517898563415645,4.0
alt_uncorrected,5.389376243729069,5.389376243729069,4.0
