,Rseq_targets,Rseq_hits,Rfrequency
true_Rseq,4.521722567154868,4.521722567154868,4.0
alt_corrected,4.012551249285936,4.012551249285936,4.0
alt_corrected_unif,4.1657359607158835,4.1657359607158835,4.0
alt_uncorrected,5.037213641029308,5.037213641029308,4.0
