,Rseq_targets,Rseq_hits,Rfrequency
true_Rseq,3.9717583041645366,3.9717583041645366,4.0
alt_corrected,3.9414234304366076,3.9414234304366076,4.0
alt_corrected_unif,4.009714787289402,4.009714787289402,4.0
alt_uncorrected,4.881192467602827,4.881192467602827,4.0
