,Rseq_targets,Rseq_hits,Rfrequency
true_Rseq,3.5846982772018077,3.5846982772018077,4.0
alt_corrected,3.6548353746982043,3.6548353746982043,4.0
alt_corrected_unif,3.669850411162679,3.669850411162679,4.0
alt_uncorrected,4.541328091476103,4.541328091476103,4.0
