,Rseq_targets,Rseq_hits,Rfrequency
true_Rseq,4.521655982460528,4.521655982460528,4.0
alt_corrected,4.609937586943439,4.609937586943439,4.0
alt_corrected_unif,4.625705699303994,4.625705699303994,4.0
alt_uncorrected,5.497183379617418,5.497183379617418,4.0
