,Rseq_targets,Rseq_hits,Rfrequency
true_Rseq,3.9000271835588043,3.9000271835588043,4.0
alt_corrected,3.937214637841919,3.937214637841919,4.0
alt_corrected_unif,3.9462973152775223,3.9462973152775223,4.0
alt_uncorrected,4.817774995590947,4.817774995590947,4.0
