,Rseq_targets,Rseq_hits,Rfrequency
true_Rseq,4.081954916349839,4.081954916349839,4.0
alt_corrected,3.9969642437035633,3.9969642437035633,4.0
alt_corrected_unif,4.008470731689794,4.008470731689794,4.0
alt_uncorrected,4.879948412003218,4.879948412003218,4.0
