,Rseq_targets,Rseq_hits,Rfrequency
true_Rseq,3.8829564027808763,3.8829564027808763,4.0
alt_corrected,3.778987443434013,3.778987443434013,4.0
alt_corrected_unif,3.844465306840712,3.844465306840712,4.0
alt_uncorrected,4.715942987154136,4.715942987154136,4.0
