,Rseq_targets,Rseq_hits,Rfrequency
true_Rseq,4.150254369783893,4.150254369783893,4.0
alt_corrected,3.9719426172080663,3.9719426172080663,4.0
alt_corrected_unif,4.0064634610248255,4.0064634610248255,4.0
alt_uncorrected,4.877941141338249,4.877941141338249,4.0
