,Rseq_targets,Rseq_hits,Rfrequency
true_Rseq,4.250991439200814,4.250991439200814,4.0
alt_corrected,4.24849502482034,4.24849502482034,4.0
alt_corrected_unif,4.294526196734264,4.294526196734264,4.0
alt_uncorrected,5.166003877047688,5.166003877047688,4.0
