,Rseq_targets,Rseq_hits,Rfrequency
true_Rseq,4.73493912959934,4.73493912959934,4.0
alt_corrected,4.8095977432536845,4.8095977432536845,4.0
alt_corrected_unif,4.814470359832262,4.814470359832262,4.0
alt_uncorrected,5.685948040145686,5.685948040145686,4.0
