,Rseq_targets,Rseq_hits,Rfrequency
true_Rseq,5.097303539916563,4.79490134564333,4.0
alt_corrected,4.863102705391118,4.5527609544148175,4.0
alt_corrected_unif,4.918410646714618,4.608068895738317,4.0
alt_uncorrected,5.7898883270280415,5.479546576051741,4.0
