,Rseq_targets,Rseq_hits,Rfrequency
true_Rseq,2.5828658759105387,3.465022954523814,4.0
alt_corrected,2.417181302423242,3.2753294128282002,4.0
alt_corrected_unif,2.4905429334383857,3.348691043843344,4.0
alt_uncorrected,3.36202061375181,4.2201687241567685,4.0
