,Rseq_targets,Rseq_hits,Rfrequency
true_Rseq,3.547517603990938,3.547517603990938,4.0
alt_corrected,3.582316248529467,3.582316248529467,4.0
alt_corrected_unif,3.5969323190146,3.5969323190146,4.0
alt_uncorrected,4.468409999328024,4.468409999328024,4.0
