,Rseq_targets,Rseq_hits,Rfrequency
true_Rseq,4.716947069871714,4.487019212006674,4.0
alt_corrected,4.3957191359443515,4.210732240348587,4.0
alt_corrected_unif,4.482747884997718,4.297760989401953,4.0
alt_uncorrected,5.3542255653111415,5.169238669715377,4.0
