,Rseq_targets,Rseq_hits,Rfrequency
true_Rseq,3.634977361875375,3.634977361875375,4.0
alt_corrected,3.5235089578513965,3.5235089578513965,4.0
alt_corrected_unif,3.675835920346445,3.675835920346445,4.0
alt_uncorrected,4.547313600659869,4.547313600659869,4.0
