,Rseq_targets,Rseq_hits,Rfrequency
true_Rseq,3.31130587270715,3.31130587270715,4.0
alt_corrected,3.5768792588831375,3.5768792588831375,4.0
alt_corrected_unif,3.651900248632877,3.651900248632877,4.0
alt_uncorrected,4.523377928946301,4.523377928946301,4.0
