,Rseq_targets,Rseq_hits,Rfrequency
true_Rseq,4.479953930228555,4.479953930228555,4.0
alt_corrected,4.229714348217007,4.229714348217007,4.0
alt_corrected_unif,4.276281320611634,4.276281320611634,4.0
alt_uncorrected,5.147759000925059,5.147759000925059,4.0
