,Rseq_targets,Rseq_hits,Rfrequency
true_Rseq,4.0322679065416125,4.0322679065416125,4.0
alt_corrected,4.006659132132384,4.006659132132384,4.0
alt_corrected_unif,4.022427244492928,4.022427244492928,4.0
alt_uncorrected,4.893904924806352,4.893904924806352,4.0
