,Rseq_targets,Rseq_hits,Rfrequency
true_Rseq,3.852047618814968,3.852047618814968,4.0
alt_corrected,3.84006082018077,3.84006082018077,4.0
alt_corrected_unif,3.8449688838516694,3.8449688838516694,4.0
alt_uncorrected,4.716446564165094,4.716446564165094,4.0
