,Rseq_targets,Rseq_hits,Rfrequency
true_Rseq,4.534031757292761,4.534031757292761,4.0
alt_corrected,4.106677352039134,4.106677352039134,4.0
alt_corrected_unif,4.344539377297872,4.344539377297872,4.0
alt_uncorrected,5.216017057611296,5.216017057611296,4.0
