,Rseq_targets,Rseq_hits,Rfrequency
true_Rseq,4.461288525966439,4.461288525966439,4.0
alt_corrected,4.460790068657996,4.460790068657996,4.0
alt_corrected_unif,4.51851297117433,4.51851297117433,4.0
alt_uncorrected,5.3899906514877545,5.3899906514877545,4.0
