,Rseq_targets,Rseq_hits,Rfrequency
true_Rseq,3.970856651388136,3.970856651388136,4.0
alt_corrected,3.849370323826832,3.849370323826832,4.0
alt_corrected_unif,3.9145051105641095,3.9145051105641095,4.0
alt_uncorrected,4.785982790877534,4.785982790877534,4.0
