,Rseq_targets,Rseq_hits,Rfrequency
true_Rseq,3.9346068173523134,3.9346068173523134,4.0
alt_corrected,3.909505532847718,3.909505532847718,4.0
alt_corrected_unif,3.94816905501767,3.94816905501767,4.0
alt_uncorrected,4.819646735331094,4.819646735331094,4.0
