,Rseq_targets,Rseq_hits,Rfrequency
true_Rseq,4.094711552819325,4.094711552819325,4.0
alt_corrected,4.218533042797822,4.218533042797822,4.0
alt_corrected_unif,4.237018764346233,4.237018764346233,4.0
alt_uncorrected,5.108496444659657,5.108496444659657,4.0
