,Rseq_targets,Rseq_hits,Rfrequency
true_Rseq,3.6592438621282826,3.6592438621282826,4.0
alt_corrected,3.841787725829055,3.841787725829055,4.0
alt_corrected_unif,3.8838604839570743,3.8838604839570743,4.0
alt_uncorrected,4.755338164270499,4.755338164270499,4.0
