,Rseq_targets,Rseq_hits,Rfrequency
true_Rseq,4.48837527187718,4.48837527187718,4.0
alt_corrected,4.233208646231479,4.233208646231479,4.0
alt_corrected_unif,4.315455896951018,4.315455896951018,4.0
alt_uncorrected,5.186933577264442,5.186933577264442,4.0
