,Rseq_targets,Rseq_hits,Rfrequency
true_Rseq,4.597824254027863,4.597824254027863,4.0
alt_corrected,4.733121359452137,4.733121359452137,4.0
alt_corrected_unif,4.840586658366179,4.840586658366179,4.0
alt_uncorrected,5.712064338679604,5.712064338679604,4.0
