,Rseq_targets,Rseq_hits,Rfrequency
true_Rseq,3.2766170373590677,3.2766170373590677,4.0
alt_corrected,3.3869438965223004,3.3869438965223004,4.0
alt_corrected_unif,3.4114203240195873,3.4114203240195873,4.0
alt_uncorrected,4.282898004333012,4.282898004333012,4.0
