,Rseq_targets,Rseq_hits,Rfrequency
true_Rseq,3.7138909902577666,3.7138909902577666,4.0
alt_corrected,3.7132383922943877,3.7132383922943877,4.0
alt_corrected_unif,3.721435149506655,3.721435149506655,4.0
alt_uncorrected,4.592912829820079,4.592912829820079,4.0
