,Rseq_targets,Rseq_hits,Rfrequency
true_Rseq,4.502447051954427,4.502447051954427,4.0
alt_corrected,4.592896255734437,4.592896255734437,4.0
alt_corrected_unif,4.612911883511277,4.612911883511277,4.0
alt_uncorrected,5.484389563824701,5.484389563824701,4.0
