,Rseq_targets,Rseq_hits,Rfrequency
true_Rseq,4.411598245460298,4.411598245460298,4.0
alt_corrected,4.216620596793555,4.216620596793555,4.0
alt_corrected_unif,4.245641757302172,4.245641757302172,4.0
alt_uncorrected,5.117119437615596,5.117119437615596,4.0
