,Rseq_targets,Rseq_hits,Rfrequency
true_Rseq,4.7942712158738185,4.7942712158738185,4.0
alt_corrected,4.766560216626502,4.766560216626502,4.0
alt_corrected_unif,4.823283480258143,4.823283480258143,4.0
alt_uncorrected,5.694761160571567,5.694761160571567,4.0
