,Rseq_targets,Rseq_hits,Rfrequency
true_Rseq,4.142375355333224,4.142375355333224,4.0
alt_corrected,3.9699819497441178,3.9699819497441178,4.0
alt_corrected_unif,4.016548922138753,4.016548922138753,4.0
alt_uncorrected,4.888026602452177,4.888026602452177,4.0
