,Rseq_targets,Rseq_hits,Rfrequency
true_Rseq,4.286028618835116,4.286028618835116,4.0
alt_corrected,4.276816327351252,4.276816327351252,4.0
alt_corrected_unif,4.349971557684649,4.349971557684649,4.0
alt_uncorrected,5.221449237998073,5.221449237998073,4.0
