,Rseq_targets,Rseq_hits,Rfrequency
true_Rseq,4.117171496727832,4.117171496727832,4.0
alt_corrected,4.181422103473071,4.181422103473071,4.0
alt_corrected_unif,4.242784228464023,4.242784228464023,4.0
alt_uncorrected,5.114261908777447,5.114261908777447,4.0
