,Rseq_targets,Rseq_hits,Rfrequency
true_Rseq,3.9645715741272314,3.9645715741272314,4.0
alt_corrected,4.000833931256892,4.000833931256892,4.0
alt_corrected_unif,4.0815528330911395,4.0815528330911395,4.0
alt_uncorrected,4.953030513404563,4.953030513404563,4.0
