,Rseq_targets,Rseq_hits,Rfrequency
true_Rseq,4.238475985934225,4.238475985934225,4.0
alt_corrected,3.791704502815772,3.791704502815772,4.0
alt_corrected_unif,3.9771350185286454,3.9771350185286454,4.0
alt_uncorrected,4.84861269884207,4.84861269884207,4.0
