,Rseq_targets,Rseq_hits,Rfrequency
true_Rseq,3.856044857305184,3.856044857305184,4.0
alt_corrected,4.039951754266623,4.039951754266623,4.0
alt_corrected_unif,4.09210127122444,4.09210127122444,4.0
alt_uncorrected,4.963578951537864,4.963578951537864,4.0
