,Rseq_targets,Rseq_hits,Rfrequency
true_Rseq,4.530716431670384,4.530716431670384,4.0
alt_corrected,4.334208578731442,4.334208578731442,4.0
alt_corrected_unif,4.512493333343242,4.512493333343242,4.0
alt_uncorrected,5.383971013656666,5.383971013656666,4.0
