,Rseq_targets,Rseq_hits,Rfrequency
true_Rseq,4.4995921058766495,4.4995921058766495,4.0
alt_corrected,4.215801998541197,4.215801998541197,4.0
alt_corrected_unif,4.3330017897604165,4.3330017897604165,4.0
alt_uncorrected,5.20447947007384,5.20447947007384,4.0
