,Rseq_targets,Rseq_hits,Rfrequency
true_Rseq,3.585100608431447,3.585100608431447,4.0
alt_corrected,3.406618158663477,3.406618158663477,4.0
alt_corrected_unif,3.583070314536354,3.583070314536354,4.0
alt_uncorrected,4.454547994849778,4.454547994849778,4.0
