,Rseq_targets,Rseq_hits,Rfrequency
true_Rseq,3.1972712457333543,3.1972712457333543,4.0
alt_corrected,3.4102921979584373,3.4102921979584373,4.0
alt_corrected_unif,3.4930725903275746,3.4930725903275746,4.0
alt_uncorrected,4.364550270640999,4.364550270640999,4.0
