,Rseq_targets,Rseq_hits,Rfrequency
true_Rseq,4.319172977991384,4.319172977991384,4.0
alt_corrected,4.402530684472201,4.402530684472201,4.0
alt_corrected_unif,4.424515971376275,4.424515971376275,4.0
alt_uncorrected,5.295993651689699,5.295993651689699,4.0
