,Rseq_targets,Rseq_hits,Rfrequency
true_Rseq,3.715374979136973,3.715374979136973,4.0
alt_corrected,3.890185972145698,3.890185972145698,4.0
alt_corrected_unif,3.9513318956319083,3.9513318956319083,4.0
alt_uncorrected,4.822809575945333,4.822809575945333,4.0
