,Rseq_targets,Rseq_hits,Rfrequency
true_Rseq,3.1394423686192523,3.1394423686192523,4.0
alt_corrected,3.267854872690383,3.267854872690383,4.0
alt_corrected_unif,3.3155461785472036,3.3155461785472036,4.0
alt_uncorrected,4.187023858860628,4.187023858860628,4.0
