,Rseq_targets,Rseq_hits,Rfrequency
true_Rseq,4.417858701388273,4.417858701388273,4.0
alt_corrected,4.403499239978867,4.403499239978867,4.0
alt_corrected_unif,4.454112260375007,4.454112260375007,4.0
alt_uncorrected,5.325589940688432,5.325589940688432,4.0
