,Rseq_targets,Rseq_hits,Rfrequency
true_Rseq,4.432448387959661,4.432448387959661,4.0
alt_corrected,3.9421382784989745,3.9421382784989745,4.0
alt_corrected_unif,4.114644019149743,4.114644019149743,4.0
alt_uncorrected,4.986121699463167,4.986121699463167,4.0
