,Rseq_targets,Rseq_hits,Rfrequency
true_Rseq,4.599818136688077,4.599818136688077,4.0
alt_corrected,4.265931930901832,4.265931930901832,4.0
alt_corrected_unif,4.354483630542541,4.354483630542541,4.0
alt_uncorrected,5.225961310855966,5.225961310855966,4.0
