,Rseq_targets,Rseq_hits,Rfrequency
true_Rseq,3.7620771294099455,3.7620771294099455,4.0
alt_corrected,3.922793970704715,3.922793970704715,4.0
alt_corrected_unif,3.9678768061475203,3.9678768061475203,4.0
alt_uncorrected,4.839354486460945,4.839354486460945,4.0
