,Rseq_targets,Rseq_hits,Rfrequency
true_Rseq,3.5182986508981298,3.5182986508981298,4.0
alt_corrected,3.5370518978265384,3.5370518978265384,4.0
alt_corrected_unif,3.664948044401133,3.664948044401133,4.0
alt_uncorrected,4.536425724714557,4.536425724714557,4.0
