,Rseq_targets,Rseq_hits,Rfrequency
true_Rseq,4.194907275712094,4.194907275712094,4.0
alt_corrected,4.108683858463201,4.108683858463201,4.0
alt_corrected_unif,4.138222791096563,4.138222791096563,4.0
alt_uncorrected,5.009700471409988,5.009700471409988,4.0
