,Rseq_targets,Rseq_hits,Rfrequency
true_Rseq,4.484018883492823,4.484018883492823,4.0
alt_corrected,4.4103616062483155,4.4103616062483155,4.0
alt_corrected_unif,4.430080626841159,4.430080626841159,4.0
alt_uncorrected,5.301558307154583,5.301558307154583,4.0
