,Rseq_targets,Rseq_hits,Rfrequency
true_Rseq,5.031921118749834,5.031921118749834,4.0
alt_corrected,4.949219272914201,4.949219272914201,4.0
alt_corrected_unif,4.965947867938988,4.965947867938988,4.0
alt_uncorrected,5.837425548252412,5.837425548252412,4.0
