,Rseq_targets,Rseq_hits,Rfrequency
true_Rseq,4.570695255237382,4.570695255237382,4.0
alt_corrected,4.53730171363452,4.53730171363452,4.0
alt_corrected_unif,4.557020734227356,4.557020734227356,4.0
alt_uncorrected,5.42849841454078,5.42849841454078,4.0
