,Rseq_targets,Rseq_hits,Rfrequency
true_Rseq,4.089905335497595,4.089905335497595,4.0
alt_corrected,4.247626228324151,4.247626228324151,4.0
alt_corrected_unif,4.305358664443295,4.305358664443295,4.0
alt_uncorrected,5.176836344756719,5.176836344756719,4.0
