,Rseq_targets,Rseq_hits,Rfrequency
true_Rseq,3.70409736025354,3.9794956075389596,4.0
alt_corrected,3.6300378509989235,3.889442459249832,4.0
alt_corrected_unif,3.6515692911430713,3.9109738993939795,4.0
alt_uncorrected,4.523046971456496,4.782451579707404,4.0
