,Rseq_targets,Rseq_hits,Rfrequency
true_Rseq,4.0495087185661625,4.0495087185661625,4.0
alt_corrected,4.012991522978255,4.012991522978255,4.0
alt_corrected_unif,4.080653011465431,4.080653011465431,4.0
alt_uncorrected,4.952130691778855,4.952130691778855,4.0
