,Rseq_targets,Rseq_hits,Rfrequency
true_Rseq,4.659029931930742,4.659029931930742,4.0
alt_corrected,4.424568713872597,4.424568713872597,4.0
alt_corrected_unif,4.4696457428315295,4.4696457428315295,4.0
alt_uncorrected,5.341123423144953,5.341123423144953,4.0
