,Rseq_targets,Rseq_hits,Rfrequency
true_Rseq,4.598819771309106,4.598819771309106,4.0
alt_corrected,4.473925449080646,4.473925449080646,4.0
alt_corrected_unif,4.498517476706747,4.498517476706747,4.0
alt_uncorrected,5.3699951570201705,5.3699951570201705,4.0
