,Rseq_targets,Rseq_hits,Rfrequency
true_Rseq,3.7472526101733195,3.7472526101733195,4.0
alt_corrected,3.716938204432624,3.716938204432624,4.0
alt_corrected_unif,3.7386970227420773,3.7386970227420773,4.0
alt_uncorrected,4.610174703055502,4.610174703055502,4.0
