,Rseq_targets,Rseq_hits,Rfrequency
true_Rseq,3.979025595055095,3.979025595055095,4.0
alt_corrected,3.6636260949511597,3.6636260949511597,4.0
alt_corrected_unif,3.765146840710449,3.765146840710449,4.0
alt_uncorrected,4.636624521023873,4.636624521023873,4.0
