,Rseq_targets,Rseq_hits,Rfrequency
true_Rseq,3.8561661797576967,3.8561661797576967,4.0
alt_corrected,3.56078706158398,3.56078706158398,4.0
alt_corrected_unif,3.7175813056494884,3.7175813056494884,4.0
alt_uncorrected,4.589058985962913,4.589058985962913,4.0
