,Rseq_targets,Rseq_hits,Rfrequency
true_Rseq,4.729180319142201,4.729180319142201,4.0
alt_corrected,4.735597021585826,4.735597021585826,4.0
alt_corrected_unif,4.765750783132862,4.765750783132862,4.0
alt_uncorrected,5.637228463446287,5.637228463446287,4.0
