,Rseq_targets,Rseq_hits,Rfrequency
true_Rseq,4.3302636258741956,4.3302636258741956,4.0
alt_corrected,4.226323426890652,4.226323426890652,4.0
alt_corrected_unif,4.258688178204421,4.258688178204421,4.0
alt_uncorrected,5.130165858517846,5.130165858517846,4.0
