,Rseq_targets,Rseq_hits,Rfrequency
true_Rseq,3.8381347071034027,3.8381347071034027,4.0
alt_corrected,3.9026800787511866,3.9026800787511866,4.0
alt_corrected_unif,3.922114749006114,3.922114749006114,4.0
alt_uncorrected,4.793592429319538,4.793592429319538,4.0
