,Rseq_targets,Rseq_hits,Rfrequency
true_Rseq,3.9544087368708354,3.9544087368708354,4.0
alt_corrected,3.9393135319456007,3.9393135319456007,4.0
alt_corrected_unif,3.991172657702022,3.991172657702022,4.0
alt_uncorrected,4.862650338015446,4.862650338015446,4.0
