,Rseq_targets,Rseq_hits,Rfrequency
true_Rseq,4.152348923974618,4.152348923974618,4.0
alt_corrected,4.336304945675885,4.336304945675885,4.0
alt_corrected_unif,4.452967450184039,4.452967450184039,4.0
alt_uncorrected,5.324445130497463,5.324445130497463,4.0
