,Rseq_targets,Rseq_hits,Rfrequency
true_Rseq,4.264011779133929,4.264011779133929,4.0
alt_corrected,3.988793048229967,3.988793048229967,4.0
alt_corrected_unif,4.050097112414621,4.050097112414621,4.0
alt_uncorrected,4.921574792728045,4.921574792728045,4.0
