,Rseq_targets,Rseq_hits,Rfrequency
true_Rseq,4.195004442498164,4.195004442498164,4.0
alt_corrected,4.083504667256678,4.083504667256678,4.0
alt_corrected_unif,4.159564728038459,4.159564728038459,4.0
alt_uncorrected,5.031042408351883,5.031042408351883,4.0
