,Rseq_targets,Rseq_hits,Rfrequency
true_Rseq,3.6151587929353317,3.6151587929353317,4.0
alt_corrected,3.55969169882095,3.55969169882095,4.0
alt_corrected_unif,3.6494758692758853,3.6494758692758853,4.0
alt_uncorrected,4.52095354958931,4.52095354958931,4.0
