,Rseq_targets,Rseq_hits,Rfrequency
true_Rseq,4.218098101079805,4.218098101079805,4.0
alt_corrected,4.242111756586077,4.242111756586077,4.0
alt_corrected_unif,4.251513715586622,4.251513715586622,4.0
alt_uncorrected,5.122991395900046,5.122991395900046,4.0
