,Rseq_targets,Rseq_hits,Rfrequency
true_Rseq,4.645823219363046,4.645823219363046,4.0
alt_corrected,4.329810087702228,4.329810087702228,4.0
alt_corrected_unif,4.411681109861135,4.411681109861135,4.0
alt_uncorrected,5.283158790174559,5.283158790174559,4.0
