,Rseq_targets,Rseq_hits,Rfrequency
true_Rseq,3.852609135499888,3.852609135499888,4.0
alt_corrected,3.834288394021006,3.834288394021006,4.0
alt_corrected_unif,3.8386349410069864,3.8386349410069864,4.0
alt_uncorrected,4.710112621320411,4.710112621320411,4.0
