,Rseq_targets,Rseq_hits,Rfrequency
true_Rseq,3.978363841587436,3.978363841587436,4.0
alt_corrected,3.965227769613756,3.965227769613756,4.0
alt_corrected_unif,4.015914789191093,4.015914789191093,4.0
alt_uncorrected,4.887392469504517,4.887392469504517,4.0
