,Rseq_targets,Rseq_hits,Rfrequency
true_Rseq,4.048099488455363,4.048099488455363,4.0
alt_corrected,4.0079310164818285,4.0079310164818285,4.0
alt_corrected_unif,4.013365149745249,4.013365149745249,4.0
alt_uncorrected,4.884842830058673,4.884842830058673,4.0
