,Rseq_targets,Rseq_hits,Rfrequency
true_Rseq,4.559854801823151,4.559854801823151,4.0
alt_corrected,4.572670371559537,4.572670371559537,4.0
alt_corrected_unif,4.595805661632506,4.595805661632506,4.0
alt_uncorrected,5.4672833419459295,5.4672833419459295,4.0
