,Rseq_targets,Rseq_hits,Rfrequency
true_Rseq,3.588963986374962,3.588963986374962,4.0
alt_corrected,3.5456015614897347,3.5456015614897347,4.0
alt_corrected_unif,3.565036231744657,3.565036231744657,4.0
alt_uncorrected,4.436513912058081,4.436513912058081,4.0
