,Rseq_targets,Rseq_hits,Rfrequency
true_Rseq,4.337341533991441,4.337341533991441,4.0
alt_corrected,4.291475323251177,4.291475323251177,4.0
alt_corrected_unif,4.301403351844284,4.301403351844284,4.0
alt_uncorrected,5.172881032157708,5.172881032157708,4.0
