,Rseq_targets,Rseq_hits,Rfrequency
true_Rseq,5.092855956876998,5.092855956876998,4.0
alt_corrected,4.785949266438149,4.785949266438149,4.0
alt_corrected_unif,4.867044815194717,4.867044815194717,4.0
alt_uncorrected,5.738522495508141,5.738522495508141,4.0
