,Rseq_targets,Rseq_hits,Rfrequency
true_Rseq,3.579193272341241,3.579193272341241,4.0
alt_corrected,3.533872145580079,3.533872145580079,4.0
alt_corrected_unif,3.5570074356530195,3.5570074356530195,4.0
alt_uncorrected,4.428485115966444,4.428485115966444,4.0
