,Rseq_targets,Rseq_hits,Rfrequency
true_Rseq,3.5166253161608054,3.5166253161608054,4.0
alt_corrected,3.369636466391644,3.369636466391644,4.0
alt_corrected_unif,3.4379278232444297,3.4379278232444297,4.0
alt_uncorrected,4.309405503557854,4.309405503557854,4.0
