,Rseq_targets,Rseq_hits,Rfrequency
true_Rseq,4.001672260694528,4.001672260694528,4.0
alt_corrected,4.224453329346593,4.224453329346593,4.0
alt_corrected_unif,4.317997556439439,4.317997556439439,4.0
alt_uncorrected,5.1894752367528625,5.1894752367528625,4.0
