,Rseq_targets,Rseq_hits,Rfrequency
true_Rseq,3.998767998411476,3.998767998411476,4.0
alt_corrected,4.053960500095208,4.053960500095208,4.0
alt_corrected_unif,4.069401718209349,4.069401718209349,4.0
alt_uncorrected,4.940879398522773,4.940879398522773,4.0
