,Rseq_targets,Rseq_hits,Rfrequency
true_Rseq,3.6129816786400895,3.6129816786400895,4.0
alt_corrected,3.625221619887209,3.625221619887209,4.0
alt_corrected_unif,3.7606517401823267,3.7606517401823267,4.0
alt_uncorrected,4.632129420495751,4.632129420495751,4.0
