,Rseq_targets,Rseq_hits,Rfrequency
true_Rseq,3.6855494210755833,3.6855494210755833,4.0
alt_corrected,3.7843613938245775,3.7843613938245775,4.0
alt_corrected_unif,3.8252700524182344,3.8252700524182344,4.0
alt_uncorrected,4.696747732731659,4.696747732731659,4.0
