,Rseq_targets,Rseq_hits,Rfrequency
true_Rseq,3.7354553233113084,3.7354553233113084,4.0
alt_corrected,3.6872914222658015,3.6872914222658015,4.0
alt_corrected_unif,3.8361166098432515,3.8361166098432515,4.0
alt_uncorrected,4.707594290156676,4.707594290156676,4.0
