,Rseq_targets,Rseq_hits,Rfrequency
true_Rseq,3.7246614650511365,3.7246614650511365,4.0
alt_corrected,3.7727458491696173,3.7727458491696173,4.0
alt_corrected_unif,3.787361919654749,3.787361919654749,4.0
alt_uncorrected,4.658839599968173,4.658839599968173,4.0
