,Rseq_targets,Rseq_hits,Rfrequency
true_Rseq,4.357174626673752,4.357174626673752,4.0
alt_corrected,4.1374518727374205,4.1374518727374205,4.0
alt_corrected_unif,4.269453894411637,4.269453894411637,4.0
alt_uncorrected,5.140931574725061,5.140931574725061,4.0
