,Rseq_targets,Rseq_hits,Rfrequency
true_Rseq,3.9539739391040936,3.9539739391040936,4.0
alt_corrected,3.830045259598122,3.830045259598122,4.0
alt_corrected_unif,3.86038546385532,3.86038546385532,4.0
alt_uncorrected,4.731863144168744,4.731863144168744,4.0
