,Rseq_targets,Rseq_hits,Rfrequency
true_Rseq,4.473512905007496,4.473512905007496,4.0
alt_corrected,4.017128359150723,4.017128359150723,4.0
alt_corrected_unif,4.1598701744651585,4.1598701744651585,4.0
alt_uncorrected,5.031347854778582,5.031347854778582,4.0
