,Rseq_targets,Rseq_hits,Rfrequency
true_Rseq,4.632437950168141,4.632437950168141,4.0
alt_corrected,4.255417499123997,4.255417499123997,4.0
alt_corrected_unif,4.465450493802551,4.465450493802551,4.0
alt_uncorrected,5.336928174115975,5.336928174115975,4.0
