,Rseq_targets,Rseq_hits,Rfrequency
true_Rseq,4.313573243765924,4.313573243765924,4.0
alt_corrected,4.3306793390262985,4.3306793390262985,4.0
alt_corrected_unif,4.340978964434942,4.340978964434942,4.0
alt_uncorrected,5.212456644748366,5.212456644748366,4.0
