,Rseq_targets,Rseq_hits,Rfrequency
true_Rseq,4.469177140274458,4.469177140274458,4.0
alt_corrected,4.525507420130374,4.525507420130374,4.0
alt_corrected_unif,4.586811484315005,4.586811484315005,4.0
alt_uncorrected,5.458289164628429,5.458289164628429,4.0
