,Rseq_targets,Rseq_hits,Rfrequency
true_Rseq,3.967014198147748,3.967014198147748,4.0
alt_corrected,3.5770303231590024,3.5770303231590024,4.0
alt_corrected_unif,3.741540775510989,3.741540775510989,4.0
alt_uncorrected,4.613018455824413,4.613018455824413,4.0
