,Rseq_targets,Rseq_hits,Rfrequency
true_Rseq,3.638922718028388,3.638922718028388,4.0
alt_corrected,3.597277933298241,3.597277933298241,4.0
alt_corrected_unif,3.6344347684585556,3.6344347684585556,4.0
alt_uncorrected,4.50591244877198,4.50591244877198,4.0
