,Rseq_targets,Rseq_hits,Rfrequency
true_Rseq,4.25332267373309,4.25332267373309,4.0
alt_corrected,4.254363373693989,4.254363373693989,4.0
alt_corrected_unif,4.303703838934743,4.303703838934743,4.0
alt_uncorrected,5.1751815192481665,5.1751815192481665,4.0
