,Rseq_targets,Rseq_hits,Rfrequency
true_Rseq,3.1863284283992135,3.1863284283992135,4.0
alt_corrected,3.2294692719321203,3.2294692719321203,4.0
alt_corrected_unif,3.2639901157488764,3.2639901157488764,4.0
alt_uncorrected,4.135467796062301,4.135467796062301,4.0
