,Rseq_targets,Rseq_hits,Rfrequency
true_Rseq,4.046255518450215,4.046255518450215,4.0
alt_corrected,4.110653146493309,4.110653146493309,4.0
alt_corrected_unif,4.1430727091748185,4.1430727091748185,4.0
alt_uncorrected,5.014550389488242,5.014550389488242,4.0
