,Rseq_targets,Rseq_hits,Rfrequency
true_Rseq,3.9401442817766306,3.9401442817766306,4.0
alt_corrected,3.8728292096294945,3.8728292096294945,4.0
alt_corrected_unif,3.9152543052111946,3.9152543052111946,4.0
alt_uncorrected,4.786731985524619,4.786731985524619,4.0
