,Rseq_targets,Rseq_hits,Rfrequency
true_Rseq,4.400234833975913,4.400234833975913,4.0
alt_corrected,4.5676081590172855,4.5676081590172855,4.0
alt_corrected_unif,4.6358450468257875,4.6358450468257875,4.0
alt_uncorrected,5.507322727139211,5.507322727139211,4.0
