,Rseq_targets,Rseq_hits,Rfrequency
true_Rseq,2.6530682758017754,3.2612597638253016,4.0
alt_corrected,2.7165553598753176,3.337969010913339,4.0
alt_corrected_unif,2.8149754185190754,3.4363890695570967,4.0
alt_uncorrected,3.6864530988324997,4.307866749870521,4.0
