,Rseq_targets,Rseq_hits,Rfrequency
true_Rseq,4.3732129756951785,4.3732129756951785,4.0
alt_corrected,4.077657634377827,4.077657634377827,4.0
alt_corrected_unif,4.168244462702685,4.168244462702685,4.0
alt_uncorrected,5.039722143016109,5.039722143016109,4.0
