,Rseq_targets,Rseq_hits,Rfrequency
true_Rseq,4.738927001398583,4.738927001398583,4.0
alt_corrected,4.544956318739192,4.544956318739192,4.0
alt_corrected_unif,4.5908381634137925,4.5908381634137925,4.0
alt_uncorrected,5.462315843727216,5.462315843727216,4.0
