,Rseq_targets,Rseq_hits,Rfrequency
true_Rseq,4.481742521806481,4.481742521806481,4.0
alt_corrected,4.1973095616717195,4.1973095616717195,4.0
alt_corrected_unif,4.361847127544275,4.361847127544275,4.0
alt_uncorrected,5.2333248078576995,5.2333248078576995,4.0
