,Rseq_targets,Rseq_hits,Rfrequency
true_Rseq,4.235671724417448,4.235671724417448,4.0
alt_corrected,3.9614807764842284,3.9614807764842284,4.0
alt_corrected_unif,4.048875325745232,4.048875325745232,4.0
alt_uncorrected,4.920353006058656,4.920353006058656,4.0
