,Rseq_targets,Rseq_hits,Rfrequency
true_Rseq,3.6622671474816375,3.6622671474816375,4.0
alt_corrected,3.6661134690269366,3.6661134690269366,4.0
alt_corrected_unif,3.712847507827481,3.712847507827481,4.0
alt_uncorrected,4.584325188140905,4.584325188140905,4.0
