,Rseq_targets,Rseq_hits,Rfrequency
true_Rseq,3.1887432810221634,3.1887432810221634,4.0
alt_corrected,3.3053238354908525,3.3053238354908525,4.0
alt_corrected_unif,3.323967268940691,3.323967268940691,4.0
alt_uncorrected,4.1954449492541155,4.1954449492541155,4.0
