,Rseq_targets,Rseq_hits,Rfrequency
true_Rseq,3.9570743242153323,3.9570743242153323,4.0
alt_corrected,4.012476681855536,4.012476681855536,4.0
alt_corrected_unif,4.0538141565754096,4.0538141565754096,4.0
alt_uncorrected,4.925291836888834,4.925291836888834,4.0
