,Rseq_targets,Rseq_hits,Rfrequency
true_Rseq,4.500040007709261,4.500040007709261,4.0
alt_corrected,4.052965188992564,4.052965188992564,4.0
alt_corrected_unif,4.189884828168788,4.189884828168788,4.0
alt_uncorrected,5.061362508482212,5.061362508482212,4.0
