,Rseq_targets,Rseq_hits,Rfrequency
true_Rseq,4.403045218962955,4.403045218962955,4.0
alt_corrected,4.421099094324882,4.421099094324882,4.0
alt_corrected_unif,4.439742527774726,4.439742527774726,4.0
alt_uncorrected,5.31122020808815,5.31122020808815,4.0
