,Rseq_targets,Rseq_hits,Rfrequency
true_Rseq,3.6222094264762443,3.6222094264762443,4.0
alt_corrected,3.4595578195306627,3.4595578195306627,4.0
alt_corrected_unif,3.5644201675961216,3.5644201675961216,4.0
alt_uncorrected,4.435897847909546,4.435897847909546,4.0
