,Rseq_targets,Rseq_hits,Rfrequency
true_Rseq,3.6924305634912225,3.6924305634912225,4.0
alt_corrected,3.7483192047588076,3.7483192047588076,4.0
alt_corrected_unif,3.769228439343142,3.769228439343142,4.0
alt_uncorrected,4.640706119656566,4.640706119656566,4.0
