,Rseq_targets,Rseq_hits,Rfrequency
true_Rseq,4.353276304410484,4.353276304410484,4.0
alt_corrected,4.348595338175841,4.348595338175841,4.0
alt_corrected_unif,4.358948187891039,4.358948187891039,4.0
alt_uncorrected,5.230425868204464,5.230425868204464,4.0
