,Rseq_targets,Rseq_hits,Rfrequency
true_Rseq,4.9987941212443,4.9987941212443,4.0
alt_corrected,4.772693859514118,4.772693859514118,4.0
alt_corrected_unif,4.850875057385048,4.850875057385048,4.0
alt_uncorrected,5.722352737698472,5.722352737698472,4.0
