,Rseq_targets,Rseq_hits,Rfrequency
true_Rseq,4.101989743286994,4.101989743286994,4.0
alt_corrected,4.100791189677772,4.100791189677772,4.0
alt_corrected_unif,4.110987626372449,4.110987626372449,4.0
alt_uncorrected,4.982465306685873,4.982465306685873,4.0
