,Rseq_targets,Rseq_hits,Rfrequency
true_Rseq,4.2253367559028785,4.2253367559028785,4.0
alt_corrected,4.086015861815104,4.086015861815104,4.0
alt_corrected_unif,4.156970358811423,4.156970358811423,4.0
alt_uncorrected,5.028448039124847,5.028448039124847,4.0
