,Rseq_targets,Rseq_hits,Rfrequency
true_Rseq,3.772347909047543,3.772347909047543,4.0
alt_corrected,3.803709969911928,3.803709969911928,4.0
alt_corrected_unif,3.842052761196443,3.842052761196443,4.0
alt_uncorrected,4.713530441509867,4.713530441509867,4.0
