,Rseq_targets,Rseq_hits,Rfrequency
true_Rseq,4.52421358007898,4.52421358007898,4.0
alt_corrected,4.131474049299728,4.131474049299728,4.0
alt_corrected_unif,4.339216151706616,4.339216151706616,4.0
alt_uncorrected,5.2106938320200396,5.2106938320200396,4.0
