,Rseq_targets,Rseq_hits,Rfrequency
true_Rseq,4.590130571844067,4.590130571844067,4.0
alt_corrected,4.500347028648077,4.500347028648077,4.0
alt_corrected_unif,4.510543465342755,4.510543465342755,4.0
alt_uncorrected,5.3820211456561795,5.3820211456561795,4.0
