,Rseq_targets,Rseq_hits,Rfrequency
true_Rseq,3.9249177853983017,3.9249177853983017,4.0
alt_corrected,3.9809815422212673,3.9809815422212673,4.0
alt_corrected_unif,3.9912811676299103,3.9912811676299103,4.0
alt_uncorrected,4.862758847943335,4.862758847943335,4.0
