,Rseq_targets,Rseq_hits,Rfrequency
true_Rseq,4.832770571687524,4.832770571687524,4.0
alt_corrected,4.978313766830393,4.978313766830393,4.0
alt_corrected_unif,5.010615323412569,5.010615323412569,4.0
alt_uncorrected,5.882093003725993,5.882093003725993,4.0
