,Rseq_targets,Rseq_hits,Rfrequency
true_Rseq,4.472584662236912,4.472584662236912,4.0
alt_corrected,4.434331324969215,4.434331324969215,4.0
alt_corrected_unif,4.453916869785642,4.453916869785642,4.0
alt_uncorrected,5.325394550099066,5.325394550099066,4.0
