,Rseq_targets,Rseq_hits,Rfrequency
true_Rseq,3.179774564755313,3.179774564755313,4.0
alt_corrected,3.1567408205241283,3.1567408205241283,4.0
alt_corrected_unif,3.165981507375895,3.165981507375895,4.0
alt_uncorrected,4.037459187689319,4.037459187689319,4.0
