,Rseq_targets,Rseq_hits,Rfrequency
true_Rseq,4.209463563473507,4.209463563473507,4.0
alt_corrected,4.0870189099329925,4.0870189099329925,4.0
alt_corrected_unif,4.120993435771368,4.120993435771368,4.0
alt_uncorrected,4.992471116084792,4.992471116084792,4.0
