,Rseq_targets,Rseq_hits,Rfrequency
true_Rseq,4.005513319265674,4.005513319265674,4.0
alt_corrected,3.930778691159567,3.930778691159567,4.0
alt_corrected_unif,3.9366775245570964,3.9366775245570964,4.0
alt_uncorrected,4.808155204870521,4.808155204870521,4.0
