,Rseq_targets,Rseq_hits,Rfrequency
true_Rseq,3.844969250894226,3.844969250894226,4.0
alt_corrected,3.6704448352442,3.6704448352442,4.0
alt_corrected_unif,3.699983767877557,3.699983767877557,4.0
alt_uncorrected,4.571461448190981,4.571461448190981,4.0
