,Rseq_targets,Rseq_hits,Rfrequency
true_Rseq,4.372045183384055,4.372045183384055,4.0
alt_corrected,4.229313095247191,4.229313095247191,4.0
alt_corrected_unif,4.274062338883427,4.274062338883427,4.0
alt_uncorrected,5.145540019196851,5.145540019196851,4.0
