,Rseq_targets,Rseq_hits,Rfrequency
true_Rseq,4.086280656105169,4.086280656105169,4.0
alt_corrected,4.152384536424014,4.152384536424014,4.0
alt_corrected_unif,4.213741651935585,4.213741651935585,4.0
alt_uncorrected,5.08521933224901,5.08521933224901,4.0
