,Rseq_targets,Rseq_hits,Rfrequency
true_Rseq,4.588271764855984,4.588271764855984,4.0
alt_corrected,4.727958935768349,4.727958935768349,4.0
alt_corrected_unif,4.744630982074449,4.744630982074449,4.0
alt_uncorrected,5.616108662387873,5.616108662387873,4.0
