,Rseq_targets,Rseq_hits,Rfrequency
true_Rseq,3.841367375818602,3.841367375818602,4.0
alt_corrected,4.011206122798349,4.011206122798349,4.0
alt_corrected_unif,4.055431937819742,4.055431937819742,4.0
alt_uncorrected,4.926909618133166,4.926909618133166,4.0
