,Rseq_targets,Rseq_hits,Rfrequency
true_Rseq,3.3422528829558953,3.3422528829558953,4.0
alt_corrected,3.556335401569664,3.556335401569664,4.0
alt_corrected_unif,3.594434894509616,3.594434894509616,4.0
alt_uncorrected,4.46591257482304,4.46591257482304,4.0
