,Rseq_targets,Rseq_hits,Rfrequency
true_Rseq,3.8040014297351377,3.8040014297351377,4.0
alt_corrected,3.670792264363865,3.670792264363865,4.0
alt_corrected_unif,3.707949099524185,3.707949099524185,4.0
alt_uncorrected,4.579426779837609,4.579426779837609,4.0
