,Rseq_targets,Rseq_hits,Rfrequency
true_Rseq,3.5216179266367664,3.5216179266367664,4.0
alt_corrected,3.525342438898131,3.525342438898131,4.0
alt_corrected_unif,3.538930757848149,3.538930757848149,4.0
alt_uncorrected,4.410408438161573,4.410408438161573,4.0
