,Rseq_targets,Rseq_hits,Rfrequency
true_Rseq,3.634398464207991,3.634398464207991,4.0
alt_corrected,3.6345948783690103,3.6345948783690103,4.0
alt_corrected_unif,3.683799353157783,3.683799353157783,4.0
alt_uncorrected,4.555277033471207,4.555277033471207,4.0
