,Rseq_targets,Rseq_hits,Rfrequency
true_Rseq,3.908898623807932,3.908898623807932,4.0
alt_corrected,3.6601247020420913,3.6601247020420913,4.0
alt_corrected_unif,3.77809357040898,3.77809357040898,4.0
alt_uncorrected,4.6495712507224045,4.6495712507224045,4.0
