,Rseq_targets,Rseq_hits,Rfrequency
true_Rseq,4.551120401124537,4.551120401124537,4.0
alt_corrected,4.279093651055257,4.279093651055257,4.0
alt_corrected_unif,4.344765147026589,4.344765147026589,4.0
alt_uncorrected,5.216242827340014,5.216242827340014,4.0
