,Rseq_targets,Rseq_hits,Rfrequency
true_Rseq,3.64737323071326,3.3550802639915114,4.0
alt_corrected,3.4839973312536143,3.177657938019129,4.0
alt_corrected_unif,3.553652848180754,3.2473134549462688,4.0
alt_uncorrected,4.425130528494178,4.118791135259693,4.0
