,Rseq_targets,Rseq_hits,Rfrequency
true_Rseq,4.402335456029276,4.402335456029276,4.0
alt_corrected,4.323089027646706,4.323089027646706,4.0
alt_corrected_unif,4.377043901497055,4.377043901497055,4.0
alt_uncorrected,5.248521581810479,5.248521581810479,4.0
