,Rseq_targets,Rseq_hits,Rfrequency
true_Rseq,4.198538627935436,4.198538627935436,4.0
alt_corrected,4.212178821324587,4.212178821324587,4.0
alt_corrected_unif,4.222641379671334,4.222641379671334,4.0
alt_uncorrected,5.094119059984758,5.094119059984758,4.0
