,Rseq_targets,Rseq_hits,Rfrequency
true_Rseq,3.9805439102107023,3.9805439102107023,4.0
alt_corrected,4.12652354498389,4.12652354498389,4.0
alt_corrected_unif,4.152332787606754,4.152332787606754,4.0
alt_uncorrected,5.023810467920178,5.023810467920178,4.0
