,Rseq_targets,Rseq_hits,Rfrequency
true_Rseq,3.9055985449890214,3.9055985449890214,4.0
alt_corrected,3.8612390744678744,3.8612390744678744,4.0
alt_corrected_unif,3.8982718067715525,3.8982718067715525,4.0
alt_uncorrected,4.769749487084977,4.769749487084977,4.0
