,Rseq_targets,Rseq_hits,Rfrequency
true_Rseq,3.56766647173124,3.56766647173124,4.0
alt_corrected,3.5005920204284244,3.5005920204284244,4.0
alt_corrected_unif,3.633241392015767,3.633241392015767,4.0
alt_uncorrected,4.504719072329191,4.504719072329191,4.0
