,Rseq_targets,Rseq_hits,Rfrequency
true_Rseq,4.747793814964578,4.747793814964578,4.0
alt_corrected,4.363868932802113,4.363868932802113,4.0
alt_corrected_unif,4.6052517661855035,4.6052517661855035,4.0
alt_uncorrected,5.476729446498927,5.476729446498927,4.0
