,Rseq_targets,Rseq_hits,Rfrequency
true_Rseq,4.239008252099639,4.239008252099639,4.0
alt_corrected,4.264227422361352,4.264227422361352,4.0
alt_corrected_unif,4.3028909445312955,4.3028909445312955,4.0
alt_uncorrected,5.17436862484472,5.17436862484472,4.0
