,Rseq_targets,Rseq_hits,Rfrequency
true_Rseq,4.116722555802581,4.116722555802581,4.0
alt_corrected,4.277030305006418,4.277030305006418,4.0
alt_corrected_unif,4.405490604518681,4.405490604518681,4.0
alt_uncorrected,5.276968284832105,5.276968284832105,4.0
