,Rseq_targets,Rseq_hits,Rfrequency
true_Rseq,3.9378891593664402,3.872165729950135,4.0
alt_corrected,3.8178235223761887,3.7326499874414885,4.0
alt_corrected_unif,3.8556484536137483,3.770474918679048,4.0
alt_uncorrected,4.727126133927173,4.641952598992472,4.0
