,Rseq_targets,Rseq_hits,Rfrequency
true_Rseq,4.205171207380593,4.205171207380593,4.0
alt_corrected,4.120416264877069,4.120416264877069,4.0
alt_corrected_unif,4.125850398140495,4.125850398140495,4.0
alt_uncorrected,4.997328078453919,4.997328078453919,4.0
