,Rseq_targets,Rseq_hits,Rfrequency
true_Rseq,4.264131930896133,4.264131930896133,4.0
alt_corrected,4.196521816173644,4.196521816173644,4.0
alt_corrected_unif,4.246837016642539,4.246837016642539,4.0
alt_uncorrected,5.118314696955963,5.118314696955963,4.0
