,Rseq_targets,Rseq_hits,Rfrequency
true_Rseq,4.627016912287038,4.627016912287038,4.0
alt_corrected,4.520890968010681,4.520890968010681,4.0
alt_corrected_unif,4.554865493849055,4.554865493849055,4.0
alt_uncorrected,5.42634317416248,5.42634317416248,4.0
