,Rseq_targets,Rseq_hits,Rfrequency
true_Rseq,4.188922530648012,4.188922530648012,4.0
alt_corrected,4.2387314420952595,4.2387314420952595,4.0
alt_corrected_unif,4.254172660209399,4.254172660209399,4.0
alt_uncorrected,5.1256503405228235,5.1256503405228235,4.0
