,Rseq_targets,Rseq_hits,Rfrequency
true_Rseq,2.596434451860137,2.972887115365481,4.0
alt_corrected,2.610530252582531,2.9715769437159727,4.0
alt_corrected_unif,2.682589989759178,3.0436366808926194,4.0
alt_uncorrected,3.554067670072602,3.9151143612060437,4.0
