,Rseq_targets,Rseq_hits,Rfrequency
true_Rseq,3.9728655276404092,3.9728655276404092,4.0
alt_corrected,4.023551038463902,4.023551038463902,4.0
alt_corrected_unif,4.036881231315789,4.036881231315789,4.0
alt_uncorrected,4.908358911629213,4.908358911629213,4.0
