,Rseq_targets,Rseq_hits,Rfrequency
true_Rseq,4.367168620254417,4.367168620254417,4.0
alt_corrected,4.0067962967282655,4.0067962967282655,4.0
alt_corrected_unif,4.14048322649079,4.14048322649079,4.0
alt_uncorrected,5.011960906804214,5.011960906804214,4.0
