,Rseq_targets,Rseq_hits,Rfrequency
true_Rseq,4.0117550284443935,4.0117550284443935,4.0
alt_corrected,3.8815064451017522,3.8815064451017522,4.0
alt_corrected_unif,3.9206697896282408,3.9206697896282408,4.0
alt_uncorrected,4.792147469941665,4.792147469941665,4.0
