,Rseq_targets,Rseq_hits,Rfrequency
true_Rseq,4.029363348861523,4.029363348861523,4.0
alt_corrected,3.625490014988162,3.625490014988162,4.0
alt_corrected_unif,3.8042882556889253,3.8042882556889253,4.0
alt_uncorrected,4.67576593600235,4.67576593600235,4.0
