,Rseq_targets,Rseq_hits,Rfrequency
true_Rseq,4.380416658803572,4.380416658803572,4.0
alt_corrected,4.230253784262796,4.230253784262796,4.0
alt_corrected_unif,4.240553409671454,4.240553409671454,4.0
alt_uncorrected,5.112031089984878,5.112031089984878,4.0
