,Rseq_targets,Rseq_hits,Rfrequency
true_Rseq,4.566999355986411,4.566999355986411,4.0
alt_corrected,4.552818228512734,4.552818228512734,4.0
alt_corrected_unif,4.55825236177618,4.55825236177618,4.0
alt_uncorrected,5.429730042089604,5.429730042089604,4.0
