,Rseq_targets,Rseq_hits,Rfrequency
true_Rseq,2.997159068746037,2.997159068746037,4.0
alt_corrected,2.8914560997269056,2.8914560997269056,4.0
alt_corrected_unif,3.047432405414234,3.047432405414234,4.0
alt_uncorrected,3.918910085727658,3.918910085727658,4.0
