,Rseq_targets,Rseq_hits,Rfrequency
true_Rseq,4.432328760978185,4.432328760978185,4.0
alt_corrected,4.3956380028814825,4.3956380028814825,4.0
alt_corrected_unif,4.3983545269570605,4.3983545269570605,4.0
alt_uncorrected,5.269832207270484,5.269832207270484,4.0
