,Rseq_targets,Rseq_hits,Rfrequency
true_Rseq,4.846477200430913,4.846477200430913,4.0
alt_corrected,4.532489590795106,4.532489590795106,4.0
alt_corrected_unif,4.645118873662364,4.645118873662364,4.0
alt_uncorrected,5.516596553975788,5.516596553975788,4.0
