,Rseq_targets,Rseq_hits,Rfrequency
true_Rseq,4.6639023207243895,4.6639023207243895,4.0
alt_corrected,4.816877789816871,4.816877789816871,4.0
alt_corrected_unif,4.856650550224206,4.856650550224206,4.0
alt_uncorrected,5.72812823053763,5.72812823053763,4.0
