,Rseq_targets,Rseq_hits,Rfrequency
true_Rseq,4.780400246352363,4.780400246352363,4.0
alt_corrected,4.94210692851231,4.94210692851231,4.0
alt_corrected_unif,4.976284107717754,4.976284107717754,4.0
alt_uncorrected,5.847761788031178,5.847761788031178,4.0
