,Rseq_targets,Rseq_hits,Rfrequency
true_Rseq,3.9482766048916833,3.9482766048916833,4.0
alt_corrected,3.985614635446639,3.985614635446639,4.0
alt_corrected_unif,4.034834342758755,4.034834342758755,4.0
alt_uncorrected,4.906312023072179,4.906312023072179,4.0
