,Rseq_targets,Rseq_hits,Rfrequency
true_Rseq,4.082609933415782,4.082609933415782,4.0
alt_corrected,3.9465788899649223,3.9465788899649223,4.0
alt_corrected_unif,3.99768057025813,3.99768057025813,4.0
alt_uncorrected,4.869158250571554,4.869158250571554,4.0
