,Rseq_targets,Rseq_hits,Rfrequency
true_Rseq,3.902079204829718,3.902079204829718,4.0
alt_corrected,3.758587676260204,3.758587676260204,4.0
alt_corrected_unif,3.8271635622048508,3.8271635622048508,4.0
alt_uncorrected,4.698641242518275,4.698641242518275,4.0
