,Rseq_targets,Rseq_hits,Rfrequency
true_Rseq,4.599886210569995,4.599886210569995,4.0
alt_corrected,4.615492208053549,4.615492208053549,4.0
alt_corrected_unif,4.621550585583355,4.621550585583355,4.0
alt_uncorrected,5.49302826589678,5.49302826589678,4.0
