,Rseq_targets,Rseq_hits,Rfrequency
true_Rseq,4.507024988825756,4.507024988825756,4.0
alt_corrected,4.37957222890037,4.37957222890037,4.0
alt_corrected_unif,4.43629538636087,4.43629538636087,4.0
alt_uncorrected,5.307773066674294,5.307773066674294,4.0
