,Rseq_targets,Rseq_hits,Rfrequency
true_Rseq,4.233938687596565,4.233938687596565,4.0
alt_corrected,4.345836709955176,4.345836709955176,4.0
alt_corrected_unif,4.3602995038454715,4.3602995038454715,4.0
alt_uncorrected,5.231777184158895,5.231777184158895,4.0
