,Rseq_targets,Rseq_hits,Rfrequency
true_Rseq,3.2923004213476483,3.2923004213476483,4.0
alt_corrected,3.435289426586099,3.435289426586099,4.0
alt_corrected_unif,3.461428158845218,3.461428158845218,4.0
alt_uncorrected,4.332905839158642,4.332905839158642,4.0
