,Rseq_targets,Rseq_hits,Rfrequency
true_Rseq,4.406739964739156,4.406739964739156,4.0
alt_corrected,4.387229895178143,4.387229895178143,4.0
alt_corrected_unif,4.4042249344199185,4.4042249344199185,4.0
alt_uncorrected,5.275702614733342,5.275702614733342,4.0
