,Rseq_targets,Rseq_hits,Rfrequency
true_Rseq,4.840686711704668,4.840686711704668,4.0
alt_corrected,4.8827293254950686,4.8827293254950686,4.0
alt_corrected_unif,4.938065913596958,4.938065913596958,4.0
alt_uncorrected,5.809543593910382,5.809543593910382,4.0
