,Rseq_targets,Rseq_hits,Rfrequency
true_Rseq,4.153584103630146,4.153584103630146,4.0
alt_corrected,4.16691616440375,4.16691616440375,4.0
alt_corrected_unif,4.186635184996586,4.186635184996586,4.0
alt_uncorrected,5.05811286531001,5.05811286531001,4.0
