,Rseq_targets,Rseq_hits,Rfrequency
true_Rseq,4.396994875596266,4.396994875596266,4.0
alt_corrected,4.381944977456573,4.381944977456573,4.0
alt_corrected_unif,4.386817594035129,4.386817594035129,4.0
alt_uncorrected,5.258295274348553,5.258295274348553,4.0
