,Rseq_targets,Rseq_hits,Rfrequency
true_Rseq,3.819406809769559,3.819406809769559,4.0
alt_corrected,4.000102699577082,4.000102699577082,4.0
alt_corrected_unif,4.039266044103572,4.039266044103572,4.0
alt_uncorrected,4.910743724416996,4.910743724416996,4.0
