,Rseq_targets,Rseq_hits,Rfrequency
true_Rseq,3.5139779500338593,3.5139779500338593,4.0
alt_corrected,3.5562822355904267,3.5562822355904267,4.0
alt_corrected_unif,3.6353441275830316,3.6353441275830316,4.0
alt_uncorrected,4.506821807896456,4.506821807896456,4.0
