,Rseq_targets,Rseq_hits,Rfrequency
true_Rseq,3.822168966102689,3.822168966102689,4.0
alt_corrected,3.691742286358114,3.691742286358114,4.0
alt_corrected_unif,3.7575999447288075,3.7575999447288075,4.0
alt_uncorrected,4.629077625042232,4.629077625042232,4.0
