,Rseq_targets,Rseq_hits,Rfrequency
true_Rseq,3.1673650151059025,3.1673650151059025,4.0
alt_corrected,3.1964948487393974,3.1964948487393974,4.0
alt_corrected_unif,3.241188465869875,3.241188465869875,4.0
alt_uncorrected,4.112666146183299,4.112666146183299,4.0
