,Rseq_targets,Rseq_hits,Rfrequency
true_Rseq,4.167719296306218,4.167719296306218,4.0
alt_corrected,4.26541411795759,4.26541411795759,4.0
alt_corrected_unif,4.293780944411871,4.293780944411871,4.0
alt_uncorrected,5.165258624725295,5.165258624725295,4.0
