,Rseq_targets,Rseq_hits,Rfrequency
true_Rseq,5.006439887722913,5.006439887722913,4.0
alt_corrected,4.290295163468723,4.290295163468723,4.0
alt_corrected_unif,4.5262822706716275,4.5262822706716275,4.0
alt_uncorrected,5.397759950985051,5.397759950985051,4.0
