,Rseq_targets,Rseq_hits,Rfrequency
true_Rseq,4.133427786278666,4.133427786278666,4.0
alt_corrected,3.9723311534294727,3.9723311534294727,4.0
alt_corrected_unif,4.0582905756666285,4.0582905756666285,4.0
alt_uncorrected,4.929768255980052,4.929768255980052,4.0
