,Rseq_targets,Rseq_hits,Rfrequency
true_Rseq,4.3696963001518565,4.3696963001518565,4.0
alt_corrected,4.241725110325296,4.241725110325296,4.0
alt_corrected_unif,4.265598041449916,4.265598041449916,4.0
alt_uncorrected,5.137075721763341,5.137075721763341,4.0
