,Rseq_targets,Rseq_hits,Rfrequency
true_Rseq,3.8484987829194104,3.8484987829194104,4.0
alt_corrected,3.700621510044157,3.700621510044157,4.0
alt_corrected_unif,3.747573535532229,3.747573535532229,4.0
alt_uncorrected,4.619051215845653,4.619051215845653,4.0
