,Rseq_targets,Rseq_hits,Rfrequency
true_Rseq,4.204264427337046,4.204264427337046,4.0
alt_corrected,4.279377992530303,4.279377992530303,4.0
alt_corrected_unif,4.318541337056793,4.318541337056793,4.0
alt_uncorrected,5.190019017370217,5.190019017370217,4.0
