,Rseq_targets,Rseq_hits,Rfrequency
true_Rseq,4.126885632184518,4.126885632184518,4.0
alt_corrected,4.124171354927679,4.124171354927679,4.0
alt_corrected_unif,4.139939467288231,4.139939467288231,4.0
alt_uncorrected,5.011417147601655,5.011417147601655,4.0
