,Rseq_targets,Rseq_hits,Rfrequency
true_Rseq,4.002289577349394,4.002289577349394,4.0
alt_corrected,4.07486355291465,4.07486355291465,4.0
alt_corrected_unif,4.211783192090872,4.211783192090872,4.0
alt_uncorrected,5.083260872404296,5.083260872404296,4.0
