,Rseq_targets,Rseq_hits,Rfrequency
true_Rseq,4.205962970160904,4.205962970160904,4.0
alt_corrected,4.500890452436286,4.500890452436286,4.0
alt_corrected_unif,4.593220289050018,4.593220289050018,4.0
alt_uncorrected,5.464697969363442,5.464697969363442,4.0
