,Rseq_targets,Rseq_hits,Rfrequency
true_Rseq,4.363526921521805,4.363526921521805,4.0
alt_corrected,4.1916306114387165,4.1916306114387165,4.0
alt_corrected_unif,4.293679145964951,4.293679145964951,4.0
alt_uncorrected,5.165156826278375,5.165156826278375,4.0
