,Rseq_targets,Rseq_hits,Rfrequency
true_Rseq,4.007946953537214,4.007946953537214,4.0
alt_corrected,4.114523653068797,4.114523653068797,4.0
alt_corrected_unif,4.15486950630622,4.15486950630622,4.0
alt_uncorrected,5.026347186619644,5.026347186619644,4.0
