,Rseq_targets,Rseq_hits,Rfrequency
true_Rseq,4.416787524771093,4.416787524771093,4.0
alt_corrected,4.405573739212606,4.405573739212606,4.0
alt_corrected_unif,4.412692716088612,4.412692716088612,4.0
alt_uncorrected,5.284170396402036,5.284170396402036,4.0
