,Rseq_targets,Rseq_hits,Rfrequency
true_Rseq,3.890745113109075,3.890745113109075,4.0
alt_corrected,3.9683244335089474,3.9683244335089474,4.0
alt_corrected_unif,3.9753885896827774,3.9753885896827774,4.0
alt_uncorrected,4.846866269996202,4.846866269996202,4.0
