,Rseq_targets,Rseq_hits,Rfrequency
true_Rseq,4.507999885840961,4.507999885840961,4.0
alt_corrected,4.521899696510985,4.521899696510985,4.0
alt_corrected_unif,4.536362490401292,4.536362490401292,4.0
alt_uncorrected,5.4078401707147155,5.4078401707147155,4.0
