,Rseq_targets,Rseq_hits,Rfrequency
true_Rseq,4.218785024015008,4.218785024015008,4.0
alt_corrected,4.1135824329416835,4.1135824329416835,4.0
alt_corrected_unif,4.133598060718528,4.133598060718528,4.0
alt_uncorrected,5.005075741031952,5.005075741031952,4.0
