,Rseq_targets,Rseq_hits,Rfrequency
true_Rseq,4.368800880786116,4.368800880786116,4.0
alt_corrected,3.9809001753988813,3.9809001753988813,4.0
alt_corrected_unif,4.1527178528098645,4.1527178528098645,4.0
alt_uncorrected,5.024195533123288,5.024195533123288,4.0
