,Rseq_targets,Rseq_hits,Rfrequency
true_Rseq,2.9101511737901635,3.028165592843056,4.0
alt_corrected,3.0025554386172595,3.1345547910098803,4.0
alt_corrected_unif,3.0434640972109177,3.1754634496035385,4.0
alt_uncorrected,3.914941777524342,4.046941129916963,4.0
