,Rseq_targets,Rseq_hits,Rfrequency
true_Rseq,4.158862987479614,4.158862987479614,4.0
alt_corrected,4.152105392062213,4.152105392062213,4.0
alt_corrected_unif,4.169150460105136,4.169150460105136,4.0
alt_uncorrected,5.040628140418561,5.040628140418561,4.0
