,Rseq_targets,Rseq_hits,Rfrequency
true_Rseq,3.562904445859049,3.562904445859049,4.0
alt_corrected,3.428187434598006,3.428187434598006,4.0
alt_corrected_unif,3.496172541408742,3.496172541408742,4.0
alt_uncorrected,4.367650221722166,4.367650221722166,4.0
