,Rseq_targets,Rseq_hits,Rfrequency
true_Rseq,4.622718707871905,4.622718707871905,4.0
alt_corrected,4.553714057601578,4.553714057601578,4.0
alt_corrected_unif,4.560165133573287,4.560165133573287,4.0
alt_uncorrected,5.431642813886712,5.431642813886712,4.0
