,Rseq_targets,Rseq_hits,Rfrequency
true_Rseq,4.499542369085926,4.499542369085926,4.0
alt_corrected,4.466227244520435,4.466227244520435,4.0
alt_corrected_unif,4.577915282464927,4.577915282464927,4.0
alt_uncorrected,5.449392962778351,5.449392962778351,4.0
