,Rseq_targets,Rseq_hits,Rfrequency
true_Rseq,3.793811064095249,3.793811064095249,4.0
alt_corrected,3.754676474443446,3.754676474443446,4.0
alt_corrected_unif,3.7627845602567995,3.7627845602567995,4.0
alt_uncorrected,4.634262240570224,4.634262240570224,4.0
