,Rseq_targets,Rseq_hits,Rfrequency
true_Rseq,4.425155572044623,4.425155572044623,4.0
alt_corrected,4.263742816433739,4.263742816433739,4.0
alt_corrected_unif,4.317575282599947,4.317575282599947,4.0
alt_uncorrected,5.1890529629133715,5.1890529629133715,4.0
