,Rseq_targets,Rseq_hits,Rfrequency
true_Rseq,3.7264148405677364,3.7264148405677364,4.0
alt_corrected,3.9227195417168677,3.9227195417168677,4.0
alt_corrected_unif,3.9728256037723138,3.9728256037723138,4.0
alt_uncorrected,4.844303284085738,4.844303284085738,4.0
