,Rseq_targets,Rseq_hits,Rfrequency
true_Rseq,3.8439016037337375,3.8439016037337375,4.0
alt_corrected,3.774691010192948,3.774691010192948,4.0
alt_corrected_unif,3.7855617199551257,3.7855617199551257,4.0
alt_uncorrected,4.65703940026855,4.65703940026855,4.0
