,Rseq_targets,Rseq_hits,Rfrequency
true_Rseq,4.109594097051103,4.109594097051103,4.0
alt_corrected,4.106401030985603,4.106401030985603,4.0
alt_corrected_unif,4.18918142335472,4.18918142335472,4.0
alt_uncorrected,5.0606591036681445,5.0606591036681445,4.0
