,Rseq_targets,Rseq_hits,Rfrequency
true_Rseq,4.404412397805969,4.404412397805969,4.0
alt_corrected,4.310572508555598,4.310572508555598,4.0
alt_corrected_unif,4.352150625855469,4.352150625855469,4.0
alt_uncorrected,5.2236283061688935,5.2236283061688935,4.0
