,Rseq_targets,Rseq_hits,Rfrequency
true_Rseq,3.967059571753653,3.967059571753653,4.0
alt_corrected,3.859208004347168,3.859208004347168,4.0
alt_corrected_unif,3.923512750647244,3.923512750647244,4.0
alt_uncorrected,4.794990430960668,4.794990430960668,4.0
