,Rseq_targets,Rseq_hits,Rfrequency
true_Rseq,3.3679166990015013,3.3679166990015013,4.0
alt_corrected,3.502395805223566,3.502395805223566,4.0
alt_corrected_unif,3.650261591084474,3.650261591084474,4.0
alt_uncorrected,4.521739271397898,4.521739271397898,4.0
