,Rseq_targets,Rseq_hits,Rfrequency
true_Rseq,4.523430458371108,4.523430458371108,4.0
alt_corrected,4.359556555492333,4.359556555492333,4.0
alt_corrected_unif,4.456007160577121,4.456007160577121,4.0
alt_uncorrected,5.327484840890546,5.327484840890546,4.0
