,Rseq_targets,Rseq_hits,Rfrequency
true_Rseq,3.793264025354687,3.793264025354687,4.0
alt_corrected,3.7798980014287493,3.7798980014287493,4.0
alt_corrected_unif,3.8208066600224115,3.8208066600224115,4.0
alt_uncorrected,4.692284340335836,4.692284340335836,4.0
