,Rseq_targets,Rseq_hits,Rfrequency
true_Rseq,0.6983472799660895,2.63789843477851,4.0
alt_corrected,0.7006087935443275,2.797169245721344,4.0
alt_corrected_unif,0.8720469693794777,2.968607421556494,4.0
alt_uncorrected,1.743524649692902,3.8400851018699185,4.0
