,Rseq_targets,Rseq_hits,Rfrequency
true_Rseq,4.298961494353529,4.298961494353529,4.0
alt_corrected,4.268124836012374,4.268124836012374,4.0
alt_corrected_unif,4.362742890383668,4.362742890383668,4.0
alt_uncorrected,5.234220570697093,5.234220570697093,4.0
