,Rseq_targets,Rseq_hits,Rfrequency
true_Rseq,3.7390202487953523,3.7390202487953523,4.0
alt_corrected,3.470966242822562,3.470966242822562,4.0
alt_corrected_unif,3.601827057483107,3.601827057483107,4.0
alt_uncorrected,4.473304737796531,4.473304737796531,4.0
