,Rseq_targets,Rseq_hits,Rfrequency
true_Rseq,4.443492866661062,4.443492866661062,4.0
alt_corrected,3.965685427800521,3.965685427800521,4.0
alt_corrected_unif,4.107808219231822,4.107808219231822,4.0
alt_uncorrected,4.979285899545247,4.979285899545247,4.0
