,Rseq_targets,Rseq_hits,Rfrequency
true_Rseq,3.5279870580460546,3.5279870580460546,4.0
alt_corrected,3.6518165503934585,3.6518165503934585,4.0
alt_corrected_unif,3.76303870887302,3.76303870887302,4.0
alt_uncorrected,4.6345163891864445,4.6345163891864445,4.0
