,Rseq_targets,Rseq_hits,Rfrequency
true_Rseq,4.339104867680298,4.339104867680298,4.0
alt_corrected,4.482055701812069,4.482055701812069,4.0
alt_corrected_unif,4.594010666515594,4.594010666515594,4.0
alt_uncorrected,5.465488346829018,5.465488346829018,4.0
