,Rseq_targets,Rseq_hits,Rfrequency
true_Rseq,4.256744998830593,4.256744998830593,4.0
alt_corrected,4.208313870614686,4.208313870614686,4.0
alt_corrected_unif,4.230880115040648,4.230880115040648,4.0
alt_uncorrected,5.102357795354073,5.102357795354073,4.0
