,Rseq_targets,Rseq_hits,Rfrequency
true_Rseq,4.411524610121923,4.411524610121923,4.0
alt_corrected,3.951467444490905,3.951467444490905,4.0
alt_corrected_unif,4.093842135195537,4.093842135195537,4.0
alt_uncorrected,4.965319815508961,4.965319815508961,4.0
