,Rseq_targets,Rseq_hits,Rfrequency
true_Rseq,4.222099001412031,4.222099001412031,4.0
alt_corrected,4.12029129823811,4.12029129823811,4.0
alt_corrected_unif,4.143505240039925,4.143505240039925,4.0
alt_uncorrected,5.014982920353349,5.014982920353349,4.0
