,Rseq_targets,Rseq_hits,Rfrequency
true_Rseq,3.89162702788182,3.89162702788182,4.0
alt_corrected,3.936128169065857,3.936128169065857,4.0
alt_corrected_unif,3.9974322332505197,3.9974322332505197,4.0
alt_uncorrected,4.868909913563944,4.868909913563944,4.0
