,Rseq_targets,Rseq_hits,Rfrequency
true_Rseq,4.924331854895511,4.924331854895511,4.0
alt_corrected,4.572898108636037,4.572898108636037,4.0
alt_corrected_unif,4.733546814002942,4.733546814002942,4.0
alt_uncorrected,5.605024494316367,5.605024494316367,4.0
