,Rseq_targets,Rseq_hits,Rfrequency
true_Rseq,4.295253659369783,4.295253659369783,4.0
alt_corrected,4.415306384943467,4.415306384943467,4.0
alt_corrected_unif,4.49136644572525,4.49136644572525,4.0
alt_uncorrected,5.362844126038674,5.362844126038674,4.0
