,Rseq_targets,Rseq_hits,Rfrequency
true_Rseq,4.76593097082268,4.76593097082268,4.0
alt_corrected,4.723743707254706,4.723743707254706,4.0
alt_corrected_unif,4.767320844711852,4.767320844711852,4.0
alt_uncorrected,5.638798525025276,5.638798525025276,4.0
