,Rseq_targets,Rseq_hits,Rfrequency
true_Rseq,3.9545156360005214,3.9545156360005214,4.0
alt_corrected,3.932759943263369,3.932759943263369,4.0
alt_corrected_unif,4.029776375106193,4.029776375106193,4.0
alt_uncorrected,4.901254055419617,4.901254055419617,4.0
