,Rseq_targets,Rseq_hits,Rfrequency
true_Rseq,4.13867858054093,4.13867858054093,4.0
alt_corrected,4.133107062168991,4.133107062168991,4.0
alt_corrected_unif,4.151179881747046,4.151179881747046,4.0
alt_uncorrected,5.02265756206047,5.02265756206047,4.0
