,Rseq_targets,Rseq_hits,Rfrequency
true_Rseq,0.2956917753969286,3.3636021680224903,4.0
alt_corrected,0.4112310894015656,3.2243995484393513,4.0
alt_corrected_unif,0.5727104440775475,3.385878903115333,4.0
alt_uncorrected,1.4441881243909718,4.2573565834287574,4.0
