,Rseq_targets,Rseq_hits,Rfrequency
true_Rseq,4.383991763775764,4.383991763775764,4.0
alt_corrected,4.35760972740916,4.35760972740916,4.0
alt_corrected_unif,4.382727824627803,4.382727824627803,4.0
alt_uncorrected,5.254205504941228,5.254205504941228,4.0
