,Rseq_targets,Rseq_hits,Rfrequency
true_Rseq,2.146498280237518,3.396059677250527,4.0
alt_corrected,2.1433229191290093,3.4072073824410767,4.0
alt_corrected_unif,2.1880165362594814,3.451900999571549,4.0
alt_uncorrected,3.0594942165729058,4.323378679884973,4.0
