,Rseq_targets,Rseq_hits,Rfrequency
true_Rseq,4.838553716181382,4.838553716181382,4.0
alt_corrected,4.611026192358302,4.611026192358302,4.0
alt_corrected_unif,4.694507718141356,4.694507718141356,4.0
alt_uncorrected,5.56598539845478,5.56598539845478,4.0
