,Rseq_targets,Rseq_hits,Rfrequency
true_Rseq,4.053795071141996,4.053795071141996,4.0
alt_corrected,4.064802318174247,4.064802318174247,4.0
alt_corrected_unif,4.116951835132053,4.116951835132053,4.0
alt_uncorrected,4.9884295154454765,4.9884295154454765,4.0
