,Rseq_targets,Rseq_hits,Rfrequency
true_Rseq,3.9254431774667022,3.9254431774667022,4.0
alt_corrected,4.002596542904419,4.002596542904419,4.0
alt_corrected_unif,4.099047147989214,4.099047147989214,4.0
alt_uncorrected,4.970524828302638,4.970524828302638,4.0
