,Rseq_targets,Rseq_hits,Rfrequency
true_Rseq,4.160876914660081,4.160876914660081,4.0
alt_corrected,4.131197699761546,4.131197699761546,4.0
alt_corrected_unif,4.1567554744987625,4.1567554744987625,4.0
alt_uncorrected,5.028233154812186,5.028233154812186,4.0
