,Rseq_targets,Rseq_hits,Rfrequency
true_Rseq,4.52190037313564,4.52190037313564,4.0
alt_corrected,4.21273899358191,4.21273899358191,4.0
alt_corrected_unif,4.293609380066748,4.293609380066748,4.0
alt_uncorrected,5.165087060380172,5.165087060380172,4.0
