,Rseq_targets,Rseq_hits,Rfrequency
true_Rseq,4.115240217378682,4.115240217378682,4.0
alt_corrected,4.148835450396655,4.148835450396655,4.0
alt_corrected_unif,4.241767140028605,4.241767140028605,4.0
alt_uncorrected,5.113244820342029,5.113244820342029,4.0
