,Rseq_targets,Rseq_hits,Rfrequency
true_Rseq,4.676071742063819,4.676071742063819,4.0
alt_corrected,4.675340289924985,4.675340289924985,4.0
alt_corrected_unif,4.686669327658063,4.686669327658063,4.0
alt_uncorrected,5.5581470079714865,5.5581470079714865,4.0
