,Rseq_targets,Rseq_hits,Rfrequency
true_Rseq,4.440421968577215,4.440421968577215,4.0
alt_corrected,4.196545970240383,4.196545970240383,4.0
alt_corrected_unif,4.257850034425051,4.257850034425051,4.0
alt_uncorrected,5.1293277147384755,5.1293277147384755,4.0
