,Rseq_targets,Rseq_hits,Rfrequency
true_Rseq,3.609051097997458,3.609051097997458,4.0
alt_corrected,3.440910675882874,3.440910675882874,4.0
alt_corrected_unif,3.4579057151246544,3.4579057151246544,4.0
alt_uncorrected,4.329383395438079,4.329383395438079,4.0
