,Rseq_targets,Rseq_hits,Rfrequency
true_Rseq,3.133490794615499,3.133490794615499,4.0
alt_corrected,3.1790354350041037,3.1790354350041037,4.0
alt_corrected_unif,3.2563317961471374,3.2563317961471374,4.0
alt_uncorrected,4.127809476460562,4.127809476460562,4.0
