,Rseq_targets,Rseq_hits,Rfrequency
true_Rseq,4.220425449974957,4.220425449974957,4.0
alt_corrected,4.006158895413272,4.006158895413272,4.0
alt_corrected_unif,4.158219440193767,4.158219440193767,4.0
alt_uncorrected,5.0296971205071905,5.0296971205071905,4.0
