,Rseq_targets,Rseq_hits,Rfrequency
true_Rseq,3.5598414444273736,3.5598414444273736,4.0
alt_corrected,3.4966886954469882,3.4966886954469882,4.0
alt_corrected_unif,3.5391758134337974,3.5391758134337974,4.0
alt_uncorrected,4.410653493747222,4.410653493747222,4.0
