,Rseq_targets,Rseq_hits,Rfrequency
true_Rseq,3.692591980599465,3.692591980599465,4.0
alt_corrected,3.9274926850387444,3.9274926850387444,4.0
alt_corrected_unif,3.9886386085249455,3.9886386085249455,4.0
alt_uncorrected,4.86011628883837,4.86011628883837,4.0
