,Rseq_targets,Rseq_hits,Rfrequency
true_Rseq,3.7046042167505684,3.7046042167505684,4.0
alt_corrected,3.6730842329994897,3.6730842329994897,4.0
alt_corrected_unif,3.68550876388932,3.68550876388932,4.0
alt_uncorrected,4.556986444202744,4.556986444202744,4.0
