,Rseq_targets,Rseq_hits,Rfrequency
true_Rseq,2.8760712703434326,2.8760712703434326,4.0
alt_corrected,2.961467211902155,2.961467211902155,4.0
alt_corrected_unif,3.055879534666921,3.055879534666921,4.0
alt_uncorrected,3.9273572149803453,3.9273572149803453,4.0
