,Rseq_targets,Rseq_hits,Rfrequency
true_Rseq,3.946422960084962,3.946422960084962,4.0
alt_corrected,4.071545172404223,4.071545172404223,4.0
alt_corrected_unif,4.111317932811557,4.111317932811557,4.0
alt_uncorrected,4.982795613124981,4.982795613124981,4.0
