,Rseq_targets,Rseq_hits,Rfrequency
true_Rseq,3.98669801335768,3.98669801335768,4.0
alt_corrected,4.095837093590062,4.095837093590062,4.0
alt_corrected_unif,4.10842136191253,4.10842136191253,4.0
alt_uncorrected,4.979899042225954,4.979899042225954,4.0
