,Rseq_targets,Rseq_hits,Rfrequency
true_Rseq,3.1612210849766695,3.1612210849766695,4.0
alt_corrected,3.316829761250213,3.316829761250213,4.0
alt_corrected_unif,3.346368693883582,3.346368693883582,4.0
alt_uncorrected,4.2178463741970065,4.2178463741970065,4.0
