,Rseq_targets,Rseq_hits,Rfrequency
true_Rseq,5.029838640541421,5.029838640541421,4.0
alt_corrected,5.037049782654445,5.037049782654445,4.0
alt_corrected_unif,5.063188514913543,5.063188514913543,4.0
alt_uncorrected,5.934666195226967,5.934666195226967,4.0
