,Rseq_targets,Rseq_hits,Rfrequency
true_Rseq,4.721730326960614,4.721730326960614,4.0
alt_corrected,4.225064569538404,4.225064569538404,4.0
alt_corrected_unif,4.4661229522117605,4.4661229522117605,4.0
alt_uncorrected,5.337600632525184,5.337600632525184,4.0
