,Rseq_targets,Rseq_hits,Rfrequency
true_Rseq,4.372915526352431,4.372915526352431,4.0
alt_corrected,4.316799420332692,4.316799420332692,4.0
alt_corrected_unif,4.398559752049705,4.398559752049705,4.0
alt_uncorrected,5.270037432363129,5.270037432363129,4.0
