,Rseq_targets,Rseq_hits,Rfrequency
true_Rseq,4.223415314006165,4.223415314006165,4.0
alt_corrected,4.409674387040261,4.409674387040261,4.0
alt_corrected_unif,4.476308734051425,4.476308734051425,4.0
alt_uncorrected,5.347786414364849,5.347786414364849,4.0
