,Rseq_targets,Rseq_hits,Rfrequency
true_Rseq,4.270798924244768,4.270798924244768,4.0
alt_corrected,4.184762441913305,4.184762441913305,4.0
alt_corrected_unif,4.217240351514841,4.217240351514841,4.0
alt_uncorrected,5.088718031828265,5.088718031828265,4.0
