,Rseq_targets,Rseq_hits,Rfrequency
true_Rseq,3.5396192587620217,3.5396192587620217,4.0
alt_corrected,3.572955024437489,3.572955024437489,4.0
alt_corrected_unif,3.647976014187216,3.647976014187216,4.0
alt_uncorrected,4.5194536945006405,4.5194536945006405,4.0
