,Rseq_targets,Rseq_hits,Rfrequency
true_Rseq,4.923182060648784,4.923182060648784,4.0
alt_corrected,4.718085477675082,4.718085477675082,4.0
alt_corrected_unif,4.754441780082418,4.754441780082418,4.0
alt_uncorrected,5.625919460395842,5.625919460395842,4.0
