,Rseq_targets,Rseq_hits,Rfrequency
true_Rseq,3.7866656442438043,3.7866656442438043,4.0
alt_corrected,3.7592996354727064,3.7592996354727064,4.0
alt_corrected_unif,3.793322714475798,3.793322714475798,4.0
alt_uncorrected,4.664800394789222,4.664800394789222,4.0
