,Rseq_targets,Rseq_hits,Rfrequency
true_Rseq,4.552366858358031,4.552366858358031,4.0
alt_corrected,4.589426303230981,4.589426303230981,4.0
alt_corrected_unif,4.630576170643831,4.630576170643831,4.0
alt_uncorrected,5.502053850957256,5.502053850957256,4.0
