,Rseq_targets,Rseq_hits,Rfrequency
true_Rseq,4.617998865692049,4.617998865692049,4.0
alt_corrected,4.68356178467519,4.68356178467519,4.0
alt_corrected_unif,4.708226980976557,4.708226980976557,4.0
alt_uncorrected,5.5797046612899805,5.5797046612899805,4.0
