,Rseq_targets,Rseq_hits,Rfrequency
true_Rseq,3.8022424526771434,3.8022424526771434,4.0
alt_corrected,3.939447150055332,3.939447150055332,4.0
alt_corrected_unif,3.9635213176344917,3.9635213176344917,4.0
alt_uncorrected,4.834998997947916,4.834998997947916,4.0
