,Rseq_targets,Rseq_hits,Rfrequency
true_Rseq,3.702263308856562,3.702263308856562,4.0
alt_corrected,3.640769597004594,3.640769597004594,4.0
alt_corrected_unif,3.6665788396274555,3.6665788396274555,4.0
alt_uncorrected,4.53805651994088,4.53805651994088,4.0
