,Rseq_targets,Rseq_hits,Rfrequency
true_Rseq,4.085937321697261,4.085937321697261,4.0
alt_corrected,4.182390661157303,4.182390661157303,4.0
alt_corrected_unif,4.210082493585727,4.210082493585727,4.0
alt_uncorrected,5.081560173899151,5.081560173899151,4.0
