,Rseq_targets,Rseq_hits,Rfrequency
true_Rseq,3.3470766155500993,3.3470766155500993,4.0
alt_corrected,3.407028917223468,3.407028917223468,4.0
alt_corrected_unif,3.4779293207458895,3.4779293207458895,4.0
alt_uncorrected,4.349407001059314,4.349407001059314,4.0
