,Rseq_targets,Rseq_hits,Rfrequency
true_Rseq,4.1451165671683405,4.1451165671683405,4.0
alt_corrected,4.106424006688471,4.106424006688471,4.0
alt_corrected_unif,4.11688656503523,4.11688656503523,4.0
alt_uncorrected,4.988364245348654,4.988364245348654,4.0
