,Rseq_targets,Rseq_hits,Rfrequency
true_Rseq,3.644490488708609,3.644490488708609,4.0
alt_corrected,3.57887482249487,3.57887482249487,4.0
alt_corrected_unif,3.618330268115359,3.618330268115359,4.0
alt_uncorrected,4.489807948428783,4.489807948428783,4.0
