,Rseq_targets,Rseq_hits,Rfrequency
true_Rseq,5.0298712141557544,5.0298712141557544,4.0
alt_corrected,5.0512136848648534,5.0512136848648534,4.0
alt_corrected_unif,5.103643894974789,5.103643894974789,4.0
alt_uncorrected,5.975121575288213,5.975121575288213,4.0
