,Rseq_targets,Rseq_hits,Rfrequency
true_Rseq,4.026040040832547,4.026040040832547,4.0
alt_corrected,4.162082192204512,4.162082192204512,4.0
alt_corrected_unif,4.1863916271630774,4.1863916271630774,4.0
alt_uncorrected,5.057869307476501,5.057869307476501,4.0
