,Rseq_targets,Rseq_hits,Rfrequency
true_Rseq,0.7024253416901747,3.132290376601274,4.0
alt_corrected,0.7483231928461538,3.229590161158179,4.0
alt_corrected_unif,0.8800705351043296,3.361337503416355,4.0
alt_uncorrected,1.751548215417754,4.232815183729779,4.0
