,Rseq_targets,Rseq_hits,Rfrequency
true_Rseq,3.745576519553355,3.745576519553355,4.0
alt_corrected,3.7970604848108036,3.7970604848108036,4.0
alt_corrected_unif,3.8681144656124284,3.8681144656124284,4.0
alt_uncorrected,4.739592145925853,4.739592145925853,4.0
