,Rseq_targets,Rseq_hits,Rfrequency
true_Rseq,4.46371844450719,4.46371844450719,4.0
alt_corrected,4.2587261313291584,4.2587261313291584,4.0
alt_corrected_unif,4.395454672105144,4.395454672105144,4.0
alt_uncorrected,5.266932352418568,5.266932352418568,4.0
