,Rseq_targets,Rseq_hits,Rfrequency
true_Rseq,5.234464969920921,5.234464969920921,4.0
alt_corrected,5.266711304888932,5.266711304888932,4.0
alt_corrected_unif,5.307057158126353,5.307057158126353,4.0
alt_uncorrected,6.178534838439778,6.178534838439778,4.0
