,Rseq_targets,Rseq_hits,Rfrequency
true_Rseq,3.68560566258466,3.68560566258466,4.0
alt_corrected,3.763456482574777,3.763456482574777,4.0
alt_corrected_unif,3.786022727000748,3.786022727000748,4.0
alt_uncorrected,4.657500407314172,4.657500407314172,4.0
