,Rseq_targets,Rseq_hits,Rfrequency
true_Rseq,4.882043241824556,4.882043241824556,4.0
alt_corrected,4.703886327814908,4.703886327814908,4.0
alt_corrected_unif,4.735449772863667,4.735449772863667,4.0
alt_uncorrected,5.606927453177091,5.606927453177091,4.0
