,Rseq_targets,Rseq_hits,Rfrequency
true_Rseq,4.118095015033124,4.118095015033124,4.0
alt_corrected,4.194871980977679,4.194871980977679,4.0
alt_corrected_unif,4.251080867105255,4.251080867105255,4.0
alt_uncorrected,5.122558547418679,5.122558547418679,4.0
