,Rseq_targets,Rseq_hits,Rfrequency
true_Rseq,4.415541272567635,4.415541272567635,4.0
alt_corrected,4.221391939931872,4.221391939931872,4.0
alt_corrected_unif,4.27170714040075,4.27170714040075,4.0
alt_uncorrected,5.143184820714175,5.143184820714175,4.0
