,Rseq_targets,Rseq_hits,Rfrequency
true_Rseq,3.6946802582224496,3.6946802582224496,4.0
alt_corrected,3.715075688549064,3.715075688549064,4.0
alt_corrected_unif,3.7321207565919905,3.7321207565919905,4.0
alt_uncorrected,4.603598436905415,4.603598436905415,4.0
