,Rseq_targets,Rseq_hits,Rfrequency
true_Rseq,4.47823399630031,4.47823399630031,4.0
alt_corrected,4.1218230488577285,4.1218230488577285,4.0
alt_corrected_unif,4.332337198843675,4.332337198843675,4.0
alt_uncorrected,5.203814879157099,5.203814879157099,4.0
