,Rseq_targets,Rseq_hits,Rfrequency
true_Rseq,3.9151304703190384,3.9151304703190384,4.0
alt_corrected,3.8541403380172907,3.8541403380172907,4.0
alt_corrected_unif,3.9058671176724844,3.9058671176724844,4.0
alt_uncorrected,4.777344797985909,4.777344797985909,4.0
