,Rseq_targets,Rseq_hits,Rfrequency
true_Rseq,4.7305820826478335,4.7305820826478335,4.0
alt_corrected,4.595727187424517,4.595727187424517,4.0
alt_corrected_unif,4.645628622637124,4.645628622637124,4.0
alt_uncorrected,5.517106302950549,5.517106302950549,4.0
