,Rseq_targets,Rseq_hits,Rfrequency
true_Rseq,4.628304366869488,4.628304366869488,4.0
alt_corrected,4.392488852316465,4.392488852316465,4.0
alt_corrected_unif,4.457623639053743,4.457623639053743,4.0
alt_uncorrected,5.329101319367167,5.329101319367167,4.0
