,Rseq_targets,Rseq_hits,Rfrequency
true_Rseq,1.0077618496489418,3.3976887844944095,4.0
alt_corrected,1.074737721302645,3.4839780619635388,4.0
alt_corrected_unif,1.2607830177695951,3.670023358430489,4.0
alt_uncorrected,2.1322606980830194,4.541501038743913,4.0
