,Rseq_targets,Rseq_hits,Rfrequency
true_Rseq,3.7097508515064925,3.7097508515064925,4.0
alt_corrected,3.725198657178376,3.725198657178376,4.0
alt_corrected_unif,3.7399390180038075,3.7399390180038075,4.0
alt_uncorrected,4.611416698317232,4.611416698317232,4.0
