,Rseq_targets,Rseq_hits,Rfrequency
true_Rseq,4.724150948476992,4.724150948476992,4.0
alt_corrected,4.679178901997831,4.679178901997831,4.0
alt_corrected_unif,4.698897922590671,4.698897922590671,4.0
alt_uncorrected,5.570375602904096,5.570375602904096,4.0
