,Rseq_targets,Rseq_hits,Rfrequency
true_Rseq,4.8744582653418025,4.8744582653418025,4.0
alt_corrected,4.737376812628856,4.737376812628856,4.0
alt_corrected_unif,4.809436549805502,4.809436549805502,4.0
alt_uncorrected,5.680914230118926,5.680914230118926,4.0
