,Rseq_targets,Rseq_hits,Rfrequency
true_Rseq,4.298735313171978,4.298735313171978,4.0
alt_corrected,3.774269352559448,3.774269352559448,4.0
alt_corrected_unif,3.9720192572052055,3.9720192572052055,4.0
alt_uncorrected,4.84349693751863,4.84349693751863,4.0
