,Rseq_targets,Rseq_hits,Rfrequency
true_Rseq,3.1554951847280375,3.1554951847280375,4.0
alt_corrected,3.2374415163639534,3.2374415163639534,4.0
alt_corrected_unif,3.2719623601807135,3.2719623601807135,4.0
alt_uncorrected,4.143440040494138,4.143440040494138,4.0
