,Rseq_targets,Rseq_hits,Rfrequency
true_Rseq,3.2654209010393433,3.2654209010393433,4.0
alt_corrected,3.432525134862842,3.432525134862842,4.0
alt_corrected_unif,3.5355423231353824,3.5355423231353824,4.0
alt_uncorrected,4.407020003448807,4.407020003448807,4.0
