,Rseq_targets,Rseq_hits,Rfrequency
true_Rseq,4.00061184798647,4.00061184798647,4.0
alt_corrected,4.033569579886931,4.033569579886931,4.0
alt_corrected_unif,4.055328398196375,4.055328398196375,4.0
alt_uncorrected,4.9268060785098,4.9268060785098,4.0
