,Rseq_targets,Rseq_hits,Rfrequency
true_Rseq,1.754051678551395,3.32039912028851,4.0
alt_corrected,1.730744219261676,3.2705235815762776,4.0
alt_corrected_unif,1.7661285068551469,3.3059078691697485,4.0
alt_uncorrected,2.637606187168571,4.177385549483173,4.0
