,Rseq_targets,Rseq_hits,Rfrequency
true_Rseq,4.544470944054051,4.544470944054051,4.0
alt_corrected,4.565801289150462,4.565801289150462,4.0
alt_corrected_unif,4.636755786146791,4.636755786146791,4.0
alt_uncorrected,5.508233466460215,5.508233466460215,4.0
