,Rseq_targets,Rseq_hits,Rfrequency
true_Rseq,3.953194007152261,3.953194007152261,4.0
alt_corrected,3.8994887860059686,3.8994887860059686,4.0
alt_corrected_unif,4.031955440932538,4.031955440932538,4.0
alt_uncorrected,4.903433121245963,4.903433121245963,4.0
