,Rseq_targets,Rseq_hits,Rfrequency
true_Rseq,4.0459802060465035,4.0459802060465035,4.0
alt_corrected,3.906540636507118,3.906540636507118,4.0
alt_corrected_unif,3.9470915752843863,3.9470915752843863,4.0
alt_uncorrected,4.818569255597811,4.818569255597811,4.0
