,Rseq_targets,Rseq_hits,Rfrequency
true_Rseq,4.473710475993523,4.473710475993523,4.0
alt_corrected,4.342595208165649,4.342595208165649,4.0
alt_corrected_unif,4.376670541701362,4.376670541701362,4.0
alt_uncorrected,5.248148222014786,5.248148222014786,4.0
