,Rseq_targets,Rseq_hits,Rfrequency
true_Rseq,4.295302364166055,4.295302364166055,4.0
alt_corrected,4.056107528142203,4.056107528142203,4.0
alt_corrected_unif,4.09263267062971,4.09263267062971,4.0
alt_uncorrected,4.964110350943134,4.964110350943134,4.0
