,Rseq_targets,Rseq_hits,Rfrequency
true_Rseq,4.267160400606139,4.267160400606139,4.0
alt_corrected,4.271348545868049,4.271348545868049,4.0
alt_corrected_unif,4.288393613910976,4.288393613910976,4.0
alt_uncorrected,5.1598712942244,5.1598712942244,4.0
