,Rseq_targets,Rseq_hits,Rfrequency
true_Rseq,3.8825659632954803,3.8825659632954803,4.0
alt_corrected,3.7397560033180235,3.7397560033180235,4.0
alt_corrected_unif,3.780664661911691,3.780664661911691,4.0
alt_uncorrected,4.652142342225115,4.652142342225115,4.0
