,Rseq_targets,Rseq_hits,Rfrequency
true_Rseq,3.485189845672563,3.485189845672563,4.0
alt_corrected,3.6680079187922847,3.6680079187922847,4.0
alt_corrected_unif,3.7565194446281214,3.7565194446281214,4.0
alt_uncorrected,4.627997124941546,4.627997124941546,4.0
