,Rseq_targets,Rseq_hits,Rfrequency
true_Rseq,3.938952423224811,3.938952423224811,4.0
alt_corrected,3.904467967782573,3.904467967782573,4.0
alt_corrected_unif,3.906641241275572,3.906641241275572,4.0
alt_uncorrected,4.778118921588996,4.778118921588996,4.0
