,Rseq_targets,Rseq_hits,Rfrequency
true_Rseq,4.078989853239044,4.078989853239044,4.0
alt_corrected,4.283030539724875,4.283030539724875,4.0
alt_corrected_unif,4.36062058893865,4.36062058893865,4.0
alt_uncorrected,5.232098269252074,5.232098269252074,4.0
