,Rseq_targets,Rseq_hits,Rfrequency
true_Rseq,4.491387174841147,4.491387174841147,4.0
alt_corrected,4.241085829843449,4.241085829843449,4.0
alt_corrected_unif,4.341555904976534,4.341555904976534,4.0
alt_uncorrected,5.213033585289958,5.213033585289958,4.0
