,Rseq_targets,Rseq_hits,Rfrequency
true_Rseq,4.535784844050545,4.535784844050545,4.0
alt_corrected,4.506603078190457,4.506603078190457,4.0
alt_corrected_unif,4.54062615719352,4.54062615719352,4.0
alt_uncorrected,5.412103837506945,5.412103837506945,4.0
