,Rseq_targets,Rseq_hits,Rfrequency
true_Rseq,4.228338900714981,4.228338900714981,4.0
alt_corrected,3.9925253549489588,3.9925253549489588,4.0
alt_corrected_unif,4.069334547762942,4.069334547762942,4.0
alt_uncorrected,4.940812228076366,4.940812228076366,4.0
