,Rseq_targets,Rseq_hits,Rfrequency
true_Rseq,4.082114432956016,4.082114432956016,4.0
alt_corrected,4.115469319821012,4.115469319821012,4.0
alt_corrected_unif,4.15322563287255,4.15322563287255,4.0
alt_uncorrected,5.024703313185974,5.024703313185974,4.0
