,Rseq_targets,Rseq_hits,Rfrequency
true_Rseq,3.2276856343212152,3.2276856343212152,4.0
alt_corrected,3.4710722873737185,3.4710722873737185,4.0
alt_corrected_unif,3.5562193126073516,3.5562193126073516,4.0
alt_uncorrected,4.427696992920776,4.427696992920776,4.0
