,Rseq_targets,Rseq_hits,Rfrequency
true_Rseq,3.8388316814745576,3.8388316814745576,4.0
alt_corrected,3.8806975151438823,3.8806975151438823,4.0
alt_corrected_unif,3.9691315731295655,3.9691315731295655,4.0
alt_uncorrected,4.84060925344299,4.84060925344299,4.0
