,Rseq_targets,Rseq_hits,Rfrequency
true_Rseq,4.082334401730588,4.082334401730588,4.0
alt_corrected,3.7163861463259904,3.7163861463259904,4.0
alt_corrected_unif,3.9547404678423006,3.9547404678423006,4.0
alt_uncorrected,4.826218148155725,4.826218148155725,4.0
