,Rseq_targets,Rseq_hits,Rfrequency
true_Rseq,4.294700153723443,4.294700153723443,4.0
alt_corrected,4.332619424064325,4.332619424064325,4.0
alt_corrected_unif,4.381959889305067,4.381959889305067,4.0
alt_uncorrected,5.253437569618491,5.253437569618491,4.0
