,Rseq_targets,Rseq_hits,Rfrequency
true_Rseq,4.6841052318621355,4.6841052318621355,4.0
alt_corrected,4.705047694197699,4.705047694197699,4.0
alt_corrected_unif,4.71763196252018,4.71763196252018,4.0
alt_uncorrected,5.589109642833604,5.589109642833604,4.0
