,Rseq_targets,Rseq_hits,Rfrequency
true_Rseq,4.599147652329766,4.599147652329766,4.0
alt_corrected,4.562501093848345,4.562501093848345,4.0
alt_corrected_unif,4.571741780700117,4.571741780700117,4.0
alt_uncorrected,5.443219461013541,5.443219461013541,4.0
