,Rseq_targets,Rseq_hits,Rfrequency
true_Rseq,3.381202372545747,3.381202372545747,4.0
alt_corrected,3.3755001254356625,3.3755001254356625,4.0
alt_corrected_unif,3.379277248857449,3.379277248857449,4.0
alt_uncorrected,4.250754929170873,4.250754929170873,4.0
