,Rseq_targets,Rseq_hits,Rfrequency
true_Rseq,4.439242216273364,4.439242216273364,4.0
alt_corrected,4.4843323161294695,4.4843323161294695,4.0
alt_corrected_unif,4.529025933259925,4.529025933259925,4.0
alt_uncorrected,5.400503613573349,5.400503613573349,4.0
