,Rseq_targets,Rseq_hits,Rfrequency
true_Rseq,4.40543394639313,4.40543394639313,4.0
alt_corrected,4.097589016087222,4.097589016087222,4.0
alt_corrected_unif,4.204749814409526,4.204749814409526,4.0
alt_uncorrected,5.076227494722951,5.076227494722951,4.0
