,Rseq_targets,Rseq_hits,Rfrequency
true_Rseq,4.090659780823123,4.090659780823123,4.0
alt_corrected,4.020267654025483,4.020267654025483,4.0
alt_corrected_unif,4.032851922347948,4.032851922347948,4.0
alt_uncorrected,4.904329602661373,4.904329602661373,4.0
