,Rseq_targets,Rseq_hits,Rfrequency
true_Rseq,3.8898618657886654,3.8898618657886654,4.0
alt_corrected,3.8216164299554074,3.8216164299554074,4.0
alt_corrected_unif,3.8417452253544364,3.8417452253544364,4.0
alt_uncorrected,4.713222905667861,4.713222905667861,4.0
