,Rseq_targets,Rseq_hits,Rfrequency
true_Rseq,4.342727420475967,4.342727420475967,4.0
alt_corrected,4.227276905412355,4.227276905412355,4.0
alt_corrected_unif,4.253086148035218,4.253086148035218,4.0
alt_uncorrected,5.124563828348642,5.124563828348642,4.0
