,Rseq_targets,Rseq_hits,Rfrequency
true_Rseq,4.414533427546717,4.414533427546717,4.0
alt_corrected,4.2345291478934275,4.2345291478934275,4.0
alt_corrected_unif,4.257743089695246,4.257743089695246,4.0
alt_uncorrected,5.12922077000867,5.12922077000867,4.0
