,Rseq_targets,Rseq_hits,Rfrequency
true_Rseq,4.560741762511015,4.560741762511015,4.0
alt_corrected,4.711343708582659,4.711343708582659,4.0
alt_corrected_unif,4.747700010990023,4.747700010990023,4.0
alt_uncorrected,5.619177691303447,5.619177691303447,4.0
