,Rseq_targets,Rseq_hits,Rfrequency
true_Rseq,2.8385246112329927,2.8385246112329927,4.0
alt_corrected,3.0315835958686206,3.0315835958686206,4.0
alt_corrected_unif,3.145945279009417,3.145945279009417,4.0
alt_uncorrected,4.017422959322841,4.017422959322841,4.0
