,Rseq_targets,Rseq_hits,Rfrequency
true_Rseq,3.738468457140275,3.738468457140275,4.0
alt_corrected,3.7451612337462303,3.7451612337462303,4.0
alt_corrected_unif,3.746247734911393,3.746247734911393,4.0
alt_uncorrected,4.617725415224817,4.617725415224817,4.0
