,Rseq_targets,Rseq_hits,Rfrequency
true_Rseq,5.078806143947959,5.078806143947959,4.0
alt_corrected,4.871805795547116,4.871805795547116,4.0
alt_corrected_unif,4.938440142558296,4.938440142558296,4.0
alt_uncorrected,5.80991782287172,5.80991782287172,4.0
