,Rseq_targets,Rseq_hits,Rfrequency
true_Rseq,4.9559971601550625,4.9559971601550625,4.0
alt_corrected,4.6091727581779,4.6091727581779,4.0
alt_corrected_unif,4.765737774560623,4.765737774560623,4.0
alt_uncorrected,5.637215454874047,5.637215454874047,4.0
