,Rseq_targets,Rseq_hits,Rfrequency
true_Rseq,3.985590779713032,3.985590779713032,4.0
alt_corrected,3.9243343055750537,3.9243343055750537,4.0
alt_corrected_unif,3.934796863921806,3.934796863921806,4.0
alt_uncorrected,4.80627454423523,4.80627454423523,4.0
