,Rseq_targets,Rseq_hits,Rfrequency
true_Rseq,3.912557185998647,3.912557185998647,4.0
alt_corrected,4.052041338145486,4.052041338145486,4.0
alt_corrected_unif,4.089101010386646,4.089101010386646,4.0
alt_uncorrected,4.9605786907000695,4.9605786907000695,4.0
