,Rseq_targets,Rseq_hits,Rfrequency
true_Rseq,3.520483532227569,3.520483532227569,4.0
alt_corrected,3.5787205791941554,3.5787205791941554,4.0
alt_corrected_unif,3.611900962878147,3.611900962878147,4.0
alt_uncorrected,4.483378643191571,4.483378643191571,4.0
