,Rseq_targets,Rseq_hits,Rfrequency
true_Rseq,3.7365287142200945,3.7365287142200945,4.0
alt_corrected,3.6667058441891607,3.6667058441891607,4.0
alt_corrected_unif,3.6925150868120222,3.6925150868120222,4.0
alt_uncorrected,4.5639927671254465,4.5639927671254465,4.0
