,Rseq_targets,Rseq_hits,Rfrequency
true_Rseq,4.943102111441236,4.943102111441236,4.0
alt_corrected,4.943909497553694,4.943909497553694,4.0
alt_corrected_unif,4.964038292952724,4.964038292952724,4.0
alt_uncorrected,5.835515973266148,5.835515973266148,4.0
