,Rseq_targets,Rseq_hits,Rfrequency
true_Rseq,4.113649932961261,4.113649932961261,4.0
alt_corrected,4.223244312713378,4.223244312713378,4.0
alt_corrected_unif,4.259415520358807,4.259415520358807,4.0
alt_uncorrected,5.130893200672231,5.130893200672231,4.0
