,Rseq_targets,Rseq_hits,Rfrequency
true_Rseq,3.0695233515474634,3.078444079426056,4.0
alt_corrected,3.1072589148215433,3.1312426489191236,4.0
alt_corrected_unif,3.13919364294332,3.1631773770409004,4.0
alt_uncorrected,4.010671323256744,4.034655057354325,4.0
