,Rseq_targets,Rseq_hits,Rfrequency
true_Rseq,4.252750171893897,4.252750171893897,4.0
alt_corrected,4.1363873291914794,4.1363873291914794,4.0
alt_corrected_unif,4.1615054264101214,4.1615054264101214,4.0
alt_uncorrected,5.032983106723545,5.032983106723545,4.0
