,Rseq_targets,Rseq_hits,Rfrequency
true_Rseq,4.186785830719794,4.186785830719794,4.0
alt_corrected,4.082066502270675,4.082066502270675,4.0
alt_corrected_unif,4.114486064952191,4.114486064952191,4.0
alt_uncorrected,4.9859637452656145,4.9859637452656145,4.0
