,Rseq_targets,Rseq_hits,Rfrequency
true_Rseq,4.783990468933208,4.783990468933208,4.0
alt_corrected,4.305931354964125,4.305931354964125,4.0
alt_corrected_unif,4.484729595664888,4.484729595664888,4.0
alt_uncorrected,5.356207275978313,5.356207275978313,4.0
