,Rseq_targets,Rseq_hits,Rfrequency
true_Rseq,3.3680896137190954,3.3680896137190954,4.0
alt_corrected,3.299962243453443,3.299962243453443,4.0
alt_corrected_unif,3.360771930560903,3.360771930560903,4.0
alt_uncorrected,4.2322496108743275,4.2322496108743275,4.0
