,Rseq_targets,Rseq_hits,Rfrequency
true_Rseq,4.751875014597028,4.751875014597028,4.0
alt_corrected,4.537910566323605,4.537910566323605,4.0
alt_corrected_unif,4.611084289724335,4.611084289724335,4.0
alt_uncorrected,5.482561970037759,5.482561970037759,4.0
