,Rseq_targets,Rseq_hits,Rfrequency
true_Rseq,0.11735297906854036,2.402180558382801,4.0
alt_corrected,0.21745414168083954,2.715875514178895,4.0
alt_corrected_unif,0.45242972502648193,2.9508510975245374,4.0
alt_uncorrected,1.3239074053399063,3.8223287778379618,4.0
