,Rseq_targets,Rseq_hits,Rfrequency
true_Rseq,4.13364125424711,4.13364125424711,4.0
alt_corrected,3.7847699326255775,3.7847699326255775,4.0
alt_corrected_unif,3.85442544955272,3.85442544955272,4.0
alt_uncorrected,4.725903129866144,4.725903129866144,4.0
