,Rseq_targets,Rseq_hits,Rfrequency
true_Rseq,3.9309093050049944,3.9309093050049944,4.0
alt_corrected,3.860234469392047,3.860234469392047,4.0
alt_corrected_unif,3.9826019982333585,3.9826019982333585,4.0
alt_uncorrected,4.854079678546783,4.854079678546783,4.0
