,Rseq_targets,Rseq_hits,Rfrequency
true_Rseq,4.16626090357205,4.16626090357205,4.0
alt_corrected,3.855217381220692,3.855217381220692,4.0
alt_corrected_unif,4.001346939997195,4.001346939997195,4.0
alt_uncorrected,4.872824620310619,4.872824620310619,4.0
