,Rseq_targets,Rseq_hits,Rfrequency
true_Rseq,4.110742087906143,4.110742087906143,4.0
alt_corrected,4.143986594391327,4.143986594391327,4.0
alt_corrected_unif,4.160981633633131,4.160981633633131,4.0
alt_uncorrected,5.032459313946555,5.032459313946555,4.0
