,Rseq_targets,Rseq_hits,Rfrequency
true_Rseq,4.418127955231265,4.418127955231265,4.0
alt_corrected,4.417101882319572,4.417101882319572,4.0
alt_corrected_unif,4.422009945990464,4.422009945990464,4.0
alt_uncorrected,5.293487626303889,5.293487626303889,4.0
