,Rseq_targets,Rseq_hits,Rfrequency
true_Rseq,4.745131790348735,4.745131790348735,4.0
alt_corrected,4.620877108172614,4.620877108172614,4.0
alt_corrected_unif,4.710178383864012,4.710178383864012,4.0
alt_uncorrected,5.581656064177436,5.581656064177436,4.0
