,Rseq_targets,Rseq_hits,Rfrequency
true_Rseq,4.0469975032128005,4.0469975032128005,4.0
alt_corrected,4.110025694758512,4.110025694758512,4.0
alt_corrected_unif,4.216163565979077,4.216163565979077,4.0
alt_uncorrected,5.087641246292501,5.087641246292501,4.0
