,Rseq_targets,Rseq_hits,Rfrequency
true_Rseq,4.055876097472835,4.055876097472835,4.0
alt_corrected,4.054329718299751,4.054329718299751,4.0
alt_corrected_unif,4.0570462423753355,4.0570462423753355,4.0
alt_uncorrected,4.92852392268876,4.92852392268876,4.0
