,Rseq_targets,Rseq_hits,Rfrequency
true_Rseq,3.8535822943376967,3.8535822943376967,4.0
alt_corrected,3.874207680055125,3.874207680055125,4.0
alt_corrected_unif,3.894564672065241,3.894564672065241,4.0
alt_uncorrected,4.7660423523786655,4.7660423523786655,4.0
