,Rseq_targets,Rseq_hits,Rfrequency
true_Rseq,4.4608452968782695,4.4608452968782695,4.0
alt_corrected,4.371040457738424,4.371040457738424,4.0
alt_corrected_unif,4.427763615198913,4.427763615198913,4.0
alt_uncorrected,5.299241295512338,5.299241295512338,4.0
