,Rseq_targets,Rseq_hits,Rfrequency
true_Rseq,-0.49066029040594294,2.8784851997774474,4.0
alt_corrected,-0.3471049936027826,3.4262754173634087,4.0
alt_corrected_unif,-0.2672027019705081,3.506177708995683,4.0
alt_uncorrected,0.6042749783429162,4.3776553893091075,4.0
