,Rseq_targets,Rseq_hits,Rfrequency
true_Rseq,3.8672244864068244,3.8672244864068244,4.0
alt_corrected,3.9244290139480427,3.9244290139480427,4.0
alt_corrected_unif,3.9959526738274724,3.9959526738274724,4.0
alt_uncorrected,4.867430354140897,4.867430354140897,4.0
