,Rseq_targets,Rseq_hits,Rfrequency
true_Rseq,3.544750627216386,3.544750627216386,4.0
alt_corrected,3.2953246473463773,3.2953246473463773,4.0
alt_corrected_unif,3.4073254202489776,3.4073254202489776,4.0
alt_uncorrected,4.278803100562402,4.278803100562402,4.0
