,Rseq_targets,Rseq_hits,Rfrequency
true_Rseq,4.739429423018181,4.739429423018181,4.0
alt_corrected,4.626387260654951,4.626387260654951,4.0
alt_corrected_unif,4.6411276214803845,4.6411276214803845,4.0
alt_uncorrected,5.512605301793809,5.512605301793809,4.0
