,Rseq_targets,Rseq_hits,Rfrequency
true_Rseq,4.784338304391543,4.784338304391543,4.0
alt_corrected,4.631456754028289,4.631456754028289,4.0
alt_corrected_unif,4.678408779516371,4.678408779516371,4.0
alt_uncorrected,5.549886459829795,5.549886459829795,4.0
