,Rseq_targets,Rseq_hits,Rfrequency
true_Rseq,3.9571293401287004,3.9571293401287004,4.0
alt_corrected,3.8829189036438128,3.8829189036438128,4.0
alt_corrected_unif,3.9347579650965794,3.9347579650965794,4.0
alt_uncorrected,4.806235645410004,4.806235645410004,4.0
