,Rseq_targets,Rseq_hits,Rfrequency
true_Rseq,4.088797572701511,4.088797572701511,4.0
alt_corrected,3.9469529014941553,3.9469529014941553,4.0
alt_corrected_unif,3.965025721072202,3.965025721072202,4.0
alt_uncorrected,4.8365034013856265,4.8365034013856265,4.0
