,Rseq_targets,Rseq_hits,Rfrequency
true_Rseq,4.07816380518294,4.07816380518294,4.0
alt_corrected,4.111712750037537,4.111712750037537,4.0
alt_corrected_unif,4.118163826009241,4.118163826009241,4.0
alt_uncorrected,4.989641506322665,4.989641506322665,4.0
