,Rseq_targets,Rseq_hits,Rfrequency
true_Rseq,3.993240978739795,3.993240978739795,4.0
alt_corrected,4.0746450507940235,4.0746450507940235,4.0
alt_corrected_unif,4.220613288579843,4.220613288579843,4.0
alt_uncorrected,5.092090968893268,5.092090968893268,4.0
