,Rseq_targets,Rseq_hits,Rfrequency
true_Rseq,3.5914693622261176,3.5914693622261176,4.0
alt_corrected,3.6286135262459327,3.6286135262459327,4.0
alt_corrected_unif,3.74732794235423,3.74732794235423,4.0
alt_uncorrected,4.618805622667654,4.618805622667654,4.0
