,Rseq_targets,Rseq_hits,Rfrequency
true_Rseq,4.482015555691537,4.482015555691537,4.0
alt_corrected,4.301357432766229,4.301357432766229,4.0
alt_corrected_unif,4.333776995447744,4.333776995447744,4.0
alt_uncorrected,5.205254675761168,5.205254675761168,4.0
