,Rseq_targets,Rseq_hits,Rfrequency
true_Rseq,3.9850338458184034,3.9850338458184034,4.0
alt_corrected,4.021025662564892,4.021025662564892,4.0
alt_corrected_unif,4.024802785986685,4.024802785986685,4.0
alt_uncorrected,4.89628046630011,4.89628046630011,4.0
