,Rseq_targets,Rseq_hits,Rfrequency
true_Rseq,3.9683800889020304,3.593380088902032,4.0
alt_corrected,4.032637442531113,3.700692770587391,4.0
alt_corrected_unif,4.059138417084981,3.7271937451412582,4.0
alt_uncorrected,4.930616097398405,4.5986714254546825,4.0
