,Rseq_targets,Rseq_hits,Rfrequency
true_Rseq,4.514222604097922,4.514222604097922,4.0
alt_corrected,4.496959268916369,4.496959268916369,4.0
alt_corrected_unif,4.520094558989351,4.520094558989351,4.0
alt_uncorrected,5.391572239302775,5.391572239302775,4.0
