,Rseq_targets,Rseq_hits,Rfrequency
true_Rseq,4.330920947341241,4.330920947341241,4.0
alt_corrected,3.9065239333280872,3.9065239333280872,4.0
alt_corrected_unif,4.064242457560876,4.064242457560876,4.0
alt_uncorrected,4.935720137874301,4.935720137874301,4.0
