,Rseq_targets,Rseq_hits,Rfrequency
true_Rseq,3.7392653454388327,3.7392653454388327,4.0
alt_corrected,3.849744493517643,3.849744493517643,4.0
alt_corrected_unif,3.884117696633268,3.884117696633268,4.0
alt_uncorrected,4.755595376946692,4.755595376946692,4.0
