,Rseq_targets,Rseq_hits,Rfrequency
true_Rseq,4.627441088840818,4.627441088840818,4.0
alt_corrected,4.652477631861874,4.652477631861874,4.0
alt_corrected_unif,4.684779188444059,4.684779188444059,4.0
alt_uncorrected,5.556256868757483,5.556256868757483,4.0
