,Rseq_targets,Rseq_hits,Rfrequency
true_Rseq,4.75761497411248,4.75761497411248,4.0
alt_corrected,4.643301905576652,4.643301905576652,4.0
alt_corrected_unif,4.73260318126804,4.73260318126804,4.0
alt_uncorrected,5.604080861581464,5.604080861581464,4.0
