,Rseq_targets,Rseq_hits,Rfrequency
true_Rseq,4.31166196029522,4.31166196029522,4.0
alt_corrected,4.217784269187186,4.217784269187186,4.0
alt_corrected_unif,4.271741931383948,4.271741931383948,4.0
alt_uncorrected,5.143219611697372,5.143219611697372,4.0
