,Rseq_targets,Rseq_hits,Rfrequency
true_Rseq,4.572486336921652,4.572486336921652,4.0
alt_corrected,4.6632332862515,4.6632332862515,4.0
alt_corrected_unif,4.667063569586148,4.667063569586148,4.0
alt_uncorrected,5.538541249899572,5.538541249899572,4.0
