,Rseq_targets,Rseq_hits,Rfrequency
true_Rseq,3.9762390614275844,3.9762390614275844,4.0
alt_corrected,4.134906998658649,4.134906998658649,4.0
alt_corrected_unif,4.3279128385621295,4.3279128385621295,4.0
alt_uncorrected,5.199390518875554,5.199390518875554,4.0
