,Rseq_targets,Rseq_hits,Rfrequency
true_Rseq,4.585687360503118,4.585687360503118,4.0
alt_corrected,4.312913969332383,4.312913969332383,4.0
alt_corrected_unif,4.361023512744566,4.361023512744566,4.0
alt_uncorrected,5.23250119305799,5.23250119305799,4.0
