,Rseq_targets,Rseq_hits,Rfrequency
true_Rseq,3.724181578410702,3.724181578410702,4.0
alt_corrected,3.516105260345585,3.516105260345585,4.0
alt_corrected_unif,3.64887936442075,3.64887936442075,4.0
alt_uncorrected,4.520357044734174,4.520357044734174,4.0
