,Rseq_targets,Rseq_hits,Rfrequency
true_Rseq,4.303526106377355,4.303526106377355,4.0
alt_corrected,4.13123353156911,4.13123353156911,4.0
alt_corrected_unif,4.250743444093914,4.250743444093914,4.0
alt_uncorrected,5.1222211244073375,5.1222211244073375,4.0
