,Rseq_targets,Rseq_hits,Rfrequency
true_Rseq,3.6512921714952924,3.6512921714952924,4.0
alt_corrected,3.663068307946732,3.663068307946732,4.0
alt_corrected_unif,3.801126812389995,3.801126812389995,4.0
alt_uncorrected,4.672604492703419,4.672604492703419,4.0
