,Rseq_targets,Rseq_hits,Rfrequency
true_Rseq,3.891816580126285,3.891816580126285,4.0
alt_corrected,3.923695293872973,3.923695293872973,4.0
alt_corrected_unif,3.98192513834309,3.98192513834309,4.0
alt_uncorrected,4.853402818656514,4.853402818656514,4.0
