,Rseq_targets,Rseq_hits,Rfrequency
true_Rseq,3.820976959337875,3.820976959337875,4.0
alt_corrected,3.907343243834733,3.907343243834733,4.0
alt_corrected_unif,3.9360795981631393,3.9360795981631393,4.0
alt_uncorrected,4.807557278476564,4.807557278476564,4.0
