,Rseq_targets,Rseq_hits,Rfrequency
true_Rseq,4.4442493258811595,4.4442493258811595,4.0
alt_corrected,4.4501340740119595,4.4501340740119595,4.0
alt_corrected_unif,4.465057432079147,4.465057432079147,4.0
alt_uncorrected,5.336535112392572,5.336535112392572,4.0
