,Rseq_targets,Rseq_hits,Rfrequency
true_Rseq,3.708081382109917,3.708081382109917,4.0
alt_corrected,3.7419752022340935,3.7419752022340935,4.0
alt_corrected_unif,3.8192715633771273,3.8192715633771273,4.0
alt_uncorrected,4.690749243690552,4.690749243690552,4.0
