,Rseq_targets,Rseq_hits,Rfrequency
true_Rseq,5.199487106052816,5.199487106052816,4.0
alt_corrected,4.815454396176005,4.815454396176005,4.0
alt_corrected_unif,4.921592267396571,4.921592267396571,4.0
alt_uncorrected,5.793069947709995,5.793069947709995,4.0
