,Rseq_targets,Rseq_hits,Rfrequency
true_Rseq,4.722080213196369,4.722080213196369,4.0
alt_corrected,4.429660568500459,4.429660568500459,4.0
alt_corrected_unif,4.5420334281539,4.5420334281539,4.0
alt_uncorrected,5.413511108467324,5.413511108467324,4.0
