,Rseq_targets,Rseq_hits,Rfrequency
true_Rseq,4.948027790945911,4.948027790945911,4.0
alt_corrected,4.729616442084019,4.729616442084019,4.0
alt_corrected_unif,4.76677327724434,4.76677327724434,4.0
alt_uncorrected,5.638250957557764,5.638250957557764,4.0
