,Rseq_targets,Rseq_hits,Rfrequency
true_Rseq,4.331734785766785,4.331734785766785,4.0
alt_corrected,4.379794944108026,4.379794944108026,4.0
alt_corrected_unif,4.407996768682779,4.407996768682779,4.0
alt_uncorrected,5.279474448996203,5.279474448996203,4.0
