,Rseq_targets,Rseq_hits,Rfrequency
true_Rseq,4.395241324317642,4.395241324317642,4.0
alt_corrected,4.404061828258832,4.404061828258832,4.0
alt_corrected_unif,4.41051290423054,4.41051290423054,4.0
alt_uncorrected,5.281990584543965,5.281990584543965,4.0
