,Rseq_targets,Rseq_hits,Rfrequency
true_Rseq,4.352752408394853,4.352752408394853,4.0
alt_corrected,4.461575966154608,4.461575966154608,4.0
alt_corrected_unif,4.614109733005423,4.614109733005423,4.0
alt_uncorrected,5.485587413318847,5.485587413318847,4.0
