,Rseq_targets,Rseq_hits,Rfrequency
true_Rseq,-0.2827497085588888,3.745846596321848,4.0
alt_corrected,-0.18770188924986375,3.687612910788923,4.0
alt_corrected_unif,0.04391037103524853,3.9192251710740353,4.0
alt_uncorrected,0.9153880513486728,4.79070285138746,4.0
