,Rseq_targets,Rseq_hits,Rfrequency
true_Rseq,4.867544037783679,4.867544037783679,4.0
alt_corrected,4.782519429636048,4.782519429636048,4.0
alt_corrected_unif,4.8128596338932415,4.8128596338932415,4.0
alt_uncorrected,5.684337314206665,5.684337314206665,4.0
