,Rseq_targets,Rseq_hits,Rfrequency
true_Rseq,4.066714182301007,4.066714182301007,4.0
alt_corrected,4.035145072381711,4.035145072381711,4.0
alt_corrected_unif,4.064699675727532,4.064699675727532,4.0
alt_uncorrected,4.936177356040956,4.936177356040956,4.0
