,Rseq_targets,Rseq_hits,Rfrequency
true_Rseq,4.110162796347955,4.110162796347955,4.0
alt_corrected,4.082289925859975,4.082289925859975,4.0
alt_corrected_unif,4.174886723912337,4.174886723912337,4.0
alt_uncorrected,5.046364404225761,5.046364404225761,4.0
