,Rseq_targets,Rseq_hits,Rfrequency
true_Rseq,4.205003090231787,4.205003090231787,4.0
alt_corrected,4.188535460998123,4.188535460998123,4.0
alt_corrected_unif,4.189078711580718,4.189078711580718,4.0
alt_uncorrected,5.060556391894143,5.060556391894143,4.0
