,Rseq_targets,Rseq_hits,Rfrequency
true_Rseq,3.9788146400344306,3.9788146400344306,4.0
alt_corrected,3.9102706001302074,3.9102706001302074,4.0
alt_corrected_unif,3.9404243616772443,3.9404243616772443,4.0
alt_uncorrected,4.811902041990669,4.811902041990669,4.0
