,Rseq_targets,Rseq_hits,Rfrequency
true_Rseq,4.85775941633336,4.85775941633336,4.0
alt_corrected,5.022180258861363,5.022180258861363,4.0
alt_corrected_unif,5.0637583761612355,5.0637583761612355,4.0
alt_uncorrected,5.935236056474659,5.935236056474659,4.0
