,Rseq_targets,Rseq_hits,Rfrequency
true_Rseq,4.783736003782826,4.783736003782826,4.0
alt_corrected,4.370112701090089,4.370112701090089,4.0
alt_corrected_unif,4.504439006586097,4.504439006586097,4.0
alt_uncorrected,5.3759166868995205,5.3759166868995205,4.0
