,Rseq_targets,Rseq_hits,Rfrequency
true_Rseq,4.529839254065301,4.529839254065301,4.0
alt_corrected,4.413176527037457,4.413176527037457,4.0
alt_corrected_unif,4.471406371507586,4.471406371507586,4.0
alt_uncorrected,5.34288405182101,5.34288405182101,4.0
