,Rseq_targets,Rseq_hits,Rfrequency
true_Rseq,3.59326778158373,3.59326778158373,4.0
alt_corrected,3.5897163438313706,3.5897163438313706,4.0
alt_corrected_unif,3.593546627166021,3.593546627166021,4.0
alt_uncorrected,4.465024307479445,4.465024307479445,4.0
