,Rseq_targets,Rseq_hits,Rfrequency
true_Rseq,3.110946157848371,3.2289605769012635,4.0
alt_corrected,3.2235440044869432,3.3568992988232718,4.0
alt_corrected_unif,3.2664772101371793,3.399832504473508,4.0
alt_uncorrected,4.137954890450604,4.271310184786932,4.0
