,Rseq_targets,Rseq_hits,Rfrequency
true_Rseq,4.354354859568499,4.354354859568499,4.0
alt_corrected,4.358521375550551,4.358521375550551,4.0
alt_corrected_unif,4.375566443593474,4.375566443593474,4.0
alt_uncorrected,5.247044123906898,5.247044123906898,4.0
