,Rseq_targets,Rseq_hits,Rfrequency
true_Rseq,3.3484181058338667,3.3484181058338667,4.0
alt_corrected,3.2896733438217525,3.2896733438217525,4.0
alt_corrected_unif,3.38026017214662,3.38026017214662,4.0
alt_uncorrected,4.251737852460044,4.251737852460044,4.0
