,Rseq_targets,Rseq_hits,Rfrequency
true_Rseq,3.62434574438765,3.62434574438765,4.0
alt_corrected,3.5600297043820377,3.5600297043820377,4.0
alt_corrected_unif,3.5720961126575896,3.5720961126575896,4.0
alt_uncorrected,4.443573792971014,4.443573792971014,4.0
