,Rseq_targets,Rseq_hits,Rfrequency
true_Rseq,4.277295540865472,4.277295540865472,4.0
alt_corrected,4.217776503297734,4.217776503297734,4.0
alt_corrected_unif,4.223675336695264,4.223675336695264,4.0
alt_uncorrected,5.095153017008688,5.095153017008688,4.0
