,Rseq_targets,Rseq_hits,Rfrequency
true_Rseq,4.389457973443127,4.389457973443127,4.0
alt_corrected,4.332867265003817,4.332867265003817,4.0
alt_corrected_unif,4.343220114719035,4.343220114719035,4.0
alt_uncorrected,5.214697795032459,5.214697795032459,4.0
