,Rseq_targets,Rseq_hits,Rfrequency
true_Rseq,3.7951436314211264,3.7951436314211264,4.0
alt_corrected,3.654081071410431,3.654081071410431,4.0
alt_corrected_unif,3.689483780803689,3.689483780803689,4.0
alt_uncorrected,4.560961461117113,4.560961461117113,4.0
