,Rseq_targets,Rseq_hits,Rfrequency
true_Rseq,3.9970222156801096,3.9970222156801096,4.0
alt_corrected,3.9693153580214653,3.9693153580214653,4.0
alt_corrected_unif,4.00513512107722,4.00513512107722,4.0
alt_uncorrected,4.876612801390644,4.876612801390644,4.0
