,Rseq_targets,Rseq_hits,Rfrequency
true_Rseq,4.015052687561077,4.015052687561077,4.0
alt_corrected,4.036438457501129,4.036438457501129,4.0
alt_corrected_unif,4.043451050157715,4.043451050157715,4.0
alt_uncorrected,4.91492873047114,4.91492873047114,4.0
