,Rseq_targets,Rseq_hits,Rfrequency
true_Rseq,4.282134991852679,4.282134991852679,4.0
alt_corrected,4.225735623234124,4.225735623234124,4.0
alt_corrected_unif,4.250760596234194,4.250760596234194,4.0
alt_uncorrected,5.122238276547618,5.122238276547618,4.0
