,Rseq_targets,Rseq_hits,Rfrequency
true_Rseq,4.637222505368333,4.637222505368333,4.0
alt_corrected,4.351231083907587,4.351231083907587,4.0
alt_corrected_unif,4.412990338949113,4.412990338949113,4.0
alt_uncorrected,5.284468019262537,5.284468019262537,4.0
