,Rseq_targets,Rseq_hits,Rfrequency
true_Rseq,4.551757603950726,4.551757603950726,4.0
alt_corrected,4.411088994272325,4.411088994272325,4.0
alt_corrected_unif,4.479212453777496,4.479212453777496,4.0
alt_uncorrected,5.35069013409092,5.35069013409092,4.0
