,Rseq_targets,Rseq_hits,Rfrequency
true_Rseq,3.8913221808941767,3.8913221808941767,4.0
alt_corrected,3.860200445780686,3.860200445780686,4.0
alt_corrected_unif,3.8650730623592344,3.8650730623592344,4.0
alt_uncorrected,4.736550742672659,4.736550742672659,4.0
