,Rseq_targets,Rseq_hits,Rfrequency
true_Rseq,3.954796994650801,3.954796994650801,4.0
alt_corrected,4.128390642166709,4.128390642166709,4.0
alt_corrected_unif,4.165150159696784,4.165150159696784,4.0
alt_uncorrected,5.036627840010208,5.036627840010208,4.0
