,Rseq_targets,Rseq_hits,Rfrequency
true_Rseq,3.663195691535872,3.663195691535872,4.0
alt_corrected,3.6363349633702597,3.6363349633702597,4.0
alt_corrected_unif,3.6621442059931213,3.6621442059931213,4.0
alt_uncorrected,4.533621886306546,4.533621886306546,4.0
