,Rseq_targets,Rseq_hits,Rfrequency
true_Rseq,4.952486821406471,4.952486821406471,4.0
alt_corrected,4.945033244998281,4.945033244998281,4.0
alt_corrected_unif,4.947749769073859,4.947749769073859,4.0
alt_uncorrected,5.819227449387283,5.819227449387283,4.0
