,Rseq_targets,Rseq_hits,Rfrequency
true_Rseq,3.4895422799406006,3.4895422799406006,4.0
alt_corrected,3.4475005666521197,3.4475005666521197,4.0
alt_corrected_unif,3.5797556138365425,3.5797556138365425,4.0
alt_uncorrected,4.451233294149967,4.451233294149967,4.0
