,Rseq_targets,Rseq_hits,Rfrequency
true_Rseq,4.210780997750657,4.210780997750657,4.0
alt_corrected,4.141594540283119,4.141594540283119,4.0
alt_corrected_unif,4.181367300690457,4.181367300690457,4.0
alt_uncorrected,5.052844981003881,5.052844981003881,4.0
