,Rseq_targets,Rseq_hits,Rfrequency
true_Rseq,4.518760118892377,4.518760118892377,4.0
alt_corrected,4.453897188959891,4.453897188959891,4.0
alt_corrected_unif,4.468513259445027,4.468513259445027,4.0
alt_uncorrected,5.339990939758451,5.339990939758451,4.0
