,Rseq_targets,Rseq_hits,Rfrequency
true_Rseq,4.017844205498681,4.017844205498681,4.0
alt_corrected,4.158310580041661,4.158310580041661,4.0
alt_corrected_unif,4.18920137852391,4.18920137852391,4.0
alt_uncorrected,5.0606790588373345,5.0606790588373345,4.0
