,Rseq_targets,Rseq_hits,Rfrequency
true_Rseq,3.9751649613992104,3.9751649613992104,4.0
alt_corrected,3.8225976264438213,3.8225976264438213,4.0
alt_corrected_unif,3.847715723662479,3.847715723662479,4.0
alt_uncorrected,4.719193403975903,4.719193403975903,4.0
