,Rseq_targets,Rseq_hits,Rfrequency
true_Rseq,4.4540115653631815,4.4540115653631815,4.0
alt_corrected,4.3833804878387586,4.3833804878387586,4.0
alt_corrected_unif,4.408709356213544,4.408709356213544,4.0
alt_uncorrected,5.280187036526968,5.280187036526968,4.0
