,Rseq_targets,Rseq_hits,Rfrequency
true_Rseq,4.445079369493111,4.445079369493111,4.0
alt_corrected,4.264844229296575,4.264844229296575,4.0
alt_corrected_unif,4.362192071252348,4.362192071252348,4.0
alt_uncorrected,5.233669751565773,5.233669751565773,4.0
