,Rseq_targets,Rseq_hits,Rfrequency
true_Rseq,3.3014441143650055,3.3014441143650055,4.0
alt_corrected,3.4394262922999825,3.4394262922999825,4.0
alt_corrected_unif,3.4564213315417445,3.4564213315417445,4.0
alt_uncorrected,4.327899011855169,4.327899011855169,4.0
