,Rseq_targets,Rseq_hits,Rfrequency
true_Rseq,4.4712577156289,4.4712577156289,4.0
alt_corrected,4.646035527198231,4.646035527198231,4.0
alt_corrected_unif,4.745390016717703,4.745390016717703,4.0
alt_uncorrected,5.616867697031127,5.616867697031127,4.0
