,Rseq_targets,Rseq_hits,Rfrequency
true_Rseq,4.0990753468646535,4.0990753468646535,4.0
alt_corrected,4.083567812566319,4.083567812566319,4.0
alt_corrected_unif,4.085206556305666,4.085206556305666,4.0
alt_uncorrected,4.956684236619091,4.956684236619091,4.0
