,Rseq_targets,Rseq_hits,Rfrequency
true_Rseq,3.767497719596502,3.767497719596502,4.0
alt_corrected,3.6086454585004124,3.6086454585004124,4.0
alt_corrected_unif,3.6436805836849735,3.6436805836849735,4.0
alt_uncorrected,4.515158263998398,4.515158263998398,4.0
