,Rseq_targets,Rseq_hits,Rfrequency
true_Rseq,4.50578402539708,4.50578402539708,4.0
alt_corrected,4.370085655538443,4.370085655538443,4.0
alt_corrected_unif,4.481300339528534,4.481300339528534,4.0
alt_uncorrected,5.352778019841958,5.352778019841958,4.0
