,Rseq_targets,Rseq_hits,Rfrequency
true_Rseq,4.292423001073461,4.292423001073461,4.0
alt_corrected,4.286953153428517,4.286953153428517,4.0
alt_corrected_unif,4.2968811820216075,4.2968811820216075,4.0
alt_uncorrected,5.168358862335031,5.168358862335031,4.0
