,Rseq_targets,Rseq_hits,Rfrequency
true_Rseq,4.50482253616806,4.50482253616806,4.0
alt_corrected,4.3644227680413366,4.3644227680413366,4.0
alt_corrected_unif,4.412877065719583,4.412877065719583,4.0
alt_uncorrected,5.2843547460330065,5.2843547460330065,4.0
