,Rseq_targets,Rseq_hits,Rfrequency
true_Rseq,3.7357511709708335,3.7357511709708335,4.0
alt_corrected,3.709018062845366,3.709018062845366,4.0
alt_corrected_unif,3.757472360523597,3.757472360523597,4.0
alt_uncorrected,4.628950040837021,4.628950040837021,4.0
