,Rseq_targets,Rseq_hits,Rfrequency
true_Rseq,4.010801254264798,4.010801254264798,4.0
alt_corrected,4.228419330565552,4.228419330565552,4.0
alt_corrected_unif,4.2876931046751885,4.2876931046751885,4.0
alt_uncorrected,5.159170784988612,5.159170784988612,4.0
