,Rseq_targets,Rseq_hits,Rfrequency
true_Rseq,4.688737208205071,4.688737208205071,4.0
alt_corrected,4.805340372430938,4.805340372430938,4.0
alt_corrected_unif,4.8300055687323,4.8300055687323,4.0
alt_uncorrected,5.701483249045725,5.701483249045725,4.0
