,Rseq_targets,Rseq_hits,Rfrequency
true_Rseq,3.929575886309978,3.929575886309978,4.0
alt_corrected,4.102016384588935,4.102016384588935,4.0
alt_corrected_unif,4.141912997001089,4.141912997001089,4.0
alt_uncorrected,5.013390677314513,5.013390677314513,4.0
