,Rseq_targets,Rseq_hits,Rfrequency
true_Rseq,4.510692026227481,4.510692026227481,4.0
alt_corrected,4.388441107029173,4.388441107029173,4.0
alt_corrected_unif,4.463364738894057,4.463364738894057,4.0
alt_uncorrected,5.334842419207481,5.334842419207481,4.0
