,Rseq_targets,Rseq_hits,Rfrequency
true_Rseq,4.339766352930409,4.339766352930409,4.0
alt_corrected,4.3131923234929275,4.3131923234929275,4.0
alt_corrected_unif,4.349548625900283,4.349548625900283,4.0
alt_uncorrected,5.221026306213707,5.221026306213707,4.0
