,Rseq_targets,Rseq_hits,Rfrequency
true_Rseq,3.3552399267846535,3.197242403679665,4.0
alt_corrected,3.4472695699672404,3.2839676385722023,4.0
alt_corrected_unif,3.4797141895771797,3.3164122581821416,4.0
alt_uncorrected,4.351191869890604,4.187889938495566,4.0
