,Rseq_targets,Rseq_hits,Rfrequency
true_Rseq,4.379179879340575,4.379179879340575,4.0
alt_corrected,4.3787838966854284,4.3787838966854284,4.0
alt_corrected_unif,4.380957170178421,4.380957170178421,4.0
alt_uncorrected,5.252434850491845,5.252434850491845,4.0
