,Rseq_targets,Rseq_hits,Rfrequency
true_Rseq,3.800408128665029,3.800408128665029,4.0
alt_corrected,3.7487203188113556,3.7487203188113556,4.0
alt_corrected_unif,3.7611448497011737,3.7611448497011737,4.0
alt_uncorrected,4.632622530014598,4.632622530014598,4.0
