,Rseq_targets,Rseq_hits,Rfrequency
true_Rseq,3.847258577520856,3.847258577520856,4.0
alt_corrected,3.701691429121607,3.701691429121607,4.0
alt_corrected_unif,3.74260008771526,3.74260008771526,4.0
alt_uncorrected,4.614077768028684,4.614077768028684,4.0
