,Rseq_targets,Rseq_hits,Rfrequency
true_Rseq,3.3435777440480177,3.3435777440480177,4.0
alt_corrected,3.3790653287863415,3.3790653287863415,4.0
alt_corrected_unif,3.3807040725256967,3.3807040725256967,4.0
alt_uncorrected,4.252181752839121,4.252181752839121,4.0
