,Rseq_targets,Rseq_hits,Rfrequency
true_Rseq,4.043122266350583,4.043122266350583,4.0
alt_corrected,4.165625500132644,4.165625500132644,4.0
alt_corrected_unif,4.250230043481663,4.250230043481663,4.0
alt_uncorrected,5.121707723795087,5.121707723795087,4.0
