,Rseq_targets,Rseq_hits,Rfrequency
true_Rseq,3.024308743238514,3.225567372343595,4.0
alt_corrected,3.0792940559138056,3.3348954420504624,4.0
alt_corrected_unif,3.1171189871513665,3.3727203732880233,4.0
alt_uncorrected,3.988596667464791,4.244198053601448,4.0
