,Rseq_targets,Rseq_hits,Rfrequency
true_Rseq,4.02948212028988,4.02948212028988,4.0
alt_corrected,4.176421645592395,4.176421645592395,4.0
alt_corrected_unif,4.201086841893762,4.201086841893762,4.0
alt_uncorrected,5.072564522207186,5.072564522207186,4.0
