,Rseq_targets,Rseq_hits,Rfrequency
true_Rseq,4.522095559170685,4.522095559170685,4.0
alt_corrected,4.322788721412438,4.322788721412438,4.0
alt_corrected_unif,4.347813694412503,4.347813694412503,4.0
alt_uncorrected,5.219291374725927,5.219291374725927,4.0
