,Rseq_targets,Rseq_hits,Rfrequency
true_Rseq,3.451433358681122,3.451433358681122,4.0
alt_corrected,3.341321319606814,3.341321319606814,4.0
alt_corrected_unif,3.3700576739352113,3.3700576739352113,4.0
alt_uncorrected,4.241535354248636,4.241535354248636,4.0
