,Rseq_targets,Rseq_hits,Rfrequency
true_Rseq,4.257321721303386,4.257321721303386,4.0
alt_corrected,4.377839525897521,4.377839525897521,4.0
alt_corrected_unif,4.391702284618514,4.391702284618514,4.0
alt_uncorrected,5.263179964931939,5.263179964931939,4.0
