,Rseq_targets,Rseq_hits,Rfrequency
true_Rseq,4.20071711714775,4.20071711714775,4.0
alt_corrected,4.113575524544947,4.113575524544947,4.0
alt_corrected_unif,4.12058811720153,4.12058811720153,4.0
alt_uncorrected,4.992065797514955,4.992065797514955,4.0
