,Rseq_targets,Rseq_hits,Rfrequency
true_Rseq,3.351126267036503,3.351126267036503,4.0
alt_corrected,3.1536735779547147,3.1536735779547147,4.0
alt_corrected_unif,3.312832192963995,3.312832192963995,4.0
alt_uncorrected,4.184309873277419,4.184309873277419,4.0
