,Rseq_targets,Rseq_hits,Rfrequency
true_Rseq,3.790305288384756,3.790305288384756,4.0
alt_corrected,3.727558398518984,3.727558398518984,4.0
alt_corrected_unif,3.79521988700616,3.79521988700616,4.0
alt_uncorrected,4.666697567319584,4.666697567319584,4.0
