,Rseq_targets,Rseq_hits,Rfrequency
true_Rseq,4.09953530257318,4.09953530257318,4.0
alt_corrected,4.046845120869893,4.046845120869893,4.0
alt_corrected_unif,4.075046945444658,4.075046945444658,4.0
alt_uncorrected,4.946524625758083,4.946524625758083,4.0
