,Rseq_targets,Rseq_hits,Rfrequency
true_Rseq,4.547531078178422,4.547531078178422,4.0
alt_corrected,4.323572794546626,4.323572794546626,4.0
alt_corrected_unif,4.555620064945584,4.555620064945584,4.0
alt_uncorrected,5.427097745259008,5.427097745259008,4.0
