,Rseq_targets,Rseq_hits,Rfrequency
true_Rseq,3.432257918006857,3.432257918006857,4.0
alt_corrected,3.441115966261828,3.441115966261828,4.0
alt_corrected_unif,3.4657811625631907,3.4657811625631907,4.0
alt_uncorrected,4.337258842876615,4.337258842876615,4.0
