,Rseq_targets,Rseq_hits,Rfrequency
true_Rseq,4.087065686309232,4.087065686309232,4.0
alt_corrected,4.221142247996816,4.221142247996816,4.0
alt_corrected_unif,4.287749112894888,4.287749112894888,4.0
alt_uncorrected,5.159226793208312,5.159226793208312,4.0
