,Rseq_targets,Rseq_hits,Rfrequency
true_Rseq,3.92298706690514,3.92298706690514,4.0
alt_corrected,3.8085802947624483,3.8085802947624483,4.0
alt_corrected_unif,3.8272237282122883,3.8272237282122883,4.0
alt_uncorrected,4.698701408525713,4.698701408525713,4.0
