,Rseq_targets,Rseq_hits,Rfrequency
true_Rseq,3.7626940973739114,3.7626940973739114,4.0
alt_corrected,3.8137016510841097,3.8137016510841097,4.0
alt_corrected_unif,3.843240583717479,3.843240583717479,4.0
alt_uncorrected,4.714718264030903,4.714718264030903,4.0
