,Rseq_targets,Rseq_hits,Rfrequency
true_Rseq,3.873608330893621,3.873608330893621,4.0
alt_corrected,3.9731438215874926,3.9731438215874926,4.0
alt_corrected_unif,4.029426796350357,4.029426796350357,4.0
alt_uncorrected,4.900904476663782,4.900904476663782,4.0
