,Rseq_targets,Rseq_hits,Rfrequency
true_Rseq,3.7940418074761633,3.7940418074761633,4.0
alt_corrected,3.6851013892142896,3.6851013892142896,4.0
alt_corrected_unif,3.7123172021647917,3.7123172021647917,4.0
alt_uncorrected,4.583794882478216,4.583794882478216,4.0
