,Rseq_targets,Rseq_hits,Rfrequency
true_Rseq,4.6434488824081175,4.6434488824081175,4.0
alt_corrected,4.441205646633378,4.441205646633378,4.0
alt_corrected_unif,4.4886779620531225,4.4886779620531225,4.0
alt_uncorrected,5.360155642366546,5.360155642366546,4.0
