,Rseq_targets,Rseq_hits,Rfrequency
true_Rseq,4.0996421221087065,4.0996421221087065,4.0
alt_corrected,4.319883828200069,4.319883828200069,4.0
alt_corrected_unif,4.3860353561739345,4.3860353561739345,4.0
alt_uncorrected,5.257513036487358,5.257513036487358,4.0
