,Rseq_targets,Rseq_hits,Rfrequency
true_Rseq,3.9671524827245133,3.9671524827245133,4.0
alt_corrected,3.927999034248932,3.927999034248932,4.0
alt_corrected_unif,3.929620065167778,3.929620065167778,4.0
alt_uncorrected,4.8010977454812025,4.8010977454812025,4.0
