,Rseq_targets,Rseq_hits,Rfrequency
true_Rseq,4.82829372397309,4.82829372397309,4.0
alt_corrected,4.773757365833246,4.773757365833246,4.0
alt_corrected_unif,4.7856108123695495,4.7856108123695495,4.0
alt_uncorrected,5.657088492682973,5.657088492682973,4.0
