,Rseq_targets,Rseq_hits,Rfrequency
true_Rseq,1.8729776063057582,3.292542826443075,4.0
alt_corrected,1.8804904429250913,3.2991651033287646,4.0
alt_corrected_unif,1.9308056433939673,3.3494803037976406,4.0
alt_uncorrected,2.8022833237073916,4.220957984111065,4.0
