,Rseq_targets,Rseq_hits,Rfrequency
true_Rseq,3.4296372242039563,3.4296372242039563,4.0
alt_corrected,3.3984299910027174,3.3984299910027174,4.0
alt_corrected_unif,3.440181529190022,3.440181529190022,4.0
alt_uncorrected,4.311659209503446,4.311659209503446,4.0
