,Rseq_targets,Rseq_hits,Rfrequency
true_Rseq,3.871711309030311,3.871711309030311,4.0
alt_corrected,3.821969955053162,3.821969955053162,4.0
alt_corrected_unif,3.8322695804618037,3.8322695804618037,4.0
alt_uncorrected,4.703747260775228,4.703747260775228,4.0
