,Rseq_targets,Rseq_hits,Rfrequency
true_Rseq,4.438887637449331,4.438887637449331,4.0
alt_corrected,4.454821504493386,4.454821504493386,4.0
alt_corrected_unif,4.474837132270226,4.474837132270226,4.0
alt_uncorrected,5.34631481258365,5.34631481258365,4.0
