,Rseq_targets,Rseq_hits,Rfrequency
true_Rseq,4.421736867167054,4.421736867167054,4.0
alt_corrected,4.560297266254251,4.560297266254251,4.0
alt_corrected_unif,4.64421456684199,4.64421456684199,4.0
alt_uncorrected,5.515692247155414,5.515692247155414,4.0
