,Rseq_targets,Rseq_hits,Rfrequency
true_Rseq,4.220117026884589,4.220117026884589,4.0
alt_corrected,4.2537266794746715,4.2537266794746715,4.0
alt_corrected_unif,4.317986618905316,4.317986618905316,4.0
alt_uncorrected,5.18946429921874,5.18946429921874,4.0
