,Rseq_targets,Rseq_hits,Rfrequency
true_Rseq,3.9982692131849547,3.9982692131849547,4.0
alt_corrected,4.290631657849646,4.290631657849646,4.0
alt_corrected_unif,4.362437473039126,4.362437473039126,4.0
alt_uncorrected,5.23391515335255,5.23391515335255,4.0
