,Rseq_targets,Rseq_hits,Rfrequency
true_Rseq,4.424921413195635,4.424921413195635,4.0
alt_corrected,4.360095050856664,4.360095050856664,4.0
alt_corrected_unif,4.419487781022319,4.419487781022319,4.0
alt_uncorrected,5.290965461335744,5.290965461335744,4.0
