,Rseq_targets,Rseq_hits,Rfrequency
true_Rseq,4.153625395311034,4.153625395311034,4.0
alt_corrected,4.176377760238786,4.176377760238786,4.0
alt_corrected_unif,4.233100917699293,4.233100917699293,4.0
alt_uncorrected,5.104578598012717,5.104578598012717,4.0
