,Rseq_targets,Rseq_hits,Rfrequency
true_Rseq,3.650701496209029,3.650701496209029,4.0
alt_corrected,3.6938489006990256,3.6938489006990256,4.0
alt_corrected_unif,3.7251358716765792,3.7251358716765792,4.0
alt_uncorrected,4.5966135519900035,4.5966135519900035,4.0
