,Rseq_targets,Rseq_hits,Rfrequency
true_Rseq,3.4751731892851634,3.4751731892851634,4.0
alt_corrected,3.5600382227163987,3.5600382227163987,4.0
alt_corrected_unif,3.6506250510412754,3.6506250510412754,4.0
alt_uncorrected,4.5221027313547,4.5221027313547,4.0
