,Rseq_targets,Rseq_hits,Rfrequency
true_Rseq,4.705306203382886,4.705306203382886,4.0
alt_corrected,4.690165207328942,4.690165207328942,4.0
alt_corrected_unif,4.737856513185784,4.737856513185784,4.0
alt_uncorrected,5.609334193499209,5.609334193499209,4.0
