,Rseq_targets,Rseq_hits,Rfrequency
true_Rseq,4.225700502808439,4.225700502808439,4.0
alt_corrected,4.279917814649768,4.279917814649768,4.0
alt_corrected_unif,4.328027358061954,4.328027358061954,4.0
alt_uncorrected,5.199505038375378,5.199505038375378,4.0
