,Rseq_targets,Rseq_hits,Rfrequency
true_Rseq,3.886753074541817,3.886753074541817,4.0
alt_corrected,3.850267445815215,3.850267445815215,4.0
alt_corrected_unif,3.8529839698907966,3.8529839698907966,4.0
alt_uncorrected,4.724461650204221,4.724461650204221,4.0
