,Rseq_targets,Rseq_hits,Rfrequency
true_Rseq,3.7692504718008966,3.7692504718008966,4.0
alt_corrected,3.645544622696606,3.645544622696606,4.0
alt_corrected_unif,3.6659016147067436,3.6659016147067436,4.0
alt_uncorrected,4.537379295020168,4.537379295020168,4.0
