,Rseq_targets,Rseq_hits,Rfrequency
true_Rseq,4.187010095262872,4.187010095262872,4.0
alt_corrected,4.207059653538314,4.207059653538314,4.0
alt_corrected_unif,4.214123809712158,4.214123809712158,4.0
alt_uncorrected,5.0856014900255815,5.0856014900255815,4.0
