,Rseq_targets,Rseq_hits,Rfrequency
true_Rseq,3.564813385382891,3.564813385382891,4.0
alt_corrected,3.4583046554371477,3.4583046554371477,4.0
alt_corrected_unif,3.523843645950105,3.523843645950105,4.0
alt_uncorrected,4.395321326263529,4.395321326263529,4.0
