,Rseq_targets,Rseq_hits,Rfrequency
true_Rseq,4.102514945665261,4.102514945665261,4.0
alt_corrected,4.084732461436236,4.084732461436236,4.0
alt_corrected_unif,4.089605078014792,4.089605078014792,4.0
alt_uncorrected,4.9610827583282155,4.9610827583282155,4.0
