,Rseq_targets,Rseq_hits,Rfrequency
true_Rseq,3.9831641278694967,3.9831641278694967,4.0
alt_corrected,4.0521116698003805,4.0521116698003805,4.0
alt_corrected_unif,4.082899970584021,4.082899970584021,4.0
alt_uncorrected,4.954377650897445,4.954377650897445,4.0
