,Rseq_targets,Rseq_hits,Rfrequency
true_Rseq,4.689912898883987,4.689912898883987,4.0
alt_corrected,4.218884393343978,4.218884393343978,4.0
alt_corrected_unif,4.353447741058677,4.353447741058677,4.0
alt_uncorrected,5.224925421372101,5.224925421372101,4.0
