,Rseq_targets,Rseq_hits,Rfrequency
true_Rseq,3.730788876906388,3.730788876906388,4.0
alt_corrected,3.8870506517025203,3.8870506517025203,4.0
alt_corrected_unif,3.9194702143840288,3.9194702143840288,4.0
alt_uncorrected,4.790947894697453,4.790947894697453,4.0
