,Rseq_targets,Rseq_hits,Rfrequency
true_Rseq,4.050731378237227,4.050731378237227,4.0
alt_corrected,3.9698910138060444,3.9698910138060444,4.0
alt_corrected_unif,4.010231693004419,4.010231693004419,4.0
alt_uncorrected,4.881709373317844,4.881709373317844,4.0
