,Rseq_targets,Rseq_hits,Rfrequency
true_Rseq,3.7051259606959697,3.7051259606959697,4.0
alt_corrected,3.8528780479034155,3.8528780479034155,4.0
alt_corrected_unif,3.9668263386441605,3.9668263386441605,4.0
alt_uncorrected,4.838304018957585,4.838304018957585,4.0
