,Rseq_targets,Rseq_hits,Rfrequency
true_Rseq,3.134233738881611,3.134233738881611,4.0
alt_corrected,3.207219289085134,3.207219289085134,4.0
alt_corrected_unif,3.273301393522105,3.273301393522105,4.0
alt_uncorrected,4.1447790738355295,4.1447790738355295,4.0
