,Rseq_targets,Rseq_hits,Rfrequency
true_Rseq,3.0252731179860204,3.0252731179860204,4.0
alt_corrected,3.067817838600341,3.067817838600341,4.0
alt_corrected_unif,3.1990393328608273,3.1990393328608273,4.0
alt_uncorrected,4.070517013174252,4.070517013174252,4.0
