,Rseq_targets,Rseq_hits,Rfrequency
true_Rseq,3.8985555756730905,3.8985555756730905,4.0
alt_corrected,4.086728508894241,4.086728508894241,4.0
alt_corrected_unif,4.155019865747038,4.155019865747038,4.0
alt_uncorrected,5.026497546060463,5.026497546060463,4.0
