,Rseq_targets,Rseq_hits,Rfrequency
true_Rseq,4.18012742242243,4.18012742242243,4.0
alt_corrected,4.264737098797678,4.264737098797678,4.0
alt_corrected_unif,4.3050829520351,4.3050829520351,4.0
alt_uncorrected,5.176560632348524,5.176560632348524,4.0
