,Rseq_targets,Rseq_hits,Rfrequency
true_Rseq,3.6713092173278152,3.6713092173278152,4.0
alt_corrected,3.7251708735744025,3.7251708735744025,4.0
alt_corrected_unif,3.811130295811562,3.811130295811562,4.0
alt_uncorrected,4.682607976124986,4.682607976124986,4.0
