,Rseq_targets,Rseq_hits,Rfrequency
true_Rseq,4.358727056505326,4.358727056505326,4.0
alt_corrected,4.029413689424106,4.029413689424106,4.0
alt_corrected_unif,4.14378547477488,4.14378547477488,4.0
alt_uncorrected,5.015263155088305,5.015263155088305,4.0
