,Rseq_targets,Rseq_hits,Rfrequency
true_Rseq,5.200955298448569,5.200955298448569,4.0
alt_corrected,4.86365565115851,4.86365565115851,4.0
alt_corrected_unif,4.916085861268471,4.916085861268471,4.0
alt_uncorrected,5.7875635415818945,5.7875635415818945,4.0
