,Rseq_targets,Rseq_hits,Rfrequency
true_Rseq,3.9475444693188493,3.9475444693188493,4.0
alt_corrected,3.6504283367551267,3.6504283367551267,4.0
alt_corrected_unif,3.7474841304267668,3.7474841304267668,4.0
alt_uncorrected,4.618961810740191,4.618961810740191,4.0
