,Rseq_targets,Rseq_hits,Rfrequency
true_Rseq,4.239344871607868,4.239344871607868,4.0
alt_corrected,4.4147907793049725,4.4147907793049725,4.0
alt_corrected_unif,4.513073437113254,4.513073437113254,4.0
alt_uncorrected,5.384551117426678,5.384551117426678,4.0
