,Rseq_targets,Rseq_hits,Rfrequency
true_Rseq,4.452653117977716,4.452653117977716,4.0
alt_corrected,4.47312458702195,4.47312458702195,4.0
alt_corrected_unif,4.537770504660813,4.537770504660813,4.0
alt_uncorrected,5.409248184974237,5.409248184974237,4.0
