,Rseq_targets,Rseq_hits,Rfrequency
true_Rseq,4.2336357778791855,4.2336357778791855,4.0
alt_corrected,4.297767035794214,4.297767035794214,4.0
alt_corrected_unif,4.353103623896114,4.353103623896114,4.0
alt_uncorrected,5.224581304209538,5.224581304209538,4.0
