,Rseq_targets,Rseq_hits,Rfrequency
true_Rseq,3.8952552295810907,3.8952552295810907,4.0
alt_corrected,3.847077321941311,3.847077321941311,4.0
alt_corrected_unif,3.8585838099275507,3.8585838099275507,4.0
alt_uncorrected,4.730061490240975,4.730061490240975,4.0
