,Rseq_targets,Rseq_hits,Rfrequency
true_Rseq,4.524740203106209,4.524740203106209,4.0
alt_corrected,4.186630260732343,4.186630260732343,4.0
alt_corrected_unif,4.347278966099248,4.347278966099248,4.0
alt_uncorrected,5.218756646412672,5.218756646412672,4.0
