,Rseq_targets,Rseq_hits,Rfrequency
true_Rseq,4.48943512316564,4.48943512316564,4.0
alt_corrected,4.030313638167529,4.030313638167529,4.0
alt_corrected_unif,4.224557344010163,4.224557344010163,4.0
alt_uncorrected,5.096035024323588,5.096035024323588,4.0
