,Rseq_targets,Rseq_hits,Rfrequency
true_Rseq,4.124315192361086,4.124315192361086,4.0
alt_corrected,4.081469727691555,4.081469727691555,4.0
alt_corrected_unif,4.090167163960684,4.090167163960684,4.0
alt_uncorrected,4.961644844274108,4.961644844274108,4.0
