,Rseq_targets,Rseq_hits,Rfrequency
true_Rseq,4.794917296857156,4.794917296857156,4.0
alt_corrected,4.596101176065197,4.596101176065197,4.0
alt_corrected_unif,4.658947438007976,4.658947438007976,4.0
alt_uncorrected,5.530425118321401,5.530425118321401,4.0
