,Rseq_targets,Rseq_hits,Rfrequency
true_Rseq,4.4030787211693045,4.4030787211693045,4.0
alt_corrected,4.3389270127133335,4.3389270127133335,4.0
alt_corrected_unif,4.359055808112354,4.359055808112354,4.0
alt_uncorrected,5.2305334884257775,5.2305334884257775,4.0
