,Rseq_targets,Rseq_hits,Rfrequency
true_Rseq,4.446589485336645,4.446589485336645,4.0
alt_corrected,4.139512590821601,4.139512590821601,4.0
alt_corrected_unif,4.243001881735941,4.243001881735941,4.0
alt_uncorrected,5.114479562049365,5.114479562049365,4.0
