,Rseq_targets,Rseq_hits,Rfrequency
true_Rseq,4.004989462479044,4.004989462479044,4.0
alt_corrected,3.820476653493509,3.820476653493509,4.0
alt_corrected_unif,3.84200809363765,3.84200809363765,4.0
alt_uncorrected,4.713485773951074,4.713485773951074,4.0
