,Rseq_targets,Rseq_hits,Rfrequency
true_Rseq,4.429815498126633,4.429815498126633,4.0
alt_corrected,4.481631856811718,4.481631856811718,4.0
alt_corrected_unif,4.485408980233505,4.485408980233505,4.0
alt_uncorrected,5.3568866605469285,5.3568866605469285,4.0
