,Rseq_targets,Rseq_hits,Rfrequency
true_Rseq,0.6228032729649691,3.136859725065495,4.0
alt_corrected,0.7283482971777759,3.0742802198386694,4.0
alt_corrected_unif,0.8649556230005719,3.2108875456614654,4.0
alt_uncorrected,1.7364333033139963,4.08236522597489,4.0
