,Rseq_targets,Rseq_hits,Rfrequency
true_Rseq,3.304425583250495,3.304425583250495,4.0
alt_corrected,3.3529738279769536,3.3529738279769536,4.0
alt_corrected_unif,3.435886201569413,3.435886201569413,4.0
alt_uncorrected,4.3073638818828375,4.3073638818828375,4.0
