,Rseq_targets,Rseq_hits,Rfrequency
true_Rseq,4.787109754109483,4.787109754109483,4.0
alt_corrected,4.529063538129925,4.529063538129925,4.0
alt_corrected_unif,4.617285440844078,4.617285440844078,4.0
alt_uncorrected,5.488763121157503,5.488763121157503,4.0
