,Rseq_targets,Rseq_hits,Rfrequency
true_Rseq,4.412677185485247,4.412677185485247,4.0
alt_corrected,4.293780350183166,4.293780350183166,4.0
alt_corrected_unif,4.329150348820239,4.329150348820239,4.0
alt_uncorrected,5.200628029133663,5.200628029133663,4.0
