,Rseq_targets,Rseq_hits,Rfrequency
true_Rseq,4.42169668609368,4.42169668609368,4.0
alt_corrected,4.416737092399768,4.416737092399768,4.0
alt_corrected_unif,4.43902936753649,4.43902936753649,4.0
alt_uncorrected,5.310507047849914,5.310507047849914,4.0
