,Rseq_targets,Rseq_hits,Rfrequency
true_Rseq,3.6132284762365874,3.6132284762365874,4.0
alt_corrected,3.641324439944055,3.641324439944055,4.0
alt_corrected_unif,3.667133682566915,3.667133682566915,4.0
alt_uncorrected,4.5386113628803395,4.5386113628803395,4.0
