,Rseq_targets,Rseq_hits,Rfrequency
true_Rseq,4.7033415224561566,4.7033415224561566,4.0
alt_corrected,4.505522476034173,4.505522476034173,4.0
alt_corrected_unif,4.576422879556592,4.576422879556592,4.0
alt_uncorrected,5.447900559870016,5.447900559870016,4.0
