,Rseq_targets,Rseq_hits,Rfrequency
true_Rseq,4.150829687968855,4.150829687968855,4.0
alt_corrected,4.064248102826014,4.064248102826014,4.0
alt_corrected_unif,4.074444539520693,4.074444539520693,4.0
alt_uncorrected,4.9459222198341175,4.9459222198341175,4.0
