,Rseq_targets,Rseq_hits,Rfrequency
true_Rseq,3.609327194978304,3.609327194978304,4.0
alt_corrected,3.746514289761898,3.746514289761898,4.0
alt_corrected_unif,3.818778162456574,3.818778162456574,4.0
alt_uncorrected,4.690255842769998,4.690255842769998,4.0
