,Rseq_targets,Rseq_hits,Rfrequency
true_Rseq,4.27076167276782,4.27076167276782,4.0
alt_corrected,4.20405114863542,4.20405114863542,4.0
alt_corrected_unif,4.218667219120551,4.218667219120551,4.0
alt_uncorrected,5.090144899433975,5.090144899433975,4.0
