,Rseq_targets,Rseq_hits,Rfrequency
true_Rseq,4.711225567506971,4.711225567506971,4.0
alt_corrected,4.636186235009278,4.636186235009278,4.0
alt_corrected_unif,4.655905255602109,4.655905255602109,4.0
alt_uncorrected,5.527382935915534,5.527382935915534,4.0
