,Rseq_targets,Rseq_hits,Rfrequency
true_Rseq,4.039492025410755,4.039492025410755,4.0
alt_corrected,3.847806727249236,3.847806727249236,4.0
alt_corrected_unif,3.973459342423453,3.973459342423453,4.0
alt_uncorrected,4.844937022736877,4.844937022736877,4.0
