,Rseq_targets,Rseq_hits,Rfrequency
true_Rseq,4.507009624317957,4.507009624317957,4.0
alt_corrected,4.6457496377416865,4.6457496377416865,4.0
alt_corrected_unif,4.714055856742309,4.714055856742309,4.0
alt_uncorrected,5.585533537055733,5.585533537055733,4.0
