,Rseq_targets,Rseq_hits,Rfrequency
true_Rseq,4.309083407626753,4.309083407626753,4.0
alt_corrected,4.384469955068775,4.384469955068775,4.0
alt_corrected_unif,4.439563195789988,4.439563195789988,4.0
alt_uncorrected,5.311040876103413,5.311040876103413,4.0
