,Rseq_targets,Rseq_hits,Rfrequency
true_Rseq,3.9647852850731873,3.9647852850731873,4.0
alt_corrected,3.9516527186214123,3.9516527186214123,4.0
alt_corrected_unif,3.9615807472145064,3.9615807472145064,4.0
alt_uncorrected,4.833058427527931,4.833058427527931,4.0
