,Rseq_targets,Rseq_hits,Rfrequency
true_Rseq,3.772536687058004,3.772536687058004,4.0
alt_corrected,3.6673985093357686,3.6673985093357686,4.0
alt_corrected_unif,3.679982777658236,3.679982777658236,4.0
alt_uncorrected,4.55146045797166,4.55146045797166,4.0
