,Rseq_targets,Rseq_hits,Rfrequency
true_Rseq,4.166352769775612,4.166352769775612,4.0
alt_corrected,4.169938191802896,4.169938191802896,4.0
alt_corrected_unif,4.218742909985023,4.218742909985023,4.0
alt_uncorrected,5.090220590298447,5.090220590298447,4.0
