,Rseq_targets,Rseq_hits,Rfrequency
true_Rseq,5.377036085385763,5.377036085385763,4.0
alt_corrected,5.131878588223214,5.131878588223214,4.0
alt_corrected_unif,5.213758398913322,5.213758398913322,4.0
alt_uncorrected,6.085236079226747,6.085236079226747,4.0
