,Rseq_targets,Rseq_hits,Rfrequency
true_Rseq,3.7286534940531713,3.7286534940531713,4.0
alt_corrected,3.675924781433374,3.675924781433374,4.0
alt_corrected_unif,3.7270211336237495,3.7270211336237495,4.0
alt_uncorrected,4.598498813937174,4.598498813937174,4.0
