,Rseq_targets,Rseq_hits,Rfrequency
true_Rseq,4.09698227082479,4.09698227082479,4.0
alt_corrected,3.8544219098124093,3.8544219098124093,4.0
alt_corrected_unif,3.9960687931133045,3.9960687931133045,4.0
alt_uncorrected,4.867546473426729,4.867546473426729,4.0
