,Rseq_targets,Rseq_hits,Rfrequency
true_Rseq,4.751187340301232,4.751187340301232,4.0
alt_corrected,4.587784634898413,4.587784634898413,4.0
alt_corrected_unif,4.605608723079952,4.605608723079952,4.0
alt_uncorrected,5.4770864033933755,5.4770864033933755,4.0
