,Rseq_targets,Rseq_hits,Rfrequency
true_Rseq,3.494397690490251,3.494397690490251,4.0
alt_corrected,3.3316384183096055,3.3316384183096055,4.0
alt_corrected_unif,3.3690024453866863,3.3690024453866863,4.0
alt_uncorrected,4.240480125700111,4.240480125700111,4.0
