,Rseq_targets,Rseq_hits,Rfrequency
true_Rseq,4.502223148312335,4.502223148312335,4.0
alt_corrected,4.478636768370057,4.478636768370057,4.0
alt_corrected_unif,4.495681836412974,4.495681836412974,4.0
alt_uncorrected,5.367159516726398,5.367159516726398,4.0
