,Rseq_targets,Rseq_hits,Rfrequency
true_Rseq,4.418142944992805,4.418142944992805,4.0
alt_corrected,4.2255631052670966,4.2255631052670966,4.0
alt_corrected_unif,4.2837929497372205,4.2837929497372205,4.0
alt_uncorrected,5.155270630050644,5.155270630050644,4.0
