,Rseq_targets,Rseq_hits,Rfrequency
true_Rseq,3.7532564147580896,3.7532564147580896,4.0
alt_corrected,3.709788794274473,3.709788794274473,4.0
alt_corrected_unif,3.7541365186605904,3.7541365186605904,4.0
alt_uncorrected,4.625614198974015,4.625614198974015,4.0
