,Rseq_targets,Rseq_hits,Rfrequency
true_Rseq,3.6496668750649706,3.6496668750649706,4.0
alt_corrected,3.7382139710555164,3.7382139710555164,4.0
alt_corrected_unif,3.7845376110963875,3.7845376110963875,4.0
alt_uncorrected,4.656015291409812,4.656015291409812,4.0
