,Rseq_targets,Rseq_hits,Rfrequency
true_Rseq,1.945380698488723,3.144036081608588,4.0
alt_corrected,1.9585878651347741,3.1374226278556057,4.0
alt_corrected_unif,1.993990574528032,3.1728253372488635,4.0
alt_uncorrected,2.8654682548414563,4.044303017562288,4.0
