,Rseq_targets,Rseq_hits,Rfrequency
true_Rseq,3.744269189866597,3.744269189866597,4.0
alt_corrected,3.7316385476567264,3.7316385476567264,4.0
alt_corrected_unif,3.774793452611212,3.774793452611212,4.0
alt_uncorrected,4.646271132924636,4.646271132924636,4.0
