,Rseq_targets,Rseq_hits,Rfrequency
true_Rseq,4.246682109286123,4.246682109286123,4.0
alt_corrected,4.337902444059068,4.337902444059068,4.0
alt_corrected_unif,4.352642804884493,4.352642804884493,4.0
alt_uncorrected,5.224120485197917,5.224120485197917,4.0
