,Rseq_targets,Rseq_hits,Rfrequency
true_Rseq,3.34647494477562,3.34647494477562,4.0
alt_corrected,3.413182534259327,3.413182534259327,4.0
alt_corrected_unif,3.4846846085562286,3.4846846085562286,4.0
alt_uncorrected,4.356162288869653,4.356162288869653,4.0
