,Rseq_targets,Rseq_hits,Rfrequency
true_Rseq,5.0301746462010835,5.0301746462010835,4.0
alt_corrected,4.7114473196331605,4.7114473196331605,4.0
alt_corrected_unif,4.801519415995745,4.801519415995745,4.0
alt_uncorrected,5.67299709630917,5.67299709630917,4.0
