,Rseq_targets,Rseq_hits,Rfrequency
true_Rseq,4.188079328996006,4.188079328996006,4.0
alt_corrected,4.1617672633572464,4.1617672633572464,4.0
alt_corrected_unif,4.191556931452473,4.191556931452473,4.0
alt_uncorrected,5.063034611765897,5.063034611765897,4.0
