,Rseq_targets,Rseq_hits,Rfrequency
true_Rseq,4.521815207324763,4.521815207324763,4.0
alt_corrected,4.566478423443144,4.566478423443144,4.0
alt_corrected_unif,4.573542579616987,4.573542579616987,4.0
alt_uncorrected,5.445020259930411,5.445020259930411,4.0
