,Rseq_targets,Rseq_hits,Rfrequency
true_Rseq,4.158113252799355,4.158113252799355,4.0
alt_corrected,3.9212007225778853,3.9212007225778853,4.0
alt_corrected_unif,3.9904160321927136,3.9904160321927136,4.0
alt_uncorrected,4.861893712506138,4.861893712506138,4.0
