,Rseq_targets,Rseq_hits,Rfrequency
true_Rseq,4.155034007144318,4.155034007144318,4.0
alt_corrected,4.144116471733938,4.144116471733938,4.0
alt_corrected_unif,4.153518430734488,4.153518430734488,4.0
alt_uncorrected,5.024996111047912,5.024996111047912,4.0
