,Rseq_targets,Rseq_hits,Rfrequency
true_Rseq,3.9245576977852945,3.9245576977852945,4.0
alt_corrected,4.036463537208702,4.036463537208702,4.0
alt_corrected_unif,4.133799621974903,4.133799621974903,4.0
alt_uncorrected,5.005277302288328,5.005277302288328,4.0
