,Rseq_targets,Rseq_hits,Rfrequency
true_Rseq,4.142129716018905,4.142129716018905,4.0
alt_corrected,4.091613783006283,4.091613783006283,4.0
alt_corrected_unif,4.1152011989714214,4.1152011989714214,4.0
alt_uncorrected,4.986678879284846,4.986678879284846,4.0
