,Rseq_targets,Rseq_hits,Rfrequency
true_Rseq,3.297578058525887,3.297578058525887,4.0
alt_corrected,3.3065824494869083,3.3065824494869083,4.0
alt_corrected_unif,3.307125700069491,3.307125700069491,4.0
alt_uncorrected,4.178603380382915,4.178603380382915,4.0
