,Rseq_targets,Rseq_hits,Rfrequency
true_Rseq,4.699005461344063,4.699005461344063,4.0
alt_corrected,4.533890616392354,4.533890616392354,4.0
alt_corrected_unif,4.554799850976719,4.554799850976719,4.0
alt_uncorrected,5.426277531290143,5.426277531290143,4.0
