,Rseq_targets,Rseq_hits,Rfrequency
true_Rseq,4.164283682009995,4.164283682009995,4.0
alt_corrected,4.207313573990678,4.207313573990678,4.0
alt_corrected_unif,4.248319444922588,4.248319444922588,4.0
alt_uncorrected,5.119797125236012,5.119797125236012,4.0
