,Rseq_targets,Rseq_hits,Rfrequency
true_Rseq,3.7377671119769103,3.7377671119769103,4.0
alt_corrected,3.617691932053426,3.617691932053426,4.0
alt_corrected_unif,3.690142230883462,3.690142230883462,4.0
alt_uncorrected,4.561619911196886,4.561619911196886,4.0
