,Rseq_targets,Rseq_hits,Rfrequency
true_Rseq,4.207327747806582,4.207327747806582,4.0
alt_corrected,4.171458512629919,4.171458512629919,4.0
alt_corrected_unif,4.191587308028941,4.191587308028941,4.0
alt_uncorrected,5.063064988342366,5.063064988342366,4.0
