,Rseq_targets,Rseq_hits,Rfrequency
true_Rseq,4.155180527798592,4.155180527798592,4.0
alt_corrected,4.049190967970256,4.049190967970256,4.0
alt_corrected_unif,4.090528442690113,4.090528442690113,4.0
alt_uncorrected,4.962006123003538,4.962006123003538,4.0
