,Rseq_targets,Rseq_hits,Rfrequency
true_Rseq,4.461465985142336,4.461465985142336,4.0
alt_corrected,4.045235609440191,4.045235609440191,4.0
alt_corrected_unif,4.244147367550806,4.244147367550806,4.0
alt_uncorrected,5.11562504786423,5.11562504786423,4.0
