,Rseq_targets,Rseq_hits,Rfrequency
true_Rseq,4.121458206108269,4.121458206108269,4.0
alt_corrected,4.12044965952964,4.12044965952964,4.0
alt_corrected_unif,4.127462252186213,4.127462252186213,4.0
alt_uncorrected,4.998939932499637,4.998939932499637,4.0
