,Rseq_targets,Rseq_hits,Rfrequency
true_Rseq,4.908228354350579,4.908228354350579,4.0
alt_corrected,4.680259897352327,4.680259897352327,4.0
alt_corrected_unif,4.710433099736365,4.710433099736365,4.0
alt_uncorrected,5.581910780049789,5.581910780049789,4.0
