,Rseq_targets,Rseq_hits,Rfrequency
true_Rseq,4.231171659659701,4.231171659659701,4.0
alt_corrected,4.334651110220244,4.334651110220244,4.0
alt_corrected_unif,4.35721735464621,4.35721735464621,4.0
alt_uncorrected,5.2286950349596335,5.2286950349596335,4.0
