,Rseq_targets,Rseq_hits,Rfrequency
true_Rseq,3.526171188548709,3.526171188548709,4.0
alt_corrected,3.5204605243877563,3.5204605243877563,4.0
alt_corrected_unif,3.5774612428496773,3.5774612428496773,4.0
alt_uncorrected,4.448938923163102,4.448938923163102,4.0
