,Rseq_targets,Rseq_hits,Rfrequency
true_Rseq,4.352056744942563,4.352056744942563,4.0
alt_corrected,4.356860373654375,4.356860373654375,4.0
alt_corrected_unif,4.373855412896159,4.373855412896159,4.0
alt_uncorrected,5.245333093209583,5.245333093209583,4.0
