,Rseq_targets,Rseq_hits,Rfrequency
true_Rseq,4.479006150028374,4.479006150028374,4.0
alt_corrected,4.122749082705306,4.122749082705306,4.0
alt_corrected_unif,4.223116998887431,4.223116998887431,4.0
alt_uncorrected,5.0945946792008545,5.0945946792008545,4.0
