,Rseq_targets,Rseq_hits,Rfrequency
true_Rseq,3.9129415714885782,3.9129415714885782,4.0
alt_corrected,4.049642938731886,4.049642938731886,4.0
alt_corrected_unif,4.103730114883707,4.103730114883707,4.0
alt_uncorrected,4.975207795197131,4.975207795197131,4.0
