,Rseq_targets,Rseq_hits,Rfrequency
true_Rseq,3.7141270650332157,3.7141270650332157,4.0
alt_corrected,3.710010127488877,3.710010127488877,4.0
alt_corrected_unif,3.72945321675171,3.72945321675171,4.0
alt_uncorrected,4.600930897065134,4.600930897065134,4.0
