,Rseq_targets,Rseq_hits,Rfrequency
true_Rseq,4.362469448916837,4.362469448916837,4.0
alt_corrected,4.36528292732927,4.36528292732927,4.0
alt_corrected_unif,4.4293352288074335,4.4293352288074335,4.0
alt_uncorrected,5.300812909120857,5.300812909120857,4.0
