,Rseq_targets,Rseq_hits,Rfrequency
true_Rseq,4.524340441615971,4.524340441615971,4.0
alt_corrected,4.088980841958421,4.088980841958421,4.0
alt_corrected_unif,4.293980834080417,4.293980834080417,4.0
alt_uncorrected,5.1654585143938405,5.1654585143938405,4.0
