,Rseq_targets,Rseq_hits,Rfrequency
true_Rseq,3.4461919554405966,3.4461919554405966,4.0
alt_corrected,3.5811046356585394,3.5811046356585394,4.0
alt_corrected_unif,3.672905672218795,3.672905672218795,4.0
alt_uncorrected,4.544383352532219,4.544383352532219,4.0
