,Rseq_targets,Rseq_hits,Rfrequency
true_Rseq,3.316459007149975,3.316459007149975,4.0
alt_corrected,3.097777596855333,3.097777596855333,4.0
alt_corrected_unif,3.1590453994049583,3.1590453994049583,4.0
alt_uncorrected,4.030523079718383,4.030523079718383,4.0
