,Rseq_targets,Rseq_hits,Rfrequency
true_Rseq,3.7643152387892176,3.7643152387892176,4.0
alt_corrected,3.7874211906158237,3.7874211906158237,4.0
alt_corrected_unif,3.789059934355183,3.789059934355183,4.0
alt_uncorrected,4.660537614668607,4.660537614668607,4.0
