,Rseq_targets,Rseq_hits,Rfrequency
true_Rseq,3.99384270290701,3.99384270290701,4.0
alt_corrected,4.010341244665062,4.010341244665062,4.0
alt_corrected_unif,4.083129042113033,4.083129042113033,4.0
alt_uncorrected,4.954606722426457,4.954606722426457,4.0
