,Rseq_targets,Rseq_hits,Rfrequency
true_Rseq,4.135242004823807,4.135242004823807,4.0
alt_corrected,4.151694802172991,4.151694802172991,4.0
alt_corrected_unif,4.235925296071317,4.235925296071317,4.0
alt_uncorrected,5.107402976384741,5.107402976384741,4.0
