,Rseq_targets,Rseq_hits,Rfrequency
true_Rseq,3.5280513944243923,3.5280513944243923,4.0
alt_corrected,3.7076262928034245,3.7076262928034245,4.0
alt_corrected_unif,3.8536116942189085,3.8536116942189085,4.0
alt_uncorrected,4.725089374532333,4.725089374532333,4.0
