,Rseq_targets,Rseq_hits,Rfrequency
true_Rseq,3.2046319475661855,3.2046319475661855,4.0
alt_corrected,3.1549259162588843,3.1549259162588843,4.0
alt_corrected_unif,3.1892991193744984,3.1892991193744984,4.0
alt_uncorrected,4.060776799687923,4.060776799687923,4.0
