,Rseq_targets,Rseq_hits,Rfrequency
true_Rseq,4.5910826228054,4.5910826228054,4.0
alt_corrected,4.145061693295475,4.145061693295475,4.0
alt_corrected_unif,4.277681289770291,4.277681289770291,4.0
alt_uncorrected,5.149158970083715,5.149158970083715,4.0
