,Rseq_targets,Rseq_hits,Rfrequency
true_Rseq,4.781859551909131,4.781859551909131,4.0
alt_corrected,4.422450181868609,4.422450181868609,4.0
alt_corrected_unif,4.49553444112156,4.49553444112156,4.0
alt_uncorrected,5.367012121434985,5.367012121434985,4.0
