,Rseq_targets,Rseq_hits,Rfrequency
true_Rseq,3.935055995990493,3.935055995990493,4.0
alt_corrected,3.8878175402217368,3.8878175402217368,4.0
alt_corrected_unif,3.998052020192723,3.998052020192723,4.0
alt_uncorrected,4.869529700506147,4.869529700506147,4.0
