,Rseq_targets,Rseq_hits,Rfrequency
true_Rseq,4.099463751022353,4.099463751022353,4.0
alt_corrected,3.904690163396576,3.904690163396576,4.0
alt_corrected_unif,3.947623369046813,3.947623369046813,4.0
alt_uncorrected,4.8191010493602375,4.8191010493602375,4.0
