,Rseq_targets,Rseq_hits,Rfrequency
true_Rseq,4.360800317109545,4.360800317109545,4.0
alt_corrected,3.954140718553603,3.954140718553603,4.0
alt_corrected_unif,4.098692777339906,4.098692777339906,4.0
alt_uncorrected,4.97017045765333,4.97017045765333,4.0
