,Rseq_targets,Rseq_hits,Rfrequency
true_Rseq,4.676325539732107,4.676325539732107,4.0
alt_corrected,4.509474621569065,4.509474621569065,4.0
alt_corrected_unif,4.54937123398124,4.54937123398124,4.0
alt_uncorrected,5.420848914294664,5.420848914294664,4.0
