,Rseq_targets,Rseq_hits,Rfrequency
true_Rseq,3.576510925914997,3.576510925914997,4.0
alt_corrected,3.3789167067678645,3.3789167067678645,4.0
alt_corrected_unif,3.4061325197183705,3.4061325197183705,4.0
alt_uncorrected,4.277610200031795,4.277610200031795,4.0
