,Rseq_targets,Rseq_hits,Rfrequency
true_Rseq,4.53750379118007,4.53750379118007,4.0
alt_corrected,4.466368930524195,4.466368930524195,4.0
alt_corrected_unif,4.491697798898972,4.491697798898972,4.0
alt_uncorrected,5.363175479212397,5.363175479212397,4.0
