,Rseq_targets,Rseq_hits,Rfrequency
true_Rseq,3.5222563449553235,3.5222563449553235,4.0
alt_corrected,3.357745270431736,3.357745270431736,4.0
alt_corrected_unif,3.4542823764477206,3.4542823764477206,4.0
alt_uncorrected,4.325760056761145,4.325760056761145,4.0
