,Rseq_targets,Rseq_hits,Rfrequency
true_Rseq,4.209526767715722,4.209526767715722,4.0
alt_corrected,4.300492332256976,4.300492332256976,4.0
alt_corrected_unif,4.39694293734177,4.39694293734177,4.0
alt_uncorrected,5.268420617655194,5.268420617655194,4.0
