,Rseq_targets,Rseq_hits,Rfrequency
true_Rseq,4.620733169222046,4.620733169222046,4.0
alt_corrected,4.533817016742571,4.533817016742571,4.0
alt_corrected_unif,4.590540174203065,4.590540174203065,4.0
alt_uncorrected,5.46201785451649,5.46201785451649,4.0
