,Rseq_targets,Rseq_hits,Rfrequency
true_Rseq,3.1785647248861784,3.1785647248861784,4.0
alt_corrected,3.3342575111769825,3.3342575111769825,4.0
alt_corrected_unif,3.3718510511862614,3.3718510511862614,4.0
alt_uncorrected,4.243328731499686,4.243328731499686,4.0
