,Rseq_targets,Rseq_hits,Rfrequency
true_Rseq,4.380309011470335,4.380309011470335,4.0
alt_corrected,4.4533378075436705,4.4533378075436705,4.0
alt_corrected_unif,4.462982001664193,4.462982001664193,4.0
alt_uncorrected,5.334459681977616,5.334459681977616,4.0
