,Rseq_targets,Rseq_hits,Rfrequency
true_Rseq,4.072654636083307,4.072654636083307,4.0
alt_corrected,3.8974193513740802,3.8974193513740802,4.0
alt_corrected_unif,4.017933169357411,4.017933169357411,4.0
alt_uncorrected,4.889410849670835,4.889410849670835,4.0
