,Rseq_targets,Rseq_hits,Rfrequency
true_Rseq,3.3209966737424885,3.3209966737424885,4.0
alt_corrected,3.549637729565443,3.549637729565443,4.0
alt_corrected_unif,3.6192932464925867,3.6192932464925867,4.0
alt_uncorrected,4.490770926806011,4.490770926806011,4.0
