,Rseq_targets,Rseq_hits,Rfrequency
true_Rseq,4.196156687101352,4.196156687101352,4.0
alt_corrected,4.08995974215131,4.08995974215131,4.0
alt_corrected_unif,4.143914616001659,4.143914616001659,4.0
alt_uncorrected,5.015392296315083,5.015392296315083,4.0
