,Rseq_targets,Rseq_hits,Rfrequency
true_Rseq,3.1320834065891123,3.4028736233589783,4.0
alt_corrected,3.203696534782484,3.469284414932493,4.0
alt_corrected_unif,3.2601897768134607,3.5257776569634696,4.0
alt_uncorrected,4.131667457126885,4.397255337276894,4.0
