,Rseq_targets,Rseq_hits,Rfrequency
true_Rseq,3.6380388300209656,3.6380388300209656,4.0
alt_corrected,3.7781501301094513,3.7781501301094513,4.0
alt_corrected_unif,3.8464016299681094,3.8464016299681094,4.0
alt_uncorrected,4.717879310281534,4.717879310281534,4.0
