,Rseq_targets,Rseq_hits,Rfrequency
true_Rseq,3.857593154365894,3.857593154365894,4.0
alt_corrected,3.885745503112252,3.885745503112252,4.0
alt_corrected_unif,3.9051801733671847,3.9051801733671847,4.0
alt_uncorrected,4.776657853680609,4.776657853680609,4.0
