,Rseq_targets,Rseq_hits,Rfrequency
true_Rseq,4.671823567095419,4.671823567095419,4.0
alt_corrected,4.306561073098619,4.306561073098619,4.0
alt_corrected_unif,4.446236082649325,4.446236082649325,4.0
alt_uncorrected,5.3177137629627484,5.3177137629627484,4.0
