,Rseq_targets,Rseq_hits,Rfrequency
true_Rseq,3.036274943824818,3.17935789841143,4.0
alt_corrected,3.1337852259644783,3.2838812745252164,4.0
alt_corrected_unif,3.209706779569674,3.359802828130412,4.0
alt_uncorrected,4.081184459883098,4.231280508443836,4.0
