,Rseq_targets,Rseq_hits,Rfrequency
true_Rseq,3.918753420448457,3.918753420448457,4.0
alt_corrected,3.8651276145140385,3.8651276145140385,4.0
alt_corrected_unif,3.8976055241155705,3.8976055241155705,4.0
alt_uncorrected,4.769083204428995,4.769083204428995,4.0
