,Rseq_targets,Rseq_hits,Rfrequency
true_Rseq,4.387577574636318,4.387577574636318,4.0
alt_corrected,4.218446473788973,4.218446473788973,4.0
alt_corrected_unif,4.265180512589524,4.265180512589524,4.0
alt_uncorrected,5.1366581929029484,5.1366581929029484,4.0
