,Rseq_targets,Rseq_hits,Rfrequency
true_Rseq,4.064157056171512,4.064157056171512,4.0
alt_corrected,4.00578955153359,4.00578955153359,4.0
alt_corrected_unif,4.025805179310428,4.025805179310428,4.0
alt_uncorrected,4.897282859623853,4.897282859623853,4.0
