,Rseq_targets,Rseq_hits,Rfrequency
true_Rseq,4.2996208447255455,4.2996208447255455,4.0
alt_corrected,4.210689294826484,4.210689294826484,4.0
alt_corrected_unif,4.230132384089307,4.230132384089307,4.0
alt_uncorrected,5.101610064402731,5.101610064402731,4.0
