,Rseq_targets,Rseq_hits,Rfrequency
true_Rseq,3.3015712511456083,3.3015712511456083,4.0
alt_corrected,3.3992522735432993,3.3992522735432993,4.0
alt_corrected_unif,3.480950438900384,3.480950438900384,4.0
alt_uncorrected,4.352428119213808,4.352428119213808,4.0
