,Rseq_targets,Rseq_hits,Rfrequency
true_Rseq,4.610959644753033,4.610959644753033,4.0
alt_corrected,4.216585754726307,4.216585754726307,4.0
alt_corrected_unif,4.3747228286623585,4.3747228286623585,4.0
alt_uncorrected,5.246200508975783,5.246200508975783,4.0
