,Rseq_targets,Rseq_hits,Rfrequency
true_Rseq,4.8097883311527845,4.8097883311527845,4.0
alt_corrected,4.77806955404398,4.77806955404398,4.0
alt_corrected_unif,4.830576294108157,4.830576294108157,4.0
alt_uncorrected,5.702053974421582,5.702053974421582,4.0
