,Rseq_targets,Rseq_hits,Rfrequency
true_Rseq,4.413528653559319,4.413528653559319,4.0
alt_corrected,4.290088678131443,4.290088678131443,4.0
alt_corrected_unif,4.318934513992346,4.318934513992346,4.0
alt_uncorrected,5.19041219430577,5.19041219430577,4.0
