,Rseq_targets,Rseq_hits,Rfrequency
true_Rseq,3.8685853975636846,3.76697177352532,4.0
alt_corrected,3.7870276619223495,3.6662825924011284,4.0
alt_corrected_unif,3.818962390044129,3.698217320522908,4.0
alt_uncorrected,4.690440070357553,4.569695000836332,4.0
