,Rseq_targets,Rseq_hits,Rfrequency
true_Rseq,4.576260041226136,4.576260041226136,4.0
alt_corrected,4.431124783996822,4.431124783996822,4.0
alt_corrected_unif,4.45845446421437,4.45845446421437,4.0
alt_uncorrected,5.329932144527794,5.329932144527794,4.0
