,Rseq_targets,Rseq_hits,Rfrequency
true_Rseq,3.8848413885969295,3.8848413885969295,4.0
alt_corrected,3.9697723732136287,3.9697723732136287,4.0
alt_corrected_unif,3.9906816077979657,3.9906816077979657,4.0
alt_uncorrected,4.86215928811139,4.86215928811139,4.0
