,Rseq_targets,Rseq_hits,Rfrequency
true_Rseq,3.5811461379734038,3.5811461379734038,4.0
alt_corrected,3.594950959829209,3.594950959829209,4.0
alt_corrected_unif,3.6175763584140044,3.6175763584140044,4.0
alt_uncorrected,4.489054038727429,4.489054038727429,4.0
