,Rseq_targets,Rseq_hits,Rfrequency
true_Rseq,3.3539247175943743,3.3539247175943743,4.0
alt_corrected,3.3971761866929713,3.3971761866929713,4.0
alt_corrected_unif,3.4612284881711193,3.4612284881711193,4.0
alt_uncorrected,4.332706168484544,4.332706168484544,4.0
