,Rseq_targets,Rseq_hits,Rfrequency
true_Rseq,5.015394904449261,5.015394904449261,4.0
alt_corrected,5.0323378458808445,5.0323378458808445,4.0
alt_corrected_unif,5.064782465490783,5.064782465490783,4.0
alt_uncorrected,5.936260145804207,5.936260145804207,4.0
