,Rseq_targets,Rseq_hits,Rfrequency
true_Rseq,3.983672778360754,3.983672778360754,4.0
alt_corrected,4.305580917563569,4.305580917563569,4.0
alt_corrected_unif,4.434094319184485,4.434094319184485,4.0
alt_uncorrected,5.305571999497909,5.305571999497909,4.0
