,Rseq_targets,Rseq_hits,Rfrequency
true_Rseq,4.072890469004905,4.072890469004905,4.0
alt_corrected,4.1110767001910204,4.1110767001910204,4.0
alt_corrected_unif,4.206862235337411,4.206862235337411,4.0
alt_uncorrected,5.078339915650835,5.078339915650835,4.0
