,Rseq_targets,Rseq_hits,Rfrequency
true_Rseq,3.579452585583617,3.579452585583617,4.0
alt_corrected,3.6394681727149605,3.6394681727149605,4.0
alt_corrected_unif,3.6565132407578935,3.6565132407578935,4.0
alt_uncorrected,4.527990921071318,4.527990921071318,4.0
