,Rseq_targets,Rseq_hits,Rfrequency
true_Rseq,4.470082883555367,4.470082883555367,4.0
alt_corrected,4.493177068274466,4.493177068274466,4.0
alt_corrected_unif,4.533073680686632,4.533073680686632,4.0
alt_uncorrected,5.404551361000057,5.404551361000057,4.0
