,Rseq_targets,Rseq_hits,Rfrequency
true_Rseq,4.541837970639845,4.541837970639845,4.0
alt_corrected,4.157305219071505,4.157305219071505,4.0
alt_corrected_unif,4.286692300680679,4.286692300680679,4.0
alt_uncorrected,5.158169980994103,5.158169980994103,4.0
