,Rseq_targets,Rseq_hits,Rfrequency
true_Rseq,4.185260851438288,4.185260851438288,4.0
alt_corrected,4.21473835988345,4.21473835988345,4.0
alt_corrected_unif,4.225200918230179,4.225200918230179,4.0
alt_uncorrected,5.096678598543603,5.096678598543603,4.0
