,Rseq_targets,Rseq_hits,Rfrequency
true_Rseq,3.817971434020384,3.817971434020384,4.0
alt_corrected,3.8396750169336045,3.8396750169336045,4.0
alt_corrected_unif,3.866347579301521,3.866347579301521,4.0
alt_uncorrected,4.7378252596149455,4.7378252596149455,4.0
