,Rseq_targets,Rseq_hits,Rfrequency
true_Rseq,4.331589816912249,4.331589816912249,4.0
alt_corrected,4.095127521618673,4.095127521618673,4.0
alt_corrected_unif,4.2137873473748275,4.2137873473748275,4.0
alt_uncorrected,5.085265027688251,5.085265027688251,4.0
