,Rseq_targets,Rseq_hits,Rfrequency
true_Rseq,2.963109768252359,2.963109768252359,4.0
alt_corrected,2.8947725400759023,2.8947725400759023,4.0
alt_corrected_unif,3.076846474910201,3.076846474910201,4.0
alt_uncorrected,3.9483241552236255,3.9483241552236255,4.0
