,Rseq_targets,Rseq_hits,Rfrequency
true_Rseq,4.114712548306844,4.114712548306844,4.0
alt_corrected,4.290770424686228,4.290770424686228,4.0
alt_corrected_unif,4.334996239707625,4.334996239707625,4.0
alt_uncorrected,5.206473920021049,5.206473920021049,4.0
