,Rseq_targets,Rseq_hits,Rfrequency
true_Rseq,3.0898189541884324,2.997705272656775,4.0
alt_corrected,3.15428136016346,3.1131782709614377,4.0
alt_corrected_unif,3.209474611395519,3.1683715221934965,4.0
alt_uncorrected,4.080952291708943,4.039849202506921,4.0
