,Rseq_targets,Rseq_hits,Rfrequency
true_Rseq,3.927379245372933,3.927379245372933,4.0
alt_corrected,3.8817260503890796,3.8817260503890796,4.0
alt_corrected_unif,3.987722994393659,3.987722994393659,4.0
alt_uncorrected,4.8592006747070835,4.8592006747070835,4.0
