,Rseq_targets,Rseq_hits,Rfrequency
true_Rseq,4.305291601204329,4.305291601204329,4.0
alt_corrected,4.392346657798375,4.392346657798375,4.0
alt_corrected_unif,4.481333590397641,4.481333590397641,4.0
alt_uncorrected,5.352811270711065,5.352811270711065,4.0
