,Rseq_targets,Rseq_hits,Rfrequency
true_Rseq,4.524484013282039,4.524484013282039,4.0
alt_corrected,4.095568869089059,4.095568869089059,4.0
alt_corrected_unif,4.216901343322274,4.216901343322274,4.0
alt_uncorrected,5.0883790236356985,5.0883790236356985,4.0
