,Rseq_targets,Rseq_hits,Rfrequency
true_Rseq,4.5413279578848265,4.5413279578848265,4.0
alt_corrected,4.554514483566958,4.554514483566958,4.0
alt_corrected_unif,4.556153227306309,4.556153227306309,4.0
alt_uncorrected,5.427630907619733,5.427630907619733,4.0
