,Rseq_targets,Rseq_hits,Rfrequency
true_Rseq,3.951107363089749,3.951107363089749,4.0
alt_corrected,3.8485854522421,3.8485854522421,4.0
alt_corrected_unif,3.891916955401953,3.891916955401953,4.0
alt_uncorrected,4.763394635715377,4.763394635715377,4.0
