,Rseq_targets,Rseq_hits,Rfrequency
true_Rseq,3.914988498725954,3.914988498725954,4.0
alt_corrected,3.9185849651029896,3.9185849651029896,4.0
alt_corrected_unif,3.9388138771839833,3.9388138771839833,4.0
alt_uncorrected,4.810291557497408,4.810291557497408,4.0
