,Rseq_targets,Rseq_hits,Rfrequency
true_Rseq,4.339236805288579,4.339236805288579,4.0
alt_corrected,4.140154489988153,4.140154489988153,4.0
alt_corrected_unif,4.26408239088966,4.26408239088966,4.0
alt_uncorrected,5.135560071203084,5.135560071203084,4.0
