,Rseq_targets,Rseq_hits,Rfrequency
true_Rseq,4.138070128286083,4.138070128286083,4.0
alt_corrected,4.2654157404785025,4.2654157404785025,4.0
alt_corrected_unif,4.384699541963704,4.384699541963704,4.0
alt_uncorrected,5.256177222277128,5.256177222277128,4.0
