,Rseq_targets,Rseq_hits,Rfrequency
true_Rseq,4.0739542331366305,4.0739542331366305,4.0
alt_corrected,4.092688451898093,4.092688451898093,4.0
alt_corrected_unif,4.129748124139246,4.129748124139246,4.0
alt_uncorrected,5.00122580445267,5.00122580445267,4.0
