,Rseq_targets,Rseq_hits,Rfrequency
true_Rseq,-0.37706926205319213,2.9424623256115936,4.0
alt_corrected,-0.24144554932046536,3.1751632113774146,4.0
alt_corrected_unif,-0.08986725596787493,3.326741504730005,4.0
alt_uncorrected,0.7816104243455494,4.198219185043429,4.0
