,Rseq_targets,Rseq_hits,Rfrequency
true_Rseq,2.2853570884932797,3.4382956117686323,4.0
alt_corrected,2.0938085023321817,3.201582444160108,4.0
alt_corrected_unif,2.1678508474065046,3.275624789234431,4.0
alt_uncorrected,3.039328527719929,4.147102469547855,4.0
