,Rseq_targets,Rseq_hits,Rfrequency
true_Rseq,3.855282192032541,3.855282192032541,4.0
alt_corrected,3.939171897170734,3.939171897170734,4.0
alt_corrected_unif,3.9745418958078242,3.9745418958078242,4.0
alt_uncorrected,4.846019576121249,4.846019576121249,4.0
