,Rseq_targets,Rseq_hits,Rfrequency
true_Rseq,4.069442784737229,4.069442784737229,4.0
alt_corrected,4.073652233197069,4.073652233197069,4.0
alt_corrected_unif,4.088115027087367,4.088115027087367,4.0
alt_uncorrected,4.959592707400791,4.959592707400791,4.0
