,Rseq_targets,Rseq_hits,Rfrequency
true_Rseq,4.966466917215945,4.966466917215945,4.0
alt_corrected,4.755258630720148,4.755258630720148,4.0
alt_corrected_unif,4.809462617783625,4.809462617783625,4.0
alt_uncorrected,5.680940298097049,5.680940298097049,4.0
