,Rseq_targets,Rseq_hits,Rfrequency
true_Rseq,4.183601044837614,4.183601044837614,4.0
alt_corrected,4.038181065258835,4.038181065258835,4.0
alt_corrected_unif,4.053196101723307,4.053196101723307,4.0
alt_uncorrected,4.924673782036732,4.924673782036732,4.0
