,Rseq_targets,Rseq_hits,Rfrequency
true_Rseq,4.715842207577625,4.715842207577625,4.0
alt_corrected,4.665348027130495,4.665348027130495,4.0
alt_corrected_unif,4.683991460580328,4.683991460580328,4.0
alt_uncorrected,5.555469140893752,5.555469140893752,4.0
