,Rseq_targets,Rseq_hits,Rfrequency
true_Rseq,0.4775173487305544,2.5001288496019054,4.0
alt_corrected,0.6821209526539094,2.8602010971098895,4.0
alt_corrected_unif,0.8210298219114538,2.999109966367434,4.0
alt_uncorrected,1.6925075022248781,3.870587646680858,4.0
