,Rseq_targets,Rseq_hits,Rfrequency
true_Rseq,3.905467251485039,3.905467251485039,4.0
alt_corrected,3.772173294644258,3.772173294644258,4.0
alt_corrected_unif,3.848651408196741,3.848651408196741,4.0
alt_uncorrected,4.720129088510165,4.720129088510165,4.0
