,Rseq_targets,Rseq_hits,Rfrequency
true_Rseq,3.9398147840689965,3.9398147840689965,4.0
alt_corrected,3.5823262181162594,3.5823262181162594,4.0
alt_corrected_unif,3.6685687365066637,3.6685687365066637,4.0
alt_uncorrected,4.540046416820088,4.540046416820088,4.0
