,Rseq_targets,Rseq_hits,Rfrequency
true_Rseq,4.418283199033812,4.418283199033812,4.0
alt_corrected,4.471634470399649,4.471634470399649,4.0
alt_corrected_unif,4.529236859636004,4.529236859636004,4.0
alt_uncorrected,5.400714539949429,5.400714539949429,4.0
