,Rseq_targets,Rseq_hits,Rfrequency
true_Rseq,3.7060207992179013,3.7060207992179013,4.0
alt_corrected,3.587619430477395,3.587619430477395,4.0
alt_corrected_unif,3.602082224367693,3.602082224367693,4.0
alt_uncorrected,4.473559904681117,4.473559904681117,4.0
