,Rseq_targets,Rseq_hits,Rfrequency
true_Rseq,3.0217428991663624,3.0217428991663624,4.0
alt_corrected,3.163910341164287,3.163910341164287,4.0
alt_corrected_unif,3.289363016408369,3.289363016408369,4.0
alt_uncorrected,4.1608406967217935,4.1608406967217935,4.0
