,Rseq_targets,Rseq_hits,Rfrequency
true_Rseq,4.297434790766245,4.297434790766245,4.0
alt_corrected,4.052960775820011,4.052960775820011,4.0
alt_corrected_unif,4.107047951971831,4.107047951971831,4.0
alt_uncorrected,4.978525632285256,4.978525632285256,4.0
