,Rseq_targets,Rseq_hits,Rfrequency
true_Rseq,4.0330486207005904,4.0330486207005904,4.0
alt_corrected,4.079085165778626,4.079085165778626,4.0
alt_corrected_unif,4.145749858744317,4.145749858744317,4.0
alt_uncorrected,5.017227539057741,5.017227539057741,4.0
