,Rseq_targets,Rseq_hits,Rfrequency
true_Rseq,4.1834640894374076,4.1834640894374076,4.0
alt_corrected,4.2554683538075,4.2554683538075,4.0
alt_corrected_unif,4.320114271446355,4.320114271446355,4.0
alt_uncorrected,5.191591951759779,5.191591951759779,4.0
