,Rseq_targets,Rseq_hits,Rfrequency
true_Rseq,4.009099551935064,4.009099551935064,4.0
alt_corrected,3.8931451572817894,3.8931451572817894,4.0
alt_corrected_unif,3.9336960960590646,3.9336960960590646,4.0
alt_uncorrected,4.805173776372489,4.805173776372489,4.0
