,Rseq_targets,Rseq_hits,Rfrequency
true_Rseq,4.126256778373017,4.126256778373017,4.0
alt_corrected,3.7443493252356572,3.7443493252356572,4.0
alt_corrected_unif,4.039383799761836,4.039383799761836,4.0
alt_uncorrected,4.91086148007526,4.91086148007526,4.0
