,Rseq_targets,Rseq_hits,Rfrequency
true_Rseq,4.70813993520577,4.70813993520577,4.0
alt_corrected,4.673688659672257,4.673688659672257,4.0
alt_corrected_unif,4.7072803285328355,4.7072803285328355,4.0
alt_uncorrected,5.578758008846259,5.578758008846259,4.0
