,Rseq_targets,Rseq_hits,Rfrequency
true_Rseq,4.711420737901781,4.711420737901781,4.0
alt_corrected,4.716062820519614,4.716062820519614,4.0
alt_corrected_unif,4.733886908701143,4.733886908701143,4.0
alt_uncorrected,5.605364589014568,5.605364589014568,4.0
