,Rseq_targets,Rseq_hits,Rfrequency
true_Rseq,3.9379488524445145,3.9379488524445145,4.0
alt_corrected,4.052469841719602,4.052469841719602,4.0
alt_corrected_unif,4.095475894823235,4.095475894823235,4.0
alt_uncorrected,4.9669535751366585,4.9669535751366585,4.0
