,Rseq_targets,Rseq_hits,Rfrequency
true_Rseq,4.272955590285916,4.272955590285916,4.0
alt_corrected,4.393093439295531,4.393093439295531,4.0
alt_corrected_unif,4.445186587007372,4.445186587007372,4.0
alt_uncorrected,5.316664267320796,5.316664267320796,4.0
