,Rseq_targets,Rseq_hits,Rfrequency
true_Rseq,3.696128787357953,3.696128787357953,4.0
alt_corrected,3.584146488623783,3.584146488623783,4.0
alt_corrected_unif,3.658468509673314,3.658468509673314,4.0
alt_uncorrected,4.529946189986738,4.529946189986738,4.0
