,Rseq_targets,Rseq_hits,Rfrequency
true_Rseq,4.012926063755609,4.012926063755609,4.0
alt_corrected,3.9086594457537926,3.9086594457537926,4.0
alt_corrected_unif,3.9222542846213657,3.9222542846213657,4.0
alt_uncorrected,4.79373196493479,4.79373196493479,4.0
