,Rseq_targets,Rseq_hits,Rfrequency
true_Rseq,3.816523965714394,3.816523965714394,4.0
alt_corrected,3.626943607362869,3.626943607362869,4.0
alt_corrected_unif,3.691439488511039,3.691439488511039,4.0
alt_uncorrected,4.562917168824463,4.562917168824463,4.0
