,Rseq_targets,Rseq_hits,Rfrequency
true_Rseq,4.903561768797991,4.903561768797991,4.0
alt_corrected,5.048041419999613,5.048041419999613,4.0
alt_corrected_unif,5.148820932711406,5.148820932711406,4.0
alt_uncorrected,6.0202986130248295,6.0202986130248295,4.0
