,Rseq_targets,Rseq_hits,Rfrequency
true_Rseq,4.041132457814143,4.041132457814143,4.0
alt_corrected,4.107351868944457,4.107351868944457,4.0
alt_corrected_unif,4.155461412356646,4.155461412356646,4.0
alt_uncorrected,5.026939092670069,5.026939092670069,4.0
