,Rseq_targets,Rseq_hits,Rfrequency
true_Rseq,4.444328807990668,4.444328807990668,4.0
alt_corrected,4.328772178538651,4.328772178538651,4.0
alt_corrected_unif,4.346844998116698,4.346844998116698,4.0
alt_uncorrected,5.218322678430122,5.218322678430122,4.0
