,Rseq_targets,Rseq_hits,Rfrequency
true_Rseq,3.85390578465144,3.85390578465144,4.0
alt_corrected,3.839845329437538,3.839845329437538,4.0
alt_corrected_unif,3.8834022245173654,3.8834022245173654,4.0
alt_uncorrected,4.75487990483079,4.75487990483079,4.0
