,Rseq_targets,Rseq_hits,Rfrequency
true_Rseq,3.3477115614089588,3.3477115614089588,4.0
alt_corrected,3.610162041714581,3.610162041714581,4.0
alt_corrected_unif,3.6567290141092186,3.6567290141092186,4.0
alt_uncorrected,4.528206694422643,4.528206694422643,4.0
