,Rseq_targets,Rseq_hits,Rfrequency
true_Rseq,4.074911584361231,4.074911584361231,4.0
alt_corrected,3.957768758682321,3.957768758682321,4.0
alt_corrected_unif,4.046282046079893,4.046282046079893,4.0
alt_uncorrected,4.917759726393317,4.917759726393317,4.0
