,Rseq_targets,Rseq_hits,Rfrequency
true_Rseq,3.3176897058458383,3.3176897058458383,4.0
alt_corrected,3.2210039734976936,3.2210039734976936,4.0
alt_corrected_unif,3.3007769473831226,3.3007769473831226,4.0
alt_uncorrected,4.172254627696547,4.172254627696547,4.0
