,Rseq_targets,Rseq_hits,Rfrequency
true_Rseq,4.3084934305230345,4.3084934305230345,4.0
alt_corrected,4.202822407453326,4.202822407453326,4.0
alt_corrected_unif,4.240415947462607,4.240415947462607,4.0
alt_uncorrected,5.1118936277760305,5.1118936277760305,4.0
