,Rseq_targets,Rseq_hits,Rfrequency
true_Rseq,3.9237119922750425,3.9237119922750425,4.0
alt_corrected,3.8469662254062182,3.8469662254062182,4.0
alt_corrected_unif,3.8905433628633586,3.8905433628633586,4.0
alt_uncorrected,4.762021043176783,4.762021043176783,4.0
