,Rseq_targets,Rseq_hits,Rfrequency
true_Rseq,3.932861695114333,3.932861695114333,4.0
alt_corrected,3.842750322486439,3.842750322486439,4.0
alt_corrected_unif,3.8670597574450194,3.8670597574450194,4.0
alt_uncorrected,4.738537437758444,4.738537437758444,4.0
