,Rseq_targets,Rseq_hits,Rfrequency
true_Rseq,4.005812537530767,4.005812537530767,4.0
alt_corrected,3.9856607957812775,3.9856607957812775,4.0
alt_corrected_unif,4.071620218018431,4.071620218018431,4.0
alt_uncorrected,4.943097898331856,4.943097898331856,4.0
