,Rseq_targets,Rseq_hits,Rfrequency
true_Rseq,4.0168466069578725,4.0168466069578725,4.0
alt_corrected,4.206698656822736,4.206698656822736,4.0
alt_corrected_unif,4.285939020397178,4.285939020397178,4.0
alt_uncorrected,5.157416700710602,5.157416700710602,4.0
