,Rseq_targets,Rseq_hits,Rfrequency
true_Rseq,3.5039982685371722,3.5039982685371722,4.0
alt_corrected,3.6693740874010605,3.6693740874010605,4.0
alt_corrected_unif,3.6977409138553363,3.6977409138553363,4.0
alt_uncorrected,4.569218594168761,4.569218594168761,4.0
