,Rseq_targets,Rseq_hits,Rfrequency
true_Rseq,4.577981990068435,4.577981990068435,4.0
alt_corrected,4.510013474292085,4.510013474292085,4.0
alt_corrected_unif,4.516464550263784,4.516464550263784,4.0
alt_uncorrected,5.387942230577208,5.387942230577208,4.0
