,Rseq_targets,Rseq_hits,Rfrequency
true_Rseq,4.534291683536692,4.534291683536692,4.0
alt_corrected,4.265878537502509,4.265878537502509,4.0
alt_corrected_unif,4.3590759653490725,4.3590759653490725,4.0
alt_uncorrected,5.230553645662497,5.230553645662497,4.0
