,Rseq_targets,Rseq_hits,Rfrequency
true_Rseq,3.952881555192267,3.952881555192267,4.0
alt_corrected,3.8156892921219057,3.8156892921219057,4.0
alt_corrected_unif,3.8767601655827764,3.8767601655827764,4.0
alt_uncorrected,4.748237845896201,4.748237845896201,4.0
