,Rseq_targets,Rseq_hits,Rfrequency
true_Rseq,4.330035335482043,4.330035335482043,4.0
alt_corrected,4.303997420485527,4.303997420485527,4.0
alt_corrected_unif,4.327301741803732,4.327301741803732,4.0
alt_uncorrected,5.1987794221171555,5.1987794221171555,4.0
