,Rseq_targets,Rseq_hits,Rfrequency
true_Rseq,4.008693982750815,4.008693982750815,4.0
alt_corrected,3.97020141000732,3.97020141000732,4.0
alt_corrected_unif,3.97960336900787,3.97960336900787,4.0
alt_uncorrected,4.851081049321294,4.851081049321294,4.0
