,Rseq_targets,Rseq_hits,Rfrequency
true_Rseq,4.169637288345685,4.169637288345685,4.0
alt_corrected,4.07829092117329,4.07829092117329,4.0
alt_corrected_unif,4.119440788586136,4.119440788586136,4.0
alt_uncorrected,4.990918468899561,4.990918468899561,4.0
