,Rseq_targets,Rseq_hits,Rfrequency
true_Rseq,4.958350428806881,4.958350428806881,4.0
alt_corrected,4.85178964366248,4.85178964366248,4.0
alt_corrected_unif,4.880810804171086,4.880810804171086,4.0
alt_uncorrected,5.7522884844845095,5.7522884844845095,4.0
