,Rseq_targets,Rseq_hits,Rfrequency
true_Rseq,4.33334034412075,4.33334034412075,4.0
alt_corrected,4.184118361507222,4.184118361507222,4.0
alt_corrected_unif,4.212964197368141,4.212964197368141,4.0
alt_uncorrected,5.084441877681566,5.084441877681566,4.0
