,Rseq_targets,Rseq_hits,Rfrequency
true_Rseq,2.56428765155548,3.03238070706737,4.0
alt_corrected,2.3779845083763247,2.9072073239785423,4.0
alt_corrected_unif,2.4920589808734612,3.021281796475679,4.0
alt_uncorrected,3.3635366611868855,3.892759476789103,4.0
