,Rseq_targets,Rseq_hits,Rfrequency
true_Rseq,4.118961149904277,4.118961149904277,4.0
alt_corrected,3.6775114624823524,3.6775114624823524,4.0
alt_corrected_unif,3.892712679078081,3.892712679078081,4.0
alt_uncorrected,4.764190359391505,4.764190359391505,4.0
