,Rseq_targets,Rseq_hits,Rfrequency
true_Rseq,4.631600537641415,4.631600537641415,4.0
alt_corrected,4.248083616095582,4.248083616095582,4.0
alt_corrected_unif,4.474439537877755,4.474439537877755,4.0
alt_uncorrected,5.345917218191179,5.345917218191179,4.0
