,Rseq_targets,Rseq_hits,Rfrequency
true_Rseq,3.15811983830371,3.15811983830371,4.0
alt_corrected,3.28129455578874,3.28129455578874,4.0
alt_corrected_unif,3.3956373972162974,3.3956373972162974,4.0
alt_uncorrected,4.267115077529722,4.267115077529722,4.0
