,Rseq_targets,Rseq_hits,Rfrequency
true_Rseq,3.3912878292909587,3.3912878292909587,4.0
alt_corrected,3.3180926763204917,3.3180926763204917,4.0
alt_corrected_unif,3.332555470210799,3.332555470210799,4.0
alt_uncorrected,4.204033150524223,4.204033150524223,4.0
