,Rseq_targets,Rseq_hits,Rfrequency
true_Rseq,4.514661161096045,4.514661161096045,4.0
alt_corrected,4.402281094360527,4.402281094360527,4.0
alt_corrected_unif,4.473235591356845,4.473235591356845,4.0
alt_uncorrected,5.34471327167027,5.34471327167027,4.0
