,Rseq_targets,Rseq_hits,Rfrequency
true_Rseq,4.268810974912491,4.268810974912491,4.0
alt_corrected,4.299499025178362,4.299499025178362,4.0
alt_corrected_unif,4.318424254394245,4.318424254394245,4.0
alt_uncorrected,5.1899019347076685,5.1899019347076685,4.0
