,Rseq_targets,Rseq_hits,Rfrequency
true_Rseq,4.762298059830434,4.762298059830434,4.0
alt_corrected,4.436497209798322,4.436497209798322,4.0
alt_corrected_unif,4.509285007246291,4.509285007246291,4.0
alt_uncorrected,5.380762687559715,5.380762687559715,4.0
