,Rseq_targets,Rseq_hits,Rfrequency
true_Rseq,4.565945023853202,4.565945023853202,4.0
alt_corrected,4.563753923983349,4.563753923983349,4.0
alt_corrected_unif,4.580798992026265,4.580798992026265,4.0
alt_uncorrected,5.452276672339689,5.452276672339689,4.0
