,Rseq_targets,Rseq_hits,Rfrequency
true_Rseq,4.276526348161319,4.276526348161319,4.0
alt_corrected,4.239166485373177,4.239166485373177,4.0
alt_corrected_unif,4.276655388818938,4.276655388818938,4.0
alt_uncorrected,5.148133069132363,5.148133069132363,4.0
