,Rseq_targets,Rseq_hits,Rfrequency
true_Rseq,4.387690685653938,4.387690685653938,4.0
alt_corrected,4.447987354157574,4.447987354157574,4.0
alt_corrected_unif,4.468491042766637,4.468491042766637,4.0
alt_uncorrected,5.3399687230800605,5.3399687230800605,4.0
