,Rseq_targets,Rseq_hits,Rfrequency
true_Rseq,4.210692052210885,4.210692052210885,4.0
alt_corrected,4.164596512013019,4.164596512013019,4.0
alt_corrected_unif,4.196159957061786,4.196159957061786,4.0
alt_uncorrected,5.06763763737521,5.06763763737521,4.0
