,Rseq_targets,Rseq_hits,Rfrequency
true_Rseq,4.444919719672459,4.444919719672459,4.0
alt_corrected,4.261423819047895,4.261423819047895,4.0
alt_corrected_unif,4.305047963294809,4.305047963294809,4.0
alt_uncorrected,5.176525643608233,5.176525643608233,4.0
