,Rseq_targets,Rseq_hits,Rfrequency
true_Rseq,3.509865759739654,3.509865759739654,4.0
alt_corrected,3.546990969330123,3.546990969330123,4.0
alt_corrected_unif,3.5583200070631924,3.5583200070631924,4.0
alt_uncorrected,4.429797687376617,4.429797687376617,4.0
