,Rseq_targets,Rseq_hits,Rfrequency
true_Rseq,3.6912104448330325,3.6912104448330325,4.0
alt_corrected,3.580021466869609,3.580021466869609,4.0
alt_corrected_unif,3.6592618304440605,3.6592618304440605,4.0
alt_uncorrected,4.530739510757485,4.530739510757485,4.0
