,Rseq_targets,Rseq_hits,Rfrequency
true_Rseq,4.826643881269501,4.826643881269501,4.0
alt_corrected,5.0049627338244225,5.0049627338244225,4.0
alt_corrected_unif,5.024405823087237,5.024405823087237,4.0
alt_uncorrected,5.895883503400661,5.895883503400661,4.0
