,Rseq_targets,Rseq_hits,Rfrequency
true_Rseq,4.114488865708372,4.114488865708372,4.0
alt_corrected,4.273624215152814,4.273624215152814,4.0
alt_corrected_unif,4.303413883248039,4.303413883248039,4.0
alt_uncorrected,5.174891563561463,5.174891563561463,4.0
