,Rseq_targets,Rseq_hits,Rfrequency
true_Rseq,4.76855239304154,4.76855239304154,4.0
alt_corrected,4.3134156354115625,4.3134156354115625,4.0
alt_corrected_unif,4.522385986225807,4.522385986225807,4.0
alt_uncorrected,5.393863666539231,5.393863666539231,4.0
