,Rseq_targets,Rseq_hits,Rfrequency
true_Rseq,4.729078380036937,4.729078380036937,4.0
alt_corrected,4.802779357140432,4.802779357140432,4.0
alt_corrected_unif,4.833670155622682,4.833670155622682,4.0
alt_uncorrected,5.705147835936106,5.705147835936106,4.0
