,Rseq_targets,Rseq_hits,Rfrequency
true_Rseq,3.9670095039114734,3.9670095039114734,4.0
alt_corrected,3.9464753599181432,3.9464753599181432,4.0
alt_corrected_unif,3.998905570028087,3.998905570028087,4.0
alt_uncorrected,4.870383250341511,4.870383250341511,4.0
