,Rseq_targets,Rseq_hits,Rfrequency
true_Rseq,4.164758399969777,4.164758399969777,4.0
alt_corrected,4.086268210335383,4.086268210335383,4.0
alt_corrected_unif,4.091176274006276,4.091176274006276,4.0
alt_uncorrected,4.9626539543197,4.9626539543197,4.0
