,Rseq_targets,Rseq_hits,Rfrequency
true_Rseq,3.9958675749347075,3.9958675749347075,4.0
alt_corrected,3.951397483572078,3.951397483572078,4.0
alt_corrected_unif,3.9700409170219326,3.9700409170219326,4.0
alt_uncorrected,4.841518597335357,4.841518597335357,4.0
