,Rseq_targets,Rseq_hits,Rfrequency
true_Rseq,4.225441317610156,4.225441317610156,4.0
alt_corrected,4.222048838225587,4.222048838225587,4.0
alt_corrected_unif,4.224765362301165,4.224765362301165,4.0
alt_uncorrected,5.096243042614589,5.096243042614589,4.0
