,Rseq_targets,Rseq_hits,Rfrequency
true_Rseq,4.643961865632434,4.643961865632434,4.0
alt_corrected,4.527896996724287,4.527896996724287,4.0
alt_corrected_unif,4.624007259361553,4.624007259361553,4.0
alt_uncorrected,5.495484939674977,5.495484939674977,4.0
