,Rseq_targets,Rseq_hits,Rfrequency
true_Rseq,4.5687438190335365,4.5687438190335365,4.0
alt_corrected,4.211312447399607,4.211312447399607,4.0
alt_corrected_unif,4.302924968661536,4.302924968661536,4.0
alt_uncorrected,5.17440264897496,5.17440264897496,4.0
