,Rseq_targets,Rseq_hits,Rfrequency
true_Rseq,3.955198213139715,3.955198213139715,4.0
alt_corrected,3.880548515080099,3.880548515080099,4.0
alt_corrected_unif,3.900677310479128,3.900677310479128,4.0
alt_uncorrected,4.7721549907925525,4.7721549907925525,4.0
