,Rseq_targets,Rseq_hits,Rfrequency
true_Rseq,3.696946874062437,3.696946874062437,4.0
alt_corrected,3.84144220956898,3.84144220956898,4.0
alt_corrected_unif,3.946811884928747,3.946811884928747,4.0
alt_uncorrected,4.818289565242171,4.818289565242171,4.0
