,Rseq_targets,Rseq_hits,Rfrequency
true_Rseq,4.430615715381052,4.430615715381052,4.0
alt_corrected,4.413728005584275,4.413728005584275,4.0
alt_corrected_unif,4.416444529659859,4.416444529659859,4.0
alt_uncorrected,5.287922209973283,5.287922209973283,4.0
