,Rseq_targets,Rseq_hits,Rfrequency
true_Rseq,4.430244034467469,4.430244034467469,4.0
alt_corrected,4.464185527163552,4.464185527163552,4.0
alt_corrected_unif,4.484689215772615,4.484689215772615,4.0
alt_uncorrected,5.356166896086039,5.356166896086039,4.0
