,Rseq_targets,Rseq_hits,Rfrequency
true_Rseq,4.234606234269666,4.234606234269666,4.0
alt_corrected,4.179676974991297,4.179676974991297,4.0
alt_corrected_unif,4.187873732203565,4.187873732203565,4.0
alt_uncorrected,5.059351412516989,5.059351412516989,4.0
