,Rseq_targets,Rseq_hits,Rfrequency
true_Rseq,4.478371771738864,4.478371771738864,4.0
alt_corrected,4.262460597372606,4.262460597372606,4.0
alt_corrected_unif,4.37450310146396,4.37450310146396,4.0
alt_uncorrected,5.245980781777384,5.245980781777384,4.0
