,Rseq_targets,Rseq_hits,Rfrequency
true_Rseq,4.446444901212731,4.446444901212731,4.0
alt_corrected,4.177744942431259,4.177744942431259,4.0
alt_corrected_unif,4.2131292300246965,4.2131292300246965,4.0
alt_uncorrected,5.08460691033812,5.08460691033812,4.0
