,Rseq_targets,Rseq_hits,Rfrequency
true_Rseq,4.837280185508814,4.837280185508814,4.0
alt_corrected,4.8787996894397905,4.8787996894397905,4.0
alt_corrected_unif,4.909690487922036,4.909690487922036,4.0
alt_uncorrected,5.78116816823546,5.78116816823546,4.0
