,Rseq_targets,Rseq_hits,Rfrequency
true_Rseq,3.8055329442757007,3.8055329442757007,4.0
alt_corrected,3.9217857554914324,3.9217857554914324,4.0
alt_corrected_unif,3.9398585750694752,3.9398585750694752,4.0
alt_uncorrected,4.8113362553828996,4.8113362553828996,4.0
