,Rseq_targets,Rseq_hits,Rfrequency
true_Rseq,3.8214223213908785,3.8214223213908785,4.0
alt_corrected,3.5475735827100223,3.5475735827100223,4.0
alt_corrected_unif,3.585916373994516,3.585916373994516,4.0
alt_uncorrected,4.45739405430794,4.45739405430794,4.0
