,Rseq_targets,Rseq_hits,Rfrequency
true_Rseq,4.73491560643764,4.73491560643764,4.0
alt_corrected,4.3943886185311,4.3943886185311,4.0
alt_corrected_unif,4.67566237953703,4.67566237953703,4.0
alt_uncorrected,5.547140059850454,5.547140059850454,4.0
