,Rseq_targets,Rseq_hits,Rfrequency
true_Rseq,4.284317345757585,4.284317345757585,4.0
alt_corrected,4.098647987483669,4.098647987483669,4.0
alt_corrected_unif,4.145888076926532,4.145888076926532,4.0
alt_uncorrected,5.017365757239956,5.017365757239956,4.0
