,Rseq_targets,Rseq_hits,Rfrequency
true_Rseq,3.7781988586655118,3.7781988586655118,4.0
alt_corrected,3.781437693693139,3.781437693693139,4.0
alt_corrected_unif,3.784733447274132,3.784733447274132,4.0
alt_uncorrected,4.656211127587556,4.656211127587556,4.0
