,Rseq_targets,Rseq_hits,Rfrequency
true_Rseq,4.196498084433973,4.196498084433973,4.0
alt_corrected,4.04273903988863,4.04273903988863,4.0
alt_corrected_unif,4.064270480032777,4.064270480032777,4.0
alt_uncorrected,4.935748160346201,4.935748160346201,4.0
