,Rseq_targets,Rseq_hits,Rfrequency
true_Rseq,4.450366277410544,4.450366277410544,4.0
alt_corrected,4.314553659360792,4.314553659360792,4.0
alt_corrected_unif,4.350909961768137,4.350909961768137,4.0
alt_uncorrected,5.222387642081562,5.222387642081562,4.0
