,Rseq_targets,Rseq_hits,Rfrequency
true_Rseq,4.592125935189001,4.592125935189001,4.0
alt_corrected,4.747753759692955,4.747753759692955,4.0
alt_corrected_unif,4.843631981724968,4.843631981724968,4.0
alt_uncorrected,5.715109662038393,5.715109662038393,4.0
