,Rseq_targets,Rseq_hits,Rfrequency
true_Rseq,3.948345640625093,3.948345640625093,4.0
alt_corrected,3.801746434050398,3.801746434050398,4.0
alt_corrected_unif,3.819257266461818,3.819257266461818,4.0
alt_uncorrected,4.690734946775242,4.690734946775242,4.0
