,Rseq_targets,Rseq_hits,Rfrequency
true_Rseq,4.406081212734238,4.406081212734238,4.0
alt_corrected,4.483769809077638,4.483769809077638,4.0
alt_corrected_unif,4.487065562658632,4.487065562658632,4.0
alt_uncorrected,5.358543242972056,5.358543242972056,4.0
