,Rseq_targets,Rseq_hits,Rfrequency
true_Rseq,4.134155160334541,4.134155160334541,4.0
alt_corrected,4.069813412086521,4.069813412086521,4.0
alt_corrected_unif,4.104334255903277,4.104334255903277,4.0
alt_uncorrected,4.975811936216701,4.975811936216701,4.0
