,Rseq_targets,Rseq_hits,Rfrequency
true_Rseq,3.8809556425826752,3.8809556425826752,4.0
alt_corrected,3.749174210647596,3.749174210647596,4.0
alt_corrected_unif,3.9100129950852103,3.9100129950852103,4.0
alt_uncorrected,4.781490675398635,4.781490675398635,4.0
