,Rseq_targets,Rseq_hits,Rfrequency
true_Rseq,3.9417718933557673,3.9417718933557673,4.0
alt_corrected,3.7372594130743293,3.7372594130743293,4.0
alt_corrected_unif,3.8697260680008996,3.8697260680008996,4.0
alt_uncorrected,4.741203748314324,4.741203748314324,4.0
