,Rseq_targets,Rseq_hits,Rfrequency
true_Rseq,4.392481641364013,4.392481641364013,4.0
alt_corrected,4.2199203441922695,4.2199203441922695,4.0
alt_corrected_unif,4.38350228308863,4.38350228308863,4.0
alt_uncorrected,5.254979963402054,5.254979963402054,4.0
