,Rseq_targets,Rseq_hits,Rfrequency
true_Rseq,4.533551191135231,4.533551191135231,4.0
alt_corrected,4.436632840028143,4.436632840028143,4.0
alt_corrected_unif,4.462771572287252,4.462771572287252,4.0
alt_uncorrected,5.334249252600676,5.334249252600676,4.0
