,Rseq_targets,Rseq_hits,Rfrequency
true_Rseq,4.423788807789222,4.423788807789222,4.0
alt_corrected,4.279603117520536,4.279603117520536,4.0
alt_corrected_unif,4.316967144597617,4.316967144597617,4.0
alt_uncorrected,5.188444824911041,5.188444824911041,4.0
