,Rseq_targets,Rseq_hits,Rfrequency
true_Rseq,4.313097871420917,4.313097871420917,4.0
alt_corrected,3.8816861551099824,3.8816861551099824,4.0
alt_corrected_unif,4.057227755263096,4.057227755263096,4.0
alt_uncorrected,4.92870543557652,4.92870543557652,4.0
