,Rseq_targets,Rseq_hits,Rfrequency
true_Rseq,-0.25434525965671106,3.6049426129591904,4.0
alt_corrected,-0.10226593967868669,3.7888626109430414,4.0
alt_corrected_unif,-0.060928464958840634,3.8302000856628875,4.0
alt_uncorrected,0.8105492153545837,4.701677765976312,4.0
