,Rseq_targets,Rseq_hits,Rfrequency
true_Rseq,3.9419146612557547,3.9419146612557547,4.0
alt_corrected,4.063796514363246,4.063796514363246,4.0
alt_corrected_unif,4.073198473363794,4.073198473363794,4.0
alt_uncorrected,4.944676153677218,4.944676153677218,4.0
