,Rseq_targets,Rseq_hits,Rfrequency
true_Rseq,3.974330491071285,3.974330491071285,4.0
alt_corrected,4.003053625166684,4.003053625166684,4.0
alt_corrected_unif,4.029750181778507,4.029750181778507,4.0
alt_uncorrected,4.901227862091931,4.901227862091931,4.0
