,Rseq_targets,Rseq_hits,Rfrequency
true_Rseq,4.019978716661775,4.019978716661775,4.0
alt_corrected,4.074135216556657,4.074135216556657,4.0
alt_corrected_unif,4.139772157987247,4.139772157987247,4.0
alt_uncorrected,5.011249838300671,5.011249838300671,4.0
