,Rseq_targets,Rseq_hits,Rfrequency
true_Rseq,3.532452889468278,3.532452889468278,4.0
alt_corrected,3.5858938374759544,3.5858938374759544,4.0
alt_corrected_unif,3.6068030720602926,3.6068030720602926,4.0
alt_uncorrected,4.478280752373717,4.478280752373717,4.0
