,Rseq_targets,Rseq_hits,Rfrequency
true_Rseq,4.259293917899415,4.259293917899415,4.0
alt_corrected,4.1056958119143125,4.1056958119143125,4.0
alt_corrected_unif,4.135752569953453,4.135752569953453,4.0
alt_uncorrected,5.007230250266877,5.007230250266877,4.0
