,Rseq_targets,Rseq_hits,Rfrequency
true_Rseq,4.245989655370713,4.245989655370713,4.0
alt_corrected,4.262559013437725,4.262559013437725,4.0
alt_corrected_unif,4.306552818434163,4.306552818434163,4.0
alt_uncorrected,5.178030498747587,5.178030498747587,4.0
