,Rseq_targets,Rseq_hits,Rfrequency
true_Rseq,3.69970262035843,3.69970262035843,4.0
alt_corrected,3.8215888552472395,3.8215888552472395,4.0
alt_corrected_unif,3.866671690690049,3.866671690690049,4.0
alt_uncorrected,4.738149371003473,4.738149371003473,4.0
