,Rseq_targets,Rseq_hits,Rfrequency
true_Rseq,4.23153936716159,4.23153936716159,4.0
alt_corrected,4.139884162661491,4.139884162661491,4.0
alt_corrected_unif,4.1654419373987075,4.1654419373987075,4.0
alt_uncorrected,5.036919617712131,5.036919617712131,4.0
