,Rseq_targets,Rseq_hits,Rfrequency
true_Rseq,4.412819975484005,4.412819975484005,4.0
alt_corrected,4.544383006613198,4.544383006613198,4.0
alt_corrected_unif,4.624098917290301,4.624098917290301,4.0
alt_uncorrected,5.4955765976037245,5.4955765976037245,4.0
