,Rseq_targets,Rseq_hits,Rfrequency
true_Rseq,3.780081378390821,3.780081378390821,4.0
alt_corrected,3.6731384711089676,3.6731384711089676,4.0
alt_corrected_unif,3.6936421597180256,3.6936421597180256,4.0
alt_uncorrected,4.56511984003145,4.56511984003145,4.0
