,Rseq_targets,Rseq_hits,Rfrequency
true_Rseq,4.2171454860652045,4.2171454860652045,4.0
alt_corrected,4.232699071506751,4.232699071506751,4.0
alt_corrected_unif,4.261435425835163,4.261435425835163,4.0
alt_uncorrected,5.132913106148587,5.132913106148587,4.0
