,Rseq_targets,Rseq_hits,Rfrequency
true_Rseq,3.780376482353164,3.780376482353164,4.0
alt_corrected,3.828510475748416,3.828510475748416,4.0
alt_corrected_unif,3.8940494662613996,3.8940494662613996,4.0
alt_uncorrected,4.765527146574824,4.765527146574824,4.0
