,Rseq_targets,Rseq_hits,Rfrequency
true_Rseq,4.372377981724734,4.372377981724734,4.0
alt_corrected,4.370168789275755,4.370168789275755,4.0
alt_corrected_unif,4.4243125579460205,4.4243125579460205,4.0
alt_uncorrected,5.295790238259444,5.295790238259444,4.0
