,Rseq_targets,Rseq_hits,Rfrequency
true_Rseq,3.7507716443692,3.7507716443692,4.0
alt_corrected,3.784494927343305,3.784494927343305,4.0
alt_corrected_unif,3.7926916845555723,3.7926916845555723,4.0
alt_uncorrected,4.664169364868997,4.664169364868997,4.0
