,Rseq_targets,Rseq_hits,Rfrequency
true_Rseq,3.8057753416930282,3.8057753416930282,4.0
alt_corrected,3.725493932949788,3.725493932949788,4.0
alt_corrected_unif,3.7347346198015585,3.7347346198015585,4.0
alt_uncorrected,4.606212300114983,4.606212300114983,4.0
