,Rseq_targets,Rseq_hits,Rfrequency
true_Rseq,3.646072921596498,3.646072921596498,4.0
alt_corrected,3.7052517299373777,3.7052517299373777,4.0
alt_corrected_unif,3.723895163387207,3.723895163387207,4.0
alt_uncorrected,4.595372843700631,4.595372843700631,4.0
