,Rseq_targets,Rseq_hits,Rfrequency
true_Rseq,0.6132408605397188,2.7641003945875653,4.0
alt_corrected,0.5373560832497186,2.6340137637297953,4.0
alt_corrected_unif,0.8063838622749744,2.903041542755051,4.0
alt_uncorrected,1.6778615425883987,3.7745192230684754,4.0
