,Rseq_targets,Rseq_hits,Rfrequency
true_Rseq,4.727134302523558,4.727134302523558,4.0
alt_corrected,4.434775689586418,4.434775689586418,4.0
alt_corrected_unif,4.537930940004767,4.537930940004767,4.0
alt_uncorrected,5.4094086203181915,5.4094086203181915,4.0
