,Rseq_targets,Rseq_hits,Rfrequency
true_Rseq,4.403669879408753,4.403669879408753,4.0
alt_corrected,4.373189255808943,4.373189255808943,4.0
alt_corrected_unif,4.379640331780662,4.379640331780662,4.0
alt_uncorrected,5.251118012094087,5.251118012094087,4.0
