,Rseq_targets,Rseq_hits,Rfrequency
true_Rseq,5.010564531502098,5.010564531502098,4.0
alt_corrected,4.735988616274285,4.735988616274285,4.0
alt_corrected_unif,4.809072875527233,4.809072875527233,4.0
alt_uncorrected,5.680550555840657,5.680550555840657,4.0
