,Rseq_targets,Rseq_hits,Rfrequency
true_Rseq,4.817641928024903,4.817641928024903,4.0
alt_corrected,4.774329077373995,4.774329077373995,4.0
alt_corrected_unif,4.794832765983047,4.794832765983047,4.0
alt_uncorrected,5.666310446296472,5.666310446296472,4.0
