,Rseq_targets,Rseq_hits,Rfrequency
true_Rseq,4.214253384296736,4.214253384296736,4.0
alt_corrected,4.092487144815868,4.092487144815868,4.0
alt_corrected_unif,4.122640906362902,4.122640906362902,4.0
alt_uncorrected,4.994118586676326,4.994118586676326,4.0
