,Rseq_targets,Rseq_hits,Rfrequency
true_Rseq,4.666482264794751,4.666482264794751,4.0
alt_corrected,4.3562484595980955,4.3562484595980955,4.0
alt_corrected_unif,4.433948273180469,4.433948273180469,4.0
alt_uncorrected,5.305425953493893,5.305425953493893,4.0
