,Rseq_targets,Rseq_hits,Rfrequency
true_Rseq,3.4857675058526842,3.4857675058526842,4.0
alt_corrected,3.2407441918002333,3.2407441918002333,4.0
alt_corrected_unif,3.438751122610481,3.438751122610481,4.0
alt_uncorrected,4.3102288029239055,4.3102288029239055,4.0
