,Rseq_targets,Rseq_hits,Rfrequency
true_Rseq,3.876773220912634,3.876773220912634,4.0
alt_corrected,4.036696819844014,4.036696819844014,4.0
alt_corrected_unif,4.075360342013967,4.075360342013967,4.0
alt_uncorrected,4.946838022327391,4.946838022327391,4.0
