,Rseq_targets,Rseq_hits,Rfrequency
true_Rseq,4.1475886193715255,4.1475886193715255,4.0
alt_corrected,4.371734580342942,4.371734580342942,4.0
alt_corrected_unif,4.493157389454186,4.493157389454186,4.0
alt_uncorrected,5.364635069767611,5.364635069767611,4.0
