,Rseq_targets,Rseq_hits,Rfrequency
true_Rseq,3.8169040298126973,3.8169040298126973,4.0
alt_corrected,3.561618323022753,3.561618323022753,4.0
alt_corrected_unif,3.6501316104203183,3.6501316104203183,4.0
alt_uncorrected,4.521609290733743,4.521609290733743,4.0
