,Rseq_targets,Rseq_hits,Rfrequency
true_Rseq,4.066168885662101,4.066168885662101,4.0
alt_corrected,4.121701880679965,4.121701880679965,4.0
alt_corrected_unif,4.165279018137106,4.165279018137106,4.0
alt_uncorrected,5.03675669845053,5.03675669845053,4.0
