,Rseq_targets,Rseq_hits,Rfrequency
true_Rseq,4.313152053714287,4.313152053714287,4.0
alt_corrected,4.2616279147924825,4.2616279147924825,4.0
alt_corrected_unif,4.28509229610828,4.28509229610828,4.0
alt_uncorrected,5.156569976421704,5.156569976421704,4.0
