,Rseq_targets,Rseq_hits,Rfrequency
true_Rseq,3.964896660524727,3.964896660524727,4.0
alt_corrected,4.082773574256844,4.082773574256844,4.0
alt_corrected_unif,4.12785640969965,4.12785640969965,4.0
alt_uncorrected,4.9993340900130745,4.9993340900130745,4.0
