,Rseq_targets,Rseq_hits,Rfrequency
true_Rseq,4.435843596223581,4.435843596223581,4.0
alt_corrected,4.390350275817186,4.390350275817186,4.0
alt_corrected_unif,4.417566088767705,4.417566088767705,4.0
alt_uncorrected,5.289043769081129,5.289043769081129,4.0
