,Rseq_targets,Rseq_hits,Rfrequency
true_Rseq,4.437030857126153,4.437030857126153,4.0
alt_corrected,4.285495850376438,4.285495850376438,4.0
alt_corrected_unif,4.338753623172618,4.338753623172618,4.0
alt_uncorrected,5.210231303486042,5.210231303486042,4.0
