,Rseq_targets,Rseq_hits,Rfrequency
true_Rseq,4.316206980567522,4.316206980567522,4.0
alt_corrected,4.270126021210686,4.270126021210686,4.0
alt_corrected_unif,4.278234107024026,4.278234107024026,4.0
alt_uncorrected,5.14971178733745,5.14971178733745,4.0
