,Rseq_targets,Rseq_hits,Rfrequency
true_Rseq,3.8773908306109153,3.8773908306109153,4.0
alt_corrected,3.8739386268955283,3.8739386268955283,4.0
alt_corrected_unif,3.888382579006476,3.888382579006476,4.0
alt_uncorrected,4.7598602593199,4.7598602593199,4.0
