,Rseq_targets,Rseq_hits,Rfrequency
true_Rseq,3.500905848319153,3.500905848319153,4.0
alt_corrected,3.3609208253795573,3.3609208253795573,4.0
alt_corrected_unif,3.40290578867307,3.40290578867307,4.0
alt_uncorrected,4.274383468986494,4.274383468986494,4.0
