,Rseq_targets,Rseq_hits,Rfrequency
true_Rseq,4.6011313871860455,4.6011313871860455,4.0
alt_corrected,4.56041859427013,4.56041859427013,4.0
alt_corrected_unif,4.6420505493609525,4.6420505493609525,4.0
alt_uncorrected,5.513528229674376,5.513528229674376,4.0
