,Rseq_targets,Rseq_hits,Rfrequency
true_Rseq,3.9540268238037077,3.9540268238037077,4.0
alt_corrected,4.0045023172992265,4.0045023172992265,4.0
alt_corrected_unif,4.073370052984737,4.073370052984737,4.0
alt_uncorrected,4.944847733298161,4.944847733298161,4.0
