,Rseq_targets,Rseq_hits,Rfrequency
true_Rseq,4.14189256361726,4.14189256361726,4.0
alt_corrected,4.320876884048156,4.320876884048156,4.0
alt_corrected_unif,4.361144285283647,4.361144285283647,4.0
alt_uncorrected,5.232621965597071,5.232621965597071,4.0
