,Rseq_targets,Rseq_hits,Rfrequency
true_Rseq,4.130395044347134,4.130395044347134,4.0
alt_corrected,4.123568791731266,4.123568791731266,4.0
alt_corrected_unif,4.146309121817495,4.146309121817495,4.0
alt_uncorrected,5.01778680213092,5.01778680213092,4.0
