,Rseq_targets,Rseq_hits,Rfrequency
true_Rseq,3.262835776709875,3.262835776709875,4.0
alt_corrected,3.3148220126809145,3.3148220126809145,4.0
alt_corrected_unif,3.3875166038570916,3.3875166038570916,4.0
alt_uncorrected,4.258994284170516,4.258994284170516,4.0
