,Rseq_targets,Rseq_hits,Rfrequency
true_Rseq,4.3269644095846775,4.3269644095846775,4.0
alt_corrected,4.406680579737261,4.406680579737261,4.0
alt_corrected_unif,4.42611524999219,4.42611524999219,4.0
alt_uncorrected,5.297592930305614,5.297592930305614,4.0
