,Rseq_targets,Rseq_hits,Rfrequency
true_Rseq,3.689098078549569,3.689098078549569,4.0
alt_corrected,3.6692731820956235,3.6692731820956235,4.0
alt_corrected_unif,3.6741640647764586,3.6741640647764586,4.0
alt_uncorrected,4.545641745089883,4.545641745089883,4.0
