,Rseq_targets,Rseq_hits,Rfrequency
true_Rseq,3.8061095737734494,3.8061095737734494,4.0
alt_corrected,4.034996821009022,4.034996821009022,4.0
alt_corrected_unif,4.096142744495223,4.096142744495223,4.0
alt_uncorrected,4.967620424808647,4.967620424808647,4.0
