,Rseq_targets,Rseq_hits,Rfrequency
true_Rseq,4.725589874618414,4.725589874618414,4.0
alt_corrected,4.549860637650976,4.549860637650976,4.0
alt_corrected_unif,4.623222268666126,4.623222268666126,4.0
alt_uncorrected,5.494699948979551,5.494699948979551,4.0
