,Rseq_targets,Rseq_hits,Rfrequency
true_Rseq,4.392388811735514,4.392388811735514,4.0
alt_corrected,3.9752081236975974,3.9752081236975974,4.0
alt_corrected_unif,4.104713094513583,4.104713094513583,4.0
alt_uncorrected,4.976190774827007,4.976190774827007,4.0
