,Rseq_targets,Rseq_hits,Rfrequency
true_Rseq,3.6936841088153995,3.6936841088153995,4.0
alt_corrected,3.7160598038901207,3.7160598038901207,4.0
alt_corrected_unif,3.744905639751051,3.744905639751051,4.0
alt_uncorrected,4.616383320064475,4.616383320064475,4.0
