,Rseq_targets,Rseq_hits,Rfrequency
true_Rseq,3.9811720797015138,3.9811720797015138,4.0
alt_corrected,3.772247019859129,3.772247019859129,4.0
alt_corrected_unif,3.820211091528701,3.820211091528701,4.0
alt_uncorrected,4.691688771842125,4.691688771842125,4.0
