,Rseq_targets,Rseq_hits,Rfrequency
true_Rseq,4.152487465685379,4.152487465685379,4.0
alt_corrected,4.084049313973313,4.084049313973313,4.0
alt_corrected_unif,4.115336284950866,4.115336284950866,4.0
alt_uncorrected,4.98681396526429,4.98681396526429,4.0
