,Rseq_targets,Rseq_hits,Rfrequency
true_Rseq,3.9269799899562576,3.9269799899562576,4.0
alt_corrected,3.8932985637893625,3.8932985637893625,4.0
alt_corrected_unif,3.90515201032567,3.90515201032567,4.0
alt_uncorrected,4.776629690639094,4.776629690639094,4.0
