,Rseq_targets,Rseq_hits,Rfrequency
true_Rseq,3.710407396414382,3.710407396414382,4.0
alt_corrected,3.7929436280214857,3.7929436280214857,4.0
alt_corrected_unif,3.815235903158212,3.815235903158212,4.0
alt_uncorrected,4.6867135834716365,4.6867135834716365,4.0
