,Rseq_targets,Rseq_hits,Rfrequency
true_Rseq,3.7883341046484116,3.7883341046484116,4.0
alt_corrected,3.8605723160246175,3.8605723160246175,4.0
alt_corrected_unif,3.8731565843470874,3.8731565843470874,4.0
alt_uncorrected,4.744634264660512,4.744634264660512,4.0
