,Rseq_targets,Rseq_hits,Rfrequency
true_Rseq,3.8992535928461765,3.8992535928461765,4.0
alt_corrected,4.052876796586565,4.052876796586565,4.0
alt_corrected_unif,4.087397640403321,4.087397640403321,4.0
alt_uncorrected,4.958875320716745,4.958875320716745,4.0
