,Rseq_targets,Rseq_hits,Rfrequency
true_Rseq,0.6549267185316445,2.542886786039796,4.0
alt_corrected,0.7443813722113521,2.4787330186871666,4.0
alt_corrected_unif,0.9698070295755552,2.7041586760513696,4.0
alt_uncorrected,1.8412847098889795,3.575636356364794,4.0
