,Rseq_targets,Rseq_hits,Rfrequency
true_Rseq,4.094615000237351,4.094615000237351,4.0
alt_corrected,4.231179129900188,4.231179129900188,4.0
alt_corrected_unif,4.275172934896627,4.275172934896627,4.0
alt_uncorrected,5.146650615210051,5.146650615210051,4.0
