,Rseq_targets,Rseq_hits,Rfrequency
true_Rseq,3.972591025205693,3.972591025205693,4.0
alt_corrected,3.81515246101692,3.81515246101692,4.0
alt_corrected_unif,3.861658154500311,3.861658154500311,4.0
alt_uncorrected,4.733135834813735,4.733135834813735,4.0
