,Rseq_targets,Rseq_hits,Rfrequency
true_Rseq,4.212611838713187,4.212611838713187,4.0
alt_corrected,4.229037639511709,4.229037639511709,4.0
alt_corrected_unif,4.2457662345364895,4.2457662345364895,4.0
alt_uncorrected,5.117243914849913,5.117243914849913,4.0
