,Rseq_targets,Rseq_hits,Rfrequency
true_Rseq,4.338092446945901,4.338092446945901,4.0
alt_corrected,4.3896378565581395,4.3896378565581395,4.0
alt_corrected_unif,4.446361120189774,4.446361120189774,4.0
alt_uncorrected,5.317838800503198,5.317838800503198,4.0
