,Rseq_targets,Rseq_hits,Rfrequency
true_Rseq,4.219523396724072,4.219523396724072,4.0
alt_corrected,4.148174083099914,4.148174083099914,4.0
alt_corrected_unif,4.1546251590716246,4.1546251590716246,4.0
alt_uncorrected,5.026102839385048,5.026102839385048,4.0
