,Rseq_targets,Rseq_hits,Rfrequency
true_Rseq,4.051036181956295,4.051036181956295,4.0
alt_corrected,3.9119814091242215,3.9119814091242215,4.0
alt_corrected_unif,4.054113681234565,4.054113681234565,4.0
alt_uncorrected,4.92559136154799,4.92559136154799,4.0
