,Rseq_targets,Rseq_hits,Rfrequency
true_Rseq,4.498122323970833,4.498122323970833,4.0
alt_corrected,4.2829554353284225,4.2829554353284225,4.0
alt_corrected_unif,4.375247387187809,4.375247387187809,4.0
alt_uncorrected,5.246725067501233,5.246725067501233,4.0
