,Rseq_targets,Rseq_hits,Rfrequency
true_Rseq,3.2717603866226046,3.2717603866226046,4.0
alt_corrected,3.3560866459900303,3.3560866459900303,4.0
alt_corrected_unif,3.3632056228660328,3.3632056228660328,4.0
alt_uncorrected,4.234683303179457,4.234683303179457,4.0
