,Rseq_targets,Rseq_hits,Rfrequency
true_Rseq,4.792465350096364,4.792465350096364,4.0
alt_corrected,4.697945871692083,4.697945871692083,4.0
alt_corrected_unif,4.71830286370222,4.71830286370222,4.0
alt_uncorrected,5.589780544015644,5.589780544015644,4.0
