,Rseq_targets,Rseq_hits,Rfrequency
true_Rseq,4.965303618211718,4.965303618211718,4.0
alt_corrected,4.8888859846522035,4.8888859846522035,4.0
alt_corrected_unif,4.9007394311885015,4.9007394311885015,4.0
alt_uncorrected,5.772217111501926,5.772217111501926,4.0
