,Rseq_targets,Rseq_hits,Rfrequency
true_Rseq,3.752243509429384,3.752243509429384,4.0
alt_corrected,3.6449305674321564,3.6449305674321564,4.0
alt_corrected_unif,3.6990177435839704,3.6990177435839704,4.0
alt_uncorrected,4.570495423897395,4.570495423897395,4.0
