,Rseq_targets,Rseq_hits,Rfrequency
true_Rseq,3.386262939991866,3.386262939991866,4.0
alt_corrected,3.366986850506843,3.366986850506843,4.0
alt_corrected_unif,3.4267144256208186,3.4267144256208186,4.0
alt_uncorrected,4.298192105934243,4.298192105934243,4.0
