,Rseq_targets,Rseq_hits,Rfrequency
true_Rseq,4.879364778238961,4.879364778238961,4.0
alt_corrected,4.7880401550692895,4.7880401550692895,4.0
alt_corrected_unif,4.891912225155375,4.891912225155375,4.0
alt_uncorrected,5.763389905468799,5.763389905468799,4.0
