,Rseq_targets,Rseq_hits,Rfrequency
true_Rseq,4.4347837643400645,4.4347837643400645,4.0
alt_corrected,4.356704215225608,4.356704215225608,4.0
alt_corrected_unif,4.374680045285858,4.374680045285858,4.0
alt_uncorrected,5.246157725599283,5.246157725599283,4.0
