,Rseq_targets,Rseq_hits,Rfrequency
true_Rseq,4.401084459962629,4.401084459962629,4.0
alt_corrected,4.137879935123218,4.137879935123218,4.0
alt_corrected_unif,4.238350010256303,4.238350010256303,4.0
alt_uncorrected,5.109827690569727,5.109827690569727,4.0
