,Rseq_targets,Rseq_hits,Rfrequency
true_Rseq,4.158133211971617,4.158133211971617,4.0
alt_corrected,4.125210685099826,4.125210685099826,4.0
alt_corrected_unif,4.145439597180825,4.145439597180825,4.0
alt_uncorrected,5.016917277494249,5.016917277494249,4.0
