,Rseq_targets,Rseq_hits,Rfrequency
true_Rseq,3.3159039606902496,3.3159039606902496,4.0
alt_corrected,3.2197325970451005,3.2197325970451005,4.0
alt_corrected_unif,3.232157127934936,3.232157127934936,4.0
alt_uncorrected,4.10363480824836,4.10363480824836,4.0
