,Rseq_targets,Rseq_hits,Rfrequency
true_Rseq,4.727409371715903,4.727409371715903,4.0
alt_corrected,4.641935451117368,4.641935451117368,4.0
alt_corrected_unif,4.6936622307725475,4.6936622307725475,4.0
alt_uncorrected,5.565139911085972,5.565139911085972,4.0
