,Rseq_targets,Rseq_hits,Rfrequency
true_Rseq,4.555050177353395,4.555050177353395,4.0
alt_corrected,4.185100479791976,4.185100479791976,4.0
alt_corrected_unif,4.29096522246547,4.29096522246547,4.0
alt_uncorrected,5.162442902778894,5.162442902778894,4.0
