,Rseq_targets,Rseq_hits,Rfrequency
true_Rseq,4.033554402023251,4.033554402023251,4.0
alt_corrected,4.068395292962304,4.068395292962304,4.0
alt_corrected_unif,4.075459449136153,4.075459449136153,4.0
alt_uncorrected,4.9469371294495765,4.9469371294495765,4.0
