,Rseq_targets,Rseq_hits,Rfrequency
true_Rseq,3.9221212899186293,3.9221212899186293,4.0
alt_corrected,3.919787002481637,3.919787002481637,4.0
alt_corrected_unif,3.964536246117875,3.964536246117875,4.0
alt_uncorrected,4.836013926431299,4.836013926431299,4.0
