,Rseq_targets,Rseq_hits,Rfrequency
true_Rseq,5.1855087009149585,5.1855087009149585,4.0
alt_corrected,4.8875023728520475,4.8875023728520475,4.0
alt_corrected_unif,4.9381893924293845,4.9381893924293845,4.0
alt_uncorrected,5.809667072742808,5.809667072742808,4.0
