,Rseq_targets,Rseq_hits,Rfrequency
true_Rseq,4.230060297574962,4.230060297574962,4.0
alt_corrected,4.177135986140714,4.177135986140714,4.0
alt_corrected_unif,4.202160959140775,4.202160959140775,4.0
alt_uncorrected,5.073638639454199,5.073638639454199,4.0
