,Rseq_targets,Rseq_hits,Rfrequency
true_Rseq,3.944316127346151,3.944316127346151,4.0
alt_corrected,3.7498535404893185,3.7498535404893185,4.0
alt_corrected_unif,3.805648974094867,3.805648974094867,4.0
alt_uncorrected,4.6771266544082915,4.6771266544082915,4.0
