,Rseq_targets,Rseq_hits,Rfrequency
true_Rseq,4.500521315623482,4.500521315623482,4.0
alt_corrected,4.4603171617171355,4.4603171617171355,4.0
alt_corrected_unif,4.464147445051781,4.464147445051781,4.0
alt_uncorrected,5.335625125365206,5.335625125365206,4.0
