,Rseq_targets,Rseq_hits,Rfrequency
true_Rseq,4.087291210431911,4.087291210431911,4.0
alt_corrected,3.9580889051584993,3.9580889051584993,4.0
alt_corrected_unif,4.004594598641891,4.004594598641891,4.0
alt_uncorrected,4.876072278955315,4.876072278955315,4.0
