,Rseq_targets,Rseq_hits,Rfrequency
true_Rseq,3.888021030626044,3.888021030626044,4.0
alt_corrected,4.030877283680391,4.030877283680391,4.0
alt_corrected_unif,4.056206152055184,4.056206152055184,4.0
alt_uncorrected,4.927683832368608,4.927683832368608,4.0
