,Rseq_targets,Rseq_hits,Rfrequency
true_Rseq,3.9020302392470825,3.9020302392470825,4.0
alt_corrected,3.859430405121069,3.859430405121069,4.0
alt_corrected_unif,3.8730187240710854,3.8730187240710854,4.0
alt_uncorrected,4.74449640438451,4.74449640438451,4.0
