,Rseq_targets,Rseq_hits,Rfrequency
true_Rseq,4.318215279063425,4.318215279063425,4.0
alt_corrected,4.298282989559144,4.298282989559144,4.0
alt_corrected_unif,4.318298617335985,4.318298617335985,4.0
alt_uncorrected,5.189776297649409,5.189776297649409,4.0
