,Rseq_targets,Rseq_hits,Rfrequency
true_Rseq,4.062403619915666,4.062403619915666,4.0
alt_corrected,3.951715035663746,3.951715035663746,4.0
alt_corrected_unif,3.971472228372645,3.971472228372645,4.0
alt_uncorrected,4.8429499086860694,4.8429499086860694,4.0
