,Rseq_targets,Rseq_hits,Rfrequency
true_Rseq,4.4491350901309765,4.4491350901309765,4.0
alt_corrected,4.448417582041749,4.448417582041749,4.0
alt_corrected_unif,4.490537212232704,4.490537212232704,4.0
alt_uncorrected,5.362014892546128,5.362014892546128,4.0
