,Rseq_targets,Rseq_hits,Rfrequency
true_Rseq,0.7115506025052287,2.808988075785992,4.0
alt_corrected,0.6273516799590713,2.702255965222002,4.0
alt_corrected_unif,0.8976714697334001,2.9725757549963308,4.0
alt_uncorrected,1.7691491500468244,3.844053435309755,4.0
