,Rseq_targets,Rseq_hits,Rfrequency
true_Rseq,4.98825113266224,4.98825113266224,4.0
alt_corrected,4.590670723206267,4.590670723206267,4.0
alt_corrected_unif,4.713980990144094,4.713980990144094,4.0
alt_uncorrected,5.585458670457518,5.585458670457518,4.0
