,Rseq_targets,Rseq_hits,Rfrequency
true_Rseq,3.8350262951530087,3.8350262951530087,4.0
alt_corrected,3.663287758055033,3.663287758055033,4.0
alt_corrected_unif,3.8382409588695574,3.8382409588695574,4.0
alt_uncorrected,4.709718639182982,4.709718639182982,4.0
