,Rseq_targets,Rseq_hits,Rfrequency
true_Rseq,4.254025888164707,4.254025888164707,4.0
alt_corrected,4.345873187897994,4.345873187897994,4.0
alt_corrected_unif,4.37089816089806,4.37089816089806,4.0
alt_uncorrected,5.242375841211484,5.242375841211484,4.0
