,Rseq_targets,Rseq_hits,Rfrequency
true_Rseq,5.280869952877524,5.280869952877524,4.0
alt_corrected,5.165038083530551,5.165038083530551,4.0
alt_corrected_unif,5.233614338998484,5.233614338998484,4.0
alt_uncorrected,6.105092019311908,6.105092019311908,4.0
