,Rseq_targets,Rseq_hits,Rfrequency
true_Rseq,4.78183542051584,4.78183542051584,4.0
alt_corrected,4.439435944790478,4.439435944790478,4.0
alt_corrected_unif,4.649468939469033,4.649468939469033,4.0
alt_uncorrected,5.520946619782457,5.520946619782457,4.0
