,Rseq_targets,Rseq_hits,Rfrequency
true_Rseq,3.888396046045518,3.888396046045518,4.0
alt_corrected,3.869862824269917,3.869862824269917,4.0
alt_corrected_unif,3.9473129338125665,3.9473129338125665,4.0
alt_uncorrected,4.818790614125991,4.818790614125991,4.0
