,Rseq_targets,Rseq_hits,Rfrequency
true_Rseq,4.145589350537005,4.145589350537005,4.0
alt_corrected,4.153754155884338,4.153754155884338,4.0
alt_corrected_unif,4.201409777512495,4.201409777512495,4.0
alt_uncorrected,5.07288745782592,5.07288745782592,4.0
