,Rseq_targets,Rseq_hits,Rfrequency
true_Rseq,3.8706028211829366,3.8706028211829366,4.0
alt_corrected,3.8276619918525268,3.8276619918525268,4.0
alt_corrected_unif,3.854868439952495,3.854868439952495,4.0
alt_uncorrected,4.726346120265919,4.726346120265919,4.0
