,Rseq_targets,Rseq_hits,Rfrequency
true_Rseq,3.7453868705073265,3.7453868705073265,4.0
alt_corrected,3.8097894310324785,3.8097894310324785,4.0
alt_corrected_unif,3.8429698147164673,3.8429698147164673,4.0
alt_uncorrected,4.714447495029892,4.714447495029892,4.0
