,Rseq_targets,Rseq_hits,Rfrequency
true_Rseq,4.509132486879384,4.509132486879384,4.0
alt_corrected,4.539223774104132,4.539223774104132,4.0
alt_corrected_unif,4.552553966956015,4.552553966956015,4.0
alt_uncorrected,5.424031647269439,5.424031647269439,4.0
