,Rseq_targets,Rseq_hits,Rfrequency
true_Rseq,3.66229788517742,3.66229788517742,4.0
alt_corrected,3.6509114589529323,3.6509114589529323,4.0
alt_corrected_unif,3.686314168346193,3.686314168346193,4.0
alt_uncorrected,4.557791848659617,4.557791848659617,4.0
