,Rseq_targets,Rseq_hits,Rfrequency
true_Rseq,3.8413593103532975,3.8413593103532975,4.0
alt_corrected,3.616454296887534,3.616454296887534,4.0
alt_corrected_unif,3.699745477246576,3.699745477246576,4.0
alt_uncorrected,4.57122315756,4.57122315756,4.0
