,Rseq_targets,Rseq_hits,Rfrequency
true_Rseq,4.802696928367602,4.802696928367602,4.0
alt_corrected,4.512873898915251,4.512873898915251,4.0
alt_corrected_unif,4.6177362469807,4.6177362469807,4.0
alt_uncorrected,5.489213927294124,5.489213927294124,4.0
