,Rseq_targets,Rseq_hits,Rfrequency
true_Rseq,3.8884616150572633,3.8884616150572633,4.0
alt_corrected,3.6884634875608193,3.6884634875608193,4.0
alt_corrected_unif,3.7146093363145893,3.7146093363145893,4.0
alt_uncorrected,4.586087016628014,4.586087016628014,4.0
