,Rseq_targets,Rseq_hits,Rfrequency
true_Rseq,-0.35686458585097824,2.62082929935592,4.0
alt_corrected,-0.25038256445885454,2.68677136717762,4.0
alt_corrected_unif,-0.17041913675177744,2.766734794884697,4.0
alt_uncorrected,0.7010585435616469,3.6382124751981215,4.0
