,Rseq_targets,Rseq_hits,Rfrequency
true_Rseq,4.35009129378719,4.35009129378719,4.0
alt_corrected,4.05163867129672,4.05163867129672,4.0
alt_corrected_unif,4.1604632735854015,4.1604632735854015,4.0
alt_uncorrected,5.031940953898825,5.031940953898825,4.0
