,Rseq_targets,Rseq_hits,Rfrequency
true_Rseq,4.20667485749012,4.20667485749012,4.0
alt_corrected,4.262042238550244,4.262042238550244,4.0
alt_corrected_unif,4.343802570267272,4.343802570267272,4.0
alt_uncorrected,5.215280250580696,5.215280250580696,4.0
