,Rseq_targets,Rseq_hits,Rfrequency
true_Rseq,4.359853177906393,4.359853177906393,4.0
alt_corrected,4.361571969500396,4.361571969500396,4.0
alt_corrected_unif,4.482975489001097,4.482975489001097,4.0
alt_uncorrected,5.354453169314521,5.354453169314521,4.0
