,Rseq_targets,Rseq_hits,Rfrequency
true_Rseq,4.046685568949209,4.046685568949209,4.0
alt_corrected,4.118910436390038,4.118910436390038,4.0
alt_corrected_unif,4.139039231789068,4.139039231789068,4.0
alt_uncorrected,5.010516912102493,5.010516912102493,4.0
