,Rseq_targets,Rseq_hits,Rfrequency
true_Rseq,4.275126302950179,4.275126302950179,4.0
alt_corrected,4.219492775446593,4.219492775446593,4.0
alt_corrected_unif,4.234416133513745,4.234416133513745,4.0
alt_uncorrected,5.105893813827169,5.105893813827169,4.0
