,Rseq_targets,Rseq_hits,Rfrequency
true_Rseq,4.331680827144031,4.331680827144031,4.0
alt_corrected,4.304034176911687,4.304034176911687,4.0
alt_corrected_unif,4.311153153787691,4.311153153787691,4.0
alt_uncorrected,5.182630834101115,5.182630834101115,4.0
