,Rseq_targets,Rseq_hits,Rfrequency
true_Rseq,4.524912326844421,4.524912326844421,4.0
alt_corrected,4.451722721269023,4.451722721269023,4.0
alt_corrected_unif,4.459919478481291,4.459919478481291,4.0
alt_uncorrected,5.331397158794715,5.331397158794715,4.0
