,Rseq_targets,Rseq_hits,Rfrequency
true_Rseq,3.997558415754664,3.997558415754664,4.0
alt_corrected,3.9187842926624006,3.9187842926624006,4.0
alt_corrected_unif,3.981001090508388,3.981001090508388,4.0
alt_uncorrected,4.852478770821812,4.852478770821812,4.0
