,Rseq_targets,Rseq_hits,Rfrequency
true_Rseq,4.308650972532721,4.308650972532721,4.0
alt_corrected,4.408841094741298,4.408841094741298,4.0
alt_corrected_unif,4.4180817815930595,4.4180817815930595,4.0
alt_uncorrected,5.289559461906484,5.289559461906484,4.0
