,Rseq_targets,Rseq_hits,Rfrequency
true_Rseq,3.990911875774115,3.990911875774115,4.0
alt_corrected,3.976194746871178,3.976194746871178,4.0
alt_corrected_unif,4.005733679504546,4.005733679504546,4.0
alt_uncorrected,4.87721135981797,4.87721135981797,4.0
