,Rseq_targets,Rseq_hits,Rfrequency
true_Rseq,3.605489665228756,3.605489665228756,4.0
alt_corrected,3.6404652943797773,3.6404652943797773,4.0
alt_corrected_unif,3.6528898252696007,3.6528898252696007,4.0
alt_uncorrected,4.524367505583025,4.524367505583025,4.0
