,Rseq_targets,Rseq_hits,Rfrequency
true_Rseq,3.945300153067306,3.945300153067306,4.0
alt_corrected,3.868739860944403,3.868739860944403,4.0
alt_corrected_unif,3.9848743972743974,3.9848743972743974,4.0
alt_uncorrected,4.856352077587822,4.856352077587822,4.0
