,Rseq_targets,Rseq_hits,Rfrequency
true_Rseq,4.088893201611818,4.088893201611818,4.0
alt_corrected,3.9859386286459197,3.9859386286459197,4.0
alt_corrected_unif,4.023694941697459,4.023694941697459,4.0
alt_uncorrected,4.895172622010882,4.895172622010882,4.0
