,Rseq_targets,Rseq_hits,Rfrequency
true_Rseq,3.6244475602242883,3.6244475602242883,4.0
alt_corrected,3.605157883969506,3.605157883969506,4.0
alt_corrected_unif,3.636721329018266,3.636721329018266,4.0
alt_uncorrected,4.50819900933169,4.50819900933169,4.0
