,Rseq_targets,Rseq_hits,Rfrequency
true_Rseq,3.9491534312513927,3.9491534312513927,4.0
alt_corrected,3.7813900995259155,3.7813900995259155,4.0
alt_corrected_unif,3.815364625364277,3.815364625364277,4.0
alt_uncorrected,4.686842305677701,4.686842305677701,4.0
