,Rseq_targets,Rseq_hits,Rfrequency
true_Rseq,4.678193727804292,4.678193727804292,4.0
alt_corrected,4.576734021295744,4.576734021295744,4.0
alt_corrected_unif,4.615397543465685,4.615397543465685,4.0
alt_uncorrected,5.4868752237791085,5.4868752237791085,4.0
