,Rseq_targets,Rseq_hits,Rfrequency
true_Rseq,4.763937629385797,4.763937629385797,4.0
alt_corrected,4.688552833012583,4.688552833012583,4.0
alt_corrected_unif,4.706376921194117,4.706376921194117,4.0
alt_uncorrected,5.577854601507541,5.577854601507541,4.0
