,Rseq_targets,Rseq_hits,Rfrequency
true_Rseq,4.3150557061167,4.3150557061167,4.0
alt_corrected,4.343045219991893,4.343045219991893,4.0
alt_corrected_unif,4.38955091347526,4.38955091347526,4.0
alt_uncorrected,5.261028593788684,5.261028593788684,4.0
