,Rseq_targets,Rseq_hits,Rfrequency
true_Rseq,4.7105148708185425,4.7105148708185425,4.0
alt_corrected,4.565423309987997,4.565423309987997,4.0
alt_corrected_unif,4.605763989186395,4.605763989186395,4.0
alt_uncorrected,5.4772416694998185,5.4772416694998185,4.0
