,Rseq_targets,Rseq_hits,Rfrequency
true_Rseq,4.108856182985019,4.108856182985019,4.0
alt_corrected,4.113754674871114,4.113754674871114,4.0
alt_corrected_unif,4.114297925453696,4.114297925453696,4.0
alt_uncorrected,4.98577560576712,4.98577560576712,4.0
