,Rseq_targets,Rseq_hits,Rfrequency
true_Rseq,3.640412055062823,3.640412055062823,4.0
alt_corrected,3.63438835325471,3.63438835325471,4.0
alt_corrected_unif,3.6492950416152037,3.6492950416152037,4.0
alt_uncorrected,4.520772721928628,4.520772721928628,4.0
