,Rseq_targets,Rseq_hits,Rfrequency
true_Rseq,4.235691853348781,4.235691853348781,4.0
alt_corrected,4.34283752461184,4.34283752461184,4.0
alt_corrected_unif,4.366051466413651,4.366051466413651,4.0
alt_uncorrected,5.237529146727075,5.237529146727075,4.0
