,Rseq_targets,Rseq_hits,Rfrequency
true_Rseq,4.6269265492931435,4.6269265492931435,4.0
alt_corrected,4.620005756885442,4.620005756885442,4.0
alt_corrected_unif,4.622722280961026,4.622722280961026,4.0
alt_uncorrected,5.49419996127445,5.49419996127445,4.0
