,Rseq_targets,Rseq_hits,Rfrequency
true_Rseq,3.334321203981931,3.334321203981931,4.0
alt_corrected,3.2671412225014147,3.2671412225014147,4.0
alt_corrected_unif,3.3131723944153317,3.3131723944153317,4.0
alt_uncorrected,4.184650074728756,4.184650074728756,4.0
