,Rseq_targets,Rseq_hits,Rfrequency
true_Rseq,4.617551090093485,4.617551090093485,4.0
alt_corrected,4.408750555359477,4.408750555359477,4.0
alt_corrected_unif,4.487812447352082,4.487812447352082,4.0
alt_uncorrected,5.359290127665506,5.359290127665506,4.0
