,Rseq_targets,Rseq_hits,Rfrequency
true_Rseq,3.9566685787381424,3.9566685787381424,4.0
alt_corrected,3.9532452275259975,3.9532452275259975,4.0
alt_corrected_unif,3.9840335283096544,3.9840335283096544,4.0
alt_uncorrected,4.855511208623079,4.855511208623079,4.0
