,Rseq_targets,Rseq_hits,Rfrequency
true_Rseq,4.614366720175807,4.614366720175807,4.0
alt_corrected,4.641081342166458,4.641081342166458,4.0
alt_corrected_unif,4.67515667570215,4.67515667570215,4.0
alt_uncorrected,5.546634356015574,5.546634356015574,4.0
