,Rseq_targets,Rseq_hits,Rfrequency
true_Rseq,4.116868873947084,4.116868873947084,4.0
alt_corrected,3.962261933402482,3.962261933402482,4.0
alt_corrected_unif,3.9848281778284487,3.9848281778284487,4.0
alt_uncorrected,4.856305858141873,4.856305858141873,4.0
