,Rseq_targets,Rseq_hits,Rfrequency
true_Rseq,4.227248571735402,4.227248571735402,4.0
alt_corrected,3.9844654895907863,3.9844654895907863,4.0
alt_corrected_unif,4.0816931644540695,4.0816931644540695,4.0
alt_uncorrected,4.953170844767494,4.953170844767494,4.0
