,Rseq_targets,Rseq_hits,Rfrequency
true_Rseq,4.455639805166525,4.455639805166525,4.0
alt_corrected,4.4205989549994955,4.4205989549994955,4.0
alt_corrected_unif,4.4494447908604275,4.4494447908604275,4.0
alt_uncorrected,5.320922471173851,5.320922471173851,4.0
