,Rseq_targets,Rseq_hits,Rfrequency
true_Rseq,3.869844108675154,3.869844108675154,4.0
alt_corrected,3.872769957089251,3.872769957089251,4.0
alt_corrected_unif,3.8851944879790703,3.8851944879790703,4.0
alt_uncorrected,4.756672168292495,4.756672168292495,4.0
