,Rseq_targets,Rseq_hits,Rfrequency
true_Rseq,4.807411450856748,4.807411450856748,4.0
alt_corrected,4.742745461490701,4.742745461490701,4.0
alt_corrected_unif,4.77430890653946,4.77430890653946,4.0
alt_uncorrected,5.645786586852884,5.645786586852884,4.0
