,Rseq_targets,Rseq_hits,Rfrequency
true_Rseq,4.142133640694237,4.142133640694237,4.0
alt_corrected,4.120191634617232,4.120191634617232,4.0
alt_corrected_unif,4.150531838874425,4.150531838874425,4.0
alt_uncorrected,5.022009519187849,5.022009519187849,4.0
