,Rseq_targets,Rseq_hits,Rfrequency
true_Rseq,4.338541771200607,4.338541771200607,4.0
alt_corrected,4.4399181329851025,4.4399181329851025,4.0
alt_corrected_unif,4.454534203470228,4.454534203470228,4.0
alt_uncorrected,5.326011883783653,5.326011883783653,4.0
