,Rseq_targets,Rseq_hits,Rfrequency
true_Rseq,4.349363500312796,4.349363500312796,4.0
alt_corrected,4.343421374614014,4.343421374614014,4.0
alt_corrected_unif,4.409279032984715,4.409279032984715,4.0
alt_uncorrected,5.28075671329814,5.28075671329814,4.0
