,Rseq_targets,Rseq_hits,Rfrequency
true_Rseq,4.22098235178755,4.22098235178755,4.0
alt_corrected,4.100167705329783,4.100167705329783,4.0
alt_corrected_unif,4.119610794592612,4.119610794592612,4.0
alt_uncorrected,4.991088474906036,4.991088474906036,4.0
