,Rseq_targets,Rseq_hits,Rfrequency
true_Rseq,4.19663278899241,4.19663278899241,4.0
alt_corrected,3.880924434116118,3.880924434116118,4.0
alt_corrected_unif,4.070714115235255,4.070714115235255,4.0
alt_uncorrected,4.94219179554868,4.94219179554868,4.0
