,Rseq_targets,Rseq_hits,Rfrequency
true_Rseq,4.854232107880185,4.854232107880185,4.0
alt_corrected,4.639214163192336,4.639214163192336,4.0
alt_corrected_unif,4.690097580663467,4.690097580663467,4.0
alt_uncorrected,5.561575260976892,5.561575260976892,4.0
