,Rseq_targets,Rseq_hits,Rfrequency
true_Rseq,3.5766954654564387,3.5766954654564387,4.0
alt_corrected,3.2321221265705318,3.2321221265705318,4.0
alt_corrected_unif,3.360801504262312,3.360801504262312,4.0
alt_uncorrected,4.232279184575736,4.232279184575736,4.0
