,Rseq_targets,Rseq_hits,Rfrequency
true_Rseq,3.8278465626579656,3.8278465626579656,4.0
alt_corrected,3.5855932370477372,3.5855932370477372,4.0
alt_corrected_unif,3.6175117870651445,3.6175117870651445,4.0
alt_uncorrected,4.488989467378569,4.488989467378569,4.0
