,Rseq_targets,Rseq_hits,Rfrequency
true_Rseq,4.0938379758022485,4.0938379758022485,4.0
alt_corrected,4.166915474013855,4.166915474013855,4.0
alt_corrected_unif,4.232454464526839,4.232454464526839,4.0
alt_uncorrected,5.103932144840263,5.103932144840263,4.0
