,Rseq_targets,Rseq_hits,Rfrequency
true_Rseq,3.7455580820788583,3.7455580820788583,4.0
alt_corrected,3.868418844821649,3.868418844821649,4.0
alt_corrected_unif,3.9043553749892967,3.9043553749892967,4.0
alt_uncorrected,4.775833055302721,4.775833055302721,4.0
