,Rseq_targets,Rseq_hits,Rfrequency
true_Rseq,4.223815878021121,4.223815878021121,4.0
alt_corrected,3.929748231125193,3.929748231125193,4.0
alt_corrected_unif,4.029633724612472,4.029633724612472,4.0
alt_uncorrected,4.901111404925896,4.901111404925896,4.0
