,Rseq_targets,Rseq_hits,Rfrequency
true_Rseq,4.106687956532191,4.106687956532191,4.0
alt_corrected,4.031332729749538,4.031332729749538,4.0
alt_corrected_unif,4.055997926050914,4.055997926050914,4.0
alt_uncorrected,4.927475606364338,4.927475606364338,4.0
