,Rseq_targets,Rseq_hits,Rfrequency
true_Rseq,4.3149569410358595,4.3149569410358595,4.0
alt_corrected,4.384699940770368,4.384699940770368,4.0
alt_corrected_unif,4.433919648082476,4.433919648082476,4.0
alt_uncorrected,5.3053973283959,5.3053973283959,4.0
