,Rseq_targets,Rseq_hits,Rfrequency
true_Rseq,4.236269864076187,4.236269864076187,4.0
alt_corrected,3.991839496825348,3.991839496825348,4.0
alt_corrected_unif,4.129670099314797,4.129670099314797,4.0
alt_uncorrected,5.001147779628221,5.001147779628221,4.0
