,Rseq_targets,Rseq_hits,Rfrequency
true_Rseq,0.3095631078685521,2.602685353861851,4.0
alt_corrected,0.43289483117673777,2.7846771749809736,4.0
alt_corrected_unif,0.6415991627257176,2.9933815065299534,4.0
alt_uncorrected,1.513076843039142,3.8648591868433777,4.0
