,Rseq_targets,Rseq_hits,Rfrequency
true_Rseq,3.4652597719604987,3.4652597719604987,4.0
alt_corrected,3.3699493786260266,3.3699493786260266,4.0
alt_corrected_unif,3.4164550721094096,3.4164550721094096,4.0
alt_uncorrected,4.287932752422834,4.287932752422834,4.0
