,Rseq_targets,Rseq_hits,Rfrequency
true_Rseq,3.8619698258617383,3.8619698258617383,4.0
alt_corrected,3.7686415476259705,3.7686415476259705,4.0
alt_corrected_unif,3.8131663340107376,3.8131663340107376,4.0
alt_uncorrected,4.684644014324162,4.684644014324162,4.0
