,Rseq_targets,Rseq_hits,Rfrequency
true_Rseq,4.0760269137750855,4.0760269137750855,4.0
alt_corrected,3.9447174879382225,3.9447174879382225,4.0
alt_corrected_unif,3.9860549626580792,3.9860549626580792,4.0
alt_uncorrected,4.8575326429715036,4.8575326429715036,4.0
