,Rseq_targets,Rseq_hits,Rfrequency
true_Rseq,3.2061290707153844,3.268471859361062,4.0
alt_corrected,3.286204062551985,3.3813260203896047,4.0
alt_corrected_unif,3.3424129486795553,3.437534906517175,4.0
alt_uncorrected,4.21389062899298,4.309012586830599,4.0
