,Rseq_targets,Rseq_hits,Rfrequency
true_Rseq,3.0156995090349312,3.0496528050911724,4.0
alt_corrected,3.0785957083529207,3.146863483960909,4.0
alt_corrected_unif,3.125029873794064,3.193297649402052,4.0
alt_uncorrected,3.996507554107488,4.064775329715476,4.0
