,Rseq_targets,Rseq_hits,Rfrequency
true_Rseq,4.185297275590728,4.185297275590728,4.0
alt_corrected,4.109179502528825,4.109179502528825,4.0
alt_corrected_unif,4.135680477082694,4.135680477082694,4.0
alt_uncorrected,5.007158157396118,5.007158157396118,4.0
