,Rseq_targets,Rseq_hits,Rfrequency
true_Rseq,4.478809981436,4.478809981436,4.0
alt_corrected,4.448241938750558,4.448241938750558,4.0
alt_corrected_unif,4.449862969669404,4.449862969669404,4.0
alt_uncorrected,5.321340649982828,5.321340649982828,4.0
