,Rseq_targets,Rseq_hits,Rfrequency
true_Rseq,4.898225354688435,4.898225354688435,4.0
alt_corrected,4.838908534701837,4.838908534701837,4.0
alt_corrected_unif,4.851492803024303,4.851492803024303,4.0
alt_uncorrected,5.722970483337727,5.722970483337727,4.0
