,Rseq_targets,Rseq_hits,Rfrequency
true_Rseq,3.5227541649904444,3.5227541649904444,4.0
alt_corrected,3.4571277296432457,3.4571277296432457,4.0
alt_corrected_unif,3.494721269652526,3.494721269652526,4.0
alt_uncorrected,4.36619894996595,4.36619894996595,4.0
