,Rseq_targets,Rseq_hits,Rfrequency
true_Rseq,3.7994469528052957,3.7994469528052957,4.0
alt_corrected,3.8706136690871418,3.8706136690871418,4.0
alt_corrected_unif,3.8819427068202166,3.8819427068202166,4.0
alt_uncorrected,4.753420387133641,4.753420387133641,4.0
