,Rseq_targets,Rseq_hits,Rfrequency
true_Rseq,3.5710139696874545,3.5710139696874545,4.0
alt_corrected,3.6875962178622896,3.6875962178622896,4.0
alt_corrected_unif,3.7443193753227813,3.7443193753227813,4.0
alt_uncorrected,4.615797055636206,4.615797055636206,4.0
