,Rseq_targets,Rseq_hits,Rfrequency
true_Rseq,3.912023039176388,3.912023039176388,4.0
alt_corrected,3.7830359257764914,3.7830359257764914,4.0
alt_corrected_unif,3.8473406720765673,3.8473406720765673,4.0
alt_uncorrected,4.718818352389992,4.718818352389992,4.0
