,Rseq_targets,Rseq_hits,Rfrequency
true_Rseq,4.176460959017573,4.176460959017573,4.0
alt_corrected,4.2479032081054315,4.2479032081054315,4.0
alt_corrected_unif,4.280347827715385,4.280347827715385,4.0
alt_uncorrected,5.15182550802881,5.15182550802881,4.0
