,Rseq_targets,Rseq_hits,Rfrequency
true_Rseq,3.9060060411758135,3.9060060411758135,4.0
alt_corrected,3.870732572268765,3.870732572268765,4.0
alt_corrected_unif,3.916656846221715,3.916656846221715,4.0
alt_uncorrected,4.788134526535139,4.788134526535139,4.0
