,Rseq_targets,Rseq_hits,Rfrequency
true_Rseq,4.258773844303066,4.258773844303066,4.0
alt_corrected,4.10020185305367,4.10020185305367,4.0
alt_corrected_unif,4.1247938806797695,4.1247938806797695,4.0
alt_uncorrected,4.996271560993194,4.996271560993194,4.0
