,Rseq_targets,Rseq_hits,Rfrequency
true_Rseq,4.332707633509526,4.332707633509526,4.0
alt_corrected,4.1392800421939775,4.1392800421939775,4.0
alt_corrected_unif,4.279197332928424,4.279197332928424,4.0
alt_uncorrected,5.150675013241849,5.150675013241849,4.0
