,Rseq_targets,Rseq_hits,Rfrequency
true_Rseq,4.495827720392414,4.495827720392414,4.0
alt_corrected,4.317129643494967,4.317129643494967,4.0
alt_corrected_unif,4.357026255907144,4.357026255907144,4.0
alt_uncorrected,5.228503936220568,5.228503936220568,4.0
