,Rseq_targets,Rseq_hits,Rfrequency
true_Rseq,4.233302428342377,4.233302428342377,4.0
alt_corrected,4.185336862722673,4.185336862722673,4.0
alt_corrected_unif,4.210002059024044,4.210002059024044,4.0
alt_uncorrected,5.081479739337468,5.081479739337468,4.0
