,Rseq_targets,Rseq_hits,Rfrequency
true_Rseq,4.0709848474328325,4.0709848474328325,4.0
alt_corrected,4.058294528616525,4.058294528616525,4.0
alt_corrected_unif,4.061011052692093,4.061011052692093,4.0
alt_uncorrected,4.932488733005518,4.932488733005518,4.0
