,Rseq_targets,Rseq_hits,Rfrequency
true_Rseq,4.651576234505422,4.651576234505422,4.0
alt_corrected,4.315241698423261,4.315241698423261,4.0
alt_corrected_unif,4.379887616062122,4.379887616062122,4.0
alt_uncorrected,5.251365296375546,5.251365296375546,4.0
