,Rseq_targets,Rseq_hits,Rfrequency
true_Rseq,3.9384392152394208,3.9384392152394208,4.0
alt_corrected,3.8345063485351094,3.8345063485351094,4.0
alt_corrected_unif,3.8598352169098926,3.8598352169098926,4.0
alt_uncorrected,4.731312897223317,4.731312897223317,4.0
