,Rseq_targets,Rseq_hits,Rfrequency
true_Rseq,3.9513750312534235,3.9513750312534235,4.0
alt_corrected,3.9440694118914608,3.9440694118914608,4.0
alt_corrected_unif,3.9741261699306034,3.9741261699306034,4.0
alt_uncorrected,4.845603850244028,4.845603850244028,4.0
