,Rseq_targets,Rseq_hits,Rfrequency
true_Rseq,2.5170834841424377,3.7800941553187783,4.0
alt_corrected,2.5293740218688687,3.7394361581294686,4.0
alt_corrected_unif,2.5793979218258287,3.7894600580864286,4.0
alt_uncorrected,3.450875602139253,4.660937738399853,4.0
