,Rseq_targets,Rseq_hits,Rfrequency
true_Rseq,4.1298435203465536,4.1298435203465536,4.0
alt_corrected,4.122763226798179,4.122763226798179,4.0
alt_corrected_unif,4.156354895658774,4.156354895658774,4.0
alt_uncorrected,5.027832575972198,5.027832575972198,4.0
