,Rseq_targets,Rseq_hits,Rfrequency
true_Rseq,4.9215515448632345,4.9215515448632345,4.0
alt_corrected,4.888839262198687,4.888839262198687,4.0
alt_corrected_unif,4.914977994457788,4.914977994457788,4.0
alt_uncorrected,5.7864556747712115,5.7864556747712115,4.0
