,Rseq_targets,Rseq_hits,Rfrequency
true_Rseq,4.126511869144423,4.126511869144423,4.0
alt_corrected,4.213239196829978,4.213239196829978,4.0
alt_corrected_unif,4.2415221779155665,4.2415221779155665,4.0
alt_uncorrected,5.112999858228991,5.112999858228991,4.0
