,Rseq_targets,Rseq_hits,Rfrequency
true_Rseq,4.274507033490773,4.274507033490773,4.0
alt_corrected,4.225705799647777,4.225705799647777,4.0
alt_corrected_unif,4.2365765094099554,4.2365765094099554,4.0
alt_uncorrected,5.108054189723379,5.108054189723379,4.0
