,Rseq_targets,Rseq_hits,Rfrequency
true_Rseq,3.8801838252584115,3.8801838252584115,4.0
alt_corrected,3.740482143353209,3.740482143353209,4.0
alt_corrected_unif,3.92300088975064,3.92300088975064,4.0
alt_uncorrected,4.794478570064064,4.794478570064064,4.0
