,Rseq_targets,Rseq_hits,Rfrequency
true_Rseq,4.293056935469044,4.293056935469044,4.0
alt_corrected,4.145631876207096,4.145631876207096,4.0
alt_corrected_unif,4.180152720023855,4.180152720023855,4.0
alt_uncorrected,5.051630400337279,5.051630400337279,4.0
