,Rseq_targets,Rseq_hits,Rfrequency
true_Rseq,4.191005370102683,4.191005370102683,4.0
alt_corrected,4.127307231679687,4.127307231679687,4.0
alt_corrected_unif,4.144302270921468,4.144302270921468,4.0
alt_uncorrected,5.015779951234892,5.015779951234892,4.0
