,Rseq_targets,Rseq_hits,Rfrequency
true_Rseq,3.6014434587954876,3.6014434587954876,4.0
alt_corrected,3.514414306629573,3.514414306629573,4.0
alt_corrected_unif,3.5697222479530706,3.5697222479530706,4.0
alt_uncorrected,4.441199928266495,4.441199928266495,4.0
