,Rseq_targets,Rseq_hits,Rfrequency
true_Rseq,4.4411582866066155,4.4411582866066155,4.0
alt_corrected,4.53510375206483,4.53510375206483,4.0
alt_corrected_unif,4.599599633213009,4.599599633213009,4.0
alt_uncorrected,5.471077313526433,5.471077313526433,4.0
