,Rseq_targets,Rseq_hits,Rfrequency
true_Rseq,3.2888255375146453,3.2888255375146453,4.0
alt_corrected,3.3795968316562126,3.3795968316562126,4.0
alt_corrected_unif,3.433800818719686,3.433800818719686,4.0
alt_uncorrected,4.30527849903311,4.30527849903311,4.0
