,Rseq_targets,Rseq_hits,Rfrequency
true_Rseq,2.8082504405880844,3.5657541087529987,4.0
alt_corrected,2.8723440342268924,3.637002606574247,4.0
alt_corrected_unif,2.9597385834878933,3.724397155835248,4.0
alt_uncorrected,3.8312162638013176,4.595874836148672,4.0
