,Rseq_targets,Rseq_hits,Rfrequency
true_Rseq,3.3036990127656445,3.3036990127656445,4.0
alt_corrected,3.380806137308402,3.380806137308402,4.0
alt_corrected_unif,3.4186310685459858,3.4186310685459858,4.0
alt_uncorrected,4.29010874885941,4.29010874885941,4.0
