,Rseq_targets,Rseq_hits,Rfrequency
true_Rseq,3.9321706155849565,3.9321706155849565,4.0
alt_corrected,3.9047817167673537,3.9047817167673537,4.0
alt_corrected_unif,3.925285405376401,3.925285405376401,4.0
alt_uncorrected,4.796763085689825,4.796763085689825,4.0
