,Rseq_targets,Rseq_hits,Rfrequency
true_Rseq,4.031061619345361,4.031061619345361,4.0
alt_corrected,3.8727769428011394,3.8727769428011394,4.0
alt_corrected_unif,3.9417304289810056,3.9417304289810056,4.0
alt_uncorrected,4.81320810929443,4.81320810929443,4.0
