,Rseq_targets,Rseq_hits,Rfrequency
true_Rseq,4.290836180306014,4.290836180306014,4.0
alt_corrected,4.311817564315987,4.311817564315987,4.0
alt_corrected_unif,4.315647847650643,4.315647847650643,4.0
alt_uncorrected,5.187125527964067,5.187125527964067,4.0
