,Rseq_targets,Rseq_hits,Rfrequency
true_Rseq,4.313382683392355,4.313382683392355,4.0
alt_corrected,3.74259625441766,3.74259625441766,4.0
alt_corrected_unif,3.9625794429544743,3.9625794429544743,4.0
alt_uncorrected,4.834057123267899,4.834057123267899,4.0
