,Rseq_targets,Rseq_hits,Rfrequency
true_Rseq,4.208191807971985,4.208191807971985,4.0
alt_corrected,4.131357465235967,4.131357465235967,4.0
alt_corrected_unif,4.172266123829617,4.172266123829617,4.0
alt_uncorrected,5.043743804143041,5.043743804143041,4.0
