,Rseq_targets,Rseq_hits,Rfrequency
true_Rseq,4.184037348096918,4.184037348096918,4.0
alt_corrected,4.2835233114651485,4.2835233114651485,4.0
alt_corrected_unif,4.365882143103102,4.365882143103102,4.0
alt_uncorrected,5.237359823416526,5.237359823416526,4.0
