,Rseq_targets,Rseq_hits,Rfrequency
true_Rseq,3.9664683921115866,3.9664683921115866,4.0
alt_corrected,3.9260280471220392,3.9260280471220392,4.0
alt_corrected_unif,3.955356205197757,3.955356205197757,4.0
alt_uncorrected,4.826833885511181,4.826833885511181,4.0
