,Rseq_targets,Rseq_hits,Rfrequency
true_Rseq,4.335070539721585,4.335070539721585,4.0
alt_corrected,4.3535776186453585,4.3535776186453585,4.0
alt_corrected_unif,4.362979577645907,4.362979577645907,4.0
alt_uncorrected,5.234457257959331,5.234457257959331,4.0
