,Rseq_targets,Rseq_hits,Rfrequency
true_Rseq,3.9654391592216722,3.9654391592216722,4.0
alt_corrected,3.615208962127259,3.615208962127259,4.0
alt_corrected_unif,3.801214187430245,3.801214187430245,4.0
alt_uncorrected,4.672691867743669,4.672691867743669,4.0
