,Rseq_targets,Rseq_hits,Rfrequency
true_Rseq,3.5531097230618327,3.5531097230618327,4.0
alt_corrected,3.480351544046393,3.480351544046393,4.0
alt_corrected_unif,3.5564116048281753,3.5564116048281753,4.0
alt_uncorrected,4.4278892851416,4.4278892851416,4.0
