,Rseq_targets,Rseq_hits,Rfrequency
true_Rseq,3.8792665354531373,3.8792665354531373,4.0
alt_corrected,3.4667597705762407,3.4667597705762407,4.0
alt_corrected_unif,3.719460082829133,3.719460082829133,4.0
alt_uncorrected,4.590937763142557,4.590937763142557,4.0
