,Rseq_targets,Rseq_hits,Rfrequency
true_Rseq,4.463525269019624,4.463525269019624,4.0
alt_corrected,4.322606876117673,4.322606876117673,4.0
alt_corrected_unif,4.3527800785017146,4.3527800785017146,4.0
alt_uncorrected,5.224257758815138,5.224257758815138,4.0
