,Rseq_targets,Rseq_hits,Rfrequency
true_Rseq,3.832401493483353,3.832401493483353,4.0
alt_corrected,3.759523750470751,3.759523750470751,4.0
alt_corrected_unif,3.814717001702831,3.814717001702831,4.0
alt_uncorrected,4.686194682016255,4.686194682016255,4.0
