,Rseq_targets,Rseq_hits,Rfrequency
true_Rseq,4.236886892393234,4.236886892393234,4.0
alt_corrected,4.051376967410115,4.051376967410115,4.0
alt_corrected_unif,4.072286201994462,4.072286201994462,4.0
alt_uncorrected,4.943763882307887,4.943763882307887,4.0
