,Rseq_targets,Rseq_hits,Rfrequency
true_Rseq,3.8322896060165332,3.8322896060165332,4.0
alt_corrected,3.8350671302746275,3.8350671302746275,4.0
alt_corrected_unif,3.941525670544349,3.941525670544349,4.0
alt_uncorrected,4.813003350857773,4.813003350857773,4.0
