,Rseq_targets,Rseq_hits,Rfrequency
true_Rseq,4.495851154563706,4.495851154563706,4.0
alt_corrected,4.1995217943912415,4.1995217943912415,4.0
alt_corrected_unif,4.274282844975907,4.274282844975907,4.0
alt_uncorrected,5.145760525289331,5.145760525289331,4.0
