,Rseq_targets,Rseq_hits,Rfrequency
true_Rseq,3.893464945887694,3.893464945887694,4.0
alt_corrected,3.5307518286438904,3.5307518286438904,4.0
alt_corrected_unif,3.6537683526973797,3.6537683526973797,4.0
alt_uncorrected,4.525246033010804,4.525246033010804,4.0
