,Rseq_targets,Rseq_hits,Rfrequency
true_Rseq,4.998794121244288,4.998794121244288,4.0
alt_corrected,4.745130395745123,4.745130395745123,4.0
alt_corrected_unif,4.823311593616067,4.823311593616067,4.0
alt_uncorrected,5.694789273929491,5.694789273929491,4.0
