,Rseq_targets,Rseq_hits,Rfrequency
true_Rseq,4.879573079388638,4.879573079388638,4.0
alt_corrected,4.863166367242242,4.863166367242242,4.0
alt_corrected_unif,4.8713631244545095,4.8713631244545095,4.0
alt_uncorrected,5.742840804767933,5.742840804767933,4.0
