,Rseq_targets,Rseq_hits,Rfrequency
true_Rseq,4.824583062820564,4.824583062820564,4.0
alt_corrected,4.280518412282909,4.280518412282909,4.0
alt_corrected_unif,4.43849440937233,4.43849440937233,4.0
alt_uncorrected,5.309972089685754,5.309972089685754,4.0
