,Rseq_targets,Rseq_hits,Rfrequency
true_Rseq,4.564689572297464,4.564689572297464,4.0
alt_corrected,4.23571372942258,4.23571372942258,4.0
alt_corrected_unif,4.384083566299214,4.384083566299214,4.0
alt_uncorrected,5.255561246612639,5.255561246612639,4.0
