,Rseq_targets,Rseq_hits,Rfrequency
true_Rseq,4.511315013982932,4.511315013982932,4.0
alt_corrected,4.398922436223906,4.398922436223906,4.0
alt_corrected_unif,4.453367439851013,4.453367439851013,4.0
alt_uncorrected,5.3248451201644365,5.3248451201644365,4.0
