,Rseq_targets,Rseq_hits,Rfrequency
true_Rseq,4.094571547415766,4.094571547415766,4.0
alt_corrected,4.160778673923106,4.160778673923106,4.0
alt_corrected_unif,4.209786675232161,4.209786675232161,4.0
alt_uncorrected,5.081264355545586,5.081264355545586,4.0
