,Rseq_targets,Rseq_hits,Rfrequency
true_Rseq,4.428399769561679,4.428399769561679,4.0
alt_corrected,4.315873798324903,4.315873798324903,4.0
alt_corrected_unif,4.3921913068291225,4.3921913068291225,4.0
alt_uncorrected,5.263668987142547,5.263668987142547,4.0
