,Rseq_targets,Rseq_hits,Rfrequency
true_Rseq,4.18950564710081,4.18950564710081,4.0
alt_corrected,4.1246662747715535,4.1246662747715535,4.0
alt_corrected_unif,4.181827660602989,4.181827660602989,4.0
alt_uncorrected,5.053305340916414,5.053305340916414,4.0
