,Rseq_targets,Rseq_hits,Rfrequency
true_Rseq,3.9870681004368507,3.9870681004368507,4.0
alt_corrected,4.045649992434876,4.045649992434876,4.0
alt_corrected_unif,4.090343609565355,4.090343609565355,4.0
alt_uncorrected,4.96182128987878,4.96182128987878,4.0
