,Rseq_targets,Rseq_hits,Rfrequency
true_Rseq,4.159865552066566,4.159865552066566,4.0
alt_corrected,4.151360838556362,4.151360838556362,4.0
alt_corrected_unif,4.159557595768629,4.159557595768629,4.0
alt_uncorrected,5.031035276082053,5.031035276082053,4.0
