,Rseq_targets,Rseq_hits,Rfrequency
true_Rseq,4.749533408852728,4.749533408852728,4.0
alt_corrected,4.567362331760025,4.567362331760025,4.0
alt_corrected_unif,4.614314357248096,4.614314357248096,4.0
alt_uncorrected,5.485792037561521,5.485792037561521,4.0
