,Rseq_targets,Rseq_hits,Rfrequency
true_Rseq,4.330988447892921,4.330988447892921,4.0
alt_corrected,4.40436813823399,4.40436813823399,4.0
alt_corrected_unif,4.4305068704931045,4.4305068704931045,4.0
alt_uncorrected,5.301984550806528,5.301984550806528,4.0
