,Rseq_targets,Rseq_hits,Rfrequency
true_Rseq,3.9057236114717924,3.9057236114717924,4.0
alt_corrected,3.9626176890802363,3.9626176890802363,4.0
alt_corrected_unif,3.969630281736817,3.969630281736817,4.0
alt_uncorrected,4.841107962050241,4.841107962050241,4.0
