,Rseq_targets,Rseq_hits,Rfrequency
true_Rseq,4.311498337811427,4.311498337811427,4.0
alt_corrected,4.279814874286881,4.279814874286881,4.0
alt_corrected_unif,4.304932971505538,4.304932971505538,4.0
alt_uncorrected,5.176410651818962,5.176410651818962,4.0
