,Rseq_targets,Rseq_hits,Rfrequency
true_Rseq,4.632314637650014,4.632314637650014,4.0
alt_corrected,4.476820663434657,4.476820663434657,4.0
alt_corrected_unif,4.521168387820767,4.521168387820767,4.0
alt_uncorrected,5.392646068134191,5.392646068134191,4.0
