,Rseq_targets,Rseq_hits,Rfrequency
true_Rseq,4.013851153325456,4.013851153325456,4.0
alt_corrected,3.987132820096454,3.987132820096454,4.0
alt_corrected_unif,3.9898493441720357,3.9898493441720357,4.0
alt_uncorrected,4.86132702448546,4.86132702448546,4.0
