,Rseq_targets,Rseq_hits,Rfrequency
true_Rseq,3.9794349556128017,3.9794349556128017,4.0
alt_corrected,4.0563509137076,4.0563509137076,4.0
alt_corrected_unif,4.089942582568183,4.089942582568183,4.0
alt_uncorrected,4.961420262881607,4.961420262881607,4.0
