,Rseq_targets,Rseq_hits,Rfrequency
true_Rseq,4.384079571001925,4.384079571001925,4.0
alt_corrected,4.422308950543541,4.422308950543541,4.0
alt_corrected_unif,4.482036525657508,4.482036525657508,4.0
alt_uncorrected,5.3535142059709315,5.3535142059709315,4.0
