,Rseq_targets,Rseq_hits,Rfrequency
true_Rseq,4.684458310051742,4.684458310051742,4.0
alt_corrected,4.490539707767767,4.490539707767767,4.0
alt_corrected_unif,4.546335341100237,4.546335341100237,4.0
alt_uncorrected,5.417813021413662,5.417813021413662,4.0
