,Rseq_targets,Rseq_hits,Rfrequency
true_Rseq,3.274193835000296,3.274193835000296,4.0
alt_corrected,3.331481394042454,3.331481394042454,4.0
alt_corrected_unif,3.409359333583861,3.409359333583861,4.0
alt_uncorrected,4.280837013897285,4.280837013897285,4.0
