,Rseq_targets,Rseq_hits,Rfrequency
true_Rseq,4.413723080247021,4.413723080247021,4.0
alt_corrected,4.270316818154199,4.270316818154199,4.0
alt_corrected_unif,4.307910358163481,4.307910358163481,4.0
alt_uncorrected,5.179388038476905,5.179388038476905,4.0
