,Rseq_targets,Rseq_hits,Rfrequency
true_Rseq,3.9139369433835505,3.9139369433835505,4.0
alt_corrected,3.8410246379180633,3.8410246379180633,4.0
alt_corrected_unif,3.9097011586257673,3.9097011586257673,4.0
alt_uncorrected,4.781178838939192,4.781178838939192,4.0
