,Rseq_targets,Rseq_hits,Rfrequency
true_Rseq,4.26689202170453,4.26689202170453,4.0
alt_corrected,4.245609409446441,4.245609409446441,4.0
alt_corrected_unif,4.264095130994862,4.264095130994862,4.0
alt_uncorrected,5.135572811308286,5.135572811308286,4.0
