,Rseq_targets,Rseq_hits,Rfrequency
true_Rseq,3.668574728823587,3.668574728823587,4.0
alt_corrected,3.705102231972693,3.705102231972693,4.0
alt_corrected_unif,3.707818756048304,3.707818756048304,4.0
alt_uncorrected,4.579296436361728,4.579296436361728,4.0
