,Rseq_targets,Rseq_hits,Rfrequency
true_Rseq,4.211283907930624,4.211283907930624,4.0
alt_corrected,4.222417870863897,4.222417870863897,4.0
alt_corrected_unif,4.251956803497254,4.251956803497254,4.0
alt_uncorrected,5.123434483810678,5.123434483810678,4.0
