,Rseq_targets,Rseq_hits,Rfrequency
true_Rseq,4.087120683969504,4.087120683969504,4.0
alt_corrected,4.119040904128736,4.119040904128736,4.0
alt_corrected_unif,4.123948967799633,4.123948967799633,4.0
alt_uncorrected,4.995426648113057,4.995426648113057,4.0
