,Rseq_targets,Rseq_hits,Rfrequency
true_Rseq,4.141703742294524,4.141703742294524,4.0
alt_corrected,4.151850268993051,4.151850268993051,4.0
alt_corrected_unif,4.1913057146135575,4.1913057146135575,4.0
alt_uncorrected,5.062783394926982,5.062783394926982,4.0
