,Rseq_targets,Rseq_hits,Rfrequency
true_Rseq,3.3346100506234624,3.3346100506234624,4.0
alt_corrected,3.5809044871979596,3.5809044871979596,4.0
alt_corrected_unif,3.6551025057099618,3.6551025057099618,4.0
alt_uncorrected,4.526580186023386,4.526580186023386,4.0
