,Rseq_targets,Rseq_hits,Rfrequency
true_Rseq,0.4569958031988328,3.8222581623757783,4.0
alt_corrected,0.4926611475556395,3.6089176720919363,4.0
alt_corrected_unif,0.6188372513674387,3.7350937759037355,4.0
alt_uncorrected,1.490314931680863,4.60657145621716,4.0
