,Rseq_targets,Rseq_hits,Rfrequency
true_Rseq,4.514561677290759,4.514561677290759,4.0
alt_corrected,4.384733278933712,4.384733278933712,4.0
alt_corrected_unif,4.4557872597353185,4.4557872597353185,4.0
alt_uncorrected,5.327264940048742,5.327264940048742,4.0
