,Rseq_targets,Rseq_hits,Rfrequency
true_Rseq,3.377829518330076,3.377829518330076,4.0
alt_corrected,3.261002793509761,3.261002793509761,4.0
alt_corrected_unif,3.328992292619359,3.328992292619359,4.0
alt_uncorrected,4.200469972932783,4.200469972932783,4.0
