,Rseq_targets,Rseq_hits,Rfrequency
true_Rseq,4.1940908695243095,4.1940908695243095,4.0
alt_corrected,4.071961999299456,4.071961999299456,4.0
alt_corrected_unif,4.113713537486763,4.113713537486763,4.0
alt_uncorrected,4.985191217800187,4.985191217800187,4.0
