,Rseq_targets,Rseq_hits,Rfrequency
true_Rseq,4.146834551979053,4.146834551979053,4.0
alt_corrected,3.9257631182196513,3.9257631182196513,4.0
alt_corrected_unif,4.002027408096698,4.002027408096698,4.0
alt_uncorrected,4.8735050884101225,4.8735050884101225,4.0
