,Rseq_targets,Rseq_hits,Rfrequency
true_Rseq,4.156277395153435,4.156277395153435,4.0
alt_corrected,4.064685832678654,4.064685832678654,4.0
alt_corrected_unif,4.115569250149786,4.115569250149786,4.0
alt_uncorrected,4.98704693046321,4.98704693046321,4.0
