,Rseq_targets,Rseq_hits,Rfrequency
true_Rseq,4.235108568323335,4.235108568323335,4.0
alt_corrected,4.108357511297603,4.108357511297603,4.0
alt_corrected_unif,4.24997497573615,4.24997497573615,4.0
alt_uncorrected,5.1214526560495734,5.1214526560495734,4.0
