,Rseq_targets,Rseq_hits,Rfrequency
true_Rseq,4.345841474025423,4.345841474025423,4.0
alt_corrected,4.365758100907886,4.365758100907886,4.0
alt_corrected_unif,4.370630717486462,4.370630717486462,4.0
alt_uncorrected,5.242108397799886,5.242108397799886,4.0
