,Rseq_targets,Rseq_hits,Rfrequency
true_Rseq,3.8136322648395105,3.8136322648395105,4.0
alt_corrected,4.03241275194484,4.03241275194484,4.0
alt_corrected_unif,4.101576614082909,4.101576614082909,4.0
alt_uncorrected,4.973054294396333,4.973054294396333,4.0
