,Rseq_targets,Rseq_hits,Rfrequency
true_Rseq,3.9782604017143353,3.9782604017143353,4.0
alt_corrected,4.168992520118012,4.168992520118012,4.0
alt_corrected_unif,4.241640173926214,4.241640173926214,4.0
alt_uncorrected,5.113117854239638,5.113117854239638,4.0
