,Rseq_targets,Rseq_hits,Rfrequency
true_Rseq,3.9374091397673805,3.9374091397673805,4.0
alt_corrected,3.8597068440627242,3.8597068440627242,4.0
alt_corrected_unif,3.8678149298760736,3.8678149298760736,4.0
alt_uncorrected,4.739292610189498,4.739292610189498,4.0
