,Rseq_targets,Rseq_hits,Rfrequency
true_Rseq,4.567123736680299,4.567123736680299,4.0
alt_corrected,4.437903743933378,4.437903743933378,4.0
alt_corrected_unif,4.487400406682781,4.487400406682781,4.0
alt_uncorrected,5.358878086996205,5.358878086996205,4.0
