,Rseq_targets,Rseq_hits,Rfrequency
true_Rseq,3.6317953545010244,3.6317953545010244,4.0
alt_corrected,3.5076643357146295,3.5076643357146295,4.0
alt_corrected_unif,3.568932138264255,3.568932138264255,4.0
alt_uncorrected,4.440409818577679,4.440409818577679,4.0
