,Rseq_targets,Rseq_hits,Rfrequency
true_Rseq,3.4120662223898783,3.4120662223898783,4.0
alt_corrected,3.4256760762478966,3.4256760762478966,4.0
alt_corrected_unif,3.4382603445703572,3.4382603445703572,4.0
alt_uncorrected,4.3097380248837815,4.3097380248837815,4.0
