,Rseq_targets,Rseq_hits,Rfrequency
true_Rseq,3.537468478174697,3.537468478174697,4.0
alt_corrected,3.590833542094658,3.590833542094658,4.0
alt_corrected_unif,3.615498738396034,3.615498738396034,4.0
alt_uncorrected,4.4869764187094585,4.4869764187094585,4.0
