,Rseq_targets,Rseq_hits,Rfrequency
true_Rseq,3.9071288229606065,3.9071288229606065,4.0
alt_corrected,3.710906514985532,3.710906514985532,4.0
alt_corrected_unif,3.7751664544161865,3.7751664544161865,4.0
alt_uncorrected,4.646644134729611,4.646644134729611,4.0
