,Rseq_targets,Rseq_hits,Rfrequency
true_Rseq,4.50217810351376,4.50217810351376,4.0
alt_corrected,4.489494725095602,4.489494725095602,4.0
alt_corrected_unif,4.493841272081577,4.493841272081577,4.0
alt_uncorrected,5.3653189523950005,5.3653189523950005,4.0
