,Rseq_targets,Rseq_hits,Rfrequency
true_Rseq,4.743299074081452,4.743299074081452,4.0
alt_corrected,4.656657806478849,4.656657806478849,4.0
alt_corrected_unif,4.667528516241013,4.667528516241013,4.0
alt_uncorrected,5.539006196554437,5.539006196554437,4.0
