,Rseq_targets,Rseq_hits,Rfrequency
true_Rseq,4.500184925449374,4.500184925449374,4.0
alt_corrected,4.414695916592434,4.414695916592434,4.0
alt_corrected_unif,4.444250519938262,4.444250519938262,4.0
alt_uncorrected,5.3157282002516855,5.3157282002516855,4.0
