,Rseq_targets,Rseq_hits,Rfrequency
true_Rseq,4.027243488261588,4.027243488261588,4.0
alt_corrected,3.8666464366136633,3.8666464366136633,4.0
alt_corrected_unif,3.916635055339785,3.916635055339785,4.0
alt_uncorrected,4.788112735653209,4.788112735653209,4.0
