,Rseq_targets,Rseq_hits,Rfrequency
true_Rseq,4.698929930739686,4.698929930739686,4.0
alt_corrected,4.462544850247188,4.462544850247188,4.0
alt_corrected_unif,4.535789090960458,4.535789090960458,4.0
alt_uncorrected,5.407266771273882,5.407266771273882,4.0
