,Rseq_targets,Rseq_hits,Rfrequency
true_Rseq,4.017039374073788,4.017039374073788,4.0
alt_corrected,4.011712133810372,4.011712133810372,4.0
alt_corrected_unif,4.0855189153247515,4.0855189153247515,4.0
alt_uncorrected,4.956996595638175,4.956996595638175,4.0
