,Rseq_targets,Rseq_hits,Rfrequency
true_Rseq,4.281515151341036,4.281515151341036,4.0
alt_corrected,4.17491963358318,4.17491963358318,4.0
alt_corrected_unif,4.215275797541272,4.215275797541272,4.0
alt_uncorrected,5.086753477854697,5.086753477854697,4.0
