,Rseq_targets,Rseq_hits,Rfrequency
true_Rseq,4.187549554235357,4.187549554235357,4.0
alt_corrected,4.196515293979581,4.196515293979581,4.0
alt_corrected_unif,4.1998110475605746,4.1998110475605746,4.0
alt_uncorrected,5.071288727873998,5.071288727873998,4.0
