,Rseq_targets,Rseq_hits,Rfrequency
true_Rseq,-0.5650620534131949,3.287456739908233,4.0
alt_corrected,-0.4845243500279413,3.6795718645211455,4.0
alt_corrected_unif,-0.3913269221813818,3.772769292367705,4.0
alt_uncorrected,0.4801507581320425,4.644246972681129,4.0
