,Rseq_targets,Rseq_hits,Rfrequency
true_Rseq,4.160080612944746,4.160080612944746,4.0
alt_corrected,4.2712618218003655,4.2712618218003655,4.0
alt_corrected_unif,4.3234113387581665,4.3234113387581665,4.0
alt_uncorrected,5.19488901907159,5.19488901907159,4.0
