,Rseq_targets,Rseq_hits,Rfrequency
true_Rseq,3.8064977316796504,3.8064977316796504,4.0
alt_corrected,3.8201251353341616,3.8201251353341616,4.0
alt_corrected_unif,3.883498149662063,3.883498149662063,4.0
alt_uncorrected,4.754975829975487,4.754975829975487,4.0
