,Rseq_targets,Rseq_hits,Rfrequency
true_Rseq,4.772872668469661,4.772872668469661,4.0
alt_corrected,4.772876551194127,4.772876551194127,4.0
alt_corrected_unif,4.78673930991512,4.78673930991512,4.0
alt_uncorrected,5.658216990228544,5.658216990228544,4.0
