,Rseq_targets,Rseq_hits,Rfrequency
true_Rseq,3.9560353089305,3.9560353089305,4.0
alt_corrected,3.9369252173748275,3.9369252173748275,4.0
alt_corrected_unif,3.982002246333747,3.982002246333747,4.0
alt_uncorrected,4.8534799266471715,4.8534799266471715,4.0
