,Rseq_targets,Rseq_hits,Rfrequency
true_Rseq,3.822506865566327,3.822506865566327,4.0
alt_corrected,3.916842913403789,3.916842913403789,4.0
alt_corrected_unif,3.9440493615037426,3.9440493615037426,4.0
alt_uncorrected,4.815527041817167,4.815527041817167,4.0
