,Rseq_targets,Rseq_hits,Rfrequency
true_Rseq,4.642895880821619,4.642895880821619,4.0
alt_corrected,4.45710259268675,4.45710259268675,4.0
alt_corrected_unif,4.580160694393706,4.580160694393706,4.0
alt_uncorrected,5.451638374707131,5.451638374707131,4.0
