,Rseq_targets,Rseq_hits,Rfrequency
true_Rseq,4.001144978812611,4.001144978812611,4.0
alt_corrected,4.199234165842409,4.199234165842409,4.0
alt_corrected_unif,4.292561685751933,4.292561685751933,4.0
alt_uncorrected,5.164039366065357,5.164039366065357,4.0
