,Rseq_targets,Rseq_hits,Rfrequency
true_Rseq,4.123526782564481,4.123526782564481,4.0
alt_corrected,4.176778384333934,4.176778384333934,4.0
alt_corrected_unif,4.18884479260945,4.18884479260945,4.0
alt_uncorrected,5.0603224729228735,5.0603224729228735,4.0
