,Rseq_targets,Rseq_hits,Rfrequency
true_Rseq,4.601976270878738,4.601976270878738,4.0
alt_corrected,4.62324079483983,4.62324079483983,4.0
alt_corrected_unif,4.646376084912793,4.646376084912793,4.0
alt_uncorrected,5.517853765226218,5.517853765226218,4.0
