,Rseq_targets,Rseq_hits,Rfrequency
true_Rseq,0.7309200763408281,3.194703927063821,4.0
alt_corrected,0.7754486749151901,3.2747965537340047,4.0
alt_corrected_unif,0.9552529313789517,3.4546008101977663,4.0
alt_uncorrected,1.826730611692376,4.326078490511191,4.0
