,Rseq_targets,Rseq_hits,Rfrequency
true_Rseq,3.1340477919350285,3.4048380087048944,4.0
alt_corrected,3.2167908281755753,3.48362243066544,4.0
alt_corrected_unif,3.2713196848606354,3.5381512873505003,4.0
alt_uncorrected,4.14279736517406,4.409628967663925,4.0
