,Rseq_targets,Rseq_hits,Rfrequency
true_Rseq,4.60801665498264,4.60801665498264,4.0
alt_corrected,4.343338766528447,4.343338766528447,4.0
alt_corrected_unif,4.388457485979172,4.388457485979172,4.0
alt_uncorrected,5.259935166292596,5.259935166292596,4.0
