,Rseq_targets,Rseq_hits,Rfrequency
true_Rseq,4.227495566833435,4.227495566833435,4.0
alt_corrected,3.9785091210404433,3.9785091210404433,4.0
alt_corrected_unif,4.09287080418124,4.09287080418124,4.0
alt_uncorrected,4.964348484494664,4.964348484494664,4.0
