,Rseq_targets,Rseq_hits,Rfrequency
true_Rseq,5.135628422189411,5.135628422189411,4.0
alt_corrected,4.785017778236526,4.785017778236526,4.0
alt_corrected_unif,4.892560340038173,4.892560340038173,4.0
alt_uncorrected,5.764038020351597,5.764038020351597,4.0
