,Rseq_targets,Rseq_hits,Rfrequency
true_Rseq,3.7240118030736777,3.7240118030736777,4.0
alt_corrected,3.6813309982034266,3.6813309982034266,4.0
alt_corrected_unif,3.7108856015492475,3.7108856015492475,4.0
alt_uncorrected,4.582363281862672,4.582363281862672,4.0
