,Rseq_targets,Rseq_hits,Rfrequency
true_Rseq,4.919565379081938,4.919565379081938,4.0
alt_corrected,4.859276931369568,4.859276931369568,4.0
alt_corrected_unif,4.8718611996920345,4.8718611996920345,4.0
alt_uncorrected,5.743338880005458,5.743338880005458,4.0
