,Rseq_targets,Rseq_hits,Rfrequency
true_Rseq,3.7861795538791636,3.7861795538791636,4.0
alt_corrected,3.883859293728318,3.883859293728318,4.0
alt_corrected_unif,3.925610831915637,3.925610831915637,4.0
alt_uncorrected,4.797088512229061,4.797088512229061,4.0
