,Rseq_targets,Rseq_hits,Rfrequency
true_Rseq,3.955468307500386,3.955468307500386,4.0
alt_corrected,3.881813352244049,3.881813352244049,4.0
alt_corrected_unif,3.910659188104954,3.910659188104954,4.0
alt_uncorrected,4.7821368684183785,4.7821368684183785,4.0
