,Rseq_targets,Rseq_hits,Rfrequency
true_Rseq,3.7711754689342705,3.7711754689342705,4.0
alt_corrected,3.6741070405074736,3.6741070405074736,4.0
alt_corrected_unif,3.6935501297703026,3.6935501297703026,4.0
alt_uncorrected,4.565027810083727,4.565027810083727,4.0
