,Rseq_targets,Rseq_hits,Rfrequency
true_Rseq,4.429912045175438,4.429912045175438,4.0
alt_corrected,4.309243929698379,4.309243929698379,4.0
alt_corrected_unif,4.3493415600190115,4.3493415600190115,4.0
alt_uncorrected,5.220819240332436,5.220819240332436,4.0
