,Rseq_targets,Rseq_hits,Rfrequency
true_Rseq,3.962040887682024,3.962040887682024,4.0
alt_corrected,3.8421490241774405,3.8421490241774405,4.0
alt_corrected_unif,3.8625060161875795,3.8625060161875795,4.0
alt_uncorrected,4.733983696501004,4.733983696501004,4.0
