,Rseq_targets,Rseq_hits,Rfrequency
true_Rseq,3.820737249441393,3.820737249441393,4.0
alt_corrected,3.852945117615992,3.852945117615992,4.0
alt_corrected_unif,3.8752373927527173,3.8752373927527173,4.0
alt_uncorrected,4.746715073066142,4.746715073066142,4.0
