,Rseq_targets,Rseq_hits,Rfrequency
true_Rseq,4.579212968474332,4.579212968474332,4.0
alt_corrected,4.557974666633975,4.557974666633975,4.0
alt_corrected_unif,4.561751790055762,4.561751790055762,4.0
alt_uncorrected,5.433229470369186,5.433229470369186,4.0
