,Rseq_targets,Rseq_hits,Rfrequency
true_Rseq,3.3799328435199154,3.3799328435199154,4.0
alt_corrected,3.138953152780066,3.138953152780066,4.0
alt_corrected_unif,3.2713582661031055,3.2713582661031055,4.0
alt_uncorrected,4.14283594641653,4.14283594641653,4.0
