,Rseq_targets,Rseq_hits,Rfrequency
true_Rseq,4.165439429206277,4.165439429206277,4.0
alt_corrected,3.690894113800952,3.690894113800952,4.0
alt_corrected_unif,3.8450978332111574,3.8450978332111574,4.0
alt_uncorrected,4.716575513524582,4.716575513524582,4.0
