,Rseq_targets,Rseq_hits,Rfrequency
true_Rseq,5.183999133661359,5.183999133661359,4.0
alt_corrected,4.930469046991959,4.930469046991959,4.0
alt_corrected_unif,4.990651991707724,4.990651991707724,4.0
alt_uncorrected,5.8621296720211475,5.8621296720211475,4.0
