,Rseq_targets,Rseq_hits,Rfrequency
true_Rseq,4.020195848464272,4.020195848464272,4.0
alt_corrected,3.885385447709719,3.885385447709719,4.0
alt_corrected_unif,3.9096948826682953,3.9096948826682953,4.0
alt_uncorrected,4.78117256298172,4.78117256298172,4.0
