,Rseq_targets,Rseq_hits,Rfrequency
true_Rseq,3.7898438482938133,3.7898438482938133,4.0
alt_corrected,3.7992684852918583,3.7992684852918583,4.0
alt_corrected_unif,3.8934033560278594,3.8934033560278594,4.0
alt_uncorrected,4.764881036341284,4.764881036341284,4.0
