,Rseq_targets,Rseq_hits,Rfrequency
true_Rseq,3.639978794749836,3.639978794749836,4.0
alt_corrected,3.655798676951698,3.655798676951698,4.0
alt_corrected_unif,3.699422821198627,3.699422821198627,4.0
alt_uncorrected,4.570900501512051,4.570900501512051,4.0
