,Rseq_targets,Rseq_hits,Rfrequency
true_Rseq,4.147635340264236,4.123669749674487,4.0
alt_corrected,4.067346745175865,4.065303779535476,4.0
alt_corrected_unif,4.096545264613919,4.094502298973531,4.0
alt_uncorrected,4.968022944927344,4.965979979286955,4.0
