,Rseq_targets,Rseq_hits,Rfrequency
true_Rseq,3.8323422822814166,3.8323422822814166,4.0
alt_corrected,3.7542281205860264,3.7542281205860264,4.0
alt_corrected_unif,3.7709001668921176,3.7709001668921176,4.0
alt_uncorrected,4.642377847205542,4.642377847205542,4.0
