,Rseq_targets,Rseq_hits,Rfrequency
true_Rseq,4.2509040103826425,4.2509040103826425,4.0
alt_corrected,4.118233352399136,4.118233352399136,4.0
alt_corrected_unif,4.14707918826004,4.14707918826004,4.0
alt_uncorrected,5.018556868573465,5.018556868573465,4.0
