,Rseq_targets,Rseq_hits,Rfrequency
true_Rseq,3.7592734652417263,3.7592734652417263,4.0
alt_corrected,3.7161732023659266,3.7161732023659266,4.0
alt_corrected_unif,3.8281281670694542,3.8281281670694542,4.0
alt_uncorrected,4.699605847382879,4.699605847382879,4.0
