,Rseq_targets,Rseq_hits,Rfrequency
true_Rseq,4.164609645118777,4.164609645118777,4.0
alt_corrected,4.001470925889443,4.001470925889443,4.0
alt_corrected_unif,4.091126044181925,4.091126044181925,4.0
alt_uncorrected,4.962603724495349,4.962603724495349,4.0
