,Rseq_targets,Rseq_hits,Rfrequency
true_Rseq,4.947082196212804,4.947082196212804,4.0
alt_corrected,4.777408846114112,4.777408846114112,4.0
alt_corrected_unif,4.816069855738965,4.816069855738965,4.0
alt_uncorrected,5.687547536052389,5.687547536052389,4.0
