,Rseq_targets,Rseq_hits,Rfrequency
true_Rseq,2.585674927627613,3.4678320062408883,4.0
alt_corrected,2.441065850581242,3.3007294326266177,4.0
alt_corrected_unif,2.5116184298793116,3.3712820119246873,4.0
alt_uncorrected,3.383096110192736,4.242759692238112,4.0
