,Rseq_targets,Rseq_hits,Rfrequency
true_Rseq,3.7948935352005657,3.7948935352005657,4.0
alt_corrected,3.7289163402413013,3.7289163402413013,4.0
alt_corrected_unif,3.751482584667268,3.751482584667268,4.0
alt_uncorrected,4.6229602649806925,4.6229602649806925,4.0
