,Rseq_targets,Rseq_hits,Rfrequency
true_Rseq,4.693852002445974,4.693852002445974,4.0
alt_corrected,4.609001566283783,4.609001566283783,4.0
alt_corrected_unif,4.623139655733926,4.623139655733926,4.0
alt_uncorrected,5.494617336047351,5.494617336047351,4.0
