,Rseq_targets,Rseq_hits,Rfrequency
true_Rseq,4.900696953905278,4.900696953905278,4.0
alt_corrected,4.736575038138401,4.736575038138401,4.0
alt_corrected_unif,4.7919116262402675,4.7919116262402675,4.0
alt_uncorrected,5.663389306553692,5.663389306553692,4.0
