,Rseq_targets,Rseq_hits,Rfrequency
true_Rseq,3.2601886537582736,3.293538572390398,4.0
alt_corrected,3.284101489643553,3.354500533623206,4.0
alt_corrected_unif,3.308766685944929,3.379165729924582,4.0
alt_uncorrected,4.1802443662583535,4.250643410238006,4.0
