,Rseq_targets,Rseq_hits,Rfrequency
true_Rseq,4.443223144666365,4.443223144666365,4.0
alt_corrected,4.358161689716345,4.358161689716345,4.0
alt_corrected_unif,4.370228097991886,4.370228097991886,4.0
alt_uncorrected,5.24170577830531,5.24170577830531,4.0
