,Rseq_targets,Rseq_hits,Rfrequency
true_Rseq,4.635901315755655,4.635901315755655,4.0
alt_corrected,4.542938632314474,4.542938632314474,4.0
alt_corrected_unif,4.56741505981177,4.56741505981177,4.0
alt_uncorrected,5.438892740125195,5.438892740125195,4.0
