,Rseq_targets,Rseq_hits,Rfrequency
true_Rseq,4.275421453528641,4.275421453528641,4.0
alt_corrected,4.043378702091061,4.043378702091061,4.0
alt_corrected_unif,4.1799494636255545,4.1799494636255545,4.0
alt_uncorrected,5.051427143938978,5.051427143938978,4.0
