,Rseq_targets,Rseq_hits,Rfrequency
true_Rseq,3.5742905223465424,3.5742905223465424,4.0
alt_corrected,3.30190952588471,3.30190952588471,4.0
alt_corrected_unif,3.378173815761753,3.378173815761753,4.0
alt_uncorrected,4.2496514960751774,4.2496514960751774,4.0
