,Rseq_targets,Rseq_hits,Rfrequency
true_Rseq,4.436119833403572,4.436119833403572,4.0
alt_corrected,3.9338818574795815,3.9338818574795815,4.0
alt_corrected_unif,4.164984736634947,4.164984736634947,4.0
alt_uncorrected,5.036462416948371,5.036462416948371,4.0
