,Rseq_targets,Rseq_hits,Rfrequency
true_Rseq,3.857402060468581,3.857402060468581,4.0
alt_corrected,3.6860457129400777,3.6860457129400777,4.0
alt_corrected_unif,3.765399016990101,3.765399016990101,4.0
alt_uncorrected,4.636876697303525,4.636876697303525,4.0
