,Rseq_targets,Rseq_hits,Rfrequency
true_Rseq,3.5424138092838477,3.5424138092838477,4.0
alt_corrected,3.4312474302042313,3.4312474302042313,4.0
alt_corrected_unif,3.537170377615895,3.537170377615895,4.0
alt_uncorrected,4.4086480579293195,4.4086480579293195,4.0
