,Rseq_targets,Rseq_hits,Rfrequency
true_Rseq,3.697748929996248,3.697748929996248,4.0
alt_corrected,3.780896578954805,3.780896578954805,4.0
alt_corrected_unif,3.793321109844627,3.793321109844627,4.0
alt_uncorrected,4.664798790158051,4.664798790158051,4.0
