,Rseq_targets,Rseq_hits,Rfrequency
true_Rseq,4.439731906573247,4.439731906573247,4.0
alt_corrected,4.310212000783098,4.310212000783098,4.0
alt_corrected_unif,4.390930902617335,4.390930902617335,4.0
alt_uncorrected,5.2624085829307585,5.2624085829307585,4.0
