,Rseq_targets,Rseq_hits,Rfrequency
true_Rseq,4.562567311178947,4.562567311178947,4.0
alt_corrected,4.144984113450155,4.144984113450155,4.0
alt_corrected_unif,4.2904172116156705,4.2904172116156705,4.0
alt_uncorrected,5.161894891929095,5.161894891929095,4.0
