,Rseq_targets,Rseq_hits,Rfrequency
true_Rseq,5.100579190828066,5.100579190828066,4.0
alt_corrected,4.8385424731608895,4.8385424731608895,4.0
alt_corrected_unif,4.882890197547006,4.882890197547006,4.0
alt_uncorrected,5.75436787786043,5.75436787786043,4.0
