,Rseq_targets,Rseq_hits,Rfrequency
true_Rseq,4.499429226377986,4.499429226377986,4.0
alt_corrected,4.490538583252803,4.490538583252803,4.0
alt_corrected_unif,4.5150150107500995,4.5150150107500995,4.0
alt_uncorrected,5.386492691063524,5.386492691063524,4.0
