,Rseq_targets,Rseq_hits,Rfrequency
true_Rseq,3.9896609658900823,3.9896609658900823,4.0
alt_corrected,3.9583690253893913,3.9583690253893913,4.0
alt_corrected_unif,3.962146148811191,3.962146148811191,4.0
alt_uncorrected,4.833623829124615,4.833623829124615,4.0
