,Rseq_targets,Rseq_hits,Rfrequency
true_Rseq,3.399102113011006,3.399102113011006,4.0
alt_corrected,3.389492272972758,3.389492272972758,4.0
alt_corrected_unif,3.462853903987902,3.462853903987902,4.0
alt_uncorrected,4.334331584301326,4.334331584301326,4.0
