,Rseq_targets,Rseq_hits,Rfrequency
true_Rseq,3.915223662954002,3.915223662954002,4.0
alt_corrected,3.927941792778938,3.927941792778938,4.0
alt_corrected_unif,3.948851027363291,3.948851027363291,4.0
alt_uncorrected,4.820328707676715,4.820328707676715,4.0
