,Rseq_targets,Rseq_hits,Rfrequency
true_Rseq,4.741871651037656,4.741871651037656,4.0
alt_corrected,4.635511345094007,4.635511345094007,4.0
alt_corrected_unif,4.644752031945769,4.644752031945769,4.0
alt_uncorrected,5.516229712259194,5.516229712259194,4.0
