,Rseq_targets,Rseq_hits,Rfrequency
true_Rseq,4.3752080932876565,4.3752080932876565,4.0
alt_corrected,4.173417869495667,4.173417869495667,4.0
alt_corrected_unif,4.266615297342245,4.266615297342245,4.0
alt_uncorrected,5.13809297765567,5.13809297765567,4.0
