,Rseq_targets,Rseq_hits,Rfrequency
true_Rseq,4.644278677742468,4.644278677742468,4.0
alt_corrected,4.4270566859541,4.4270566859541,4.0
alt_corrected_unif,4.463227893599543,4.463227893599543,4.0
alt_uncorrected,5.3347055739129665,5.3347055739129665,4.0
