,Rseq_targets,Rseq_hits,Rfrequency
true_Rseq,3.7453196581934307,3.7453196581934307,4.0
alt_corrected,3.741276350216892,3.741276350216892,4.0
alt_corrected_unif,3.7483405063907287,3.7483405063907287,4.0
alt_uncorrected,4.619818186704153,4.619818186704153,4.0
