,Rseq_targets,Rseq_hits,Rfrequency
true_Rseq,3.7020760986284156,3.7020760986284156,4.0
alt_corrected,3.584362230563505,3.584362230563505,4.0
alt_corrected_unif,3.667492377521874,3.667492377521874,4.0
alt_uncorrected,4.538970057835298,4.538970057835298,4.0
