,Rseq_targets,Rseq_hits,Rfrequency
true_Rseq,4.827826988405651,4.827826988405651,4.0
alt_corrected,4.591384397446033,4.591384397446033,4.0
alt_corrected_unif,4.6593738965556355,4.6593738965556355,4.0
alt_uncorrected,5.530851576869059,5.530851576869059,4.0
