,Rseq_targets,Rseq_hits,Rfrequency
true_Rseq,4.176463027539605,4.176463027539605,4.0
alt_corrected,4.316124593648365,4.316124593648365,4.0
alt_corrected_unif,4.4290122420473175,4.4290122420473175,4.0
alt_uncorrected,5.300489922360741,5.300489922360741,4.0
