,Rseq_targets,Rseq_hits,Rfrequency
true_Rseq,4.1138119935166895,4.1138119935166895,4.0
alt_corrected,3.8644360299277607,3.8644360299277607,4.0
alt_corrected_unif,3.9595399324869427,3.9595399324869427,4.0
alt_uncorrected,4.831017612800367,4.831017612800367,4.0
