,Rseq_targets,Rseq_hits,Rfrequency
true_Rseq,4.5845659126289195,4.5845659126289195,4.0
alt_corrected,4.596105950781362,4.596105950781362,4.0
alt_corrected_unif,4.642429590822227,4.642429590822227,4.0
alt_uncorrected,5.5139072711356505,5.5139072711356505,4.0
