,Rseq_targets,Rseq_hits,Rfrequency
true_Rseq,4.788688448098317,4.788688448098317,4.0
alt_corrected,4.458416052841601,4.458416052841601,4.0
alt_corrected_unif,4.52947003364322,4.52947003364322,4.0
alt_uncorrected,5.4009477139566435,5.4009477139566435,4.0
