,Rseq_targets,Rseq_hits,Rfrequency
true_Rseq,4.423466377372051,4.423466377372051,4.0
alt_corrected,4.24385655123949,4.24385655123949,4.0
alt_corrected_unif,4.296008656816781,4.296008656816781,4.0
alt_uncorrected,5.167486337130206,5.167486337130206,4.0
