,Rseq_targets,Rseq_hits,Rfrequency
true_Rseq,4.381436697021373,4.381436697021373,4.0
alt_corrected,4.329196413577648,4.329196413577648,4.0
alt_corrected_unif,4.346191452819431,4.346191452819431,4.0
alt_uncorrected,5.217669133132856,5.217669133132856,4.0
