,Rseq_targets,Rseq_hits,Rfrequency
true_Rseq,5.096890441423449,5.096890441423449,4.0
alt_corrected,4.72656656963325,4.72656656963325,4.0
alt_corrected_unif,4.852251076872596,4.852251076872596,4.0
alt_uncorrected,5.72372875718602,5.72372875718602,4.0
