,Rseq_targets,Rseq_hits,Rfrequency
true_Rseq,3.7579473373933308,3.7579473373933308,4.0
alt_corrected,3.602855850772105,3.602855850772105,4.0
alt_corrected_unif,3.6615390137337545,3.6615390137337545,4.0
alt_uncorrected,4.533016694047179,4.533016694047179,4.0
