,Rseq_targets,Rseq_hits,Rfrequency
true_Rseq,4.225568121864532,4.225568121864532,4.0
alt_corrected,4.19498379224169,4.19498379224169,4.0
alt_corrected_unif,4.231743309771769,4.231743309771769,4.0
alt_uncorrected,5.103220990085193,5.103220990085193,4.0
