,Rseq_targets,Rseq_hits,Rfrequency
true_Rseq,4.309524724882056,4.309524724882056,4.0
alt_corrected,4.080965910319971,4.080965910319971,4.0
alt_corrected_unif,4.14232302583153,4.14232302583153,4.0
alt_uncorrected,5.013800706144955,5.013800706144955,4.0
