,Rseq_targets,Rseq_hits,Rfrequency
true_Rseq,4.151191601453328,4.151191601453328,4.0
alt_corrected,4.062618587787982,4.062618587787982,4.0
alt_corrected_unif,4.102885989023468,4.102885989023468,4.0
alt_uncorrected,4.974363669336892,4.974363669336892,4.0
