,Rseq_targets,Rseq_hits,Rfrequency
true_Rseq,4.040359068783858,4.040359068783858,4.0
alt_corrected,4.075380518178772,4.075380518178772,4.0
alt_corrected_unif,4.078097042254383,4.078097042254383,4.0
alt_uncorrected,4.949574722567807,4.949574722567807,4.0
