,Rseq_targets,Rseq_hits,Rfrequency
true_Rseq,3.836026209855696,3.836026209855696,4.0
alt_corrected,3.7531180269567885,3.7531180269567885,4.0
alt_corrected_unif,3.771603748505226,3.771603748505226,4.0
alt_uncorrected,4.64308142881865,4.64308142881865,4.0
