,Rseq_targets,Rseq_hits,Rfrequency
true_Rseq,4.327313892494557,4.327313892494557,4.0
alt_corrected,4.082384157742357,4.082384157742357,4.0
alt_corrected_unif,4.18838110174695,4.18838110174695,4.0
alt_uncorrected,5.059858782060374,5.059858782060374,4.0
