,Rseq_targets,Rseq_hits,Rfrequency
true_Rseq,5.469572409939992,5.469572409939992,4.0
alt_corrected,5.074933375582769,5.074933375582769,4.0
alt_corrected_unif,5.177619363007162,5.177619363007162,4.0
alt_uncorrected,6.049097043320587,6.049097043320587,4.0
