,Rseq_targets,Rseq_hits,Rfrequency
true_Rseq,4.569337811788951,4.569337811788951,4.0
alt_corrected,4.460335854215916,4.460335854215916,4.0
alt_corrected_unif,4.485664722590704,4.485664722590704,4.0
alt_uncorrected,5.357142402904128,5.357142402904128,4.0
