,Rseq_targets,Rseq_hits,Rfrequency
true_Rseq,3.3105044033985465,3.3105044033985465,4.0
alt_corrected,3.1881886974539695,3.1881886974539695,4.0
alt_corrected_unif,3.2060127856355076,3.2060127856355076,4.0
alt_uncorrected,4.077490465948932,4.077490465948932,4.0
