,Rseq_targets,Rseq_hits,Rfrequency
true_Rseq,4.020558077761613,4.020558077761613,4.0
alt_corrected,4.029472068573498,4.029472068573498,4.0
alt_corrected_unif,4.098629281563328,4.098629281563328,4.0
alt_uncorrected,4.970106961876752,4.970106961876752,4.0
