,Rseq_targets,Rseq_hits,Rfrequency
true_Rseq,3.9823418947157165,3.9823418947157165,4.0
alt_corrected,3.9243709104748783,3.9243709104748783,4.0
alt_corrected_unif,3.9401390228354223,3.9401390228354223,4.0
alt_uncorrected,4.811616703148847,4.811616703148847,4.0
