,Rseq_targets,Rseq_hits,Rfrequency
true_Rseq,4.717677261593333,4.717677261593333,4.0
alt_corrected,4.741723807544897,4.741723807544897,4.0
alt_corrected_unif,4.7596285715713975,4.7596285715713975,4.0
alt_uncorrected,5.631106251884821,5.631106251884821,4.0
