,Rseq_targets,Rseq_hits,Rfrequency
true_Rseq,4.071950903521628,4.071950903521628,4.0
alt_corrected,4.219026831097038,4.219026831097038,4.0
alt_corrected_unif,4.242162121170004,4.242162121170004,4.0
alt_uncorrected,5.113639801483429,5.113639801483429,4.0
