,Rseq_targets,Rseq_hits,Rfrequency
true_Rseq,3.2921092213649796,2.997382821009843,4.0
alt_corrected,2.696769313230318,2.480812828516811,4.0
alt_corrected_unif,2.9015109887908426,2.6855545040773356,4.0
alt_uncorrected,3.772988669104267,3.55703218439076,4.0
