,Rseq_targets,Rseq_hits,Rfrequency
true_Rseq,4.511943432924866,4.511943432924866,4.0
alt_corrected,4.255488251632384,4.255488251632384,4.0
alt_corrected_unif,4.368053002235099,4.368053002235099,4.0
alt_uncorrected,5.239530682548524,5.239530682548524,4.0
