,Rseq_targets,Rseq_hits,Rfrequency
true_Rseq,3.9892008477795127,3.9892008477795127,4.0
alt_corrected,3.9976066396049936,3.9976066396049936,4.0
alt_corrected_unif,4.05688041371463,4.05688041371463,4.0
alt_uncorrected,4.928358094028054,4.928358094028054,4.0
