,Rseq_targets,Rseq_hits,Rfrequency
true_Rseq,3.9442263734494887,3.9442263734494887,4.0
alt_corrected,3.998656162594857,3.998656162594857,4.0
alt_corrected_unif,4.0186717903717,4.0186717903717,4.0
alt_uncorrected,4.890149470685124,4.890149470685124,4.0
