,Rseq_targets,Rseq_hits,Rfrequency
true_Rseq,4.4065912068919,4.4065912068919,4.0
alt_corrected,4.373114791146119,4.373114791146119,4.0
alt_corrected_unif,4.527278171835103,4.527278171835103,4.0
alt_uncorrected,5.398755852148528,5.398755852148528,4.0
