,Rseq_targets,Rseq_hits,Rfrequency
true_Rseq,4.358803306389667,4.358803306389667,4.0
alt_corrected,4.264862534951648,4.264862534951648,4.0
alt_corrected_unif,4.312553840808487,4.312553840808487,4.0
alt_uncorrected,5.184031521121911,5.184031521121911,4.0
