,Rseq_targets,Rseq_hits,Rfrequency
true_Rseq,4.465791070100977,4.465791070100977,4.0
alt_corrected,4.407660509287124,4.407660509287124,4.0
alt_corrected_unif,4.425484597468662,4.425484597468662,4.0
alt_uncorrected,5.296962277782087,5.296962277782087,4.0
