,Rseq_targets,Rseq_hits,Rfrequency
true_Rseq,4.694242910498234,4.694242910498234,4.0
alt_corrected,4.633884096981394,4.633884096981394,4.0
alt_corrected_unif,4.6605566593493055,4.6605566593493055,4.0
alt_uncorrected,5.53203433966273,5.53203433966273,4.0
