,Rseq_targets,Rseq_hits,Rfrequency
true_Rseq,3.708083014335566,3.708083014335566,4.0
alt_corrected,3.6651155993635416,3.6651155993635416,4.0
alt_corrected_unif,3.672179755537369,3.672179755537369,4.0
alt_uncorrected,4.543657435850793,4.543657435850793,4.0
