,Rseq_targets,Rseq_hits,Rfrequency
true_Rseq,4.874572638159263,4.874572638159263,4.0
alt_corrected,4.822146630985943,4.822146630985943,4.0
alt_corrected_unif,4.839141670227718,4.839141670227718,4.0
alt_uncorrected,5.710619350541142,5.710619350541142,4.0
