,Rseq_targets,Rseq_hits,Rfrequency
true_Rseq,3.6940316660589323,3.6940316660589323,4.0
alt_corrected,3.9975083334288954,3.9975083334288954,4.0
alt_corrected_unif,4.107754278153987,4.107754278153987,4.0
alt_uncorrected,4.979231958467411,4.979231958467411,4.0
