,Rseq_targets,Rseq_hits,Rfrequency
true_Rseq,3.2543561680946844,3.2543561680946844,4.0
alt_corrected,3.4360218437712957,3.4360218437712957,4.0
alt_corrected_unif,3.5026561907824543,3.5026561907824543,4.0
alt_uncorrected,4.374133871095879,4.374133871095879,4.0
