,Rseq_targets,Rseq_hits,Rfrequency
true_Rseq,3.7619670953621434,3.7619670953621434,4.0
alt_corrected,3.764900425038482,3.764900425038482,4.0
alt_corrected_unif,3.7665391687778373,3.7665391687778373,4.0
alt_uncorrected,4.638016849091262,4.638016849091262,4.0
