,Rseq_targets,Rseq_hits,Rfrequency
true_Rseq,4.6821248766967845,4.6821248766967845,4.0
alt_corrected,4.157540971714521,4.157540971714521,4.0
alt_corrected_unif,4.33297515492772,4.33297515492772,4.0
alt_uncorrected,5.2044528352411445,5.2044528352411445,4.0
