,Rseq_targets,Rseq_hits,Rfrequency
true_Rseq,3.688608900546857,3.688608900546857,4.0
alt_corrected,3.758493543959367,3.758493543959367,4.0
alt_corrected_unif,3.8217409703671703,3.8217409703671703,4.0
alt_uncorrected,4.693218650680595,4.693218650680595,4.0
