,Rseq_targets,Rseq_hits,Rfrequency
true_Rseq,4.25091901957014,4.25091901957014,4.0
alt_corrected,4.190479084774685,4.190479084774685,4.0
alt_corrected_unif,4.195913218038111,4.195913218038111,4.0
alt_uncorrected,5.067390898351536,5.067390898351536,4.0
