,Rseq_targets,Rseq_hits,Rfrequency
true_Rseq,4.375004443246615,4.375004443246615,4.0
alt_corrected,4.416426435748811,4.416426435748811,4.0
alt_corrected_unif,4.428492844024326,4.428492844024326,4.0
alt_uncorrected,5.29997052433775,5.29997052433775,4.0
