,Rseq_targets,Rseq_hits,Rfrequency
true_Rseq,3.995614114439949,3.995614114439949,4.0
alt_corrected,3.9224807253732923,3.9224807253732923,4.0
alt_corrected_unif,3.9471459216746605,3.9471459216746605,4.0
alt_uncorrected,4.818623601988085,4.818623601988085,4.0
