,Rseq_targets,Rseq_hits,Rfrequency
true_Rseq,4.04207365470025,4.04207365470025,4.0
alt_corrected,3.7575700689999993,3.7575700689999993,4.0
alt_corrected_unif,3.9897574298344582,3.9897574298344582,4.0
alt_uncorrected,4.861235110147883,4.861235110147883,4.0
