,Rseq_targets,Rseq_hits,Rfrequency
true_Rseq,4.574811997830311,4.574811997830311,4.0
alt_corrected,4.1874302931621195,4.1874302931621195,4.0
alt_corrected_unif,4.284446725004944,4.284446725004944,4.0
alt_uncorrected,5.155924405318368,5.155924405318368,4.0
