,Rseq_targets,Rseq_hits,Rfrequency
true_Rseq,4.502736473985438,4.502736473985438,4.0
alt_corrected,4.206462041029033,4.206462041029033,4.0
alt_corrected_unif,4.277964115325933,4.277964115325933,4.0
alt_uncorrected,5.149441795639357,5.149441795639357,4.0
