,Rseq_targets,Rseq_hits,Rfrequency
true_Rseq,-0.06613428824305956,3.0710853844191526,4.0
alt_corrected,0.10179365973644039,3.0894573790666344,4.0
alt_corrected_unif,0.3351609779867828,3.322824697316977,4.0
alt_uncorrected,1.2066386583002071,4.194302377630401,4.0
