,Rseq_targets,Rseq_hits,Rfrequency
true_Rseq,4.485557900391591,4.485557900391591,4.0
alt_corrected,4.509625086852715,4.509625086852715,4.0
alt_corrected_unif,4.534650059852774,4.534650059852774,4.0
alt_uncorrected,5.406127740166198,5.406127740166198,4.0
