,Rseq_targets,Rseq_hits,Rfrequency
true_Rseq,4.57713060364328,4.57713060364328,4.0
alt_corrected,4.579858514266332,4.579858514266332,4.0
alt_corrected_unif,4.589786542859432,4.589786542859432,4.0
alt_uncorrected,5.461264223172856,5.461264223172856,4.0
