,Rseq_targets,Rseq_hits,Rfrequency
true_Rseq,-0.20721028820701903,3.2878292857502913,4.0
alt_corrected,0.031636567714972585,3.572458622243222,4.0
alt_corrected_unif,0.11134316812579037,3.6521652226540398,4.0
alt_uncorrected,0.9828208484392147,4.523642902967464,4.0
