,Rseq_targets,Rseq_hits,Rfrequency
true_Rseq,4.666765425066062,4.666765425066062,4.0
alt_corrected,4.255180206934377,4.255180206934377,4.0
alt_corrected_unif,4.397554897639019,4.397554897639019,4.0
alt_uncorrected,5.2690325779524425,5.2690325779524425,4.0
