,Rseq_targets,Rseq_hits,Rfrequency
true_Rseq,4.10000029146134,4.10000029146134,4.0
alt_corrected,3.979805997596364,3.979805997596364,4.0
alt_corrected_unif,4.089344069191146,4.089344069191146,4.0
alt_uncorrected,4.96082174950457,4.96082174950457,4.0
