,Rseq_targets,Rseq_hits,Rfrequency
true_Rseq,3.727363381494653,3.727363381494653,4.0
alt_corrected,3.6824194466016897,3.6824194466016897,4.0
alt_corrected_unif,3.700324210628191,3.700324210628191,4.0
alt_uncorrected,4.571801890941615,4.571801890941615,4.0
