,Rseq_targets,Rseq_hits,Rfrequency
true_Rseq,2.9840121531204513,2.9840121531204513,4.0
alt_corrected,2.971878049958059,2.971878049958059,4.0
alt_corrected_unif,3.018445022352707,3.018445022352707,4.0
alt_uncorrected,3.8899227026661314,3.8899227026661314,4.0
