,Rseq_targets,Rseq_hits,Rfrequency
true_Rseq,3.668430331964493,3.668430331964493,4.0
alt_corrected,3.7923512112204714,3.7923512112204714,4.0
alt_corrected_unif,3.83483832920729,3.83483832920729,4.0
alt_uncorrected,4.706316009520714,4.706316009520714,4.0
