,Rseq_targets,Rseq_hits,Rfrequency
true_Rseq,5.560082506459056,5.391528380707806,4.0
alt_corrected,5.1550321408759725,4.980464557921016,4.0
alt_corrected_unif,5.216178064362172,5.041610481407215,4.0
alt_uncorrected,6.087655744675596,5.913088161720639,4.0
