,Rseq_targets,Rseq_hits,Rfrequency
true_Rseq,3.8629965755535363,3.8629965755535363,4.0
alt_corrected,3.8899065074404295,3.8899065074404295,4.0
alt_corrected_unif,3.894779124019006,3.894779124019006,4.0
alt_uncorrected,4.76625680433243,4.76625680433243,4.0
