,Rseq_targets,Rseq_hits,Rfrequency
true_Rseq,4.143121360637034,4.143121360637034,4.0
alt_corrected,4.101505120828056,4.101505120828056,4.0
alt_corrected_unif,4.119409884854559,4.119409884854559,4.0
alt_uncorrected,4.9908875651679825,4.9908875651679825,4.0
