,Rseq_targets,Rseq_hits,Rfrequency
true_Rseq,3.938049413666385,3.938049413666385,4.0
alt_corrected,3.955539659060592,3.955539659060592,4.0
alt_corrected_unif,3.9781059034865707,3.9781059034865707,4.0
alt_uncorrected,4.849583583799995,4.849583583799995,4.0
