,Rseq_targets,Rseq_hits,Rfrequency
true_Rseq,4.539189399918573,4.539189399918573,4.0
alt_corrected,4.375748921968155,4.375748921968155,4.0
alt_corrected_unif,4.416105085926247,4.416105085926247,4.0
alt_uncorrected,5.287582766239671,5.287582766239671,4.0
