,Rseq_targets,Rseq_hits,Rfrequency
true_Rseq,4.40372155999491,4.40372155999491,4.0
alt_corrected,4.401025775366947,4.401025775366947,4.0
alt_corrected_unif,4.441293176602439,4.441293176602439,4.0
alt_uncorrected,5.312770856915864,5.312770856915864,4.0
