,Rseq_targets,Rseq_hits,Rfrequency
true_Rseq,4.265018629473522,4.265018629473522,4.0
alt_corrected,4.0941597317045915,4.0941597317045915,4.0
alt_corrected_unif,4.157005993647374,4.157005993647374,4.0
alt_uncorrected,5.028483673960798,5.028483673960798,4.0
