,Rseq_targets,Rseq_hits,Rfrequency
true_Rseq,4.615411032906956,4.615411032906956,4.0
alt_corrected,4.394540578878308,4.394540578878308,4.0
alt_corrected_unif,4.451701964709725,4.451701964709725,4.0
alt_uncorrected,5.32317964502315,5.32317964502315,4.0
