,Rseq_targets,Rseq_hits,Rfrequency
true_Rseq,4.062883141823406,4.062883141823406,4.0
alt_corrected,4.102161665307625,4.102161665307625,4.0
alt_corrected_unif,4.116777735792752,4.116777735792752,4.0
alt_uncorrected,4.988255416106176,4.988255416106176,4.0
