,Rseq_targets,Rseq_hits,Rfrequency
true_Rseq,4.0922872523037555,4.0922872523037555,4.0
alt_corrected,4.040714816621979,4.040714816621979,4.0
alt_corrected_unif,4.131934895660331,4.131934895660331,4.0
alt_uncorrected,5.003412575973755,5.003412575973755,4.0
