,Rseq_targets,Rseq_hits,Rfrequency
true_Rseq,4.493481630158048,4.493481630158048,4.0
alt_corrected,4.203299713245524,4.203299713245524,4.0
alt_corrected_unif,4.3266099801833455,4.3266099801833455,4.0
alt_uncorrected,5.198087660496769,5.198087660496769,4.0
