,Rseq_targets,Rseq_hits,Rfrequency
true_Rseq,3.8413069542885285,3.8413069542885285,4.0
alt_corrected,3.7501577894836187,3.7501577894836187,4.0
alt_corrected_unif,3.7640205482046105,3.7640205482046105,4.0
alt_uncorrected,4.635498228518035,4.635498228518035,4.0
