,Rseq_targets,Rseq_hits,Rfrequency
true_Rseq,3.970828184851227,3.970828184851227,4.0
alt_corrected,3.953986888114042,3.953986888114042,4.0
alt_corrected_unif,3.9648575978762035,3.9648575978762035,4.0
alt_uncorrected,4.836335278189628,4.836335278189628,4.0
