,Rseq_targets,Rseq_hits,Rfrequency
true_Rseq,4.087108687842648,4.087108687842648,4.0
alt_corrected,4.081551910358137,4.081551910358137,4.0
alt_corrected_unif,4.11244270884038,4.11244270884038,4.0
alt_uncorrected,4.983920389153804,4.983920389153804,4.0
