,Rseq_targets,Rseq_hits,Rfrequency
true_Rseq,4.210692052210886,4.210692052210886,4.0
alt_corrected,4.191972734755743,4.191972734755743,4.0
alt_corrected_unif,4.22353617980451,4.22353617980451,4.0
alt_uncorrected,5.095013860117934,5.095013860117934,4.0
