,Rseq_targets,Rseq_hits,Rfrequency
true_Rseq,4.1043092882422165,4.1043092882422165,4.0
alt_corrected,4.024736740889974,4.024736740889974,4.0
alt_corrected_unif,4.09027573140294,4.09027573140294,4.0
alt_uncorrected,4.961753411716364,4.961753411716364,4.0
