,Rseq_targets,Rseq_hits,Rfrequency
true_Rseq,3.6295228254005245,3.660000079325255,4.0
alt_corrected,3.6651387974458003,3.734645915105794,4.0
alt_corrected_unif,3.689011728570424,3.7585188462304173,4.0
alt_uncorrected,4.560489408883848,4.629996526543842,4.0
