,Rseq_targets,Rseq_hits,Rfrequency
true_Rseq,4.299896311827443,4.299896311827443,4.0
alt_corrected,4.068587504901034,4.068587504901034,4.0
alt_corrected_unif,4.16894421343823,4.16894421343823,4.0
alt_uncorrected,5.040421893751655,5.040421893751655,4.0
