,Rseq_targets,Rseq_hits,Rfrequency
true_Rseq,4.014266203118885,4.014266203118885,4.0
alt_corrected,3.9325528574506676,3.9325528574506676,4.0
alt_corrected_unif,3.967937145044121,3.967937145044121,4.0
alt_uncorrected,4.8394148253575455,4.8394148253575455,4.0
