,Rseq_targets,Rseq_hits,Rfrequency
true_Rseq,3.3258522553648007,3.3258522553648007,4.0
alt_corrected,3.386315419078332,3.386315419078332,4.0
alt_corrected_unif,3.422090763963778,3.422090763963778,4.0
alt_uncorrected,4.293568444277202,4.293568444277202,4.0
