,Rseq_targets,Rseq_hits,Rfrequency
true_Rseq,4.333654604404491,4.333654604404491,4.0
alt_corrected,3.8881240139249806,3.8881240139249806,4.0
alt_corrected_unif,4.104376688105308,4.104376688105308,4.0
alt_uncorrected,4.975854368418732,4.975854368418732,4.0
