,Rseq_targets,Rseq_hits,Rfrequency
true_Rseq,3.7890710824875864,3.7890710824875864,4.0
alt_corrected,3.81354167588535,3.81354167588535,4.0
alt_corrected_unif,3.898883169270689,3.898883169270689,4.0
alt_uncorrected,4.770360849584113,4.770360849584113,4.0
