,Rseq_targets,Rseq_hits,Rfrequency
true_Rseq,3.9686147734290147,3.9686147734290147,4.0
alt_corrected,3.8923209361115534,3.8923209361115534,4.0
alt_corrected_unif,3.903649973844623,3.903649973844623,4.0
alt_uncorrected,4.775127654158047,4.775127654158047,4.0
