,Rseq_targets,Rseq_hits,Rfrequency
true_Rseq,4.548658209216963,4.548658209216963,4.0
alt_corrected,4.295755740470867,4.295755740470867,4.0
alt_corrected_unif,4.396540361903121,4.396540361903121,4.0
alt_uncorrected,5.2680180422165455,5.2680180422165455,4.0
