,Rseq_targets,Rseq_hits,Rfrequency
true_Rseq,4.619091127398848,4.619091127398848,4.0
alt_corrected,4.5206164263182576,4.5206164263182576,4.0
alt_corrected_unif,4.596880716195303,4.596880716195303,4.0
alt_uncorrected,5.468358396508727,5.468358396508727,4.0
