,Rseq_targets,Rseq_hits,Rfrequency
true_Rseq,4.210818506940459,4.210818506940459,4.0
alt_corrected,4.210882407204121,4.210882407204121,4.0
alt_corrected_unif,4.2283932396155635,4.2283932396155635,4.0
alt_uncorrected,5.099870919928987,5.099870919928987,4.0
