,Rseq_targets,Rseq_hits,Rfrequency
true_Rseq,4.242177200125813,4.242177200125813,4.0
alt_corrected,4.330203026288903,4.330203026288903,4.0
alt_corrected_unif,4.346931621313683,4.346931621313683,4.0
alt_uncorrected,5.218409301627108,5.218409301627108,4.0
