,Rseq_targets,Rseq_hits,Rfrequency
true_Rseq,3.9930728626413474,3.9930728626413474,4.0
alt_corrected,4.193260171078237,4.193260171078237,4.0
alt_corrected_unif,4.220466619178207,4.220466619178207,4.0
alt_uncorrected,5.091944299491631,5.091944299491631,4.0
