,Rseq_targets,Rseq_hits,Rfrequency
true_Rseq,4.205241821362629,4.205241821362629,4.0
alt_corrected,4.1682490427604435,4.1682490427604435,4.0
alt_corrected_unif,4.198589247017647,4.198589247017647,4.0
alt_uncorrected,5.070066927331072,5.070066927331072,4.0
