,Rseq_targets,Rseq_hits,Rfrequency
true_Rseq,4.122639763963691,4.122639763963691,4.0
alt_corrected,4.079931647053653,4.079931647053653,4.0
alt_corrected_unif,4.0996888397625515,4.0996888397625515,4.0
alt_uncorrected,4.971166520075976,4.971166520075976,4.0
