,Rseq_targets,Rseq_hits,Rfrequency
true_Rseq,3.33211898851832,3.33211898851832,4.0
alt_corrected,3.368456465282812,3.368456465282812,4.0
alt_corrected_unif,3.393121661584192,3.393121661584192,4.0
alt_uncorrected,4.2645993418976165,4.2645993418976165,4.0
