,Rseq_targets,Rseq_hits,Rfrequency
true_Rseq,2.9448527921011287,2.9448527921011287,4.0
alt_corrected,3.2190025750883517,3.2190025750883517,4.0
alt_corrected_unif,3.3085267493024557,3.3085267493024557,4.0
alt_uncorrected,4.18000442961588,4.18000442961588,4.0
