,Rseq_targets,Rseq_hits,Rfrequency
true_Rseq,4.502454227474701,4.502454227474701,4.0
alt_corrected,4.441513803953665,4.441513803953665,4.0
alt_corrected_unif,4.454098072276132,4.454098072276132,4.0
alt_uncorrected,5.325575752589557,5.325575752589557,4.0
