,Rseq_targets,Rseq_hits,Rfrequency
true_Rseq,4.093814480268748,4.093814480268748,4.0
alt_corrected,4.007076910001829,4.007076910001829,4.0
alt_corrected_unif,4.012975743399361,4.012975743399361,4.0
alt_uncorrected,4.8844534237127855,4.8844534237127855,4.0
