,Rseq_targets,Rseq_hits,Rfrequency
true_Rseq,3.6385482987164446,3.6385482987164446,4.0
alt_corrected,3.833982321838101,3.833982321838101,4.0
alt_corrected_unif,3.8967506433779575,3.8967506433779575,4.0
alt_uncorrected,4.768228323691382,4.768228323691382,4.0
