,Rseq_targets,Rseq_hits,Rfrequency
true_Rseq,3.888849390318015,3.888849390318015,4.0
alt_corrected,4.031051593655118,4.031051593655118,4.0
alt_corrected_unif,4.05925341822987,4.05925341822987,4.0
alt_uncorrected,4.930731098543295,4.930731098543295,4.0
