,Rseq_targets,Rseq_hits,Rfrequency
true_Rseq,4.500084018138954,4.500084018138954,4.0
alt_corrected,4.491476434374837,4.491476434374837,4.0
alt_corrected_unif,4.54727186798039,4.54727186798039,4.0
alt_uncorrected,5.418749548293814,5.418749548293814,4.0
