,Rseq_targets,Rseq_hits,Rfrequency
true_Rseq,4.4351774863824005,4.4351774863824005,4.0
alt_corrected,4.367930719612572,4.367930719612572,4.0
alt_corrected_unif,4.395812642404271,4.395812642404271,4.0
alt_uncorrected,5.267290322717695,5.267290322717695,4.0
