,Rseq_targets,Rseq_hits,Rfrequency
true_Rseq,3.9505326104697653,3.9505326104697653,4.0
alt_corrected,4.236191544819484,4.236191544819484,4.0
alt_corrected_unif,4.336310201999776,4.336310201999776,4.0
alt_uncorrected,5.2077878823132,5.2077878823132,4.0
