,Rseq_targets,Rseq_hits,Rfrequency
true_Rseq,4.189024011077482,4.189024011077482,4.0
alt_corrected,4.13956502414023,4.13956502414023,4.0
alt_corrected_unif,4.171929775454009,4.171929775454009,4.0
alt_uncorrected,5.043407455767433,5.043407455767433,4.0
