,Rseq_targets,Rseq_hits,Rfrequency
true_Rseq,4.268782258523707,4.268782258523707,4.0
alt_corrected,4.078790442349687,4.078790442349687,4.0
alt_corrected_unif,4.314746864849365,4.314746864849365,4.0
alt_uncorrected,5.18622454516279,5.18622454516279,4.0
