,Rseq_targets,Rseq_hits,Rfrequency
true_Rseq,4.102589178513775,4.102589178513775,4.0
alt_corrected,4.236492372441756,4.236492372441756,4.0
alt_corrected_unif,4.273856399518838,4.273856399518838,4.0
alt_uncorrected,5.145334079832262,5.145334079832262,4.0
