,Rseq_targets,Rseq_hits,Rfrequency
true_Rseq,3.901752911535292,3.901752911535292,4.0
alt_corrected,3.7748842874085122,3.7748842874085122,4.0
alt_corrected_unif,3.8089073664115918,3.8089073664115918,4.0
alt_uncorrected,4.680385046725016,4.680385046725016,4.0
