,Rseq_targets,Rseq_hits,Rfrequency
true_Rseq,4.289632831763379,4.289632831763379,4.0
alt_corrected,4.142433089574379,4.142433089574379,4.0
alt_corrected_unif,4.187510118533288,4.187510118533288,4.0
alt_uncorrected,5.058987798846712,5.058987798846712,4.0
