,Rseq_targets,Rseq_hits,Rfrequency
true_Rseq,4.729444045883698,4.729444045883698,4.0
alt_corrected,4.828094046298061,4.828094046298061,4.0
alt_corrected_unif,4.848322958379072,4.848322958379072,4.0
alt_uncorrected,5.7198006386924956,5.7198006386924956,4.0
