,Rseq_targets,Rseq_hits,Rfrequency
true_Rseq,4.610098297590778,4.610098297590778,4.0
alt_corrected,4.643294379543445,4.643294379543445,4.0
alt_corrected_unif,4.759342052314619,4.759342052314619,4.0
alt_uncorrected,5.630819732628043,5.630819732628043,4.0
