,Rseq_targets,Rseq_hits,Rfrequency
true_Rseq,4.142412039872124,4.142412039872124,4.0
alt_corrected,4.117947182984895,4.117947182984895,4.0
alt_corrected_unif,4.126055268798234,4.126055268798234,4.0
alt_uncorrected,4.997532949111659,4.997532949111659,4.0
