,Rseq_targets,Rseq_hits,Rfrequency
true_Rseq,3.950506264352896,3.950506264352896,4.0
alt_corrected,3.9469507769523875,3.9469507769523875,4.0
alt_corrected_unif,3.94749402753497,3.94749402753497,4.0
alt_uncorrected,4.8189717078483945,4.8189717078483945,4.0
