,Rseq_targets,Rseq_hits,Rfrequency
true_Rseq,3.7283166450943463,3.7283166450943463,4.0
alt_corrected,3.761348271293175,3.761348271293175,4.0
alt_corrected_unif,3.8049254087503273,3.8049254087503273,4.0
alt_uncorrected,4.676403089063752,4.676403089063752,4.0
