,Rseq_targets,Rseq_hits,Rfrequency
true_Rseq,4.187910568264579,4.187910568264579,4.0
alt_corrected,4.338409158127734,4.338409158127734,4.0
alt_corrected_unif,4.372586337333189,4.372586337333189,4.0
alt_uncorrected,5.244064017646613,5.244064017646613,4.0
