,Rseq_targets,Rseq_hits,Rfrequency
true_Rseq,3.707819615475204,3.707819615475204,4.0
alt_corrected,3.6024268012597798,3.6024268012597798,4.0
alt_corrected_unif,3.6255620913327244,3.6255620913327244,4.0
alt_uncorrected,4.497039771646149,4.497039771646149,4.0
