,Rseq_targets,Rseq_hits,Rfrequency
true_Rseq,4.831291364455566,4.831291364455566,4.0
alt_corrected,4.784530245219584,4.784530245219584,4.0
alt_corrected_unif,4.859291295804232,4.859291295804232,4.0
alt_uncorrected,5.7307689761176555,5.7307689761176555,4.0
