,Rseq_targets,Rseq_hits,Rfrequency
true_Rseq,4.50128877919416,4.50128877919416,4.0
alt_corrected,4.517206456618186,4.517206456618186,4.0
alt_corrected_unif,4.551727300434926,4.551727300434926,4.0
alt_uncorrected,5.42320498074835,5.42320498074835,4.0
