,Rseq_targets,Rseq_hits,Rfrequency
true_Rseq,4.017543713125044,4.017543713125044,4.0
alt_corrected,3.96167056218687,3.96167056218687,4.0
alt_corrected_unif,4.0091428776066245,4.0091428776066245,4.0
alt_uncorrected,4.880620557920048,4.880620557920048,4.0
