,Rseq_targets,Rseq_hits,Rfrequency
true_Rseq,3.6770058576887976,3.6770058576887976,4.0
alt_corrected,3.525456088159257,3.525456088159257,4.0
alt_corrected_unif,3.6162857901300405,3.6162857901300405,4.0
alt_uncorrected,4.487763470443465,4.487763470443465,4.0
