,Rseq_targets,Rseq_hits,Rfrequency
true_Rseq,3.6397955677812206,3.6397955677812206,4.0
alt_corrected,3.5618349810065344,3.5618349810065344,4.0
alt_corrected_unif,3.605985347554412,3.605985347554412,4.0
alt_uncorrected,4.477463027867836,4.477463027867836,4.0
