,Rseq_targets,Rseq_hits,Rfrequency
true_Rseq,3.7224458191562295,3.7224458191562295,4.0
alt_corrected,3.729564466649148,3.729564466649148,4.0
alt_corrected_unif,3.7443048274745876,3.7443048274745876,4.0
alt_uncorrected,4.615782507788012,4.615782507788012,4.0
