,Rseq_targets,Rseq_hits,Rfrequency
true_Rseq,4.779645487994982,4.779645487994982,4.0
alt_corrected,4.817227296314188,4.817227296314188,4.0
alt_corrected_unif,4.830815615264205,4.830815615264205,4.0
alt_uncorrected,5.70229329557763,5.70229329557763,4.0
