,Rseq_targets,Rseq_hits,Rfrequency
true_Rseq,4.7120719340353405,4.7120719340353405,4.0
alt_corrected,4.540729893134799,4.540729893134799,4.0
alt_corrected_unif,4.627758642188159,4.627758642188159,4.0
alt_uncorrected,5.4992363225015835,5.4992363225015835,4.0
