,Rseq_targets,Rseq_hits,Rfrequency
true_Rseq,4.410676371475908,4.410676371475908,4.0
alt_corrected,4.173930424920894,4.173930424920894,4.0
alt_corrected_unif,4.2491826686164575,4.2491826686164575,4.0
alt_uncorrected,5.120660348929881,5.120660348929881,4.0
