,Rseq_targets,Rseq_hits,Rfrequency
true_Rseq,3.6642552008262514,3.6642552008262514,4.0
alt_corrected,3.5861504208520083,3.5861504208520083,4.0
alt_corrected_unif,3.6040551848785056,3.6040551848785056,4.0
alt_uncorrected,4.47553286519193,4.47553286519193,4.0
