,Rseq_targets,Rseq_hits,Rfrequency
true_Rseq,4.5061032699235515,4.5061032699235515,4.0
alt_corrected,4.300940355926005,4.300940355926005,4.0
alt_corrected_unif,4.423307884767295,4.423307884767295,4.0
alt_uncorrected,5.294785565080719,5.294785565080719,4.0
