,Rseq_targets,Rseq_hits,Rfrequency
true_Rseq,4.843292842621659,4.843292842621659,4.0
alt_corrected,4.932762484938369,4.932762484938369,4.0
alt_corrected_unif,4.966939664143833,4.966939664143833,4.0
alt_uncorrected,5.838417344457257,5.838417344457257,4.0
