,Rseq_targets,Rseq_hits,Rfrequency
true_Rseq,3.903221738375282,3.903221738375282,4.0
alt_corrected,4.045051307577461,4.045051307577461,4.0
alt_corrected_unif,4.092145412520761,4.092145412520761,4.0
alt_uncorrected,4.963623092834185,4.963623092834185,4.0
