,Rseq_targets,Rseq_hits,Rfrequency
true_Rseq,4.463738693268034,4.463738693268034,4.0
alt_corrected,4.30541492667649,4.30541492667649,4.0
alt_corrected_unif,4.348420979780128,4.348420979780128,4.0
alt_uncorrected,5.219898660093552,5.219898660093552,4.0
