,Rseq_targets,Rseq_hits,Rfrequency
true_Rseq,4.274991685744538,4.274991685744538,4.0
alt_corrected,4.204259443624276,4.204259443624276,4.0
alt_corrected_unif,4.243714889244767,4.243714889244767,4.0
alt_uncorrected,5.115192569558191,5.115192569558191,4.0
