,Rseq_targets,Rseq_hits,Rfrequency
true_Rseq,3.691499860704541,3.691499860704541,4.0
alt_corrected,3.7522611377321806,3.7522611377321806,4.0
alt_corrected_unif,3.768933184038272,3.768933184038272,4.0
alt_uncorrected,4.640410864351696,4.640410864351696,4.0
