,Rseq_targets,Rseq_hits,Rfrequency
true_Rseq,4.370725981429613,4.370725981429613,4.0
alt_corrected,4.450655994668937,4.450655994668937,4.0
alt_corrected_unif,4.482366402593913,4.482366402593913,4.0
alt_uncorrected,5.3538440829073375,5.3538440829073375,4.0
