,Rseq_targets,Rseq_hits,Rfrequency
true_Rseq,3.9446564564099056,3.9446564564099056,4.0
alt_corrected,3.9564762489875034,3.9564762489875034,4.0
alt_corrected_unif,3.9760617938039284,3.9760617938039284,4.0
alt_uncorrected,4.847539474117353,4.847539474117353,4.0
