,Rseq_targets,Rseq_hits,Rfrequency
true_Rseq,4.198543568004714,4.198543568004714,4.0
alt_corrected,4.137139433707585,4.137139433707585,4.0
alt_corrected_unif,4.177406834943069,4.177406834943069,4.0
alt_uncorrected,5.048884515256493,5.048884515256493,4.0
