,Rseq_targets,Rseq_hits,Rfrequency
true_Rseq,3.727372945767806,3.727372945767806,4.0
alt_corrected,3.8358358737021923,3.8358358737021923,4.0
alt_corrected_unif,3.860501070003559,3.860501070003559,4.0
alt_uncorrected,4.7319787503169835,4.7319787503169835,4.0
