,Rseq_targets,Rseq_hits,Rfrequency
true_Rseq,4.521207005216513,4.521207005216513,4.0
alt_corrected,4.164109323250818,4.164109323250818,4.0
alt_corrected_unif,4.4002348448481055,4.4002348448481055,4.0
alt_uncorrected,5.271712525161529,5.271712525161529,4.0
