,Rseq_targets,Rseq_hits,Rfrequency
true_Rseq,5.023749638394344,5.023749638394344,4.0
alt_corrected,4.871363454860694,4.871363454860694,4.0
alt_corrected_unif,4.929708428440737,4.929708428440737,4.0
alt_uncorrected,5.801186108754161,5.801186108754161,4.0
