,Rseq_targets,Rseq_hits,Rfrequency
true_Rseq,3.6937232053288387,3.6937232053288387,4.0
alt_corrected,3.745157870605299,3.745157870605299,4.0
alt_corrected_unif,3.7796787144220496,3.7796787144220496,4.0
alt_uncorrected,4.651156394735474,4.651156394735474,4.0
