,Rseq_targets,Rseq_hits,Rfrequency
true_Rseq,3.758361297293149,3.758361297293149,4.0
alt_corrected,3.8247922027103667,3.8247922027103667,4.0
alt_corrected_unif,3.9056625891952037,3.9056625891952037,4.0
alt_uncorrected,4.777140269508628,4.777140269508628,4.0
