,Rseq_targets,Rseq_hits,Rfrequency
true_Rseq,4.258689350071435,4.258689350071435,4.0
alt_corrected,4.377884852164779,4.377884852164779,4.0
alt_corrected_unif,4.477508868516914,4.477508868516914,4.0
alt_uncorrected,5.348986548830338,5.348986548830338,4.0
