,Rseq_targets,Rseq_hits,Rfrequency
true_Rseq,3.950271517827227,3.950271517827227,4.0
alt_corrected,4.0186449197337435,4.0186449197337435,4.0
alt_corrected_unif,4.078085792553226,4.078085792553226,4.0
alt_uncorrected,4.94956347286665,4.94956347286665,4.0
