,Rseq_targets,Rseq_hits,Rfrequency
true_Rseq,4.364356940052746,4.364356940052746,4.0
alt_corrected,4.502682219866238,4.502682219866238,4.0
alt_corrected_unif,4.658604590554809,4.658604590554809,4.0
alt_uncorrected,5.530082270868233,5.530082270868233,4.0
