,Rseq_targets,Rseq_hits,Rfrequency
true_Rseq,4.748648812590003,4.748648812590003,4.0
alt_corrected,4.620671828141537,4.620671828141537,4.0
alt_corrected_unif,4.655876088673464,4.655876088673464,4.0
alt_uncorrected,5.527353768986888,5.527353768986888,4.0
