,Rseq_targets,Rseq_hits,Rfrequency
true_Rseq,4.097486736737924,4.097486736737924,4.0
alt_corrected,3.8897678738911186,3.8897678738911186,4.0
alt_corrected_unif,3.9377319455606785,3.9377319455606785,4.0
alt_uncorrected,4.809209625874103,4.809209625874103,4.0
