,Rseq_targets,Rseq_hits,Rfrequency
true_Rseq,4.61897844260949,4.61897844260949,4.0
alt_corrected,4.6274432014642715,4.6274432014642715,4.0
alt_corrected_unif,4.6328773347277075,4.6328773347277075,4.0
alt_uncorrected,5.504355015041132,5.504355015041132,4.0
