,Rseq_targets,Rseq_hits,Rfrequency
true_Rseq,3.965055830707213,3.965055830707213,4.0
alt_corrected,4.043237333404722,4.043237333404722,4.0
alt_corrected_unif,4.0633661288037395,4.0633661288037395,4.0
alt_uncorrected,4.934843809117164,4.934843809117164,4.0
