,Rseq_targets,Rseq_hits,Rfrequency
true_Rseq,4.481638538156423,4.481638538156423,4.0
alt_corrected,4.304706880976753,4.304706880976753,4.0
alt_corrected_unif,4.5229205859751325,4.5229205859751325,4.0
alt_uncorrected,5.394398266288556,5.394398266288556,4.0
