,Rseq_targets,Rseq_hits,Rfrequency
true_Rseq,4.162597118772892,4.162597118772892,4.0
alt_corrected,4.138724351235286,4.138724351235286,4.0
alt_corrected_unif,4.171202260836829,4.171202260836829,4.0
alt_uncorrected,5.0426799411502525,5.0426799411502525,4.0
