,Rseq_targets,Rseq_hits,Rfrequency
true_Rseq,3.7397753991795284,3.7397753991795284,4.0
alt_corrected,3.80862564465006,3.80862564465006,4.0
alt_corrected_unif,3.8358153223851716,3.8358153223851716,4.0
alt_uncorrected,4.707293002698596,4.707293002698596,4.0
