,Rseq_targets,Rseq_hits,Rfrequency
true_Rseq,3.0537551431988357,3.0537551431988357,4.0
alt_corrected,3.1146806770545465,3.1146806770545465,4.0
alt_corrected_unif,3.2174201461022167,3.2174201461022167,4.0
alt_uncorrected,4.088897826415641,4.088897826415641,4.0
