,Rseq_targets,Rseq_hits,Rfrequency
true_Rseq,3.5795076266455155,3.5795076266455155,4.0
alt_corrected,3.535894949189884,3.535894949189884,4.0
alt_corrected_unif,3.5900989362533573,3.5900989362533573,4.0
alt_uncorrected,4.461576616566782,4.461576616566782,4.0
