,Rseq_targets,Rseq_hits,Rfrequency
true_Rseq,3.435287823914379,3.435287823914379,4.0
alt_corrected,3.5480903269907778,3.5480903269907778,4.0
alt_corrected_unif,3.560674595313245,3.560674595313245,4.0
alt_uncorrected,4.432152275626669,4.432152275626669,4.0
