,Rseq_targets,Rseq_hits,Rfrequency
true_Rseq,4.3665706335783785,4.3665706335783785,4.0
alt_corrected,4.4887277497054665,4.4887277497054665,4.0
alt_corrected_unif,4.504168967819584,4.504168967819584,4.0
alt_uncorrected,5.375646648133008,5.375646648133008,4.0
