,Rseq_targets,Rseq_hits,Rfrequency
true_Rseq,3.6928043713695615,3.6928043713695615,4.0
alt_corrected,3.7119825416976533,3.7119825416976533,4.0
alt_corrected_unif,3.722853251459815,3.722853251459815,4.0
alt_uncorrected,4.594330931773239,4.594330931773239,4.0
