,Rseq_targets,Rseq_hits,Rfrequency
true_Rseq,2.9609311123413633,2.9609311123413633,4.0
alt_corrected,2.9002574561464276,2.9002574561464276,4.0
alt_corrected_unif,3.012630315799861,3.012630315799861,4.0
alt_uncorrected,3.8841079961132854,3.8841079961132854,4.0
