,Rseq_targets,Rseq_hits,Rfrequency
true_Rseq,4.507492802617092,4.507492802617092,4.0
alt_corrected,4.3418063299688825,4.3418063299688825,4.0
alt_corrected_unif,4.407284193375585,4.407284193375585,4.0
alt_uncorrected,5.2787618736890085,5.2787618736890085,4.0
