,Rseq_targets,Rseq_hits,Rfrequency
true_Rseq,4.062134336725499,4.062134336725499,4.0
alt_corrected,4.127771378245361,4.127771378245361,4.0
alt_corrected_unif,4.217072653936734,4.217072653936734,4.0
alt_uncorrected,5.088550334250159,5.088550334250159,4.0
