,Rseq_targets,Rseq_hits,Rfrequency
true_Rseq,4.47639907094488,4.47639907094488,4.0
alt_corrected,4.199327353300397,4.199327353300397,4.0
alt_corrected_unif,4.45062252387747,4.45062252387747,4.0
alt_uncorrected,5.322100204190894,5.322100204190894,4.0
