,Rseq_targets,Rseq_hits,Rfrequency
true_Rseq,4.165289565960316,4.165289565960316,4.0
alt_corrected,4.212066108620273,4.212066108620273,4.0
alt_corrected_unif,4.233824926929717,4.233824926929717,4.0
alt_uncorrected,5.105302607243141,5.105302607243141,4.0
