,Rseq_targets,Rseq_hits,Rfrequency
true_Rseq,3.6401378484556464,3.6401378484556464,4.0
alt_corrected,3.5369049789123164,3.5369049789123164,4.0
alt_corrected_unif,3.5664439115456843,3.5664439115456843,4.0
alt_uncorrected,4.437921591859109,4.437921591859109,4.0
