,Rseq_targets,Rseq_hits,Rfrequency
true_Rseq,3.3250911066957425,3.3250911066957425,4.0
alt_corrected,3.4958373820627813,3.4958373820627813,4.0
alt_corrected_unif,3.562444246960856,3.562444246960856,4.0
alt_uncorrected,4.43392192727428,4.43392192727428,4.0
