,Rseq_targets,Rseq_hits,Rfrequency
true_Rseq,4.757745775768303,4.757745775768303,4.0
alt_corrected,4.886286675848373,4.886286675848373,4.0
alt_corrected_unif,4.908852920274343,4.908852920274343,4.0
alt_uncorrected,5.780330600587768,5.780330600587768,4.0
