,Rseq_targets,Rseq_hits,Rfrequency
true_Rseq,3.301188982383243,3.301188982383243,4.0
alt_corrected,3.4097953497403677,3.4097953497403677,4.0
alt_corrected_unif,3.435934081999491,3.435934081999491,4.0
alt_uncorrected,4.307411762312915,4.307411762312915,4.0
