,Rseq_targets,Rseq_hits,Rfrequency
true_Rseq,3.760265106108288,3.760265106108288,4.0
alt_corrected,3.5634008739708753,3.5634008739708753,4.0
alt_corrected_unif,3.656465107214489,3.656465107214489,4.0
alt_uncorrected,4.5279427875279135,4.5279427875279135,4.0
