,Rseq_targets,Rseq_hits,Rfrequency
true_Rseq,4.501324354367423,4.501324354367423,4.0
alt_corrected,4.419644939692752,4.419644939692752,4.0
alt_corrected_unif,4.454849200224681,4.454849200224681,4.0
alt_uncorrected,5.3263268805381045,5.3263268805381045,4.0
