,Rseq_targets,Rseq_hits,Rfrequency
true_Rseq,4.647269581737168,4.647269581737168,4.0
alt_corrected,4.662605365777175,4.662605365777175,4.0
alt_corrected_unif,4.675189634099656,4.675189634099656,4.0
alt_uncorrected,5.54666731441308,5.54666731441308,4.0
