,Rseq_targets,Rseq_hits,Rfrequency
true_Rseq,4.449994766468448,4.449994766468448,4.0
alt_corrected,4.096577642978925,4.096577642978925,4.0
alt_corrected_unif,4.2597801508782105,4.2597801508782105,4.0
alt_uncorrected,5.131257831191635,5.131257831191635,4.0
