,Rseq_targets,Rseq_hits,Rfrequency
true_Rseq,5.4349476477604775,5.4349476477604775,4.0
alt_corrected,5.388627225764189,5.388627225764189,4.0
alt_corrected_unif,5.411841167565997,5.411841167565997,4.0
alt_uncorrected,6.283318847879421,6.283318847879421,4.0
