,Rseq_targets,Rseq_hits,Rfrequency
true_Rseq,4.2439806268560805,4.2439806268560805,4.0
alt_corrected,4.1424383693798115,4.1424383693798115,4.0
alt_corrected_unif,4.195286172196864,4.195286172196864,4.0
alt_uncorrected,5.066763852510288,5.066763852510288,4.0
