,Rseq_targets,Rseq_hits,Rfrequency
true_Rseq,4.838084454342587,4.838084454342587,4.0
alt_corrected,4.715970939867736,4.715970939867736,4.0
alt_corrected_unif,4.7361998519487205,4.7361998519487205,4.0
alt_uncorrected,5.607677532262144,5.607677532262144,4.0
