,Rseq_targets,Rseq_hits,Rfrequency
true_Rseq,4.555828278621982,4.555828278621982,4.0
alt_corrected,4.171451036171417,4.171451036171417,4.0
alt_corrected_unif,4.286471813242336,4.286471813242336,4.0
alt_uncorrected,5.15794949355576,5.15794949355576,4.0
