,Rseq_targets,Rseq_hits,Rfrequency
true_Rseq,4.442509520495987,4.442509520495987,4.0
alt_corrected,4.312854875093075,4.312854875093075,4.0
alt_corrected_unif,4.408952041470403,4.408952041470403,4.0
alt_uncorrected,5.280429721783827,5.280429721783827,4.0
