,Rseq_targets,Rseq_hits,Rfrequency
true_Rseq,3.3026710412462217,3.3026710412462217,4.0
alt_corrected,3.386577288161914,3.386577288161914,4.0
alt_corrected_unif,3.402345400522458,3.402345400522458,4.0
alt_uncorrected,4.273823080835882,4.273823080835882,4.0
