,Rseq_targets,Rseq_hits,Rfrequency
true_Rseq,4.205681284494021,4.205681284494021,4.0
alt_corrected,4.061506043789857,4.061506043789857,4.0
alt_corrected_unif,4.1417749939478625,4.1417749939478625,4.0
alt_uncorrected,5.013252674261286,5.013252674261286,4.0
