,Rseq_targets,Rseq_hits,Rfrequency
true_Rseq,3.2973006353880994,3.2973006353880994,4.0
alt_corrected,3.4599102261311967,3.4599102261311967,4.0
alt_corrected_unif,3.611043856930674,3.611043856930674,4.0
alt_uncorrected,4.482521537244098,4.482521537244098,4.0
