,Rseq_targets,Rseq_hits,Rfrequency
true_Rseq,3.3800266503858047,3.3800266503858047,4.0
alt_corrected,3.2896840161035006,3.2896840161035006,4.0
alt_corrected_unif,3.3623316699117,3.3623316699117,4.0
alt_uncorrected,4.233809350225124,4.233809350225124,4.0
