,Rseq_targets,Rseq_hits,Rfrequency
true_Rseq,4.42667678124127,4.42667678124127,4.0
alt_corrected,4.123413834780723,4.123413834780723,4.0
alt_corrected_unif,4.309934327907188,4.309934327907188,4.0
alt_uncorrected,5.1814120082206125,5.1814120082206125,4.0
