,Rseq_targets,Rseq_hits,Rfrequency
true_Rseq,3.3575067704580794,3.43885703705217,4.0
alt_corrected,3.2957559060141017,3.403496255689322,4.0
alt_corrected_unif,3.345744524740249,3.453484874415469,4.0
alt_uncorrected,4.217222205053673,4.324962554728893,4.0
