,Rseq_targets,Rseq_hits,Rfrequency
true_Rseq,5.386550997772394,5.386550997772394,4.0
alt_corrected,5.097478789448923,5.097478789448923,4.0
alt_corrected_unif,5.1355782823888685,5.1355782823888685,4.0
alt_uncorrected,6.007055962702292,6.007055962702292,4.0
