,Rseq_targets,Rseq_hits,Rfrequency
true_Rseq,4.658290341791911,4.658290341791911,4.0
alt_corrected,4.425644977348453,4.425644977348453,4.0
alt_corrected_unif,4.552732378809495,4.552732378809495,4.0
alt_uncorrected,5.4242100591229185,5.4242100591229185,4.0
