,Rseq_targets,Rseq_hits,Rfrequency
true_Rseq,4.623429141881648,4.623429141881648,4.0
alt_corrected,4.227321333588048,4.227321333588048,4.0
alt_corrected_unif,4.406586216705286,4.406586216705286,4.0
alt_uncorrected,5.2780638970187095,5.2780638970187095,4.0
