,Rseq_targets,Rseq_hits,Rfrequency
true_Rseq,4.60543626495272,4.60543626495272,4.0
alt_corrected,4.594556771361374,4.594556771361374,4.0
alt_corrected_unif,4.697292413419284,4.697292413419284,4.0
alt_uncorrected,5.5687700937327085,5.5687700937327085,4.0
