,Rseq_targets,Rseq_hits,Rfrequency
true_Rseq,4.813128099112496,4.813128099112496,4.0
alt_corrected,4.487236849333753,4.487236849333753,4.0
alt_corrected_unif,4.690298117664826,4.690298117664826,4.0
alt_uncorrected,5.56177579797825,5.56177579797825,4.0
