,Rseq_targets,Rseq_hits,Rfrequency
true_Rseq,4.134817795715808,4.134817795715808,4.0
alt_corrected,4.015806829350849,4.015806829350849,4.0
alt_corrected_unif,4.045596497446075,4.045596497446075,4.0
alt_uncorrected,4.917074177759499,4.917074177759499,4.0
