,Rseq_targets,Rseq_hits,Rfrequency
true_Rseq,4.18777149726348,4.18777149726348,4.0
alt_corrected,4.134865443549202,4.134865443549202,4.0
alt_corrected_unif,4.155094355630187,4.155094355630187,4.0
alt_uncorrected,5.026572035943611,5.026572035943611,4.0
