,Rseq_targets,Rseq_hits,Rfrequency
true_Rseq,5.094566212217636,5.094566212217636,4.0
alt_corrected,4.959260898457588,4.959260898457588,4.0
alt_corrected_unif,4.974275934922067,4.974275934922067,4.0
alt_uncorrected,5.845753615235491,5.845753615235491,4.0
