,Rseq_targets,Rseq_hits,Rfrequency
true_Rseq,1.1780560147528156,2.6012372605757523,4.0
alt_corrected,1.350736317877077,2.7945035341927578,4.0
alt_corrected_unif,1.428032679020108,2.871799895335789,4.0
alt_uncorrected,2.2995103593335324,3.743277575649213,4.0
