,Rseq_targets,Rseq_hits,Rfrequency
true_Rseq,5.307547638602518,5.307547638602518,4.0
alt_corrected,4.921753526544307,4.921753526544307,4.0
alt_corrected_unif,5.037940891922721,5.037940891922721,4.0
alt_uncorrected,5.909418572236145,5.909418572236145,4.0
