,Rseq_targets,Rseq_hits,Rfrequency
true_Rseq,2.9645206287689216,2.9645206287689216,4.0
alt_corrected,2.956802453090168,2.956802453090168,4.0
alt_corrected_unif,3.051056260984177,3.051056260984177,4.0
alt_uncorrected,3.9225339412976012,3.9225339412976012,4.0
