,Rseq_targets,Rseq_hits,Rfrequency
true_Rseq,3.5816269890469172,3.5816269890469172,4.0
alt_corrected,3.5637589805937546,3.5637589805937546,4.0
alt_corrected_unif,3.63691421092715,3.63691421092715,4.0
alt_uncorrected,4.508391891240574,4.508391891240574,4.0
