,Rseq_targets,Rseq_hits,Rfrequency
true_Rseq,3.7175301178483027,3.7175301178483027,4.0
alt_corrected,3.804365077527174,3.804365077527174,4.0
alt_corrected_unif,3.8620879800435115,3.8620879800435115,4.0
alt_uncorrected,4.733565660356936,4.733565660356936,4.0
