,Rseq_targets,Rseq_hits,Rfrequency
true_Rseq,4.291471782917867,4.291471782917867,4.0
alt_corrected,3.7464728159996548,3.7464728159996548,4.0
alt_corrected_unif,3.951486250899522,3.951486250899522,4.0
alt_uncorrected,4.822963931212946,4.822963931212946,4.0
