,Rseq_targets,Rseq_hits,Rfrequency
true_Rseq,3.7902434247633146,3.7902434247633146,4.0
alt_corrected,3.7667156673057187,3.7667156673057187,4.0
alt_corrected_unif,3.772149800569139,3.772149800569139,4.0
alt_uncorrected,4.6436274808825635,4.6436274808825635,4.0
