,Rseq_targets,Rseq_hits,Rfrequency
true_Rseq,3.9044176477826884,3.9044176477826884,4.0
alt_corrected,3.6341850270355187,3.6341850270355187,4.0
alt_corrected_unif,3.7596475196891554,3.7596475196891554,4.0
alt_uncorrected,4.63112520000258,4.63112520000258,4.0
