,Rseq_targets,Rseq_hits,Rfrequency
true_Rseq,4.572798092099432,4.572798092099432,4.0
alt_corrected,4.4338703807744135,4.4338703807744135,4.0
alt_corrected_unif,4.477864185770851,4.477864185770851,4.0
alt_uncorrected,5.349341866084275,5.349341866084275,4.0
