,Rseq_targets,Rseq_hits,Rfrequency
true_Rseq,4.291026356794839,4.291026356794839,4.0
alt_corrected,4.170705385662168,4.170705385662168,4.0
alt_corrected_unif,4.182211873648393,4.182211873648393,4.0
alt_uncorrected,5.053689553961817,5.053689553961817,4.0
