,Rseq_targets,Rseq_hits,Rfrequency
true_Rseq,4.233326033112199,4.233326033112199,4.0
alt_corrected,4.327336378851409,4.327336378851409,4.0
alt_corrected_unif,4.3670867203429395,4.3670867203429395,4.0
alt_uncorrected,5.238564400656363,5.238564400656363,4.0
