,Rseq_targets,Rseq_hits,Rfrequency
true_Rseq,4.416688769556071,4.416688769556071,4.0
alt_corrected,4.49672616407174,4.49672616407174,4.0
alt_corrected_unif,4.58437867602545,4.58437867602545,4.0
alt_uncorrected,5.455856356338875,5.455856356338875,4.0
