,Rseq_targets,Rseq_hits,Rfrequency
true_Rseq,4.103380514815969,4.103380514815969,4.0
alt_corrected,4.20166945179972,4.20166945179972,4.0
alt_corrected_unif,4.218341498105817,4.218341498105817,4.0
alt_uncorrected,5.089819178419241,5.089819178419241,4.0
