,Rseq_targets,Rseq_hits,Rfrequency
true_Rseq,3.3045945127744645,3.3045945127744645,4.0
alt_corrected,3.3923848309619835,3.3923848309619835,4.0
alt_corrected_unif,3.428204594017737,3.428204594017737,4.0
alt_uncorrected,4.299682274331161,4.299682274331161,4.0
