,Rseq_targets,Rseq_hits,Rfrequency
true_Rseq,3.306274859847157,3.306274859847157,4.0
alt_corrected,3.401221591571812,3.401221591571812,4.0
alt_corrected_unif,3.4751276099543342,3.4751276099543342,4.0
alt_uncorrected,4.3466052902677585,4.3466052902677585,4.0
